landmark_0_x,landmark_0_y,landmark_0_z,landmark_1_x,landmark_1_y,landmark_1_z,landmark_2_x,landmark_2_y,landmark_2_z,landmark_3_x,landmark_3_y,landmark_3_z,landmark_4_x,landmark_4_y,landmark_4_z,landmark_5_x,landmark_5_y,landmark_5_z,landmark_6_x,landmark_6_y,landmark_6_z,landmark_7_x,landmark_7_y,landmark_7_z,landmark_8_x,landmark_8_y,landmark_8_z,landmark_9_x,landmark_9_y,landmark_9_z,landmark_10_x,landmark_10_y,landmark_10_z,landmark_11_x,landmark_11_y,landmark_11_z,landmark_12_x,landmark_12_y,landmark_12_z,landmark_13_x,landmark_13_y,landmark_13_z,landmark_14_x,landmark_14_y,landmark_14_z,landmark_15_x,landmark_15_y,landmark_15_z,landmark_16_x,landmark_16_y,landmark_16_z,landmark_17_x,landmark_17_y,landmark_17_z,landmark_18_x,landmark_18_y,landmark_18_z,landmark_19_x,landmark_19_y,landmark_19_z,landmark_20_x,landmark_20_y,landmark_20_z,class
0.6948678493499756,0.7138839364051819,-5.600126229410307e-08,0.6258703470230103,0.7118669152259827,-0.00446810107678175,0.5754156112670898,0.7081242799758911,-0.013316464610397816,0.5390500426292419,0.7091059684753418,-0.023236339911818504,0.5100048780441284,0.7041298151016235,-0.034243207424879074,0.5769606828689575,0.6593362092971802,-0.02013358101248741,0.5464722514152527,0.6804137229919434,-0.04365071654319763,0.523365318775177,0.6919955611228943,-0.06329502910375595,0.5009722113609314,0.7007797360420227,-0.0773153081536293,0.6007909178733826,0.6602804064750671,-0.03106844611465931,0.5666578412055969,0.6844263672828674,-0.05200701579451561,0.5426267385482788,0.6929510235786438,-0.06607723981142044,0.5189996957778931,0.6983515620231628,-0.07742171734571457,0.6299687623977661,0.6690529584884644,-0.043039657175540924,0.5992937684059143,0.6908523440361023,-0.06386466324329376,0.5791476964950562,0.6924203038215637,-0.07098016142845154,0.5577648282051086,0.6897909045219421,-0.0759187564253807,0.663055419921875,0.6864110231399536,-0.05533372983336449,0.6418706178665161,0.6999176144599915,-0.07480046153068542,0.6260563135147095,0.7017720937728882,-0.08029714226722717,0.6102079153060913,0.6981266140937805,-0.08345577865839005,mi
