landmark_0_x,landmark_0_y,landmark_0_z,landmark_1_x,landmark_1_y,landmark_1_z,landmark_2_x,landmark_2_y,landmark_2_z,landmark_3_x,landmark_3_y,landmark_3_z,landmark_4_x,landmark_4_y,landmark_4_z,landmark_5_x,landmark_5_y,landmark_5_z,landmark_6_x,landmark_6_y,landmark_6_z,landmark_7_x,landmark_7_y,landmark_7_z,landmark_8_x,landmark_8_y,landmark_8_z,landmark_9_x,landmark_9_y,landmark_9_z,landmark_10_x,landmark_10_y,landmark_10_z,landmark_11_x,landmark_11_y,landmark_11_z,landmark_12_x,landmark_12_y,landmark_12_z,landmark_13_x,landmark_13_y,landmark_13_z,landmark_14_x,landmark_14_y,landmark_14_z,landmark_15_x,landmark_15_y,landmark_15_z,landmark_16_x,landmark_16_y,landmark_16_z,landmark_17_x,landmark_17_y,landmark_17_z,landmark_18_x,landmark_18_y,landmark_18_z,landmark_19_x,landmark_19_y,landmark_19_z,landmark_20_x,landmark_20_y,landmark_20_z,class
0.7339040040969849,0.6968189477920532,-2.894087458571448e-07,0.6594135165214539,0.7028754949569702,-0.029555965214967728,0.5968198776245117,0.6809478998184204,-0.05367785692214966,0.5640214681625366,0.6544289588928223,-0.07657963037490845,0.5687828063964844,0.6267431974411011,-0.09567009657621384,0.6229398250579834,0.5646096467971802,-0.04371900483965874,0.594971776008606,0.589721143245697,-0.08377707749605179,0.613661527633667,0.6208444833755493,-0.10579609125852585,0.6300280690193176,0.6193354725837708,-0.11882201582193375,0.6749231219291687,0.5453209280967712,-0.050887737423181534,0.648189902305603,0.582933783531189,-0.09175475686788559,0.6608611345291138,0.6209730505943298,-0.1023034155368805,0.6755737662315369,0.6163132190704346,-0.10479361563920975,0.7287642359733582,0.5519798994064331,-0.06236850842833519,0.7082417011260986,0.5929405093193054,-0.10166452825069427,0.7150025963783264,0.6306498050689697,-0.09516529738903046,0.7210870981216431,0.6221640110015869,-0.08561977744102478,0.7796184420585632,0.5739275217056274,-0.07688730210065842,0.768628716468811,0.6064828038215637,-0.10177601128816605,0.7636548280715942,0.6331936120986938,-0.09607383608818054,0.7616361975669861,0.628418505191803,-0.0883246511220932,mi
