landmark_0_x,landmark_0_y,landmark_0_z,landmark_1_x,landmark_1_y,landmark_1_z,landmark_2_x,landmark_2_y,landmark_2_z,landmark_3_x,landmark_3_y,landmark_3_z,landmark_4_x,landmark_4_y,landmark_4_z,landmark_5_x,landmark_5_y,landmark_5_z,landmark_6_x,landmark_6_y,landmark_6_z,landmark_7_x,landmark_7_y,landmark_7_z,landmark_8_x,landmark_8_y,landmark_8_z,landmark_9_x,landmark_9_y,landmark_9_z,landmark_10_x,landmark_10_y,landmark_10_z,landmark_11_x,landmark_11_y,landmark_11_z,landmark_12_x,landmark_12_y,landmark_12_z,landmark_13_x,landmark_13_y,landmark_13_z,landmark_14_x,landmark_14_y,landmark_14_z,landmark_15_x,landmark_15_y,landmark_15_z,landmark_16_x,landmark_16_y,landmark_16_z,landmark_17_x,landmark_17_y,landmark_17_z,landmark_18_x,landmark_18_y,landmark_18_z,landmark_19_x,landmark_19_y,landmark_19_z,landmark_20_x,landmark_20_y,landmark_20_z,class
0.7055559158325195,0.6228795647621155,3.6805846548304544e-07,0.6288387775421143,0.6473695039749146,-0.039645060896873474,0.5768998861312866,0.6389020085334778,-0.07872719317674637,0.5465705394744873,0.6334480047225952,-0.1128775030374527,0.507014274597168,0.6212415099143982,-0.15044240653514862,0.6116411089897156,0.5904485583305359,-0.12488020956516266,0.5794745087623596,0.5941466689109802,-0.1879061460494995,0.56927889585495,0.587342381477356,-0.23131832480430603,0.5653070211410522,0.5710018277168274,-0.26287034153938293,0.6620401740074158,0.5813174247741699,-0.13789068162441254,0.6373348832130432,0.582160472869873,-0.204460009932518,0.6266252994537354,0.573006808757782,-0.24652545154094696,0.6135519742965698,0.5479574203491211,-0.28140223026275635,0.7120563983917236,0.5832886099815369,-0.1504758894443512,0.7042973637580872,0.5940629243850708,-0.2142171561717987,0.6931191682815552,0.5811784863471985,-0.24575605988502502,0.6802247762680054,0.5575829148292542,-0.27104294300079346,0.7589744925498962,0.5956790447235107,-0.16397228837013245,0.7683714032173157,0.601774275302887,-0.2215665578842163,0.7680329084396362,0.5997803807258606,-0.24744345247745514,0.7627984285354614,0.5886444449424744,-0.2691138684749603,mi
