landmark_0_x,landmark_0_y,landmark_0_z,landmark_1_x,landmark_1_y,landmark_1_z,landmark_2_x,landmark_2_y,landmark_2_z,landmark_3_x,landmark_3_y,landmark_3_z,landmark_4_x,landmark_4_y,landmark_4_z,landmark_5_x,landmark_5_y,landmark_5_z,landmark_6_x,landmark_6_y,landmark_6_z,landmark_7_x,landmark_7_y,landmark_7_z,landmark_8_x,landmark_8_y,landmark_8_z,landmark_9_x,landmark_9_y,landmark_9_z,landmark_10_x,landmark_10_y,landmark_10_z,landmark_11_x,landmark_11_y,landmark_11_z,landmark_12_x,landmark_12_y,landmark_12_z,landmark_13_x,landmark_13_y,landmark_13_z,landmark_14_x,landmark_14_y,landmark_14_z,landmark_15_x,landmark_15_y,landmark_15_z,landmark_16_x,landmark_16_y,landmark_16_z,landmark_17_x,landmark_17_y,landmark_17_z,landmark_18_x,landmark_18_y,landmark_18_z,landmark_19_x,landmark_19_y,landmark_19_z,landmark_20_x,landmark_20_y,landmark_20_z,class
0.7464837431907654,0.6076743006706238,-1.3551800748246023e-07,0.6890705823898315,0.6209485530853271,-0.00950463768094778,0.6460351943969727,0.6239690184593201,-0.022465618327260017,0.6156630516052246,0.6323252320289612,-0.03670906275510788,0.5881960391998291,0.6323797702789307,-0.05177154019474983,0.654791533946991,0.579913318157196,-0.026969337835907936,0.6283186674118042,0.5786217451095581,-0.05352398753166199,0.6112435460090637,0.5919039845466614,-0.07526792585849762,0.5964007377624512,0.6092978715896606,-0.09010206907987595,0.679494321346283,0.5776832103729248,-0.03663357347249985,0.6539299488067627,0.5719301700592041,-0.061579570174217224,0.6369880437850952,0.5860461592674255,-0.07677056640386581,0.6231600046157837,0.6031442284584045,-0.08887280523777008,0.7071593999862671,0.580683708190918,-0.048036087304353714,0.6886417865753174,0.5734075903892517,-0.07182882726192474,0.6776692271232605,0.5821628570556641,-0.07926343381404877,0.6685879826545715,0.5949993133544922,-0.08435938507318497,0.7377230525016785,0.589612603187561,-0.060309961438179016,0.731958270072937,0.5749523043632507,-0.08025824278593063,0.7238388061523438,0.5703012943267822,-0.08614291995763779,0.7155522108078003,0.5716625452041626,-0.09039446711540222,mi
