landmark_0_x,landmark_0_y,landmark_0_z,landmark_1_x,landmark_1_y,landmark_1_z,landmark_2_x,landmark_2_y,landmark_2_z,landmark_3_x,landmark_3_y,landmark_3_z,landmark_4_x,landmark_4_y,landmark_4_z,landmark_5_x,landmark_5_y,landmark_5_z,landmark_6_x,landmark_6_y,landmark_6_z,landmark_7_x,landmark_7_y,landmark_7_z,landmark_8_x,landmark_8_y,landmark_8_z,landmark_9_x,landmark_9_y,landmark_9_z,landmark_10_x,landmark_10_y,landmark_10_z,landmark_11_x,landmark_11_y,landmark_11_z,landmark_12_x,landmark_12_y,landmark_12_z,landmark_13_x,landmark_13_y,landmark_13_z,landmark_14_x,landmark_14_y,landmark_14_z,landmark_15_x,landmark_15_y,landmark_15_z,landmark_16_x,landmark_16_y,landmark_16_z,landmark_17_x,landmark_17_y,landmark_17_z,landmark_18_x,landmark_18_y,landmark_18_z,landmark_19_x,landmark_19_y,landmark_19_z,landmark_20_x,landmark_20_y,landmark_20_z,class
0.7723193168640137,0.6516107320785522,-3.3642976404735236e-08,0.7136519551277161,0.656426727771759,-0.02187400311231613,0.6679635047912598,0.6539481282234192,-0.04343004152178764,0.6376540064811707,0.6495864987373352,-0.06339500099420547,0.6082834005355835,0.6401968002319336,-0.08474207669496536,0.6955914497375488,0.6017080545425415,-0.05826738849282265,0.677681028842926,0.6049187183380127,-0.09410959482192993,0.6654465198516846,0.6078260540962219,-0.12061064690351486,0.6522804498672485,0.6078113317489624,-0.1397290974855423,0.7324932813644409,0.5939717888832092,-0.06739102303981781,0.7118991613388062,0.5966996550559998,-0.10089448094367981,0.701667308807373,0.5940670371055603,-0.12146979570388794,0.6891233325004578,0.5873051881790161,-0.13935257494449615,0.7696602940559387,0.5970578789710999,-0.07781364768743515,0.7579073905944824,0.6005792021751404,-0.11375191062688828,0.7519639730453491,0.5946111083030701,-0.12820082902908325,0.7401992678642273,0.5872858166694641,-0.13941416144371033,0.806159257888794,0.6110844612121582,-0.08912518620491028,0.806795060634613,0.6118828058242798,-0.1224483922123909,0.8022401928901672,0.6157974600791931,-0.1338592916727066,0.7917773723602295,0.6182261109352112,-0.14291606843471527,mi
