landmark_0_x,landmark_0_y,landmark_0_z,landmark_1_x,landmark_1_y,landmark_1_z,landmark_2_x,landmark_2_y,landmark_2_z,landmark_3_x,landmark_3_y,landmark_3_z,landmark_4_x,landmark_4_y,landmark_4_z,landmark_5_x,landmark_5_y,landmark_5_z,landmark_6_x,landmark_6_y,landmark_6_z,landmark_7_x,landmark_7_y,landmark_7_z,landmark_8_x,landmark_8_y,landmark_8_z,landmark_9_x,landmark_9_y,landmark_9_z,landmark_10_x,landmark_10_y,landmark_10_z,landmark_11_x,landmark_11_y,landmark_11_z,landmark_12_x,landmark_12_y,landmark_12_z,landmark_13_x,landmark_13_y,landmark_13_z,landmark_14_x,landmark_14_y,landmark_14_z,landmark_15_x,landmark_15_y,landmark_15_z,landmark_16_x,landmark_16_y,landmark_16_z,landmark_17_x,landmark_17_y,landmark_17_z,landmark_18_x,landmark_18_y,landmark_18_z,landmark_19_x,landmark_19_y,landmark_19_z,landmark_20_x,landmark_20_y,landmark_20_z,class
0.7620870471000671,0.6362960338592529,2.496805961982318e-07,0.7024581432342529,0.6289584636688232,-0.03318563103675842,0.6592516303062439,0.6079961657524109,-0.06175370514392853,0.6358038783073425,0.5897818803787231,-0.08661971986293793,0.6236738562583923,0.5801382660865784,-0.1123267188668251,0.7009621858596802,0.5649325251579285,-0.07001344114542007,0.7047057151794434,0.5390188694000244,-0.10535339266061783,0.717447817325592,0.5249688029289246,-0.13023272156715393,0.7302353978157043,0.5029985308647156,-0.14841781556606293,0.7459268569946289,0.5690999627113342,-0.07389864325523376,0.7507699131965637,0.5366532206535339,-0.10504816472530365,0.7598041296005249,0.5153194069862366,-0.11987470090389252,0.7713713049888611,0.4907672107219696,-0.1332646757364273,0.7859531044960022,0.583733320236206,-0.07970845699310303,0.7924612164497375,0.551909863948822,-0.1122954711318016,0.8001939058303833,0.5304921865463257,-0.11779601126909256,0.8078246712684631,0.5048567056655884,-0.12256030738353729,0.8212429285049438,0.6067045331001282,-0.08775527030229568,0.8357716202735901,0.5804044008255005,-0.1139763817191124,0.8440424799919128,0.5659213662147522,-0.11633805185556412,0.8490668535232544,0.5490678548812866,-0.11909586191177368,mi
