landmark_0_x,landmark_0_y,landmark_0_z,landmark_1_x,landmark_1_y,landmark_1_z,landmark_2_x,landmark_2_y,landmark_2_z,landmark_3_x,landmark_3_y,landmark_3_z,landmark_4_x,landmark_4_y,landmark_4_z,landmark_5_x,landmark_5_y,landmark_5_z,landmark_6_x,landmark_6_y,landmark_6_z,landmark_7_x,landmark_7_y,landmark_7_z,landmark_8_x,landmark_8_y,landmark_8_z,landmark_9_x,landmark_9_y,landmark_9_z,landmark_10_x,landmark_10_y,landmark_10_z,landmark_11_x,landmark_11_y,landmark_11_z,landmark_12_x,landmark_12_y,landmark_12_z,landmark_13_x,landmark_13_y,landmark_13_z,landmark_14_x,landmark_14_y,landmark_14_z,landmark_15_x,landmark_15_y,landmark_15_z,landmark_16_x,landmark_16_y,landmark_16_z,landmark_17_x,landmark_17_y,landmark_17_z,landmark_18_x,landmark_18_y,landmark_18_z,landmark_19_x,landmark_19_y,landmark_19_z,landmark_20_x,landmark_20_y,landmark_20_z,class
0.7614505887031555,0.6256482005119324,1.75153559212049e-07,0.6742167472839355,0.6272299885749817,-0.036147866398096085,0.6154946088790894,0.610033392906189,-0.07114161550998688,0.5776257514953613,0.6051144599914551,-0.10358935594558716,0.5362639427185059,0.5938924551010132,-0.13924965262413025,0.6586456298828125,0.558898389339447,-0.10079263895750046,0.6193323731422424,0.5663542151451111,-0.15830421447753906,0.6119989156723022,0.5631413459777832,-0.19883260130882263,0.6086597442626953,0.5467125773429871,-0.22899921238422394,0.7111921906471252,0.5475733280181885,-0.11335832625627518,0.6733539700508118,0.5537019371986389,-0.17103752493858337,0.6646693348884583,0.5472894906997681,-0.20473355054855347,0.6559820771217346,0.5180634260177612,-0.2334684133529663,0.7637368440628052,0.5535427927970886,-0.12762002646923065,0.7391464710235596,0.5693607926368713,-0.18171089887619019,0.7275868058204651,0.5628113746643066,-0.2012946754693985,0.7137274742126465,0.5360944271087646,-0.2187832146883011,0.8106934428215027,0.5784176588058472,-0.14398302137851715,0.8083102703094482,0.5912429094314575,-0.19050121307373047,0.7977886199951172,0.5962184071540833,-0.20695097744464874,0.7847523093223572,0.5851818323135376,-0.2226601541042328,mi
