landmark_0_x,landmark_0_y,landmark_0_z,landmark_1_x,landmark_1_y,landmark_1_z,landmark_2_x,landmark_2_y,landmark_2_z,landmark_3_x,landmark_3_y,landmark_3_z,landmark_4_x,landmark_4_y,landmark_4_z,landmark_5_x,landmark_5_y,landmark_5_z,landmark_6_x,landmark_6_y,landmark_6_z,landmark_7_x,landmark_7_y,landmark_7_z,landmark_8_x,landmark_8_y,landmark_8_z,landmark_9_x,landmark_9_y,landmark_9_z,landmark_10_x,landmark_10_y,landmark_10_z,landmark_11_x,landmark_11_y,landmark_11_z,landmark_12_x,landmark_12_y,landmark_12_z,landmark_13_x,landmark_13_y,landmark_13_z,landmark_14_x,landmark_14_y,landmark_14_z,landmark_15_x,landmark_15_y,landmark_15_z,landmark_16_x,landmark_16_y,landmark_16_z,landmark_17_x,landmark_17_y,landmark_17_z,landmark_18_x,landmark_18_y,landmark_18_z,landmark_19_x,landmark_19_y,landmark_19_z,landmark_20_x,landmark_20_y,landmark_20_z,class
0.7632902264595032,0.652884304523468,-1.274551379992772e-07,0.6921964883804321,0.6558048725128174,-0.02357335016131401,0.6406514644622803,0.6471930146217346,-0.045423272997140884,0.6103919148445129,0.6404138803482056,-0.06649596989154816,0.6024715304374695,0.6277282238006592,-0.0870228260755539,0.6750101447105408,0.5840779542922974,-0.04601430147886276,0.6559799909591675,0.5983681678771973,-0.07896769046783447,0.6577180027961731,0.6121724247932434,-0.10253055393695831,0.6593613624572754,0.6082175970077515,-0.119813933968544,0.7195813655853271,0.5695680975914001,-0.05354542285203934,0.7019245028495789,0.5852804780006409,-0.08296704292297363,0.6974952220916748,0.5890076160430908,-0.0969269722700119,0.6947095394134521,0.5780338644981384,-0.10926599055528641,0.763750433921814,0.5726286172866821,-0.06402863562107086,0.7542300820350647,0.5927541851997375,-0.09507513046264648,0.7442337870597839,0.5917199850082397,-0.10036943852901459,0.732216477394104,0.5779277682304382,-0.10501597821712494,0.8031449913978577,0.5912505984306335,-0.07656083256006241,0.8035129904747009,0.6048194766044617,-0.10140828788280487,0.7956397533416748,0.6080014705657959,-0.10503573715686798,0.784411609172821,0.6027216911315918,-0.1086660847067833,mi
