landmark_0_x,landmark_0_y,landmark_0_z,landmark_1_x,landmark_1_y,landmark_1_z,landmark_2_x,landmark_2_y,landmark_2_z,landmark_3_x,landmark_3_y,landmark_3_z,landmark_4_x,landmark_4_y,landmark_4_z,landmark_5_x,landmark_5_y,landmark_5_z,landmark_6_x,landmark_6_y,landmark_6_z,landmark_7_x,landmark_7_y,landmark_7_z,landmark_8_x,landmark_8_y,landmark_8_z,landmark_9_x,landmark_9_y,landmark_9_z,landmark_10_x,landmark_10_y,landmark_10_z,landmark_11_x,landmark_11_y,landmark_11_z,landmark_12_x,landmark_12_y,landmark_12_z,landmark_13_x,landmark_13_y,landmark_13_z,landmark_14_x,landmark_14_y,landmark_14_z,landmark_15_x,landmark_15_y,landmark_15_z,landmark_16_x,landmark_16_y,landmark_16_z,landmark_17_x,landmark_17_y,landmark_17_z,landmark_18_x,landmark_18_y,landmark_18_z,landmark_19_x,landmark_19_y,landmark_19_z,landmark_20_x,landmark_20_y,landmark_20_z,class
0.8485953211784363,0.5721406936645508,4.0665233314030047e-07,0.7860202789306641,0.5638523101806641,-0.04683093726634979,0.735119104385376,0.5344657301902771,-0.0823812261223793,0.7134767770767212,0.5153745412826538,-0.11119429022073746,0.7141826152801514,0.49650782346725464,-0.1416177749633789,0.7902024984359741,0.49271297454833984,-0.09382137656211853,0.7823461890220642,0.46085575222969055,-0.13659803569316864,0.7998116612434387,0.4413503408432007,-0.16590964794158936,0.8225821852684021,0.4132966101169586,-0.18750135600566864,0.8461187481880188,0.4969347417354584,-0.09397034347057343,0.8519334197044373,0.4516540765762329,-0.13286717236042023,0.8639888763427734,0.4192677140235901,-0.15326453745365143,0.8769915699958801,0.384169340133667,-0.17125527560710907,0.8911402821540833,0.5159685611724854,-0.09659631550312042,0.9005137085914612,0.48030468821525574,-0.13785764575004578,0.9126612544059753,0.4471755027770996,-0.15088751912117004,0.9220044612884521,0.41014739871025085,-0.16112245619297028,0.9260610342025757,0.5462721586227417,-0.10176192224025726,0.9448228478431702,0.5231819152832031,-0.13682490587234497,0.9580368399620056,0.5058465600013733,-0.14540639519691467,0.9658374190330505,0.48363542556762695,-0.15321433544158936,mi
