landmark_0_x,landmark_0_y,landmark_0_z,landmark_1_x,landmark_1_y,landmark_1_z,landmark_2_x,landmark_2_y,landmark_2_z,landmark_3_x,landmark_3_y,landmark_3_z,landmark_4_x,landmark_4_y,landmark_4_z,landmark_5_x,landmark_5_y,landmark_5_z,landmark_6_x,landmark_6_y,landmark_6_z,landmark_7_x,landmark_7_y,landmark_7_z,landmark_8_x,landmark_8_y,landmark_8_z,landmark_9_x,landmark_9_y,landmark_9_z,landmark_10_x,landmark_10_y,landmark_10_z,landmark_11_x,landmark_11_y,landmark_11_z,landmark_12_x,landmark_12_y,landmark_12_z,landmark_13_x,landmark_13_y,landmark_13_z,landmark_14_x,landmark_14_y,landmark_14_z,landmark_15_x,landmark_15_y,landmark_15_z,landmark_16_x,landmark_16_y,landmark_16_z,landmark_17_x,landmark_17_y,landmark_17_z,landmark_18_x,landmark_18_y,landmark_18_z,landmark_19_x,landmark_19_y,landmark_19_z,landmark_20_x,landmark_20_y,landmark_20_z,class
0.7453711628913879,0.6130797266960144,1.8219600406155223e-07,0.6848272681236267,0.6275110244750977,-0.012285168282687664,0.6396234631538391,0.6292713284492493,-0.026493573561310768,0.6059184670448303,0.623905599117279,-0.040060628205537796,0.5740283131599426,0.6161925792694092,-0.05545687675476074,0.6489453315734863,0.5891812443733215,-0.04406759887933731,0.6272872686386108,0.5909231305122375,-0.0749989002943039,0.6145627498626709,0.5848958492279053,-0.09739836305379868,0.6000857949256897,0.5715582370758057,-0.11330985277891159,0.6752820611000061,0.5834362506866455,-0.05376588925719261,0.6525089740753174,0.5850324630737305,-0.08236150443553925,0.640477180480957,0.5753294825553894,-0.09783069789409637,0.6271189451217651,0.5596845149993896,-0.11044549942016602,0.7083905339241028,0.5849217772483826,-0.06400305032730103,0.6881692409515381,0.5910592079162598,-0.09377434104681015,0.6782982349395752,0.5817858576774597,-0.10263212025165558,0.6679516434669495,0.5678319931030273,-0.10857513546943665,0.7428575754165649,0.5960959792137146,-0.0744892880320549,0.7314652800559998,0.6026502847671509,-0.10247379541397095,0.7238205075263977,0.6022591590881348,-0.11019454896450043,0.716244637966156,0.5949653387069702,-0.1149463951587677,mi
