landmark_0_x,landmark_0_y,landmark_0_z,landmark_1_x,landmark_1_y,landmark_1_z,landmark_2_x,landmark_2_y,landmark_2_z,landmark_3_x,landmark_3_y,landmark_3_z,landmark_4_x,landmark_4_y,landmark_4_z,landmark_5_x,landmark_5_y,landmark_5_z,landmark_6_x,landmark_6_y,landmark_6_z,landmark_7_x,landmark_7_y,landmark_7_z,landmark_8_x,landmark_8_y,landmark_8_z,landmark_9_x,landmark_9_y,landmark_9_z,landmark_10_x,landmark_10_y,landmark_10_z,landmark_11_x,landmark_11_y,landmark_11_z,landmark_12_x,landmark_12_y,landmark_12_z,landmark_13_x,landmark_13_y,landmark_13_z,landmark_14_x,landmark_14_y,landmark_14_z,landmark_15_x,landmark_15_y,landmark_15_z,landmark_16_x,landmark_16_y,landmark_16_z,landmark_17_x,landmark_17_y,landmark_17_z,landmark_18_x,landmark_18_y,landmark_18_z,landmark_19_x,landmark_19_y,landmark_19_z,landmark_20_x,landmark_20_y,landmark_20_z,class
0.811177134513855,0.6299332976341248,4.183466444374062e-07,0.7494542598724365,0.6223844289779663,-0.042949095368385315,0.7016673684120178,0.5956239700317383,-0.07585371285676956,0.6865933537483215,0.5793026089668274,-0.10311257094144821,0.6938391327857971,0.5632094740867615,-0.13176938891410828,0.7398656606674194,0.5683470368385315,-0.08772023022174835,0.74169921875,0.5401241779327393,-0.12612028419971466,0.7572324872016907,0.5253066420555115,-0.15249359607696533,0.7770472168922424,0.5010583400726318,-0.17266348004341125,0.7944853901863098,0.5699906945228577,-0.08856033533811569,0.8113695383071899,0.5344682931900024,-0.12345129996538162,0.8304110765457153,0.5075101852416992,-0.14327934384346008,0.8532047271728516,0.4787800908088684,-0.16121307015419006,0.8408322930335999,0.5822603106498718,-0.09098676592111588,0.8598619103431702,0.5496010780334473,-0.1272803544998169,0.8792955875396729,0.5265305638313293,-0.13756635785102844,0.8981649279594421,0.5010197758674622,-0.14626386761665344,0.8765711784362793,0.604937732219696,-0.09594203531742096,0.900037407875061,0.5854344367980957,-0.12465887516736984,0.9158424139022827,0.5703364014625549,-0.1293550729751587,0.9306607246398926,0.5516716837882996,-0.13465991616249084,mi
