landmark_0_x,landmark_0_y,landmark_0_z,landmark_1_x,landmark_1_y,landmark_1_z,landmark_2_x,landmark_2_y,landmark_2_z,landmark_3_x,landmark_3_y,landmark_3_z,landmark_4_x,landmark_4_y,landmark_4_z,landmark_5_x,landmark_5_y,landmark_5_z,landmark_6_x,landmark_6_y,landmark_6_z,landmark_7_x,landmark_7_y,landmark_7_z,landmark_8_x,landmark_8_y,landmark_8_z,landmark_9_x,landmark_9_y,landmark_9_z,landmark_10_x,landmark_10_y,landmark_10_z,landmark_11_x,landmark_11_y,landmark_11_z,landmark_12_x,landmark_12_y,landmark_12_z,landmark_13_x,landmark_13_y,landmark_13_z,landmark_14_x,landmark_14_y,landmark_14_z,landmark_15_x,landmark_15_y,landmark_15_z,landmark_16_x,landmark_16_y,landmark_16_z,landmark_17_x,landmark_17_y,landmark_17_z,landmark_18_x,landmark_18_y,landmark_18_z,landmark_19_x,landmark_19_y,landmark_19_z,landmark_20_x,landmark_20_y,landmark_20_z,class
0.7606838941574097,0.6378028392791748,9.46339255847306e-08,0.6804247498512268,0.6331925392150879,-0.0324263833463192,0.617656946182251,0.6130231618881226,-0.06376221030950546,0.5703051686286926,0.604269802570343,-0.09225732088088989,0.5218755006790161,0.5941739082336426,-0.12453911453485489,0.6631289720535278,0.5477567911148071,-0.09312783181667328,0.6215429902076721,0.5529501438140869,-0.146733358502388,0.598997950553894,0.5523075461387634,-0.1858280748128891,0.583069384098053,0.5436065793037415,-0.21456757187843323,0.7095273733139038,0.5434088706970215,-0.10510740429162979,0.6650214791297913,0.5491239428520203,-0.15595197677612305,0.6453406810760498,0.543350100517273,-0.1893918812274933,0.6285716891288757,0.5225473046302795,-0.21874268352985382,0.7585403323173523,0.5557687282562256,-0.11825455725193024,0.7242327928543091,0.5661749243736267,-0.16948838531970978,0.7086780667304993,0.5607886910438538,-0.1933666318655014,0.6956789493560791,0.5432499647140503,-0.21304023265838623,0.8041366934776306,0.583888828754425,-0.13242186605930328,0.7932064533233643,0.5906619429588318,-0.1802310198545456,0.7812781929969788,0.59482741355896,-0.2003721296787262,0.769275963306427,0.589482843875885,-0.21732544898986816,mi
