landmark_0_x,landmark_0_y,landmark_0_z,landmark_1_x,landmark_1_y,landmark_1_z,landmark_2_x,landmark_2_y,landmark_2_z,landmark_3_x,landmark_3_y,landmark_3_z,landmark_4_x,landmark_4_y,landmark_4_z,landmark_5_x,landmark_5_y,landmark_5_z,landmark_6_x,landmark_6_y,landmark_6_z,landmark_7_x,landmark_7_y,landmark_7_z,landmark_8_x,landmark_8_y,landmark_8_z,landmark_9_x,landmark_9_y,landmark_9_z,landmark_10_x,landmark_10_y,landmark_10_z,landmark_11_x,landmark_11_y,landmark_11_z,landmark_12_x,landmark_12_y,landmark_12_z,landmark_13_x,landmark_13_y,landmark_13_z,landmark_14_x,landmark_14_y,landmark_14_z,landmark_15_x,landmark_15_y,landmark_15_z,landmark_16_x,landmark_16_y,landmark_16_z,landmark_17_x,landmark_17_y,landmark_17_z,landmark_18_x,landmark_18_y,landmark_18_z,landmark_19_x,landmark_19_y,landmark_19_z,landmark_20_x,landmark_20_y,landmark_20_z,class
0.801372766494751,0.4712149500846863,3.6283762483435567e-07,0.7365713119506836,0.4694868326187134,-0.03457135334610939,0.6833742260932922,0.4387834072113037,-0.06415478140115738,0.6620029211044312,0.3991745114326477,-0.08957625180482864,0.6683464050292969,0.35207486152648926,-0.11570790410041809,0.7258138060569763,0.360446572303772,-0.07223860919475555,0.7169030904769897,0.30521371960639954,-0.10656828433275223,0.7228845953941345,0.27485740184783936,-0.1291530430316925,0.7317997813224792,0.2435620129108429,-0.14660444855690002,0.7775274515151978,0.3572208881378174,-0.07741501927375793,0.7759531140327454,0.29582810401916504,-0.10986904799938202,0.7803600430488586,0.25904732942581177,-0.12670736014842987,0.7836527824401855,0.22080929577350616,-0.14119650423526764,0.8248579502105713,0.3735467493534088,-0.08483587205410004,0.8274827599525452,0.3143487572669983,-0.12058202177286148,0.8327545523643494,0.2742511034011841,-0.1318473219871521,0.8317580819129944,0.2326967567205429,-0.1406465619802475,0.86893230676651,0.4033409357070923,-0.09386622905731201,0.8850023746490479,0.35660815238952637,-0.12780779600143433,0.8888263702392578,0.3252451419830322,-0.13799597322940826,0.8829197883605957,0.29133594036102295,-0.1456625610589981,mi
