landmark_0_x,landmark_0_y,landmark_0_z,landmark_1_x,landmark_1_y,landmark_1_z,landmark_2_x,landmark_2_y,landmark_2_z,landmark_3_x,landmark_3_y,landmark_3_z,landmark_4_x,landmark_4_y,landmark_4_z,landmark_5_x,landmark_5_y,landmark_5_z,landmark_6_x,landmark_6_y,landmark_6_z,landmark_7_x,landmark_7_y,landmark_7_z,landmark_8_x,landmark_8_y,landmark_8_z,landmark_9_x,landmark_9_y,landmark_9_z,landmark_10_x,landmark_10_y,landmark_10_z,landmark_11_x,landmark_11_y,landmark_11_z,landmark_12_x,landmark_12_y,landmark_12_z,landmark_13_x,landmark_13_y,landmark_13_z,landmark_14_x,landmark_14_y,landmark_14_z,landmark_15_x,landmark_15_y,landmark_15_z,landmark_16_x,landmark_16_y,landmark_16_z,landmark_17_x,landmark_17_y,landmark_17_z,landmark_18_x,landmark_18_y,landmark_18_z,landmark_19_x,landmark_19_y,landmark_19_z,landmark_20_x,landmark_20_y,landmark_20_z,class
0.7508037686347961,0.6446700096130371,-1.6997411478314461e-07,0.6855339407920837,0.6512242555618286,-0.02119184099137783,0.63349449634552,0.6359561681747437,-0.04041527956724167,0.6057451963424683,0.6317983269691467,-0.06014549732208252,0.5918928980827332,0.6223440766334534,-0.078703373670578,0.6662968397140503,0.5803560018539429,-0.043748218566179276,0.6446711421012878,0.5790053009986877,-0.08006264269351959,0.657690703868866,0.6088221669197083,-0.10229372978210449,0.6671830415725708,0.6167349815368652,-0.11670820415019989,0.7133851051330566,0.5642752051353455,-0.053873609751462936,0.6962070465087891,0.5581296682357788,-0.09120026975870132,0.7016874551773071,0.5871126651763916,-0.10159654915332794,0.7080644965171814,0.5915413498878479,-0.10647580772638321,0.7597658038139343,0.5661320686340332,-0.06717188656330109,0.7508043050765991,0.5654900670051575,-0.10210267454385757,0.7508344650268555,0.5895807147026062,-0.09879816323518753,0.7461150288581848,0.5863221287727356,-0.09448806196451187,0.8011663556098938,0.5802595615386963,-0.08238121122121811,0.8096722364425659,0.5890033841133118,-0.10720023512840271,0.8053819537162781,0.6047322750091553,-0.10464121401309967,0.7980238795280457,0.6009191870689392,-0.10178282111883163,mi
