landmark_0_x,landmark_0_y,landmark_0_z,landmark_1_x,landmark_1_y,landmark_1_z,landmark_2_x,landmark_2_y,landmark_2_z,landmark_3_x,landmark_3_y,landmark_3_z,landmark_4_x,landmark_4_y,landmark_4_z,landmark_5_x,landmark_5_y,landmark_5_z,landmark_6_x,landmark_6_y,landmark_6_z,landmark_7_x,landmark_7_y,landmark_7_z,landmark_8_x,landmark_8_y,landmark_8_z,landmark_9_x,landmark_9_y,landmark_9_z,landmark_10_x,landmark_10_y,landmark_10_z,landmark_11_x,landmark_11_y,landmark_11_z,landmark_12_x,landmark_12_y,landmark_12_z,landmark_13_x,landmark_13_y,landmark_13_z,landmark_14_x,landmark_14_y,landmark_14_z,landmark_15_x,landmark_15_y,landmark_15_z,landmark_16_x,landmark_16_y,landmark_16_z,landmark_17_x,landmark_17_y,landmark_17_z,landmark_18_x,landmark_18_y,landmark_18_z,landmark_19_x,landmark_19_y,landmark_19_z,landmark_20_x,landmark_20_y,landmark_20_z,class
0.8208392858505249,0.6324138641357422,3.295129147318221e-07,0.7584839463233948,0.6249130964279175,-0.04623034968972206,0.7086160182952881,0.5983613729476929,-0.08001410961151123,0.6904287338256836,0.5840537548065186,-0.1077926903963089,0.6988120675086975,0.5623527765274048,-0.13612720370292664,0.7643656134605408,0.5548445582389832,-0.08764705061912537,0.766228437423706,0.5375434756278992,-0.1275004893541336,0.7821968197822571,0.533186674118042,-0.1544455885887146,0.7980198860168457,0.5097751617431641,-0.1745568811893463,0.816641628742218,0.5617809891700745,-0.08676107972860336,0.8306090235710144,0.5392577648162842,-0.12190158665180206,0.846053421497345,0.5167208313941956,-0.14000201225280762,0.8637409806251526,0.4816657304763794,-0.15656819939613342,0.8584591746330261,0.5798178315162659,-0.08840526640415192,0.8736092448234558,0.564923882484436,-0.12481658160686493,0.8880457282066345,0.5412894487380981,-0.13343217968940735,0.9031515717506409,0.5040687918663025,-0.14085447788238525,0.8897318840026855,0.6064149141311646,-0.09310419857501984,0.9080756306648254,0.5989062190055847,-0.1209624707698822,0.9211592078208923,0.5845091938972473,-0.1248876079916954,0.9341895580291748,0.558548092842102,-0.129706472158432,mi
