landmark_0_x,landmark_0_y,landmark_0_z,landmark_1_x,landmark_1_y,landmark_1_z,landmark_2_x,landmark_2_y,landmark_2_z,landmark_3_x,landmark_3_y,landmark_3_z,landmark_4_x,landmark_4_y,landmark_4_z,landmark_5_x,landmark_5_y,landmark_5_z,landmark_6_x,landmark_6_y,landmark_6_z,landmark_7_x,landmark_7_y,landmark_7_z,landmark_8_x,landmark_8_y,landmark_8_z,landmark_9_x,landmark_9_y,landmark_9_z,landmark_10_x,landmark_10_y,landmark_10_z,landmark_11_x,landmark_11_y,landmark_11_z,landmark_12_x,landmark_12_y,landmark_12_z,landmark_13_x,landmark_13_y,landmark_13_z,landmark_14_x,landmark_14_y,landmark_14_z,landmark_15_x,landmark_15_y,landmark_15_z,landmark_16_x,landmark_16_y,landmark_16_z,landmark_17_x,landmark_17_y,landmark_17_z,landmark_18_x,landmark_18_y,landmark_18_z,landmark_19_x,landmark_19_y,landmark_19_z,landmark_20_x,landmark_20_y,landmark_20_z,class
0.766573429107666,0.5759566426277161,2.002637273790242e-07,0.7147207260131836,0.5728990435600281,-0.02674301154911518,0.668680727481842,0.5565626621246338,-0.049956999719142914,0.6425470113754272,0.5304779410362244,-0.07014050334692001,0.6531211733818054,0.49733901023864746,-0.09000267833471298,0.6975646615028381,0.49350541830062866,-0.05237388610839844,0.6891681551933289,0.47240445017814636,-0.0827094092965126,0.6934433579444885,0.4619968831539154,-0.10234508663415909,0.6948301196098328,0.445745587348938,-0.11713073402643204,0.7356424331665039,0.4863785207271576,-0.05682875216007233,0.7293953895568848,0.4637102484703064,-0.08725982159376144,0.728674054145813,0.4462091028690338,-0.10199682414531708,0.7252877950668335,0.4244958460330963,-0.11365319043397903,0.7728400826454163,0.4943651556968689,-0.06344147026538849,0.7675929665565491,0.47517263889312744,-0.09594199061393738,0.7651659846305847,0.4583401083946228,-0.10324853658676147,0.7571626305580139,0.4342682361602783,-0.10820373147726059,0.8067875504493713,0.5138158798217773,-0.071482352912426,0.8118889927864075,0.49692413210868835,-0.10031027346849442,0.8104514479637146,0.48431265354156494,-0.10696856677532196,0.8010687828063965,0.4673117399215698,-0.11148420721292496,mi
