landmark_0_x,landmark_0_y,landmark_0_z,landmark_1_x,landmark_1_y,landmark_1_z,landmark_2_x,landmark_2_y,landmark_2_z,landmark_3_x,landmark_3_y,landmark_3_z,landmark_4_x,landmark_4_y,landmark_4_z,landmark_5_x,landmark_5_y,landmark_5_z,landmark_6_x,landmark_6_y,landmark_6_z,landmark_7_x,landmark_7_y,landmark_7_z,landmark_8_x,landmark_8_y,landmark_8_z,landmark_9_x,landmark_9_y,landmark_9_z,landmark_10_x,landmark_10_y,landmark_10_z,landmark_11_x,landmark_11_y,landmark_11_z,landmark_12_x,landmark_12_y,landmark_12_z,landmark_13_x,landmark_13_y,landmark_13_z,landmark_14_x,landmark_14_y,landmark_14_z,landmark_15_x,landmark_15_y,landmark_15_z,landmark_16_x,landmark_16_y,landmark_16_z,landmark_17_x,landmark_17_y,landmark_17_z,landmark_18_x,landmark_18_y,landmark_18_z,landmark_19_x,landmark_19_y,landmark_19_z,landmark_20_x,landmark_20_y,landmark_20_z,class
0.7997970581054688,0.4165993928909302,4.230516594816436e-07,0.7302117943763733,0.4076552987098694,-0.03151274099946022,0.6764023303985596,0.37560251355171204,-0.057325758039951324,0.6583729386329651,0.3292732238769531,-0.07994485646486282,0.6634693145751953,0.275395929813385,-0.10283439606428146,0.7175748348236084,0.2756238281726837,-0.05580315366387367,0.7139107584953308,0.22421345114707947,-0.08934123814105988,0.7158284187316895,0.19331011176109314,-0.11228562146425247,0.7204115986824036,0.15831536054611206,-0.12966357171535492,0.7677319645881653,0.26728227734565735,-0.06241355463862419,0.7634093761444092,0.2067384272813797,-0.09518398344516754,0.7654849886894226,0.16877982020378113,-0.11438675969839096,0.7679323554039001,0.12716533243656158,-0.12905268371105194,0.8147009015083313,0.2804443836212158,-0.07200940698385239,0.8152344226837158,0.22205457091331482,-0.10920368134975433,0.8207073211669922,0.19042110443115234,-0.11974496394395828,0.8212287425994873,0.1527004987001419,-0.12586979568004608,0.8594133853912354,0.3070535659790039,-0.08319646120071411,0.8630677461624146,0.2633184492588043,-0.11774804443120956,0.8638442158699036,0.2371307611465454,-0.12615451216697693,0.8591275811195374,0.20549318194389343,-0.13057515025138855,mi
