landmark_0_x,landmark_0_y,landmark_0_z,landmark_1_x,landmark_1_y,landmark_1_z,landmark_2_x,landmark_2_y,landmark_2_z,landmark_3_x,landmark_3_y,landmark_3_z,landmark_4_x,landmark_4_y,landmark_4_z,landmark_5_x,landmark_5_y,landmark_5_z,landmark_6_x,landmark_6_y,landmark_6_z,landmark_7_x,landmark_7_y,landmark_7_z,landmark_8_x,landmark_8_y,landmark_8_z,landmark_9_x,landmark_9_y,landmark_9_z,landmark_10_x,landmark_10_y,landmark_10_z,landmark_11_x,landmark_11_y,landmark_11_z,landmark_12_x,landmark_12_y,landmark_12_z,landmark_13_x,landmark_13_y,landmark_13_z,landmark_14_x,landmark_14_y,landmark_14_z,landmark_15_x,landmark_15_y,landmark_15_z,landmark_16_x,landmark_16_y,landmark_16_z,landmark_17_x,landmark_17_y,landmark_17_z,landmark_18_x,landmark_18_y,landmark_18_z,landmark_19_x,landmark_19_y,landmark_19_z,landmark_20_x,landmark_20_y,landmark_20_z,class
0.7449251413345337,0.636195719242096,2.0466360695081676e-07,0.6873952150344849,0.6319361329078674,-0.035311102867126465,0.6401382684707642,0.6144927740097046,-0.06574956327676773,0.6100842356681824,0.6009193062782288,-0.09183987975120544,0.5938020944595337,0.5842882990837097,-0.1195688247680664,0.6799184679985046,0.5660679340362549,-0.08127912878990173,0.6741524934768677,0.5425891280174255,-0.12252040207386017,0.6746695041656494,0.5332988500595093,-0.1517261415719986,0.6736679673194885,0.5187908411026001,-0.17361408472061157,0.7230749130249023,0.5654954314231873,-0.08633723855018616,0.7185485363006592,0.5358835458755493,-0.12652301788330078,0.7171289920806885,0.5182771682739258,-0.15188509225845337,0.7136446833610535,0.49516934156417847,-0.1739090085029602,0.7629789113998413,0.574661374092102,-0.09264472126960754,0.7622687816619873,0.5457613468170166,-0.13332021236419678,0.7608996629714966,0.52829509973526,-0.14991477131843567,0.7559193968772888,0.5096761584281921,-0.16365961730480194,0.7997172474861145,0.5953260660171509,-0.10045712441205978,0.8096256852149963,0.5730499029159546,-0.13622818887233734,0.8093660473823547,0.5635989904403687,-0.14847451448440552,0.8023477792739868,0.5541684031486511,-0.159341499209404,mi
