landmark_0_x,landmark_0_y,landmark_0_z,landmark_1_x,landmark_1_y,landmark_1_z,landmark_2_x,landmark_2_y,landmark_2_z,landmark_3_x,landmark_3_y,landmark_3_z,landmark_4_x,landmark_4_y,landmark_4_z,landmark_5_x,landmark_5_y,landmark_5_z,landmark_6_x,landmark_6_y,landmark_6_z,landmark_7_x,landmark_7_y,landmark_7_z,landmark_8_x,landmark_8_y,landmark_8_z,landmark_9_x,landmark_9_y,landmark_9_z,landmark_10_x,landmark_10_y,landmark_10_z,landmark_11_x,landmark_11_y,landmark_11_z,landmark_12_x,landmark_12_y,landmark_12_z,landmark_13_x,landmark_13_y,landmark_13_z,landmark_14_x,landmark_14_y,landmark_14_z,landmark_15_x,landmark_15_y,landmark_15_z,landmark_16_x,landmark_16_y,landmark_16_z,landmark_17_x,landmark_17_y,landmark_17_z,landmark_18_x,landmark_18_y,landmark_18_z,landmark_19_x,landmark_19_y,landmark_19_z,landmark_20_x,landmark_20_y,landmark_20_z,class
0.820039689540863,0.6304176449775696,4.647830849080492e-07,0.7576136589050293,0.6130014657974243,-0.04339973255991936,0.7096773982048035,0.5909954309463501,-0.07448381185531616,0.6916499137878418,0.5810858011245728,-0.09973671287298203,0.7077911496162415,0.5656973719596863,-0.12537500262260437,0.7655414342880249,0.5560919642448425,-0.0759396031498909,0.7756568193435669,0.5394396781921387,-0.11278003454208374,0.792927622795105,0.5213098526000977,-0.1398836374282837,0.8092749714851379,0.4943135380744934,-0.15993328392505646,0.8185385465621948,0.5625837445259094,-0.07527622580528259,0.8362414240837097,0.5389046669006348,-0.10747507214546204,0.8529188632965088,0.5069516897201538,-0.12681445479393005,0.8676673769950867,0.47210460901260376,-0.1444810926914215,0.8599675893783569,0.5837177038192749,-0.07721544802188873,0.877504825592041,0.5664308071136475,-0.11401968449354172,0.8948701620101929,0.5315530896186829,-0.12626759707927704,0.9099140167236328,0.4972530007362366,-0.1348886638879776,0.8898653984069824,0.6128473877906799,-0.08166565746068954,0.9097612500190735,0.5982914566993713,-0.11102017760276794,0.9226460456848145,0.5764930844306946,-0.1170906201004982,0.9334390163421631,0.5519671440124512,-0.1227070689201355,mi
