landmark_0_x,landmark_0_y,landmark_0_z,landmark_1_x,landmark_1_y,landmark_1_z,landmark_2_x,landmark_2_y,landmark_2_z,landmark_3_x,landmark_3_y,landmark_3_z,landmark_4_x,landmark_4_y,landmark_4_z,landmark_5_x,landmark_5_y,landmark_5_z,landmark_6_x,landmark_6_y,landmark_6_z,landmark_7_x,landmark_7_y,landmark_7_z,landmark_8_x,landmark_8_y,landmark_8_z,landmark_9_x,landmark_9_y,landmark_9_z,landmark_10_x,landmark_10_y,landmark_10_z,landmark_11_x,landmark_11_y,landmark_11_z,landmark_12_x,landmark_12_y,landmark_12_z,landmark_13_x,landmark_13_y,landmark_13_z,landmark_14_x,landmark_14_y,landmark_14_z,landmark_15_x,landmark_15_y,landmark_15_z,landmark_16_x,landmark_16_y,landmark_16_z,landmark_17_x,landmark_17_y,landmark_17_z,landmark_18_x,landmark_18_y,landmark_18_z,landmark_19_x,landmark_19_y,landmark_19_z,landmark_20_x,landmark_20_y,landmark_20_z,class
0.7635523676872253,0.6131765246391296,-5.979970296721149e-08,0.7155302166938782,0.6055024266242981,-0.010309875011444092,0.676525890827179,0.5841556191444397,-0.02308502420783043,0.6558175683021545,0.5622556805610657,-0.035422150045633316,0.6525473594665527,0.5386028289794922,-0.04767771065235138,0.7052404284477234,0.5232558846473694,-0.024978894740343094,0.6946180462837219,0.5024527907371521,-0.042862698435783386,0.6875116229057312,0.5014177560806274,-0.057134367525577545,0.6794978976249695,0.5026983022689819,-0.06736411154270172,0.7364598512649536,0.5196513533592224,-0.031187908723950386,0.7249135971069336,0.5001122951507568,-0.046508319675922394,0.7157915234565735,0.4977666139602661,-0.05513175576925278,0.7075136303901672,0.4978620111942291,-0.062290918081998825,0.7676143050193787,0.5273699164390564,-0.038265593349933624,0.762061595916748,0.5087334513664246,-0.055006179958581924,0.7568170428276062,0.5052548050880432,-0.05678096041083336,0.7506083250045776,0.5034899115562439,-0.058117568492889404,0.7980068325996399,0.544536292552948,-0.04585426300764084,0.7995420098304749,0.5293475389480591,-0.061685193330049515,0.7971451282501221,0.5278818011283875,-0.06201917678117752,0.7914933562278748,0.5270833373069763,-0.06117095798254013,mi
