landmark_0_x,landmark_0_y,landmark_0_z,landmark_1_x,landmark_1_y,landmark_1_z,landmark_2_x,landmark_2_y,landmark_2_z,landmark_3_x,landmark_3_y,landmark_3_z,landmark_4_x,landmark_4_y,landmark_4_z,landmark_5_x,landmark_5_y,landmark_5_z,landmark_6_x,landmark_6_y,landmark_6_z,landmark_7_x,landmark_7_y,landmark_7_z,landmark_8_x,landmark_8_y,landmark_8_z,landmark_9_x,landmark_9_y,landmark_9_z,landmark_10_x,landmark_10_y,landmark_10_z,landmark_11_x,landmark_11_y,landmark_11_z,landmark_12_x,landmark_12_y,landmark_12_z,landmark_13_x,landmark_13_y,landmark_13_z,landmark_14_x,landmark_14_y,landmark_14_z,landmark_15_x,landmark_15_y,landmark_15_z,landmark_16_x,landmark_16_y,landmark_16_z,landmark_17_x,landmark_17_y,landmark_17_z,landmark_18_x,landmark_18_y,landmark_18_z,landmark_19_x,landmark_19_y,landmark_19_z,landmark_20_x,landmark_20_y,landmark_20_z,class
0.7977217435836792,0.46539685130119324,3.820510983132408e-07,0.733495831489563,0.45487886667251587,-0.027840444818139076,0.679257869720459,0.4206860661506653,-0.053199198096990585,0.657024621963501,0.374541699886322,-0.07487538456916809,0.666951060295105,0.32260662317276,-0.09671492129564285,0.723132848739624,0.35251384973526,-0.06342369318008423,0.7154836654663086,0.29039186239242554,-0.09305067360401154,0.7198480367660522,0.25346440076828003,-0.1114160418510437,0.7265751957893372,0.21913133561611176,-0.12565772235393524,0.7724553942680359,0.35212987661361694,-0.06936769187450409,0.7719793915748596,0.28578710556030273,-0.09757117182016373,0.7758879661560059,0.241835355758667,-0.11092794686555862,0.7790217995643616,0.20149925351142883,-0.12262894958257675,0.8172941207885742,0.3704740107059479,-0.07694248110055923,0.8227715492248535,0.3069934546947479,-0.108912892639637,0.8280168771743774,0.2602441608905792,-0.11897186934947968,0.8274551630020142,0.21495531499385834,-0.12664929032325745,0.8598290085792542,0.4009605050086975,-0.08550413697957993,0.8784339427947998,0.35192981362342834,-0.11706912517547607,0.8838585019111633,0.3168608546257019,-0.12694908678531647,0.8801711797714233,0.28096693754196167,-0.13394559919834137,mi
