landmark_0_x,landmark_0_y,landmark_0_z,landmark_1_x,landmark_1_y,landmark_1_z,landmark_2_x,landmark_2_y,landmark_2_z,landmark_3_x,landmark_3_y,landmark_3_z,landmark_4_x,landmark_4_y,landmark_4_z,landmark_5_x,landmark_5_y,landmark_5_z,landmark_6_x,landmark_6_y,landmark_6_z,landmark_7_x,landmark_7_y,landmark_7_z,landmark_8_x,landmark_8_y,landmark_8_z,landmark_9_x,landmark_9_y,landmark_9_z,landmark_10_x,landmark_10_y,landmark_10_z,landmark_11_x,landmark_11_y,landmark_11_z,landmark_12_x,landmark_12_y,landmark_12_z,landmark_13_x,landmark_13_y,landmark_13_z,landmark_14_x,landmark_14_y,landmark_14_z,landmark_15_x,landmark_15_y,landmark_15_z,landmark_16_x,landmark_16_y,landmark_16_z,landmark_17_x,landmark_17_y,landmark_17_z,landmark_18_x,landmark_18_y,landmark_18_z,landmark_19_x,landmark_19_y,landmark_19_z,landmark_20_x,landmark_20_y,landmark_20_z,class
0.820604681968689,0.5016809105873108,-2.315539688879653e-07,0.7625210881233215,0.48600316047668457,-0.0392892099916935,0.7165858745574951,0.4638848304748535,-0.07650856673717499,0.6784265637397766,0.45462992787361145,-0.11018075793981552,0.6411249041557312,0.4525134265422821,-0.1424202173948288,0.7551764845848083,0.3443904519081116,-0.07654628902673721,0.7658341526985168,0.3317253589630127,-0.12488749623298645,0.7825241088867188,0.3557044565677643,-0.15625469386577606,0.7932353019714355,0.36812838912010193,-0.17598770558834076,0.7979202270507812,0.36126241087913513,-0.08117268234491348,0.8087454438209534,0.3660743534564972,-0.12830723822116852,0.8241624236106873,0.3922414779663086,-0.14691472053527832,0.835122287273407,0.3984409272670746,-0.1584826558828354,0.8378570675849915,0.39352214336395264,-0.0890042781829834,0.846238374710083,0.3927719295024872,-0.1352965235710144,0.8589527606964111,0.412775456905365,-0.13970252871513367,0.8634148836135864,0.4157114326953888,-0.13891032338142395,0.8748703002929688,0.43056413531303406,-0.09915834665298462,0.8940367102622986,0.43054720759391785,-0.1344568282365799,0.9023226499557495,0.439301073551178,-0.13651184737682343,0.9018983244895935,0.4363294243812561,-0.13445818424224854,mi
