landmark_0_x,landmark_0_y,landmark_0_z,landmark_1_x,landmark_1_y,landmark_1_z,landmark_2_x,landmark_2_y,landmark_2_z,landmark_3_x,landmark_3_y,landmark_3_z,landmark_4_x,landmark_4_y,landmark_4_z,landmark_5_x,landmark_5_y,landmark_5_z,landmark_6_x,landmark_6_y,landmark_6_z,landmark_7_x,landmark_7_y,landmark_7_z,landmark_8_x,landmark_8_y,landmark_8_z,landmark_9_x,landmark_9_y,landmark_9_z,landmark_10_x,landmark_10_y,landmark_10_z,landmark_11_x,landmark_11_y,landmark_11_z,landmark_12_x,landmark_12_y,landmark_12_z,landmark_13_x,landmark_13_y,landmark_13_z,landmark_14_x,landmark_14_y,landmark_14_z,landmark_15_x,landmark_15_y,landmark_15_z,landmark_16_x,landmark_16_y,landmark_16_z,landmark_17_x,landmark_17_y,landmark_17_z,landmark_18_x,landmark_18_y,landmark_18_z,landmark_19_x,landmark_19_y,landmark_19_z,landmark_20_x,landmark_20_y,landmark_20_z,class
0.8330177068710327,0.6268830895423889,2.931062397237838e-07,0.7721856236457825,0.6294785737991333,-0.053075630217790604,0.7132554650306702,0.6015803217887878,-0.0919245257973671,0.6917450428009033,0.5991322994232178,-0.12283050268888474,0.7098307609558105,0.5792294144630432,-0.15377958118915558,0.759440541267395,0.5710817575454712,-0.1148374080657959,0.7459911704063416,0.5494287014007568,-0.16036134958267212,0.7522768378257751,0.548912525177002,-0.1854112297296524,0.7656556963920593,0.5441566705703735,-0.2035076916217804,0.8184809684753418,0.565848171710968,-0.1130797490477562,0.824223518371582,0.5391441583633423,-0.15757246315479279,0.8384828567504883,0.5193512439727783,-0.17654848098754883,0.856724739074707,0.5015214085578918,-0.1930679976940155,0.8673064708709717,0.5763874053955078,-0.1133871003985405,0.877332866191864,0.5614062547683716,-0.1578192412853241,0.8952107429504395,0.537682294845581,-0.17137295007705688,0.9118024706840515,0.5086736679077148,-0.18268980085849762,0.9028885960578918,0.6024558544158936,-0.11635605990886688,0.9196340441703796,0.5927786827087402,-0.15363945066928864,0.9349033832550049,0.5784912109375,-0.16421835124492645,0.9481112360954285,0.5588591694831848,-0.17407365143299103,mi
