landmark_0_x,landmark_0_y,landmark_0_z,landmark_1_x,landmark_1_y,landmark_1_z,landmark_2_x,landmark_2_y,landmark_2_z,landmark_3_x,landmark_3_y,landmark_3_z,landmark_4_x,landmark_4_y,landmark_4_z,landmark_5_x,landmark_5_y,landmark_5_z,landmark_6_x,landmark_6_y,landmark_6_z,landmark_7_x,landmark_7_y,landmark_7_z,landmark_8_x,landmark_8_y,landmark_8_z,landmark_9_x,landmark_9_y,landmark_9_z,landmark_10_x,landmark_10_y,landmark_10_z,landmark_11_x,landmark_11_y,landmark_11_z,landmark_12_x,landmark_12_y,landmark_12_z,landmark_13_x,landmark_13_y,landmark_13_z,landmark_14_x,landmark_14_y,landmark_14_z,landmark_15_x,landmark_15_y,landmark_15_z,landmark_16_x,landmark_16_y,landmark_16_z,landmark_17_x,landmark_17_y,landmark_17_z,landmark_18_x,landmark_18_y,landmark_18_z,landmark_19_x,landmark_19_y,landmark_19_z,landmark_20_x,landmark_20_y,landmark_20_z,class
0.7095222473144531,0.7476602792739868,1.459749370269492e-07,0.651504635810852,0.7338595390319824,-0.0037633103784173727,0.6003937125205994,0.7243665456771851,-0.00916113518178463,0.562372088432312,0.7288670539855957,-0.015584632754325867,0.5326824188232422,0.7292519807815552,-0.023669354617595673,0.599299967288971,0.6857723593711853,-0.015797201544046402,0.5675825476646423,0.694412887096405,-0.03492281585931778,0.5397790670394897,0.7026000022888184,-0.05065229907631874,0.5143311023712158,0.709126353263855,-0.062070783227682114,0.6164345145225525,0.6862391233444214,-0.024796633049845695,0.5840287208557129,0.6918230652809143,-0.04176227003335953,0.5576497912406921,0.6969804167747498,-0.05410150811076164,0.5326997637748718,0.7005490064620972,-0.06414134800434113,0.6397944092750549,0.6955549120903015,-0.03434760123491287,0.611852765083313,0.7005975246429443,-0.0517086535692215,0.5880405306816101,0.7008611559867859,-0.05788709223270416,0.5667730569839478,0.6974713802337646,-0.061856381595134735,0.6683492064476013,0.7146998643875122,-0.04403886944055557,0.6436607837677002,0.7201520204544067,-0.05966968461871147,0.6241521239280701,0.7185540795326233,-0.063970185816288,0.60779869556427,0.7127222418785095,-0.06646871566772461,mi
