landmark_0_x,landmark_0_y,landmark_0_z,landmark_1_x,landmark_1_y,landmark_1_z,landmark_2_x,landmark_2_y,landmark_2_z,landmark_3_x,landmark_3_y,landmark_3_z,landmark_4_x,landmark_4_y,landmark_4_z,landmark_5_x,landmark_5_y,landmark_5_z,landmark_6_x,landmark_6_y,landmark_6_z,landmark_7_x,landmark_7_y,landmark_7_z,landmark_8_x,landmark_8_y,landmark_8_z,landmark_9_x,landmark_9_y,landmark_9_z,landmark_10_x,landmark_10_y,landmark_10_z,landmark_11_x,landmark_11_y,landmark_11_z,landmark_12_x,landmark_12_y,landmark_12_z,landmark_13_x,landmark_13_y,landmark_13_z,landmark_14_x,landmark_14_y,landmark_14_z,landmark_15_x,landmark_15_y,landmark_15_z,landmark_16_x,landmark_16_y,landmark_16_z,landmark_17_x,landmark_17_y,landmark_17_z,landmark_18_x,landmark_18_y,landmark_18_z,landmark_19_x,landmark_19_y,landmark_19_z,landmark_20_x,landmark_20_y,landmark_20_z,class
0.7161245942115784,0.6320799589157104,2.3042186114707874e-07,0.637008786201477,0.6417555809020996,-0.0322822630405426,0.5827332735061646,0.6303871870040894,-0.06315529346466064,0.5449692010879517,0.6209802031517029,-0.09132283926010132,0.5031585693359375,0.6075793504714966,-0.12261480838060379,0.6136512160301208,0.577698290348053,-0.09766409546136856,0.5749471783638,0.5895845293998718,-0.15349635481834412,0.5622172355651855,0.58307945728302,-0.19174829125404358,0.5539293885231018,0.56656813621521,-0.219361811876297,0.6647336483001709,0.5622518658638,-0.11171268671751022,0.6263699531555176,0.5752589106559753,-0.16610528528690338,0.6130975484848022,0.5671564936637878,-0.1973533183336258,0.600386917591095,0.5437556505203247,-0.22332033514976501,0.7183398604393005,0.5664778351783752,-0.12720543146133423,0.6972271203994751,0.5882984399795532,-0.1832514852285385,0.6869402527809143,0.5792129039764404,-0.20642627775669098,0.6738997101783752,0.5585898756980896,-0.2240230292081833,0.7693641185760498,0.5887647867202759,-0.14369335770606995,0.7732183337211609,0.6036671996116638,-0.19586756825447083,0.7636330127716064,0.6087661981582642,-0.21645711362361908,0.7498276233673096,0.6039711833000183,-0.23249110579490662,mi
