landmark_0_x,landmark_0_y,landmark_0_z,landmark_1_x,landmark_1_y,landmark_1_z,landmark_2_x,landmark_2_y,landmark_2_z,landmark_3_x,landmark_3_y,landmark_3_z,landmark_4_x,landmark_4_y,landmark_4_z,landmark_5_x,landmark_5_y,landmark_5_z,landmark_6_x,landmark_6_y,landmark_6_z,landmark_7_x,landmark_7_y,landmark_7_z,landmark_8_x,landmark_8_y,landmark_8_z,landmark_9_x,landmark_9_y,landmark_9_z,landmark_10_x,landmark_10_y,landmark_10_z,landmark_11_x,landmark_11_y,landmark_11_z,landmark_12_x,landmark_12_y,landmark_12_z,landmark_13_x,landmark_13_y,landmark_13_z,landmark_14_x,landmark_14_y,landmark_14_z,landmark_15_x,landmark_15_y,landmark_15_z,landmark_16_x,landmark_16_y,landmark_16_z,landmark_17_x,landmark_17_y,landmark_17_z,landmark_18_x,landmark_18_y,landmark_18_z,landmark_19_x,landmark_19_y,landmark_19_z,landmark_20_x,landmark_20_y,landmark_20_z,class
0.7671644687652588,0.5492708086967468,-7.857841666236709e-08,0.7147992849349976,0.5579358339309692,-0.028059519827365875,0.6637301445007324,0.5377103090286255,-0.05246401205658913,0.6401458382606506,0.507443368434906,-0.07375644892454147,0.6548940539360046,0.48025959730148315,-0.09371847659349442,0.6968233585357666,0.45809587836265564,-0.052043039351701736,0.6888754367828369,0.44046255946159363,-0.08049693703651428,0.6911801099777222,0.43937817215919495,-0.09871121495962143,0.6933364272117615,0.42518317699432373,-0.11275634169578552,0.735050618648529,0.4501555562019348,-0.055197857320308685,0.7298027276992798,0.4350310266017914,-0.08393075317144394,0.7264331579208374,0.4316655397415161,-0.09359586983919144,0.7250630259513855,0.41414138674736023,-0.10103046149015427,0.7723115086555481,0.4579106867313385,-0.060863152146339417,0.7669943571090698,0.4444924294948578,-0.0902358815073967,0.7632606625556946,0.4459453225135803,-0.08926096558570862,0.7589206099510193,0.42906489968299866,-0.08794698119163513,0.8082902431488037,0.476296067237854,-0.06884728372097015,0.8088207244873047,0.4634341895580292,-0.09319384396076202,0.805443525314331,0.4643876552581787,-0.09409135580062866,0.7989159226417542,0.45213332772254944,-0.09401673823595047,mi
