landmark_0_x,landmark_0_y,landmark_0_z,landmark_1_x,landmark_1_y,landmark_1_z,landmark_2_x,landmark_2_y,landmark_2_z,landmark_3_x,landmark_3_y,landmark_3_z,landmark_4_x,landmark_4_y,landmark_4_z,landmark_5_x,landmark_5_y,landmark_5_z,landmark_6_x,landmark_6_y,landmark_6_z,landmark_7_x,landmark_7_y,landmark_7_z,landmark_8_x,landmark_8_y,landmark_8_z,landmark_9_x,landmark_9_y,landmark_9_z,landmark_10_x,landmark_10_y,landmark_10_z,landmark_11_x,landmark_11_y,landmark_11_z,landmark_12_x,landmark_12_y,landmark_12_z,landmark_13_x,landmark_13_y,landmark_13_z,landmark_14_x,landmark_14_y,landmark_14_z,landmark_15_x,landmark_15_y,landmark_15_z,landmark_16_x,landmark_16_y,landmark_16_z,landmark_17_x,landmark_17_y,landmark_17_z,landmark_18_x,landmark_18_y,landmark_18_z,landmark_19_x,landmark_19_y,landmark_19_z,landmark_20_x,landmark_20_y,landmark_20_z,class
0.7736923694610596,0.6850007772445679,1.1519045983732212e-07,0.7304297089576721,0.6720494627952576,-0.0139155900105834,0.6908280253410339,0.6544592976570129,-0.02601761743426323,0.6606851816177368,0.6433155536651611,-0.03714210167527199,0.6323233246803284,0.6327948570251465,-0.04916359484195709,0.7110650539398193,0.6317969560623169,-0.0359681062400341,0.6952053308486938,0.614467978477478,-0.05974121764302254,0.6849091649055481,0.6056409478187561,-0.07696624100208282,0.6749350428581238,0.5930876135826111,-0.0898418128490448,0.7356305718421936,0.6297799348831177,-0.041863877326250076,0.7165520191192627,0.60984867811203,-0.0651567354798317,0.7056389451026917,0.5974671840667725,-0.07997217774391174,0.6943856477737427,0.5831269025802612,-0.09206832945346832,0.7636862993240356,0.6315852403640747,-0.04853671416640282,0.7470892667770386,0.6143064498901367,-0.07217244058847427,0.7373173236846924,0.603020966053009,-0.08119642734527588,0.7262868285179138,0.5907870531082153,-0.08753108978271484,0.7916942834854126,0.6373692750930786,-0.055716969072818756,0.7845162153244019,0.624717116355896,-0.07757685333490372,0.7749497890472412,0.6190125942230225,-0.08513051271438599,0.7641986608505249,0.6124469041824341,-0.09037338197231293,mi
