landmark_0_x,landmark_0_y,landmark_0_z,landmark_1_x,landmark_1_y,landmark_1_z,landmark_2_x,landmark_2_y,landmark_2_z,landmark_3_x,landmark_3_y,landmark_3_z,landmark_4_x,landmark_4_y,landmark_4_z,landmark_5_x,landmark_5_y,landmark_5_z,landmark_6_x,landmark_6_y,landmark_6_z,landmark_7_x,landmark_7_y,landmark_7_z,landmark_8_x,landmark_8_y,landmark_8_z,landmark_9_x,landmark_9_y,landmark_9_z,landmark_10_x,landmark_10_y,landmark_10_z,landmark_11_x,landmark_11_y,landmark_11_z,landmark_12_x,landmark_12_y,landmark_12_z,landmark_13_x,landmark_13_y,landmark_13_z,landmark_14_x,landmark_14_y,landmark_14_z,landmark_15_x,landmark_15_y,landmark_15_z,landmark_16_x,landmark_16_y,landmark_16_z,landmark_17_x,landmark_17_y,landmark_17_z,landmark_18_x,landmark_18_y,landmark_18_z,landmark_19_x,landmark_19_y,landmark_19_z,landmark_20_x,landmark_20_y,landmark_20_z,class
0.7345181107521057,0.6272037625312805,1.9519730187766982e-07,0.6449783444404602,0.6348142027854919,-0.03366304561495781,0.583943784236908,0.6200135350227356,-0.06887373328208923,0.5430566072463989,0.6138894557952881,-0.1013975739479065,0.49697625637054443,0.6014335751533508,-0.137447327375412,0.6222560405731201,0.5509209036827087,-0.10778811573982239,0.5766011476516724,0.5741185545921326,-0.1707734316587448,0.5649030208587646,0.5723961591720581,-0.21453066170215607,0.557977557182312,0.5583049058914185,-0.24642063677310944,0.6745041012763977,0.5417029857635498,-0.12363602221012115,0.6280123591423035,0.5666907429695129,-0.18628419935703278,0.6139770150184631,0.5610142350196838,-0.2240440994501114,0.5984380841255188,0.5326471924781799,-0.2559102773666382,0.7287613749504089,0.5526918768882751,-0.14068575203418732,0.695614218711853,0.5834185481071472,-0.20082518458366394,0.6795403361320496,0.5747072696685791,-0.2270580232143402,0.6628471612930298,0.5484657883644104,-0.24825215339660645,0.777819037437439,0.5842542052268982,-0.1588537096977234,0.7699079513549805,0.6033399105072021,-0.2142944633960724,0.7560592889785767,0.6061715483665466,-0.23841850459575653,0.7403067350387573,0.593744695186615,-0.25841060280799866,mi
