landmark_0_x,landmark_0_y,landmark_0_z,landmark_1_x,landmark_1_y,landmark_1_z,landmark_2_x,landmark_2_y,landmark_2_z,landmark_3_x,landmark_3_y,landmark_3_z,landmark_4_x,landmark_4_y,landmark_4_z,landmark_5_x,landmark_5_y,landmark_5_z,landmark_6_x,landmark_6_y,landmark_6_z,landmark_7_x,landmark_7_y,landmark_7_z,landmark_8_x,landmark_8_y,landmark_8_z,landmark_9_x,landmark_9_y,landmark_9_z,landmark_10_x,landmark_10_y,landmark_10_z,landmark_11_x,landmark_11_y,landmark_11_z,landmark_12_x,landmark_12_y,landmark_12_z,landmark_13_x,landmark_13_y,landmark_13_z,landmark_14_x,landmark_14_y,landmark_14_z,landmark_15_x,landmark_15_y,landmark_15_z,landmark_16_x,landmark_16_y,landmark_16_z,landmark_17_x,landmark_17_y,landmark_17_z,landmark_18_x,landmark_18_y,landmark_18_z,landmark_19_x,landmark_19_y,landmark_19_z,landmark_20_x,landmark_20_y,landmark_20_z,class
0.7126142978668213,0.6849951148033142,1.105376057353169e-07,0.6578866839408875,0.6858507394790649,-0.012334579601883888,0.6129435896873474,0.6714065074920654,-0.027531415224075317,0.5804105997085571,0.6605687141418457,-0.04215971753001213,0.5517305731773376,0.6475215554237366,-0.05864684283733368,0.6225551962852478,0.637612521648407,-0.048929620534181595,0.6017584204673767,0.6197468638420105,-0.08082813769578934,0.588151216506958,0.6182295680046082,-0.10381396859884262,0.5726357698440552,0.6179812550544739,-0.12028297036886215,0.648183286190033,0.6380765438079834,-0.05967678502202034,0.6291736364364624,0.6137052774429321,-0.08997823297977448,0.6159540414810181,0.6060261726379395,-0.10796911269426346,0.6010283827781677,0.599827229976654,-0.1226176992058754,0.6792566180229187,0.6424927115440369,-0.0707039162516594,0.6643176078796387,0.6204702854156494,-0.1010865569114685,0.6546289324760437,0.6083552837371826,-0.11320271342992783,0.642170250415802,0.5986988544464111,-0.12200231105089188,0.7129518389701843,0.6509752869606018,-0.08180348575115204,0.7076189517974854,0.6327298283576965,-0.10952799022197723,0.700391411781311,0.6231422424316406,-0.11935105919837952,0.6915298104286194,0.6143168807029724,-0.1263713538646698,mi
