landmark_0_x,landmark_0_y,landmark_0_z,landmark_1_x,landmark_1_y,landmark_1_z,landmark_2_x,landmark_2_y,landmark_2_z,landmark_3_x,landmark_3_y,landmark_3_z,landmark_4_x,landmark_4_y,landmark_4_z,landmark_5_x,landmark_5_y,landmark_5_z,landmark_6_x,landmark_6_y,landmark_6_z,landmark_7_x,landmark_7_y,landmark_7_z,landmark_8_x,landmark_8_y,landmark_8_z,landmark_9_x,landmark_9_y,landmark_9_z,landmark_10_x,landmark_10_y,landmark_10_z,landmark_11_x,landmark_11_y,landmark_11_z,landmark_12_x,landmark_12_y,landmark_12_z,landmark_13_x,landmark_13_y,landmark_13_z,landmark_14_x,landmark_14_y,landmark_14_z,landmark_15_x,landmark_15_y,landmark_15_z,landmark_16_x,landmark_16_y,landmark_16_z,landmark_17_x,landmark_17_y,landmark_17_z,landmark_18_x,landmark_18_y,landmark_18_z,landmark_19_x,landmark_19_y,landmark_19_z,landmark_20_x,landmark_20_y,landmark_20_z,class
0.7420146465301514,0.7604019045829773,8.264106554634054e-08,0.701389729976654,0.7672135233879089,-0.013709606602787971,0.6688786745071411,0.7538124322891235,-0.023374753072857857,0.6481597423553467,0.7379458546638489,-0.031941045075654984,0.6276519894599915,0.7316969633102417,-0.04139111563563347,0.6900399327278137,0.7236810922622681,-0.028058111667633057,0.6785505414009094,0.7083576321601868,-0.0446653850376606,0.6742684245109558,0.7003041505813599,-0.056405067443847656,0.6712778210639954,0.6889162659645081,-0.06536246836185455,0.7187638282775879,0.7159576416015625,-0.03283609822392464,0.7088361978530884,0.6976637840270996,-0.04797922819852829,0.7041682004928589,0.688663125038147,-0.05696458742022514,0.7001850008964539,0.6791754364967346,-0.06486356258392334,0.7471616864204407,0.7191538214683533,-0.038701195269823074,0.7440112829208374,0.7064356207847595,-0.057670895010232925,0.7400651574134827,0.6995753049850464,-0.06357818096876144,0.7336654663085938,0.6913089752197266,-0.06782569736242294,0.7733145952224731,0.7303442358970642,-0.04511746019124985,0.777036726474762,0.72210693359375,-0.06311903893947601,0.7747589349746704,0.7208000421524048,-0.06687392294406891,0.7686159610748291,0.7189154028892517,-0.06951143592596054,mi
