landmark_0_x,landmark_0_y,landmark_0_z,landmark_1_x,landmark_1_y,landmark_1_z,landmark_2_x,landmark_2_y,landmark_2_z,landmark_3_x,landmark_3_y,landmark_3_z,landmark_4_x,landmark_4_y,landmark_4_z,landmark_5_x,landmark_5_y,landmark_5_z,landmark_6_x,landmark_6_y,landmark_6_z,landmark_7_x,landmark_7_y,landmark_7_z,landmark_8_x,landmark_8_y,landmark_8_z,landmark_9_x,landmark_9_y,landmark_9_z,landmark_10_x,landmark_10_y,landmark_10_z,landmark_11_x,landmark_11_y,landmark_11_z,landmark_12_x,landmark_12_y,landmark_12_z,landmark_13_x,landmark_13_y,landmark_13_z,landmark_14_x,landmark_14_y,landmark_14_z,landmark_15_x,landmark_15_y,landmark_15_z,landmark_16_x,landmark_16_y,landmark_16_z,landmark_17_x,landmark_17_y,landmark_17_z,landmark_18_x,landmark_18_y,landmark_18_z,landmark_19_x,landmark_19_y,landmark_19_z,landmark_20_x,landmark_20_y,landmark_20_z,class
0.7382204532623291,0.6063637733459473,6.793859341769348e-08,0.6673619747161865,0.6146290302276611,-0.021743139252066612,0.6230081915855408,0.6122851967811584,-0.0437856987118721,0.5957449078559875,0.6097419261932373,-0.06548632681369781,0.570816159248352,0.6003325581550598,-0.08892098069190979,0.6468286514282227,0.5701649785041809,-0.05552372708916664,0.6251983046531677,0.581557035446167,-0.09230779111385345,0.6215364933013916,0.5806840658187866,-0.12043753266334534,0.6165040731430054,0.5645515322685242,-0.14118754863739014,0.6851942539215088,0.5704113841056824,-0.06533099710941315,0.6630312204360962,0.5759807229042053,-0.09956669807434082,0.6569846272468567,0.5689412355422974,-0.12041820585727692,0.6475317478179932,0.5475521087646484,-0.13864479959011078,0.7233906984329224,0.578836977481842,-0.07679080218076706,0.7086889147758484,0.5896025896072388,-0.11269434541463852,0.701468288898468,0.5809664130210876,-0.12573324143886566,0.6935864090919495,0.561582624912262,-0.13596752285957336,0.759294867515564,0.595291018486023,-0.0895739197731018,0.7592586278915405,0.5997551679611206,-0.12031819671392441,0.7540437579154968,0.6008221507072449,-0.12981314957141876,0.747307538986206,0.5941669344902039,-0.13803555071353912,mi
