landmark_0_x,landmark_0_y,landmark_0_z,landmark_1_x,landmark_1_y,landmark_1_z,landmark_2_x,landmark_2_y,landmark_2_z,landmark_3_x,landmark_3_y,landmark_3_z,landmark_4_x,landmark_4_y,landmark_4_z,landmark_5_x,landmark_5_y,landmark_5_z,landmark_6_x,landmark_6_y,landmark_6_z,landmark_7_x,landmark_7_y,landmark_7_z,landmark_8_x,landmark_8_y,landmark_8_z,landmark_9_x,landmark_9_y,landmark_9_z,landmark_10_x,landmark_10_y,landmark_10_z,landmark_11_x,landmark_11_y,landmark_11_z,landmark_12_x,landmark_12_y,landmark_12_z,landmark_13_x,landmark_13_y,landmark_13_z,landmark_14_x,landmark_14_y,landmark_14_z,landmark_15_x,landmark_15_y,landmark_15_z,landmark_16_x,landmark_16_y,landmark_16_z,landmark_17_x,landmark_17_y,landmark_17_z,landmark_18_x,landmark_18_y,landmark_18_z,landmark_19_x,landmark_19_y,landmark_19_z,landmark_20_x,landmark_20_y,landmark_20_z,class
0.7629178762435913,0.6320035457611084,-9.740281470271839e-09,0.6663691997528076,0.6315044164657593,-0.029974814504384995,0.6053993701934814,0.6127440929412842,-0.06124066188931465,0.5613133907318115,0.6027237176895142,-0.0910433754324913,0.5120424628257751,0.5972931981086731,-0.1231129840016365,0.6415632963180542,0.5333903431892395,-0.08523326367139816,0.5902758836746216,0.5659429430961609,-0.1414562612771988,0.587803065776825,0.5801305770874023,-0.18091441690921783,0.5859752893447876,0.5663378238677979,-0.20930585265159607,0.6952139735221863,0.5169621109962463,-0.09756731241941452,0.6399781107902527,0.5581153035163879,-0.1506972759962082,0.6386954188346863,0.5777636766433716,-0.17351524531841278,0.6414379477500916,0.5518326759338379,-0.1927385777235031,0.752503514289856,0.5260546207427979,-0.11202958971261978,0.704997718334198,0.5727857351303101,-0.15872234106063843,0.696950376033783,0.5914309620857239,-0.15953058004379272,0.7023492455482483,0.564940333366394,-0.162189319729805,0.7981957197189331,0.5565160512924194,-0.1290016770362854,0.7710891962051392,0.6008400917053223,-0.1666540801525116,0.7563039064407349,0.6200258135795593,-0.17067280411720276,0.7596916556358337,0.6022409200668335,-0.17513613402843475,mi
