landmark_0_x,landmark_0_y,landmark_0_z,landmark_1_x,landmark_1_y,landmark_1_z,landmark_2_x,landmark_2_y,landmark_2_z,landmark_3_x,landmark_3_y,landmark_3_z,landmark_4_x,landmark_4_y,landmark_4_z,landmark_5_x,landmark_5_y,landmark_5_z,landmark_6_x,landmark_6_y,landmark_6_z,landmark_7_x,landmark_7_y,landmark_7_z,landmark_8_x,landmark_8_y,landmark_8_z,landmark_9_x,landmark_9_y,landmark_9_z,landmark_10_x,landmark_10_y,landmark_10_z,landmark_11_x,landmark_11_y,landmark_11_z,landmark_12_x,landmark_12_y,landmark_12_z,landmark_13_x,landmark_13_y,landmark_13_z,landmark_14_x,landmark_14_y,landmark_14_z,landmark_15_x,landmark_15_y,landmark_15_z,landmark_16_x,landmark_16_y,landmark_16_z,landmark_17_x,landmark_17_y,landmark_17_z,landmark_18_x,landmark_18_y,landmark_18_z,landmark_19_x,landmark_19_y,landmark_19_z,landmark_20_x,landmark_20_y,landmark_20_z,class
0.8056144714355469,0.6297572255134583,-1.2704003893304616e-07,0.7286574840545654,0.6241384148597717,-0.033333808183670044,0.6761057376861572,0.5908941030502319,-0.06338118761777878,0.6395394802093506,0.579232394695282,-0.09196952730417252,0.5985463857650757,0.5734730958938599,-0.12033665925264359,0.7173507213592529,0.5206490755081177,-0.0762336254119873,0.6908435821533203,0.5220349431037903,-0.1310061365365982,0.6939151883125305,0.5630554556846619,-0.16298797726631165,0.6957401633262634,0.5727760195732117,-0.1838279664516449,0.7722725868225098,0.5160091519355774,-0.08925334364175797,0.7483278512954712,0.49949413537979126,-0.1493844836950302,0.7451382279396057,0.5475544929504395,-0.16788345575332642,0.7505843043327332,0.5540951490402222,-0.17651976644992828,0.8270193934440613,0.5321917533874512,-0.10584225505590439,0.8104848265647888,0.5251299142837524,-0.1599915325641632,0.8029749393463135,0.5702011585235596,-0.15790146589279175,0.8002328276634216,0.5679076313972473,-0.15281561017036438,0.8738596439361572,0.5623356699943542,-0.12503118813037872,0.8746976256370544,0.5780277848243713,-0.16409768164157867,0.8639992475509644,0.6018865704536438,-0.16426490247249603,0.8600619435310364,0.5916237235069275,-0.16297608613967896,mi
