landmark_0_x,landmark_0_y,landmark_0_z,landmark_1_x,landmark_1_y,landmark_1_z,landmark_2_x,landmark_2_y,landmark_2_z,landmark_3_x,landmark_3_y,landmark_3_z,landmark_4_x,landmark_4_y,landmark_4_z,landmark_5_x,landmark_5_y,landmark_5_z,landmark_6_x,landmark_6_y,landmark_6_z,landmark_7_x,landmark_7_y,landmark_7_z,landmark_8_x,landmark_8_y,landmark_8_z,landmark_9_x,landmark_9_y,landmark_9_z,landmark_10_x,landmark_10_y,landmark_10_z,landmark_11_x,landmark_11_y,landmark_11_z,landmark_12_x,landmark_12_y,landmark_12_z,landmark_13_x,landmark_13_y,landmark_13_z,landmark_14_x,landmark_14_y,landmark_14_z,landmark_15_x,landmark_15_y,landmark_15_z,landmark_16_x,landmark_16_y,landmark_16_z,landmark_17_x,landmark_17_y,landmark_17_z,landmark_18_x,landmark_18_y,landmark_18_z,landmark_19_x,landmark_19_y,landmark_19_z,landmark_20_x,landmark_20_y,landmark_20_z,class
0.6849697828292847,0.7302650213241577,-1.0072124467797039e-07,0.6123729944229126,0.7348136305809021,-0.001461614272557199,0.5612573027610779,0.7296847701072693,-0.008417518809437752,0.5247328877449036,0.7256836295127869,-0.017167022451758385,0.4931161403656006,0.7188693881034851,-0.027133764699101448,0.5619572997093201,0.6715894937515259,-0.013481704518198967,0.5281928777694702,0.6917111277580261,-0.03288518637418747,0.5030568838119507,0.7063840627670288,-0.04930189996957779,0.47875329852104187,0.7179131507873535,-0.061418041586875916,0.5849998593330383,0.6708914637565613,-0.02472994104027748,0.5486347675323486,0.6982203125953674,-0.042939744889736176,0.524567723274231,0.7099449634552002,-0.05537131801247597,0.5014266967773438,0.7167445421218872,-0.06571584939956665,0.6122944951057434,0.6814645528793335,-0.036869198083877563,0.579870343208313,0.7032743096351624,-0.05556005612015724,0.5564278960227966,0.7076159119606018,-0.06169102340936661,0.533571183681488,0.7062641382217407,-0.06594078987836838,0.6429978013038635,0.7029588222503662,-0.04904838278889656,0.6158733367919922,0.7171966433525085,-0.0656038373708725,0.5964159965515137,0.7197856307029724,-0.06979767978191376,0.5779621005058289,0.7156650424003601,-0.07237182557582855,mi
