landmark_0_x,landmark_0_y,landmark_0_z,landmark_1_x,landmark_1_y,landmark_1_z,landmark_2_x,landmark_2_y,landmark_2_z,landmark_3_x,landmark_3_y,landmark_3_z,landmark_4_x,landmark_4_y,landmark_4_z,landmark_5_x,landmark_5_y,landmark_5_z,landmark_6_x,landmark_6_y,landmark_6_z,landmark_7_x,landmark_7_y,landmark_7_z,landmark_8_x,landmark_8_y,landmark_8_z,landmark_9_x,landmark_9_y,landmark_9_z,landmark_10_x,landmark_10_y,landmark_10_z,landmark_11_x,landmark_11_y,landmark_11_z,landmark_12_x,landmark_12_y,landmark_12_z,landmark_13_x,landmark_13_y,landmark_13_z,landmark_14_x,landmark_14_y,landmark_14_z,landmark_15_x,landmark_15_y,landmark_15_z,landmark_16_x,landmark_16_y,landmark_16_z,landmark_17_x,landmark_17_y,landmark_17_z,landmark_18_x,landmark_18_y,landmark_18_z,landmark_19_x,landmark_19_y,landmark_19_z,landmark_20_x,landmark_20_y,landmark_20_z,class
0.7570427060127258,0.4341639280319214,3.618579000885802e-07,0.7194913029670715,0.42610418796539307,-0.01919187232851982,0.6856921911239624,0.4067327678203583,-0.03277822956442833,0.6630509495735168,0.389274924993515,-0.04305965453386307,0.6415918469429016,0.37339863181114197,-0.05402778461575508,0.7054286599159241,0.38809728622436523,-0.041083890944719315,0.7010847330093384,0.3509679436683655,-0.058609213680028915,0.6978198885917664,0.32351577281951904,-0.06974604725837708,0.6951441168785095,0.2973342537879944,-0.07769995927810669,0.7351948022842407,0.3835545778274536,-0.04112442210316658,0.7353502511978149,0.3425842523574829,-0.0567127950489521,0.7313334941864014,0.30897632241249084,-0.0657062977552414,0.7265443801879883,0.27775564789772034,-0.07374544441699982,0.7629544138908386,0.3839893341064453,-0.04157743975520134,0.7657012343406677,0.34838807582855225,-0.05785278230905533,0.7607908248901367,0.31514373421669006,-0.0634763315320015,0.7562857866287231,0.28670209646224976,-0.06768191605806351,0.7862988114356995,0.38676273822784424,-0.04276932403445244,0.7869710326194763,0.36067885160446167,-0.05709229037165642,0.7835136651992798,0.3362222909927368,-0.06041552126407623,0.779863178730011,0.3134496808052063,-0.06294558197259903,mi
