landmark_0_x,landmark_0_y,landmark_0_z,landmark_1_x,landmark_1_y,landmark_1_z,landmark_2_x,landmark_2_y,landmark_2_z,landmark_3_x,landmark_3_y,landmark_3_z,landmark_4_x,landmark_4_y,landmark_4_z,landmark_5_x,landmark_5_y,landmark_5_z,landmark_6_x,landmark_6_y,landmark_6_z,landmark_7_x,landmark_7_y,landmark_7_z,landmark_8_x,landmark_8_y,landmark_8_z,landmark_9_x,landmark_9_y,landmark_9_z,landmark_10_x,landmark_10_y,landmark_10_z,landmark_11_x,landmark_11_y,landmark_11_z,landmark_12_x,landmark_12_y,landmark_12_z,landmark_13_x,landmark_13_y,landmark_13_z,landmark_14_x,landmark_14_y,landmark_14_z,landmark_15_x,landmark_15_y,landmark_15_z,landmark_16_x,landmark_16_y,landmark_16_z,landmark_17_x,landmark_17_y,landmark_17_z,landmark_18_x,landmark_18_y,landmark_18_z,landmark_19_x,landmark_19_y,landmark_19_z,landmark_20_x,landmark_20_y,landmark_20_z,class
0.7538498640060425,0.7232481837272644,-1.8771517318327824e-07,0.7147649526596069,0.7295161485671997,-0.017480740323662758,0.6757543087005615,0.7172122001647949,-0.03302683308720589,0.6528156399726868,0.7081941962242126,-0.04863874986767769,0.6482205986976624,0.7008663415908813,-0.06422138214111328,0.6948105692863464,0.6636167168617249,-0.02740582823753357,0.6841505169868469,0.6530457139015198,-0.047698184847831726,0.678849458694458,0.6585643887519836,-0.0638548955321312,0.6787917017936707,0.6685799956321716,-0.07462120056152344,0.7279500961303711,0.6531820297241211,-0.031129518523812294,0.7191006541252136,0.639912486076355,-0.05251650884747505,0.7189323902130127,0.6511432528495789,-0.0652797594666481,0.7229818105697632,0.6722056865692139,-0.07296226173639297,0.7596714496612549,0.6543630361557007,-0.0363590382039547,0.7550278306007385,0.6472797989845276,-0.056713782250881195,0.7575162053108215,0.6619642972946167,-0.06183546036481857,0.7620919346809387,0.6831169128417969,-0.06321325153112411,0.7891340255737305,0.6641949415206909,-0.043107904493808746,0.7875062227249146,0.6619039177894592,-0.05788475647568703,0.7875098586082458,0.6721652746200562,-0.05925263091921806,0.7900535464286804,0.6863937377929688,-0.058773066848516464,mi
