landmark_0_x,landmark_0_y,landmark_0_z,landmark_1_x,landmark_1_y,landmark_1_z,landmark_2_x,landmark_2_y,landmark_2_z,landmark_3_x,landmark_3_y,landmark_3_z,landmark_4_x,landmark_4_y,landmark_4_z,landmark_5_x,landmark_5_y,landmark_5_z,landmark_6_x,landmark_6_y,landmark_6_z,landmark_7_x,landmark_7_y,landmark_7_z,landmark_8_x,landmark_8_y,landmark_8_z,landmark_9_x,landmark_9_y,landmark_9_z,landmark_10_x,landmark_10_y,landmark_10_z,landmark_11_x,landmark_11_y,landmark_11_z,landmark_12_x,landmark_12_y,landmark_12_z,landmark_13_x,landmark_13_y,landmark_13_z,landmark_14_x,landmark_14_y,landmark_14_z,landmark_15_x,landmark_15_y,landmark_15_z,landmark_16_x,landmark_16_y,landmark_16_z,landmark_17_x,landmark_17_y,landmark_17_z,landmark_18_x,landmark_18_y,landmark_18_z,landmark_19_x,landmark_19_y,landmark_19_z,landmark_20_x,landmark_20_y,landmark_20_z,class
0.11664733290672302,0.5842593312263489,-1.1628185347944964e-07,0.14061549305915833,0.5633389949798584,-0.008359708823263645,0.16337330639362335,0.5325800776481628,-0.011608517728745937,0.16162560880184174,0.5038765668869019,-0.014505131170153618,0.141825333237648,0.4988192617893219,-0.015510116703808308,0.14169369637966156,0.4958992302417755,-0.00082142383325845,0.14598795771598816,0.4789697229862213,-0.012104326859116554,0.14618879556655884,0.5072190761566162,-0.017961280420422554,0.1448192596435547,0.5151525735855103,-0.020398911088705063,0.12474620342254639,0.496523380279541,-0.00126733782235533,0.12789124250411987,0.4816090166568756,-0.012282481417059898,0.12983764708042145,0.5139560103416443,-0.014108274132013321,0.12806761264801025,0.5199465751647949,-0.012706133536994457,0.10851345956325531,0.5014395713806152,-0.003696493338793516,0.10971394926309586,0.48845329880714417,-0.015690142288804054,0.11397945135831833,0.5196102261543274,-0.010685366578400135,0.11349257826805115,0.5270220041275024,-0.00428685313090682,0.09097777307033539,0.509512186050415,-0.006707239430397749,0.09326420724391937,0.49828898906707764,-0.012289275415241718,0.09833872318267822,0.5208003520965576,-0.005910797044634819,0.09912730753421783,0.5292508602142334,0.0007151633035391569,medium
