landmark_0_x,landmark_0_y,landmark_0_z,landmark_1_x,landmark_1_y,landmark_1_z,landmark_2_x,landmark_2_y,landmark_2_z,landmark_3_x,landmark_3_y,landmark_3_z,landmark_4_x,landmark_4_y,landmark_4_z,landmark_5_x,landmark_5_y,landmark_5_z,landmark_6_x,landmark_6_y,landmark_6_z,landmark_7_x,landmark_7_y,landmark_7_z,landmark_8_x,landmark_8_y,landmark_8_z,landmark_9_x,landmark_9_y,landmark_9_z,landmark_10_x,landmark_10_y,landmark_10_z,landmark_11_x,landmark_11_y,landmark_11_z,landmark_12_x,landmark_12_y,landmark_12_z,landmark_13_x,landmark_13_y,landmark_13_z,landmark_14_x,landmark_14_y,landmark_14_z,landmark_15_x,landmark_15_y,landmark_15_z,landmark_16_x,landmark_16_y,landmark_16_z,landmark_17_x,landmark_17_y,landmark_17_z,landmark_18_x,landmark_18_y,landmark_18_z,landmark_19_x,landmark_19_y,landmark_19_z,landmark_20_x,landmark_20_y,landmark_20_z,class
0.23604989051818848,0.6684161424636841,-1.0828479446445272e-07,0.2629331946372986,0.6449416279792786,-0.009048840031027794,0.2882099449634552,0.6099759936332703,-0.011427483521401882,0.2865699231624603,0.5750049948692322,-0.013755504041910172,0.26429179310798645,0.5717955231666565,-0.013814374804496765,0.26235854625701904,0.5768386721611023,0.00344511354342103,0.26770642399787903,0.5580987930297852,-0.006576287094503641,0.2691233158111572,0.5858739614486694,-0.011643284931778908,0.2699483036994934,0.5932077765464783,-0.013848034664988518,0.24650847911834717,0.5754975080490112,0.003216408658772707,0.24959908425807953,0.5594666004180908,-0.007559368386864662,0.2504570484161377,0.5894337892532349,-0.009777496568858624,0.24962720274925232,0.5935071706771851,-0.008521676063537598,0.23043903708457947,0.5786059498786926,0.0004881424829363823,0.23180781304836273,0.5645567774772644,-0.010239757597446442,0.23440635204315186,0.5923607349395752,-0.006057303864508867,0.23446880280971527,0.598098635673523,-0.00044651038479059935,0.21197764575481415,0.5840260982513428,-0.0032062341924756765,0.21591003239154816,0.5711848735809326,-0.006451230030506849,0.2188442498445511,0.5898621082305908,-0.0003067333600483835,0.21883182227611542,0.5969036221504211,0.0056538344360888,medium
