landmark_0_x,landmark_0_y,landmark_0_z,landmark_1_x,landmark_1_y,landmark_1_z,landmark_2_x,landmark_2_y,landmark_2_z,landmark_3_x,landmark_3_y,landmark_3_z,landmark_4_x,landmark_4_y,landmark_4_z,landmark_5_x,landmark_5_y,landmark_5_z,landmark_6_x,landmark_6_y,landmark_6_z,landmark_7_x,landmark_7_y,landmark_7_z,landmark_8_x,landmark_8_y,landmark_8_z,landmark_9_x,landmark_9_y,landmark_9_z,landmark_10_x,landmark_10_y,landmark_10_z,landmark_11_x,landmark_11_y,landmark_11_z,landmark_12_x,landmark_12_y,landmark_12_z,landmark_13_x,landmark_13_y,landmark_13_z,landmark_14_x,landmark_14_y,landmark_14_z,landmark_15_x,landmark_15_y,landmark_15_z,landmark_16_x,landmark_16_y,landmark_16_z,landmark_17_x,landmark_17_y,landmark_17_z,landmark_18_x,landmark_18_y,landmark_18_z,landmark_19_x,landmark_19_y,landmark_19_z,landmark_20_x,landmark_20_y,landmark_20_z,class
0.3604857325553894,0.7405250072479248,-2.798465459363797e-07,0.4201105237007141,0.7154534459114075,-0.0235928762704134,0.4878689646720886,0.6540117263793945,-0.03270323574542999,0.5019329786300659,0.5830610394477844,-0.039797838777303696,0.45743441581726074,0.5642592906951904,-0.04253995791077614,0.44207364320755005,0.5438697934150696,-0.00921668391674757,0.47440123558044434,0.5214726328849792,-0.030146393924951553,0.46353811025619507,0.5843204259872437,-0.0390729121863842,0.4494452476501465,0.59364253282547,-0.043675947934389114,0.40704354643821716,0.5398740768432617,-0.008935200050473213,0.4371163249015808,0.5200411081314087,-0.03334781154990196,0.4293406307697296,0.5964849591255188,-0.03766622766852379,0.4137534499168396,0.600747287273407,-0.035386212170124054,0.37199029326438904,0.5455264449119568,-0.012348629534244537,0.3964150846004486,0.5249438881874084,-0.03912096470594406,0.396443247795105,0.5979876518249512,-0.0289425291121006,0.3827840983867645,0.6074171662330627,-0.01610863208770752,0.33231890201568604,0.5568574070930481,-0.01734035462141037,0.35993608832359314,0.5318587422370911,-0.030665716156363487,0.3649046719074249,0.5838634371757507,-0.01698002964258194,0.3543166518211365,0.6003296375274658,-0.003365721320733428,medium
