landmark_0_x,landmark_0_y,landmark_0_z,landmark_1_x,landmark_1_y,landmark_1_z,landmark_2_x,landmark_2_y,landmark_2_z,landmark_3_x,landmark_3_y,landmark_3_z,landmark_4_x,landmark_4_y,landmark_4_z,landmark_5_x,landmark_5_y,landmark_5_z,landmark_6_x,landmark_6_y,landmark_6_z,landmark_7_x,landmark_7_y,landmark_7_z,landmark_8_x,landmark_8_y,landmark_8_z,landmark_9_x,landmark_9_y,landmark_9_z,landmark_10_x,landmark_10_y,landmark_10_z,landmark_11_x,landmark_11_y,landmark_11_z,landmark_12_x,landmark_12_y,landmark_12_z,landmark_13_x,landmark_13_y,landmark_13_z,landmark_14_x,landmark_14_y,landmark_14_z,landmark_15_x,landmark_15_y,landmark_15_z,landmark_16_x,landmark_16_y,landmark_16_z,landmark_17_x,landmark_17_y,landmark_17_z,landmark_18_x,landmark_18_y,landmark_18_z,landmark_19_x,landmark_19_y,landmark_19_z,landmark_20_x,landmark_20_y,landmark_20_z,class
0.1294320523738861,0.6534249782562256,-2.2834194624010706e-07,0.18589071929454803,0.6291576623916626,-0.0308501236140728,0.24702373147010803,0.5687190294265747,-0.041820891201496124,0.2435276210308075,0.4975605905056,-0.04909556359052658,0.19598546624183655,0.47546181082725525,-0.050390005111694336,0.2123861163854599,0.4702587127685547,-0.009286925196647644,0.22035588324069977,0.4369237422943115,-0.03504268079996109,0.21060176193714142,0.500237762928009,-0.04657084122300148,0.20719750225543976,0.5121765732765198,-0.0512826181948185,0.17632843554019928,0.4603363871574402,-0.004262352362275124,0.17997294664382935,0.43849843740463257,-0.030908897519111633,0.17668788135051727,0.5140244364738464,-0.033650558441877365,0.17689308524131775,0.5146877765655518,-0.029127279296517372,0.14042606949806213,0.4624885022640228,-0.004949607886373997,0.1386588215827942,0.4408712387084961,-0.03476224094629288,0.14118827879428864,0.5127010345458984,-0.023707086220383644,0.14319217205047607,0.518286943435669,-0.008879404515028,0.10025383532047272,0.4692901074886322,-0.008009043522179127,0.10557873547077179,0.4515589773654938,-0.02304721809923649,0.11090117692947388,0.5014538764953613,-0.01084025576710701,0.1119060143828392,0.5122790336608887,0.0029387599788606167,medium
