landmark_0_x,landmark_0_y,landmark_0_z,landmark_1_x,landmark_1_y,landmark_1_z,landmark_2_x,landmark_2_y,landmark_2_z,landmark_3_x,landmark_3_y,landmark_3_z,landmark_4_x,landmark_4_y,landmark_4_z,landmark_5_x,landmark_5_y,landmark_5_z,landmark_6_x,landmark_6_y,landmark_6_z,landmark_7_x,landmark_7_y,landmark_7_z,landmark_8_x,landmark_8_y,landmark_8_z,landmark_9_x,landmark_9_y,landmark_9_z,landmark_10_x,landmark_10_y,landmark_10_z,landmark_11_x,landmark_11_y,landmark_11_z,landmark_12_x,landmark_12_y,landmark_12_z,landmark_13_x,landmark_13_y,landmark_13_z,landmark_14_x,landmark_14_y,landmark_14_z,landmark_15_x,landmark_15_y,landmark_15_z,landmark_16_x,landmark_16_y,landmark_16_z,landmark_17_x,landmark_17_y,landmark_17_z,landmark_18_x,landmark_18_y,landmark_18_z,landmark_19_x,landmark_19_y,landmark_19_z,landmark_20_x,landmark_20_y,landmark_20_z,class
0.29543647170066833,0.5583502054214478,-1.0092178115428396e-07,0.3262123167514801,0.5416256785392761,-0.009524905122816563,0.35605448484420776,0.516300618648529,-0.013005816377699375,0.36304011940956116,0.4827391505241394,-0.01685936190187931,0.34439224004745483,0.4698089063167572,-0.018837200477719307,0.3372545838356018,0.4699368178844452,0.004388635046780109,0.34358271956443787,0.44781985878944397,-0.007883839309215546,0.34272000193595886,0.4718993008136749,-0.015662258490920067,0.34252095222473145,0.4839940667152405,-0.018769260495901108,0.3220106065273285,0.465002179145813,0.004338835831731558,0.32519465684890747,0.44748127460479736,-0.007499161176383495,0.32443398237228394,0.4759484827518463,-0.011246864683926105,0.3238849639892578,0.4852333664894104,-0.010554374195635319,0.30556243658065796,0.4638381898403168,0.0014663919573649764,0.3073723316192627,0.44841474294662476,-0.01051322277635336,0.30790436267852783,0.4749162793159485,-0.007671091239899397,0.3075038492679596,0.48412254452705383,-0.0021433120127767324,0.2870211601257324,0.4651547968387604,-0.002419796772301197,0.2919110059738159,0.4497798681259155,-0.007242745719850063,0.29326704144477844,0.4690324068069458,-0.001933537540026009,0.29204249382019043,0.4792335331439972,0.00420135073363781,medium
