landmark_0_x,landmark_0_y,landmark_0_z,landmark_1_x,landmark_1_y,landmark_1_z,landmark_2_x,landmark_2_y,landmark_2_z,landmark_3_x,landmark_3_y,landmark_3_z,landmark_4_x,landmark_4_y,landmark_4_z,landmark_5_x,landmark_5_y,landmark_5_z,landmark_6_x,landmark_6_y,landmark_6_z,landmark_7_x,landmark_7_y,landmark_7_z,landmark_8_x,landmark_8_y,landmark_8_z,landmark_9_x,landmark_9_y,landmark_9_z,landmark_10_x,landmark_10_y,landmark_10_z,landmark_11_x,landmark_11_y,landmark_11_z,landmark_12_x,landmark_12_y,landmark_12_z,landmark_13_x,landmark_13_y,landmark_13_z,landmark_14_x,landmark_14_y,landmark_14_z,landmark_15_x,landmark_15_y,landmark_15_z,landmark_16_x,landmark_16_y,landmark_16_z,landmark_17_x,landmark_17_y,landmark_17_z,landmark_18_x,landmark_18_y,landmark_18_z,landmark_19_x,landmark_19_y,landmark_19_z,landmark_20_x,landmark_20_y,landmark_20_z,class
0.2655671536922455,0.6346184611320496,-2.923042927704955e-07,0.3447701036930084,0.5977495312690735,-0.020355448126792908,0.41615068912506104,0.5342252850532532,-0.026514088734984398,0.42607012391090393,0.4499218761920929,-0.03342114016413689,0.3754437267780304,0.4280303716659546,-0.03694872558116913,0.37229055166244507,0.4307974874973297,0.008086245507001877,0.3989279866218567,0.37893131375312805,-0.017132271081209183,0.38329213857650757,0.4353760778903961,-0.03506549447774887,0.36875635385513306,0.4685348570346832,-0.044108618050813675,0.3314538896083832,0.41718828678131104,0.006020193453878164,0.3503596782684326,0.3666878640651703,-0.022014547139406204,0.3391640782356262,0.4398258626461029,-0.033771298825740814,0.33087897300720215,0.47252172231674194,-0.033985793590545654,0.2904895544052124,0.41453421115875244,-0.0012224622769281268,0.3020806908607483,0.3741067945957184,-0.028929773718118668,0.30147072672843933,0.4414692521095276,-0.025711869820952415,0.2976532578468323,0.4714322090148926,-0.015117577277123928,0.24473704397678375,0.41963186860084534,-0.0103946253657341,0.2619631588459015,0.3792946934700012,-0.02285320870578289,0.26773473620414734,0.4265267252922058,-0.011774346232414246,0.2658001780509949,0.45542600750923157,0.0011417730711400509,medium
