landmark_0_x,landmark_0_y,landmark_0_z,landmark_1_x,landmark_1_y,landmark_1_z,landmark_2_x,landmark_2_y,landmark_2_z,landmark_3_x,landmark_3_y,landmark_3_z,landmark_4_x,landmark_4_y,landmark_4_z,landmark_5_x,landmark_5_y,landmark_5_z,landmark_6_x,landmark_6_y,landmark_6_z,landmark_7_x,landmark_7_y,landmark_7_z,landmark_8_x,landmark_8_y,landmark_8_z,landmark_9_x,landmark_9_y,landmark_9_z,landmark_10_x,landmark_10_y,landmark_10_z,landmark_11_x,landmark_11_y,landmark_11_z,landmark_12_x,landmark_12_y,landmark_12_z,landmark_13_x,landmark_13_y,landmark_13_z,landmark_14_x,landmark_14_y,landmark_14_z,landmark_15_x,landmark_15_y,landmark_15_z,landmark_16_x,landmark_16_y,landmark_16_z,landmark_17_x,landmark_17_y,landmark_17_z,landmark_18_x,landmark_18_y,landmark_18_z,landmark_19_x,landmark_19_y,landmark_19_z,landmark_20_x,landmark_20_y,landmark_20_z,class
0.26081305742263794,0.6459366083145142,-3.0363690939338994e-07,0.29868343472480774,0.6360364556312561,-0.026104558259248734,0.34172728657722473,0.5928634405136108,-0.035279080271720886,0.34019267559051514,0.5434949398040771,-0.041165295988321304,0.30737587809562683,0.5332940220832825,-0.04257665574550629,0.31976988911628723,0.5303840637207031,-0.009985150769352913,0.322833776473999,0.5049307942390442,-0.0281368475407362,0.3150602877140045,0.5484073758125305,-0.03567853942513466,0.3162916898727417,0.5501052737236023,-0.039678238332271576,0.29559749364852905,0.5181712508201599,-0.0048570879735052586,0.2949121594429016,0.5016904473304749,-0.0253517497330904,0.28863680362701416,0.5503212213516235,-0.02740507386624813,0.29199519753456116,0.5507198572158813,-0.023965295404195786,0.2715122699737549,0.516065239906311,-0.0043802945874631405,0.2667481303215027,0.5042378306388855,-0.024678396061062813,0.2642461955547333,0.548502504825592,-0.01787535659968853,0.2683306038379669,0.5505642890930176,-0.00852571427822113,0.24603766202926636,0.5174239277839661,-0.00632743863388896,0.24553491175174713,0.5089666843414307,-0.015165510587394238,0.24436040222644806,0.5396137833595276,-0.008475152775645256,0.2469542920589447,0.5457577705383301,-0.0008254058775492013,medium
