landmark_0_x,landmark_0_y,landmark_0_z,landmark_1_x,landmark_1_y,landmark_1_z,landmark_2_x,landmark_2_y,landmark_2_z,landmark_3_x,landmark_3_y,landmark_3_z,landmark_4_x,landmark_4_y,landmark_4_z,landmark_5_x,landmark_5_y,landmark_5_z,landmark_6_x,landmark_6_y,landmark_6_z,landmark_7_x,landmark_7_y,landmark_7_z,landmark_8_x,landmark_8_y,landmark_8_z,landmark_9_x,landmark_9_y,landmark_9_z,landmark_10_x,landmark_10_y,landmark_10_z,landmark_11_x,landmark_11_y,landmark_11_z,landmark_12_x,landmark_12_y,landmark_12_z,landmark_13_x,landmark_13_y,landmark_13_z,landmark_14_x,landmark_14_y,landmark_14_z,landmark_15_x,landmark_15_y,landmark_15_z,landmark_16_x,landmark_16_y,landmark_16_z,landmark_17_x,landmark_17_y,landmark_17_z,landmark_18_x,landmark_18_y,landmark_18_z,landmark_19_x,landmark_19_y,landmark_19_z,landmark_20_x,landmark_20_y,landmark_20_z,class
0.2857264280319214,0.7175806760787964,-2.573878532530216e-07,0.34464186429977417,0.6913163065910339,-0.02054927498102188,0.4045814275741577,0.6316229701042175,-0.02722640335559845,0.4148102402687073,0.5633624792098999,-0.03333820775151253,0.3724028766155243,0.54759281873703,-0.034482456743717194,0.3632536232471466,0.5416375398635864,0.0022437782026827335,0.389404833316803,0.5095632076263428,-0.019988033920526505,0.3807673752307892,0.5688493251800537,-0.03023938648402691,0.37167835235595703,0.5786235928535461,-0.03484199568629265,0.3329713046550751,0.5335339307785034,0.001779714715667069,0.35424938797950745,0.5075869560241699,-0.02336859330534935,0.3465743362903595,0.5745034217834473,-0.028095893561840057,0.3382381498813629,0.573895275592804,-0.02506449446082115,0.30159375071525574,0.5347365736961365,-0.0037043325137346983,0.3181148171424866,0.5126595497131348,-0.02980433776974678,0.31615832448005676,0.5739743113517761,-0.021955830976366997,0.3091900050640106,0.5753529071807861,-0.010120336897671223,0.2658176124095917,0.5398181080818176,-0.010975188575685024,0.28651878237724304,0.5187796354293823,-0.022255776450037956,0.2885901629924774,0.5613288879394531,-0.010806464590132236,0.2813887894153595,0.5711644291877747,0.0012261014198884368,medium
