landmark_0_x,landmark_0_y,landmark_0_z,landmark_1_x,landmark_1_y,landmark_1_z,landmark_2_x,landmark_2_y,landmark_2_z,landmark_3_x,landmark_3_y,landmark_3_z,landmark_4_x,landmark_4_y,landmark_4_z,landmark_5_x,landmark_5_y,landmark_5_z,landmark_6_x,landmark_6_y,landmark_6_z,landmark_7_x,landmark_7_y,landmark_7_z,landmark_8_x,landmark_8_y,landmark_8_z,landmark_9_x,landmark_9_y,landmark_9_z,landmark_10_x,landmark_10_y,landmark_10_z,landmark_11_x,landmark_11_y,landmark_11_z,landmark_12_x,landmark_12_y,landmark_12_z,landmark_13_x,landmark_13_y,landmark_13_z,landmark_14_x,landmark_14_y,landmark_14_z,landmark_15_x,landmark_15_y,landmark_15_z,landmark_16_x,landmark_16_y,landmark_16_z,landmark_17_x,landmark_17_y,landmark_17_z,landmark_18_x,landmark_18_y,landmark_18_z,landmark_19_x,landmark_19_y,landmark_19_z,landmark_20_x,landmark_20_y,landmark_20_z,class
0.31951645016670227,0.7145582437515259,-6.948277331275676e-08,0.3574567437171936,0.6874113082885742,-0.013206066563725471,0.3937798738479614,0.6434719562530518,-0.01642395742237568,0.3972800672054291,0.594825267791748,-0.019390344619750977,0.36861109733581543,0.5902733206748962,-0.020123735070228577,0.3563326597213745,0.5877357125282288,0.0033585424534976482,0.3639426827430725,0.5619083046913147,-0.005562547594308853,0.3691810965538025,0.5895125269889832,-0.012216413393616676,0.37198469042778015,0.6013990640640259,-0.016130555421113968,0.33687132596969604,0.5841804146766663,0.004567546769976616,0.3380780518054962,0.565551221370697,-0.00442857900634408,0.3449443578720093,0.5963938236236572,-0.008995916694402695,0.34672364592552185,0.6048752069473267,-0.010300537571310997,0.3161963224411011,0.5886151194572449,0.0030581108294427395,0.3156464695930481,0.5669254660606384,-0.006506027188152075,0.3248024880886078,0.5944515466690063,-0.004557100590318441,0.32756292819976807,0.606354832649231,-0.0009390480117872357,0.29252636432647705,0.596733808517456,3.458375795162283e-05,0.2937701344490051,0.5722118020057678,-0.004178794100880623,0.302964985370636,0.5876830816268921,0.0006039065192453563,0.3069896101951599,0.6001051664352417,0.0058049485087394714,medium
