landmark_0_x,landmark_0_y,landmark_0_z,landmark_1_x,landmark_1_y,landmark_1_z,landmark_2_x,landmark_2_y,landmark_2_z,landmark_3_x,landmark_3_y,landmark_3_z,landmark_4_x,landmark_4_y,landmark_4_z,landmark_5_x,landmark_5_y,landmark_5_z,landmark_6_x,landmark_6_y,landmark_6_z,landmark_7_x,landmark_7_y,landmark_7_z,landmark_8_x,landmark_8_y,landmark_8_z,landmark_9_x,landmark_9_y,landmark_9_z,landmark_10_x,landmark_10_y,landmark_10_z,landmark_11_x,landmark_11_y,landmark_11_z,landmark_12_x,landmark_12_y,landmark_12_z,landmark_13_x,landmark_13_y,landmark_13_z,landmark_14_x,landmark_14_y,landmark_14_z,landmark_15_x,landmark_15_y,landmark_15_z,landmark_16_x,landmark_16_y,landmark_16_z,landmark_17_x,landmark_17_y,landmark_17_z,landmark_18_x,landmark_18_y,landmark_18_z,landmark_19_x,landmark_19_y,landmark_19_z,landmark_20_x,landmark_20_y,landmark_20_z,class
0.3912436366081238,0.6460356712341309,-2.391979307958536e-07,0.4448787271976471,0.6218914985656738,-0.019140228629112244,0.49778395891189575,0.5706918239593506,-0.025146257132291794,0.5054292678833008,0.5104119181632996,-0.030209941789507866,0.47003912925720215,0.4895201027393341,-0.031151145696640015,0.46039828658103943,0.49298280477523804,-0.0004313513054512441,0.4811033010482788,0.4565507769584656,-0.020057404413819313,0.47260406613349915,0.5104185342788696,-0.029337547719478607,0.4629691243171692,0.5224645137786865,-0.03318919986486435,0.43265944719314575,0.48675474524497986,3.419202766963281e-05,0.45127061009407043,0.45484206080436707,-0.02151060849428177,0.444915771484375,0.5186738967895508,-0.025508491322398186,0.4350164234638214,0.5259025692939758,-0.022627050057053566,0.40425026416778564,0.48804086446762085,-0.0036882313434034586,0.4189199209213257,0.4602581858634949,-0.02690679393708706,0.4172491431236267,0.5195838809013367,-0.018739650025963783,0.4090113043785095,0.5284920930862427,-0.007017277181148529,0.37140071392059326,0.49263423681259155,-0.008901826106011868,0.3881280720233917,0.4687037467956543,-0.019216565415263176,0.39112573862075806,0.5101264119148254,-0.008000947535037994,0.3848251402378082,0.5235451459884644,0.0035804472863674164,medium
