landmark_0_x,landmark_0_y,landmark_0_z,landmark_1_x,landmark_1_y,landmark_1_z,landmark_2_x,landmark_2_y,landmark_2_z,landmark_3_x,landmark_3_y,landmark_3_z,landmark_4_x,landmark_4_y,landmark_4_z,landmark_5_x,landmark_5_y,landmark_5_z,landmark_6_x,landmark_6_y,landmark_6_z,landmark_7_x,landmark_7_y,landmark_7_z,landmark_8_x,landmark_8_y,landmark_8_z,landmark_9_x,landmark_9_y,landmark_9_z,landmark_10_x,landmark_10_y,landmark_10_z,landmark_11_x,landmark_11_y,landmark_11_z,landmark_12_x,landmark_12_y,landmark_12_z,landmark_13_x,landmark_13_y,landmark_13_z,landmark_14_x,landmark_14_y,landmark_14_z,landmark_15_x,landmark_15_y,landmark_15_z,landmark_16_x,landmark_16_y,landmark_16_z,landmark_17_x,landmark_17_y,landmark_17_z,landmark_18_x,landmark_18_y,landmark_18_z,landmark_19_x,landmark_19_y,landmark_19_z,landmark_20_x,landmark_20_y,landmark_20_z,class
0.13291892409324646,0.5678983330726624,-9.313824733681031e-08,0.15990999341011047,0.5463979244232178,-0.008119252510368824,0.181710883975029,0.5155667066574097,-0.010374502278864384,0.1749034970998764,0.4850711226463318,-0.01232750341296196,0.1536567360162735,0.480187326669693,-0.01283331960439682,0.1596120297908783,0.4883013665676117,0.0009353771456517279,0.1628085970878601,0.4648362994194031,-0.009425897151231766,0.16147556900978088,0.48892611265182495,-0.015588149428367615,0.15932360291481018,0.5025393962860107,-0.018198413774371147,0.14260068535804749,0.48706871271133423,0.0008907925803214312,0.1426408290863037,0.46613407135009766,-0.01011691428720951,0.14446720480918884,0.49728700518608093,-0.013194357044994831,0.14449526369571686,0.5107372999191284,-0.01231302134692669,0.12635022401809692,0.4906773567199707,-0.0010684721637517214,0.12530340254306793,0.4713582694530487,-0.013287831097841263,0.12960492074489594,0.5023320317268372,-0.009679434821009636,0.13010412454605103,0.5165897607803345,-0.0037360095884650946,0.10840687155723572,0.49841609597206116,-0.0035502996761351824,0.11044256389141083,0.48252633213996887,-0.010470767505466938,0.11464253813028336,0.5038216710090637,-0.005467256065458059,0.11503762006759644,0.5153339505195618,0.0004817129229195416,medium
