landmark_0_x,landmark_0_y,landmark_0_z,landmark_1_x,landmark_1_y,landmark_1_z,landmark_2_x,landmark_2_y,landmark_2_z,landmark_3_x,landmark_3_y,landmark_3_z,landmark_4_x,landmark_4_y,landmark_4_z,landmark_5_x,landmark_5_y,landmark_5_z,landmark_6_x,landmark_6_y,landmark_6_z,landmark_7_x,landmark_7_y,landmark_7_z,landmark_8_x,landmark_8_y,landmark_8_z,landmark_9_x,landmark_9_y,landmark_9_z,landmark_10_x,landmark_10_y,landmark_10_z,landmark_11_x,landmark_11_y,landmark_11_z,landmark_12_x,landmark_12_y,landmark_12_z,landmark_13_x,landmark_13_y,landmark_13_z,landmark_14_x,landmark_14_y,landmark_14_z,landmark_15_x,landmark_15_y,landmark_15_z,landmark_16_x,landmark_16_y,landmark_16_z,landmark_17_x,landmark_17_y,landmark_17_z,landmark_18_x,landmark_18_y,landmark_18_z,landmark_19_x,landmark_19_y,landmark_19_z,landmark_20_x,landmark_20_y,landmark_20_z,class
0.13605107367038727,0.7152288556098938,-9.372536169394152e-08,0.1712190955877304,0.6832502484321594,-0.011348367668688297,0.20377768576145172,0.6425814628601074,-0.014488369226455688,0.201234832406044,0.602504551410675,-0.01816188544034958,0.17508535087108612,0.5982823371887207,-0.01945541240274906,0.1757931411266327,0.595257043838501,0.008052662946283817,0.18733713030815125,0.5690275430679321,-0.00413877796381712,0.1812809854745865,0.597491443157196,-0.01321830041706562,0.17717503011226654,0.6090648770332336,-0.01819019205868244,0.1544252336025238,0.5932102799415588,0.0075070601888000965,0.16130681335926056,0.5700433850288391,-0.006034562364220619,0.15888772904872894,0.6028271317481995,-0.012041592970490456,0.15838512778282166,0.6133018136024475,-0.012410576455295086,0.13401083648204803,0.5969136953353882,0.0037184085231274366,0.1371365189552307,0.5757129192352295,-0.00811015348881483,0.1383955478668213,0.604656994342804,-0.005678718909621239,0.13823065161705017,0.6149903535842896,-0.00045339696225710213,0.11221694946289062,0.6050477623939514,-0.0015797186642885208,0.11898788064718246,0.5850914716720581,-0.004591070581227541,0.12179894000291824,0.6034799218177795,0.0019294433295726776,0.12147416919469833,0.6141430139541626,0.00854353979229927,medium
