landmark_0_x,landmark_0_y,landmark_0_z,landmark_1_x,landmark_1_y,landmark_1_z,landmark_2_x,landmark_2_y,landmark_2_z,landmark_3_x,landmark_3_y,landmark_3_z,landmark_4_x,landmark_4_y,landmark_4_z,landmark_5_x,landmark_5_y,landmark_5_z,landmark_6_x,landmark_6_y,landmark_6_z,landmark_7_x,landmark_7_y,landmark_7_z,landmark_8_x,landmark_8_y,landmark_8_z,landmark_9_x,landmark_9_y,landmark_9_z,landmark_10_x,landmark_10_y,landmark_10_z,landmark_11_x,landmark_11_y,landmark_11_z,landmark_12_x,landmark_12_y,landmark_12_z,landmark_13_x,landmark_13_y,landmark_13_z,landmark_14_x,landmark_14_y,landmark_14_z,landmark_15_x,landmark_15_y,landmark_15_z,landmark_16_x,landmark_16_y,landmark_16_z,landmark_17_x,landmark_17_y,landmark_17_z,landmark_18_x,landmark_18_y,landmark_18_z,landmark_19_x,landmark_19_y,landmark_19_z,landmark_20_x,landmark_20_y,landmark_20_z,class
0.08688250184059143,0.6454358100891113,-1.1285358425539016e-07,0.13221774995326996,0.6132764220237732,-0.030699433758854866,0.17294418811798096,0.5538586378097534,-0.03985830396413803,0.1548214852809906,0.4978766143321991,-0.04465986043214798,0.11239597946405411,0.49414780735969543,-0.04305623471736908,0.15580470860004425,0.4931151866912842,-0.006827190518379211,0.1466808319091797,0.46018970012664795,-0.03089810535311699,0.14133834838867188,0.5099492073059082,-0.04423736035823822,0.14751729369163513,0.5206175446510315,-0.05067630112171173,0.12415952980518341,0.48662105202674866,-0.00027207707171328366,0.11151331663131714,0.45611220598220825,-0.025542762130498886,0.11161486804485321,0.5152771472930908,-0.02962345816195011,0.12079405784606934,0.5199103951454163,-0.02597891353070736,0.09348072111606598,0.4872420132160187,0.0003303169214632362,0.07744050770998001,0.4610998034477234,-0.025413382798433304,0.08147414773702621,0.5164086222648621,-0.017685171216726303,0.09311626106500626,0.5229172110557556,-0.005434083752334118,0.06064383313059807,0.4910021126270294,-0.0019954184535890818,0.05207214131951332,0.47525036334991455,-0.013018028810620308,0.05732046812772751,0.5106542110443115,-0.004117962904274464,0.06524510681629181,0.5185545682907104,0.006203251890838146,medium
