landmark_0_x,landmark_0_y,landmark_0_z,landmark_1_x,landmark_1_y,landmark_1_z,landmark_2_x,landmark_2_y,landmark_2_z,landmark_3_x,landmark_3_y,landmark_3_z,landmark_4_x,landmark_4_y,landmark_4_z,landmark_5_x,landmark_5_y,landmark_5_z,landmark_6_x,landmark_6_y,landmark_6_z,landmark_7_x,landmark_7_y,landmark_7_z,landmark_8_x,landmark_8_y,landmark_8_z,landmark_9_x,landmark_9_y,landmark_9_z,landmark_10_x,landmark_10_y,landmark_10_z,landmark_11_x,landmark_11_y,landmark_11_z,landmark_12_x,landmark_12_y,landmark_12_z,landmark_13_x,landmark_13_y,landmark_13_z,landmark_14_x,landmark_14_y,landmark_14_z,landmark_15_x,landmark_15_y,landmark_15_z,landmark_16_x,landmark_16_y,landmark_16_z,landmark_17_x,landmark_17_y,landmark_17_z,landmark_18_x,landmark_18_y,landmark_18_z,landmark_19_x,landmark_19_y,landmark_19_z,landmark_20_x,landmark_20_y,landmark_20_z,class
0.3969762325286865,0.6379637718200684,-2.8054992640136334e-07,0.45591500401496887,0.6144428849220276,-0.024375617504119873,0.5172693729400635,0.5506297945976257,-0.03187794238328934,0.5261738300323486,0.4772831201553345,-0.037727829068899155,0.48618629574775696,0.45145782828330994,-0.03867184370756149,0.47337034344673157,0.4613204896450043,-0.004458288196474314,0.4936322271823883,0.4187183380126953,-0.02705380506813526,0.48352718353271484,0.4819655418395996,-0.03475682809948921,0.4731161296367645,0.4954034388065338,-0.03681916743516922,0.4385829269886017,0.4533758759498596,-0.0030497005209326744,0.45985862612724304,0.4145647883415222,-0.029749438166618347,0.45270925760269165,0.4912908375263214,-0.032699912786483765,0.44192248582839966,0.4979895353317261,-0.027337953448295593,0.4024195671081543,0.45379647612571716,-0.006454340647906065,0.42001691460609436,0.4166126847267151,-0.03736207261681557,0.4186154901981354,0.4934796988964081,-0.02618853561580181,0.40851184725761414,0.5072310566902161,-0.010051107965409756,0.36107417941093445,0.45887598395347595,-0.011391629464924335,0.38199737668037415,0.4245469272136688,-0.027232030406594276,0.3852301836013794,0.4776097536087036,-0.013796847313642502,0.37728065252304077,0.4961061477661133,0.0011253118282184005,medium
