landmark_0_x,landmark_0_y,landmark_0_z,landmark_1_x,landmark_1_y,landmark_1_z,landmark_2_x,landmark_2_y,landmark_2_z,landmark_3_x,landmark_3_y,landmark_3_z,landmark_4_x,landmark_4_y,landmark_4_z,landmark_5_x,landmark_5_y,landmark_5_z,landmark_6_x,landmark_6_y,landmark_6_z,landmark_7_x,landmark_7_y,landmark_7_z,landmark_8_x,landmark_8_y,landmark_8_z,landmark_9_x,landmark_9_y,landmark_9_z,landmark_10_x,landmark_10_y,landmark_10_z,landmark_11_x,landmark_11_y,landmark_11_z,landmark_12_x,landmark_12_y,landmark_12_z,landmark_13_x,landmark_13_y,landmark_13_z,landmark_14_x,landmark_14_y,landmark_14_z,landmark_15_x,landmark_15_y,landmark_15_z,landmark_16_x,landmark_16_y,landmark_16_z,landmark_17_x,landmark_17_y,landmark_17_z,landmark_18_x,landmark_18_y,landmark_18_z,landmark_19_x,landmark_19_y,landmark_19_z,landmark_20_x,landmark_20_y,landmark_20_z,class
0.24076220393180847,0.5585501194000244,-1.2891003819959224e-08,0.2681145668029785,0.5419800877571106,-0.009048638865351677,0.28932562470436096,0.5187883973121643,-0.011604051105678082,0.2947865426540375,0.4952850639820099,-0.014776255935430527,0.2880156338214874,0.47929176688194275,-0.017246078699827194,0.273378849029541,0.4831923246383667,0.004570761229842901,0.27918142080307007,0.46554267406463623,-0.00498543493449688,0.27486270666122437,0.4761471450328827,-0.013469058088958263,0.2714094817638397,0.4858221411705017,-0.018104342743754387,0.2578190565109253,0.4789266288280487,0.004838903900235891,0.26251906156539917,0.46397635340690613,-0.00658989604562521,0.2576877474784851,0.4794493317604065,-0.014176680706441402,0.25452300906181335,0.4917546808719635,-0.01660994254052639,0.2421642392873764,0.4791527986526489,0.002788049867376685,0.24623465538024902,0.46624046564102173,-0.008454466238617897,0.24370598793029785,0.4814017415046692,-0.009841235354542732,0.24274702370166779,0.4934190809726715,-0.0074599445797502995,0.22667281329631805,0.48363789916038513,-0.00019413237168919295,0.23047277331352234,0.4719206392765045,-0.006553093437105417,0.22980782389640808,0.48197057843208313,-0.0048692128621041775,0.2299162745475769,0.49152711033821106,-0.001396107953041792,medium
