landmark_0_x,landmark_0_y,landmark_0_z,landmark_1_x,landmark_1_y,landmark_1_z,landmark_2_x,landmark_2_y,landmark_2_z,landmark_3_x,landmark_3_y,landmark_3_z,landmark_4_x,landmark_4_y,landmark_4_z,landmark_5_x,landmark_5_y,landmark_5_z,landmark_6_x,landmark_6_y,landmark_6_z,landmark_7_x,landmark_7_y,landmark_7_z,landmark_8_x,landmark_8_y,landmark_8_z,landmark_9_x,landmark_9_y,landmark_9_z,landmark_10_x,landmark_10_y,landmark_10_z,landmark_11_x,landmark_11_y,landmark_11_z,landmark_12_x,landmark_12_y,landmark_12_z,landmark_13_x,landmark_13_y,landmark_13_z,landmark_14_x,landmark_14_y,landmark_14_z,landmark_15_x,landmark_15_y,landmark_15_z,landmark_16_x,landmark_16_y,landmark_16_z,landmark_17_x,landmark_17_y,landmark_17_z,landmark_18_x,landmark_18_y,landmark_18_z,landmark_19_x,landmark_19_y,landmark_19_z,landmark_20_x,landmark_20_y,landmark_20_z,class
0.07687775790691376,0.5265712141990662,-6.461743140562248e-08,0.11156243085861206,0.5046311616897583,-0.020690834149718285,0.14540785551071167,0.4661504626274109,-0.028185302391648293,0.1355593502521515,0.423939049243927,-0.033408842980861664,0.10366269946098328,0.4152151644229889,-0.034308526664972305,0.12529000639915466,0.40577030181884766,-0.0020554205402731895,0.1298677772283554,0.38808783888816833,-0.02012500911951065,0.12220515310764313,0.4271220862865448,-0.029926590621471405,0.11940056085586548,0.4342721402645111,-0.03449983149766922,0.10182712972164154,0.39882102608680725,0.0010721974540501833,0.1001737043261528,0.38639718294143677,-0.018282389268279076,0.09832847863435745,0.4317032992839813,-0.0223605427891016,0.10066285729408264,0.43379735946655273,-0.01984494738280773,0.07933352142572403,0.40050265192985535,-0.00014195368567015976,0.07409961521625519,0.3945660889148712,-0.019142599776387215,0.07700679451227188,0.4343741834163666,-0.014341150410473347,0.08115507662296295,0.4336657226085663,-0.0058610280975699425,0.05666528642177582,0.40622609853744507,-0.003304656594991684,0.05583880841732025,0.40412795543670654,-0.010972282849252224,0.059491224586963654,0.43086308240890503,-0.004443771205842495,0.06247422844171524,0.4330264627933502,0.003315526060760021,medium
