landmark_0_x,landmark_0_y,landmark_0_z,landmark_1_x,landmark_1_y,landmark_1_z,landmark_2_x,landmark_2_y,landmark_2_z,landmark_3_x,landmark_3_y,landmark_3_z,landmark_4_x,landmark_4_y,landmark_4_z,landmark_5_x,landmark_5_y,landmark_5_z,landmark_6_x,landmark_6_y,landmark_6_z,landmark_7_x,landmark_7_y,landmark_7_z,landmark_8_x,landmark_8_y,landmark_8_z,landmark_9_x,landmark_9_y,landmark_9_z,landmark_10_x,landmark_10_y,landmark_10_z,landmark_11_x,landmark_11_y,landmark_11_z,landmark_12_x,landmark_12_y,landmark_12_z,landmark_13_x,landmark_13_y,landmark_13_z,landmark_14_x,landmark_14_y,landmark_14_z,landmark_15_x,landmark_15_y,landmark_15_z,landmark_16_x,landmark_16_y,landmark_16_z,landmark_17_x,landmark_17_y,landmark_17_z,landmark_18_x,landmark_18_y,landmark_18_z,landmark_19_x,landmark_19_y,landmark_19_z,landmark_20_x,landmark_20_y,landmark_20_z,class
0.3617260456085205,0.5298197269439697,-2.1601982780339313e-07,0.4158717095851898,0.5001814365386963,-0.02198365330696106,0.4755038022994995,0.4517004191875458,-0.03202110528945923,0.4887045919895172,0.3889625072479248,-0.041371289640665054,0.45143741369247437,0.36545124650001526,-0.04631713777780533,0.436694860458374,0.36018720269203186,-0.0025546341203153133,0.46285295486450195,0.33338215947151184,-0.025147072970867157,0.4517803192138672,0.39173203706741333,-0.035570330917835236,0.4425881803035736,0.3979218602180481,-0.0408782958984375,0.40704330801963806,0.3525337874889374,-0.002946761203929782,0.4295029938220978,0.32692432403564453,-0.026956602931022644,0.4201200306415558,0.3942878544330597,-0.030382035300135612,0.4130914509296417,0.3907669186592102,-0.027666699141263962,0.3768657445907593,0.3541129529476166,-0.008142691105604172,0.39354148507118225,0.3289456367492676,-0.033784255385398865,0.3901953101158142,0.39271241426467896,-0.022623296827077866,0.38382771611213684,0.3949834108352661,-0.009730075486004353,0.34156519174575806,0.3596523106098175,-0.015299901366233826,0.35954350233078003,0.34003451466560364,-0.026508552953600883,0.361577570438385,0.38585856556892395,-0.01316317543387413,0.35668474435806274,0.3966381847858429,-0.0004803269694093615,medium
