landmark_0_x,landmark_0_y,landmark_0_z,landmark_1_x,landmark_1_y,landmark_1_z,landmark_2_x,landmark_2_y,landmark_2_z,landmark_3_x,landmark_3_y,landmark_3_z,landmark_4_x,landmark_4_y,landmark_4_z,landmark_5_x,landmark_5_y,landmark_5_z,landmark_6_x,landmark_6_y,landmark_6_z,landmark_7_x,landmark_7_y,landmark_7_z,landmark_8_x,landmark_8_y,landmark_8_z,landmark_9_x,landmark_9_y,landmark_9_z,landmark_10_x,landmark_10_y,landmark_10_z,landmark_11_x,landmark_11_y,landmark_11_z,landmark_12_x,landmark_12_y,landmark_12_z,landmark_13_x,landmark_13_y,landmark_13_z,landmark_14_x,landmark_14_y,landmark_14_z,landmark_15_x,landmark_15_y,landmark_15_z,landmark_16_x,landmark_16_y,landmark_16_z,landmark_17_x,landmark_17_y,landmark_17_z,landmark_18_x,landmark_18_y,landmark_18_z,landmark_19_x,landmark_19_y,landmark_19_z,landmark_20_x,landmark_20_y,landmark_20_z,class
0.3977690637111664,0.6394418478012085,-2.820500526468095e-07,0.4544524848461151,0.6153827905654907,-0.023348163813352585,0.5113338828086853,0.5529146194458008,-0.03063727729022503,0.519019365310669,0.48323899507522583,-0.036234837025403976,0.48062944412231445,0.45590728521347046,-0.03716299310326576,0.4699402451515198,0.4659635126590729,-0.006754462607204914,0.4911077916622162,0.423545777797699,-0.029048945754766464,0.4819660484790802,0.48596689105033875,-0.03658885881304741,0.47005659341812134,0.5003322958946228,-0.03851690888404846,0.43589478731155396,0.459560751914978,-0.005523147992789745,0.4574619233608246,0.42109572887420654,-0.0315629243850708,0.45127829909324646,0.497669517993927,-0.03474091738462448,0.4385075867176056,0.505366861820221,-0.030053336173295975,0.4008499085903168,0.46152180433273315,-0.008612362667918205,0.418546199798584,0.42566850781440735,-0.038841377943754196,0.4179849624633789,0.5005388855934143,-0.028360659256577492,0.4060811400413513,0.5133630037307739,-0.013106339611113071,0.36058473587036133,0.4674384891986847,-0.012980465777218342,0.3802688717842102,0.43291932344436646,-0.02903841622173786,0.3847000002861023,0.48283651471138,-0.016159338876605034,0.3756999969482422,0.5000628232955933,-0.0017889394657686353,medium
