landmark_0_x,landmark_0_y,landmark_0_z,landmark_1_x,landmark_1_y,landmark_1_z,landmark_2_x,landmark_2_y,landmark_2_z,landmark_3_x,landmark_3_y,landmark_3_z,landmark_4_x,landmark_4_y,landmark_4_z,landmark_5_x,landmark_5_y,landmark_5_z,landmark_6_x,landmark_6_y,landmark_6_z,landmark_7_x,landmark_7_y,landmark_7_z,landmark_8_x,landmark_8_y,landmark_8_z,landmark_9_x,landmark_9_y,landmark_9_z,landmark_10_x,landmark_10_y,landmark_10_z,landmark_11_x,landmark_11_y,landmark_11_z,landmark_12_x,landmark_12_y,landmark_12_z,landmark_13_x,landmark_13_y,landmark_13_z,landmark_14_x,landmark_14_y,landmark_14_z,landmark_15_x,landmark_15_y,landmark_15_z,landmark_16_x,landmark_16_y,landmark_16_z,landmark_17_x,landmark_17_y,landmark_17_z,landmark_18_x,landmark_18_y,landmark_18_z,landmark_19_x,landmark_19_y,landmark_19_z,landmark_20_x,landmark_20_y,landmark_20_z,class
0.4022406339645386,0.5906640291213989,-2.0438814374301728e-07,0.44037216901779175,0.5760498046875,-0.016066553071141243,0.4821303188800812,0.5352445244789124,-0.02146325819194317,0.48939815163612366,0.48642483353614807,-0.026072410866618156,0.46458274126052856,0.4646899998188019,-0.027017368003726006,0.4598209857940674,0.4701818525791168,-0.0008895777864381671,0.473996639251709,0.4421056807041168,-0.01748328097164631,0.46781641244888306,0.4857180118560791,-0.02369842864573002,0.4614299535751343,0.49412623047828674,-0.025688137859106064,0.4366036653518677,0.4616715908050537,-0.00048471830086782575,0.44943591952323914,0.4389890432357788,-0.018172500655055046,0.44413670897483826,0.4920102059841156,-0.01903543993830681,0.4381576180458069,0.49433812499046326,-0.014889068901538849,0.4112446904182434,0.46046021580696106,-0.0038499156944453716,0.42038312554359436,0.43808355927467346,-0.024906866252422333,0.41899988055229187,0.4908786118030548,-0.015996791422367096,0.4140838086605072,0.4983089864253998,-0.004443285521119833,0.3814598321914673,0.4630592465400696,-0.008357814513146877,0.3940942883491516,0.4463942050933838,-0.01926763914525509,0.39694449305534363,0.4843963384628296,-0.009557326324284077,0.3934725821018219,0.49489179253578186,0.001012946479022503,medium
