landmark_0_x,landmark_0_y,landmark_0_z,landmark_1_x,landmark_1_y,landmark_1_z,landmark_2_x,landmark_2_y,landmark_2_z,landmark_3_x,landmark_3_y,landmark_3_z,landmark_4_x,landmark_4_y,landmark_4_z,landmark_5_x,landmark_5_y,landmark_5_z,landmark_6_x,landmark_6_y,landmark_6_z,landmark_7_x,landmark_7_y,landmark_7_z,landmark_8_x,landmark_8_y,landmark_8_z,landmark_9_x,landmark_9_y,landmark_9_z,landmark_10_x,landmark_10_y,landmark_10_z,landmark_11_x,landmark_11_y,landmark_11_z,landmark_12_x,landmark_12_y,landmark_12_z,landmark_13_x,landmark_13_y,landmark_13_z,landmark_14_x,landmark_14_y,landmark_14_z,landmark_15_x,landmark_15_y,landmark_15_z,landmark_16_x,landmark_16_y,landmark_16_z,landmark_17_x,landmark_17_y,landmark_17_z,landmark_18_x,landmark_18_y,landmark_18_z,landmark_19_x,landmark_19_y,landmark_19_z,landmark_20_x,landmark_20_y,landmark_20_z,class
0.32365694642066956,0.6747008562088013,-1.0737567635032974e-07,0.35375407338142395,0.6576085090637207,-0.010528286918997765,0.3806647062301636,0.6221526861190796,-0.012759128585457802,0.38241153955459595,0.5859331488609314,-0.015176425687968731,0.360115647315979,0.5789332985877991,-0.015468094497919083,0.3539382517337799,0.5835641622543335,0.0058513120748102665,0.3647773861885071,0.5621967911720276,-0.007215750403702259,0.3627459704875946,0.5905039310455322,-0.01530660130083561,0.3590662181377411,0.6019719839096069,-0.018486645072698593,0.33768129348754883,0.5821349620819092,0.005952139385044575,0.3468353748321533,0.5623742938041687,-0.008620867505669594,0.34527018666267395,0.5953753590583801,-0.01383106131106615,0.34115949273109436,0.6064062118530273,-0.012981108389794827,0.32117682695388794,0.5842219591140747,0.0030522476881742477,0.32856959104537964,0.5654704570770264,-0.010745269246399403,0.32936182618141174,0.5959008932113647,-0.007806777022778988,0.32610681653022766,0.607649028301239,-0.0014420530060306191,0.302503764629364,0.5885281562805176,-0.0009097775910049677,0.3132553994655609,0.5700840950012207,-0.0063720401376485825,0.31512466073036194,0.5917567610740662,-0.0005990921054035425,0.3125859200954437,0.60407954454422,0.006050353869795799,medium
