landmark_0_x,landmark_0_y,landmark_0_z,landmark_1_x,landmark_1_y,landmark_1_z,landmark_2_x,landmark_2_y,landmark_2_z,landmark_3_x,landmark_3_y,landmark_3_z,landmark_4_x,landmark_4_y,landmark_4_z,landmark_5_x,landmark_5_y,landmark_5_z,landmark_6_x,landmark_6_y,landmark_6_z,landmark_7_x,landmark_7_y,landmark_7_z,landmark_8_x,landmark_8_y,landmark_8_z,landmark_9_x,landmark_9_y,landmark_9_z,landmark_10_x,landmark_10_y,landmark_10_z,landmark_11_x,landmark_11_y,landmark_11_z,landmark_12_x,landmark_12_y,landmark_12_z,landmark_13_x,landmark_13_y,landmark_13_z,landmark_14_x,landmark_14_y,landmark_14_z,landmark_15_x,landmark_15_y,landmark_15_z,landmark_16_x,landmark_16_y,landmark_16_z,landmark_17_x,landmark_17_y,landmark_17_z,landmark_18_x,landmark_18_y,landmark_18_z,landmark_19_x,landmark_19_y,landmark_19_z,landmark_20_x,landmark_20_y,landmark_20_z,class
0.09543408453464508,0.6349505186080933,-2.514581467494281e-07,0.1587362289428711,0.6067356467247009,-0.03493357449769974,0.2241717129945755,0.5408914089202881,-0.047394778579473495,0.2162237912416458,0.46362942457199097,-0.05594502389431,0.1629195660352707,0.44448402523994446,-0.05770910158753395,0.1819993257522583,0.4403805136680603,-0.01081506535410881,0.19194282591342926,0.39731162786483765,-0.04047238826751709,0.18015284836292267,0.46538642048835754,-0.05295730009675026,0.17492568492889404,0.4816877245903015,-0.05729152262210846,0.14231553673744202,0.4300915002822876,-0.005285763181746006,0.14605318009853363,0.39669108390808105,-0.03736218065023422,0.1415340006351471,0.4801054894924164,-0.0411674790084362,0.1406155824661255,0.4855042099952698,-0.035442471504211426,0.10381799936294556,0.4318639934062958,-0.00622952776029706,0.10165318846702576,0.40309756994247437,-0.040876250714063644,0.10430021584033966,0.4815170466899872,-0.029470719397068024,0.10626163333654404,0.49058401584625244,-0.012348302640020847,0.06075688451528549,0.43871065974235535,-0.009875869378447533,0.06642793864011765,0.41463401913642883,-0.026227379217743874,0.072222039103508,0.4662029445171356,-0.01285969465970993,0.07222001254558563,0.47864389419555664,0.002539109904319048,medium
