landmark_0_x,landmark_0_y,landmark_0_z,landmark_1_x,landmark_1_y,landmark_1_z,landmark_2_x,landmark_2_y,landmark_2_z,landmark_3_x,landmark_3_y,landmark_3_z,landmark_4_x,landmark_4_y,landmark_4_z,landmark_5_x,landmark_5_y,landmark_5_z,landmark_6_x,landmark_6_y,landmark_6_z,landmark_7_x,landmark_7_y,landmark_7_z,landmark_8_x,landmark_8_y,landmark_8_z,landmark_9_x,landmark_9_y,landmark_9_z,landmark_10_x,landmark_10_y,landmark_10_z,landmark_11_x,landmark_11_y,landmark_11_z,landmark_12_x,landmark_12_y,landmark_12_z,landmark_13_x,landmark_13_y,landmark_13_z,landmark_14_x,landmark_14_y,landmark_14_z,landmark_15_x,landmark_15_y,landmark_15_z,landmark_16_x,landmark_16_y,landmark_16_z,landmark_17_x,landmark_17_y,landmark_17_z,landmark_18_x,landmark_18_y,landmark_18_z,landmark_19_x,landmark_19_y,landmark_19_z,landmark_20_x,landmark_20_y,landmark_20_z,class
0.13491855561733246,0.5702437162399292,-3.481309818198497e-08,0.162359818816185,0.5489057898521423,-0.009392330422997475,0.18367479741573334,0.5195578336715698,-0.012429274618625641,0.17921671271324158,0.48993852734565735,-0.01529972068965435,0.1605364829301834,0.4827197194099426,-0.01741672307252884,0.1625766158103943,0.4936879873275757,0.00022441049804911017,0.16371186077594757,0.47288742661476135,-0.010916502214968204,0.15796034038066864,0.4869588017463684,-0.019814783707261086,0.154998779296875,0.5019705295562744,-0.024309106171131134,0.14483940601348877,0.4924141764640808,0.0009108363883569837,0.1429271101951599,0.4726158082485199,-0.011072942987084389,0.14050813019275665,0.49210429191589355,-0.01758897863328457,0.14161425828933716,0.509485125541687,-0.01890583522617817,0.1289067417383194,0.49506697058677673,-0.0004466184473130852,0.1251876801252365,0.47882792353630066,-0.011330340057611465,0.1269337236881256,0.4964350759983063,-0.011611176654696465,0.13066516816616058,0.5112597942352295,-0.00851541105657816,0.11405140161514282,0.5023703575134277,-0.002729287836700678,0.11383052170276642,0.48789188265800476,-0.008719109930098057,0.11580939590930939,0.5005925893783569,-0.006372066214680672,0.11881572008132935,0.5125315189361572,-0.002467801794409752,medium
