landmark_0_x,landmark_0_y,landmark_0_z,landmark_1_x,landmark_1_y,landmark_1_z,landmark_2_x,landmark_2_y,landmark_2_z,landmark_3_x,landmark_3_y,landmark_3_z,landmark_4_x,landmark_4_y,landmark_4_z,landmark_5_x,landmark_5_y,landmark_5_z,landmark_6_x,landmark_6_y,landmark_6_z,landmark_7_x,landmark_7_y,landmark_7_z,landmark_8_x,landmark_8_y,landmark_8_z,landmark_9_x,landmark_9_y,landmark_9_z,landmark_10_x,landmark_10_y,landmark_10_z,landmark_11_x,landmark_11_y,landmark_11_z,landmark_12_x,landmark_12_y,landmark_12_z,landmark_13_x,landmark_13_y,landmark_13_z,landmark_14_x,landmark_14_y,landmark_14_z,landmark_15_x,landmark_15_y,landmark_15_z,landmark_16_x,landmark_16_y,landmark_16_z,landmark_17_x,landmark_17_y,landmark_17_z,landmark_18_x,landmark_18_y,landmark_18_z,landmark_19_x,landmark_19_y,landmark_19_z,landmark_20_x,landmark_20_y,landmark_20_z,class
0.40375369787216187,0.6527128219604492,-2.837368242580851e-07,0.4694863259792328,0.6274710297584534,-0.03233329951763153,0.542646050453186,0.5580322742462158,-0.04321080818772316,0.5499895811080933,0.4777708053588867,-0.050541169941425323,0.5007247924804688,0.4540131986141205,-0.05211300402879715,0.4903070628643036,0.45541632175445557,-0.011448051780462265,0.5166857838630676,0.4135224223136902,-0.03701533377170563,0.5045670866966248,0.4840541481971741,-0.046644676476716995,0.4917815923690796,0.4977791905403137,-0.050287265330553055,0.4504546523094177,0.44542670249938965,-0.007700671907514334,0.47678086161613464,0.40390312671661377,-0.0377628393471241,0.46776601672172546,0.4916931092739105,-0.04140542820096016,0.4543551802635193,0.5013370513916016,-0.03583719581365585,0.40964269638061523,0.4467769265174866,-0.009338468313217163,0.43012645840644836,0.4113816022872925,-0.04318255931138992,0.42859065532684326,0.4959867298603058,-0.03143734112381935,0.417146235704422,0.509534478187561,-0.014383571222424507,0.3631615936756134,0.4541044235229492,-0.013163628987967968,0.386760413646698,0.4237421751022339,-0.030242951586842537,0.39180058240890503,0.4804971218109131,-0.016076060011982918,0.3829794228076935,0.4964768886566162,-0.0006024792091920972,medium
