landmark_0_x,landmark_0_y,landmark_0_z,landmark_1_x,landmark_1_y,landmark_1_z,landmark_2_x,landmark_2_y,landmark_2_z,landmark_3_x,landmark_3_y,landmark_3_z,landmark_4_x,landmark_4_y,landmark_4_z,landmark_5_x,landmark_5_y,landmark_5_z,landmark_6_x,landmark_6_y,landmark_6_z,landmark_7_x,landmark_7_y,landmark_7_z,landmark_8_x,landmark_8_y,landmark_8_z,landmark_9_x,landmark_9_y,landmark_9_z,landmark_10_x,landmark_10_y,landmark_10_z,landmark_11_x,landmark_11_y,landmark_11_z,landmark_12_x,landmark_12_y,landmark_12_z,landmark_13_x,landmark_13_y,landmark_13_z,landmark_14_x,landmark_14_y,landmark_14_z,landmark_15_x,landmark_15_y,landmark_15_z,landmark_16_x,landmark_16_y,landmark_16_z,landmark_17_x,landmark_17_y,landmark_17_z,landmark_18_x,landmark_18_y,landmark_18_z,landmark_19_x,landmark_19_y,landmark_19_z,landmark_20_x,landmark_20_y,landmark_20_z,class
0.4093405604362488,0.6476132869720459,-2.7572215799409605e-07,0.4798833727836609,0.6212483644485474,-0.03377784788608551,0.5558812618255615,0.5547362565994263,-0.046948060393333435,0.5688083171844482,0.4713647961616516,-0.05725322663784027,0.5222808718681335,0.4367102384567261,-0.06158168241381645,0.5020006895065308,0.4324458837509155,-0.010916645638644695,0.5322026014328003,0.3945803642272949,-0.04014722630381584,0.5204665064811707,0.4699226915836334,-0.05072878673672676,0.5052751302719116,0.4865776300430298,-0.05394391342997551,0.46039071679115295,0.422372967004776,-0.008081039413809776,0.49404454231262207,0.38614243268966675,-0.04282308369874954,0.48336321115493774,0.48249414563179016,-0.04772518202662468,0.4649018347263336,0.4919697344303131,-0.04160940647125244,0.41731205582618713,0.42340949177742004,-0.011116118170320988,0.44425979256629944,0.39001360535621643,-0.04995754733681679,0.4413529634475708,0.4813845455646515,-0.037732068449258804,0.42455223202705383,0.49432849884033203,-0.018848733976483345,0.3675811290740967,0.43149763345718384,-0.01626439020037651,0.3979075849056244,0.4008882939815521,-0.03720268979668617,0.4024777114391327,0.4627023935317993,-0.022178614512085915,0.3889142572879791,0.4798574447631836,-0.004661356098949909,medium
