landmark_0_x,landmark_0_y,landmark_0_z,landmark_1_x,landmark_1_y,landmark_1_z,landmark_2_x,landmark_2_y,landmark_2_z,landmark_3_x,landmark_3_y,landmark_3_z,landmark_4_x,landmark_4_y,landmark_4_z,landmark_5_x,landmark_5_y,landmark_5_z,landmark_6_x,landmark_6_y,landmark_6_z,landmark_7_x,landmark_7_y,landmark_7_z,landmark_8_x,landmark_8_y,landmark_8_z,landmark_9_x,landmark_9_y,landmark_9_z,landmark_10_x,landmark_10_y,landmark_10_z,landmark_11_x,landmark_11_y,landmark_11_z,landmark_12_x,landmark_12_y,landmark_12_z,landmark_13_x,landmark_13_y,landmark_13_z,landmark_14_x,landmark_14_y,landmark_14_z,landmark_15_x,landmark_15_y,landmark_15_z,landmark_16_x,landmark_16_y,landmark_16_z,landmark_17_x,landmark_17_y,landmark_17_z,landmark_18_x,landmark_18_y,landmark_18_z,landmark_19_x,landmark_19_y,landmark_19_z,landmark_20_x,landmark_20_y,landmark_20_z,class
0.08301038295030594,0.6139051914215088,-1.1933335031244496e-07,0.12886275351047516,0.590019166469574,-0.02817547880113125,0.1700616478919983,0.5429871082305908,-0.03627880662679672,0.15536810457706451,0.4896177649497986,-0.04052276164293289,0.11576103419065475,0.48272934556007385,-0.03884904086589813,0.15309588611125946,0.48835259675979614,-0.005913469009101391,0.1470106542110443,0.4554521441459656,-0.02935653179883957,0.13682997226715088,0.4984123706817627,-0.04106331989169121,0.14013999700546265,0.5095727443695068,-0.04608319699764252,0.12321683764457703,0.4796411991119385,-0.0007512336014769971,0.11394292861223221,0.4494774043560028,-0.026073789224028587,0.1090269684791565,0.5024818778038025,-0.02993820793926716,0.11694925278425217,0.5071300864219666,-0.025810901075601578,0.09470391273498535,0.4772161841392517,-0.0013858728343620896,0.08257279545068741,0.4545324742794037,-0.02709595486521721,0.0824664905667305,0.5026373267173767,-0.020761573687195778,0.09155024588108063,0.5051694512367249,-0.009306340478360653,0.06496649980545044,0.47912466526031494,-0.004680651240050793,0.05962465703487396,0.464295357465744,-0.015595282427966595,0.06178314983844757,0.49489763379096985,-0.007697672117501497,0.06656009703874588,0.5007379055023193,0.001830058521591127,medium
