landmark_0_x,landmark_0_y,landmark_0_z,landmark_1_x,landmark_1_y,landmark_1_z,landmark_2_x,landmark_2_y,landmark_2_z,landmark_3_x,landmark_3_y,landmark_3_z,landmark_4_x,landmark_4_y,landmark_4_z,landmark_5_x,landmark_5_y,landmark_5_z,landmark_6_x,landmark_6_y,landmark_6_z,landmark_7_x,landmark_7_y,landmark_7_z,landmark_8_x,landmark_8_y,landmark_8_z,landmark_9_x,landmark_9_y,landmark_9_z,landmark_10_x,landmark_10_y,landmark_10_z,landmark_11_x,landmark_11_y,landmark_11_z,landmark_12_x,landmark_12_y,landmark_12_z,landmark_13_x,landmark_13_y,landmark_13_z,landmark_14_x,landmark_14_y,landmark_14_z,landmark_15_x,landmark_15_y,landmark_15_z,landmark_16_x,landmark_16_y,landmark_16_z,landmark_17_x,landmark_17_y,landmark_17_z,landmark_18_x,landmark_18_y,landmark_18_z,landmark_19_x,landmark_19_y,landmark_19_z,landmark_20_x,landmark_20_y,landmark_20_z,class
0.16004645824432373,0.7057434320449829,-1.6345244091553468e-07,0.1963893175125122,0.6845800280570984,-0.017521321773529053,0.23137028515338898,0.6411992907524109,-0.02236299403011799,0.22928288578987122,0.5976947546005249,-0.025609053671360016,0.19836075603961945,0.5947893857955933,-0.0252552330493927,0.20486877858638763,0.5860729813575745,-0.0023915108758956194,0.21864524483680725,0.5627772808074951,-0.018688105046749115,0.2095237821340561,0.6004183888435364,-0.026648765429854393,0.20338386297225952,0.6070470213890076,-0.030215980485081673,0.18257403373718262,0.5821132063865662,-0.0005366952973417938,0.19067785143852234,0.5661603808403015,-0.018307114019989967,0.1855742633342743,0.608991801738739,-0.021630728617310524,0.18357957899570465,0.6104736328125,-0.019276883453130722,0.16083894670009613,0.5851097106933594,-0.0024491106159985065,0.16393214464187622,0.5724155306816101,-0.019572759047150612,0.16412560641765594,0.6108131408691406,-0.014447974972426891,0.1634686291217804,0.6126793026924133,-0.0064996094442903996,0.13742274045944214,0.591462254524231,-0.0060419244691729546,0.1425923854112625,0.5806452035903931,-0.01263710018247366,0.1449638456106186,0.6067094802856445,-0.005394288804382086,0.14447446167469025,0.6124691963195801,0.0023481259122490883,medium
