landmark_0_x,landmark_0_y,landmark_0_z,landmark_1_x,landmark_1_y,landmark_1_z,landmark_2_x,landmark_2_y,landmark_2_z,landmark_3_x,landmark_3_y,landmark_3_z,landmark_4_x,landmark_4_y,landmark_4_z,landmark_5_x,landmark_5_y,landmark_5_z,landmark_6_x,landmark_6_y,landmark_6_z,landmark_7_x,landmark_7_y,landmark_7_z,landmark_8_x,landmark_8_y,landmark_8_z,landmark_9_x,landmark_9_y,landmark_9_z,landmark_10_x,landmark_10_y,landmark_10_z,landmark_11_x,landmark_11_y,landmark_11_z,landmark_12_x,landmark_12_y,landmark_12_z,landmark_13_x,landmark_13_y,landmark_13_z,landmark_14_x,landmark_14_y,landmark_14_z,landmark_15_x,landmark_15_y,landmark_15_z,landmark_16_x,landmark_16_y,landmark_16_z,landmark_17_x,landmark_17_y,landmark_17_z,landmark_18_x,landmark_18_y,landmark_18_z,landmark_19_x,landmark_19_y,landmark_19_z,landmark_20_x,landmark_20_y,landmark_20_z,class
0.3676927387714386,0.6509898900985718,-2.162980905495715e-07,0.41065338253974915,0.6325429677963257,-0.01642763800919056,0.45526137948036194,0.5867712497711182,-0.021952923387289047,0.46227142214775085,0.5342631936073303,-0.026629550382494926,0.43172240257263184,0.5208755731582642,-0.027828315272927284,0.42605987191200256,0.5202372670173645,-0.002282492583617568,0.4435802698135376,0.49413353204727173,-0.018345821648836136,0.4368554949760437,0.538595974445343,-0.024597786366939545,0.4303011894226074,0.5452100038528442,-0.027286671102046967,0.4023912847042084,0.5147850513458252,-0.0020325665827840567,0.4185834527015686,0.4922846555709839,-0.019575053825974464,0.4125819802284241,0.5447705984115601,-0.020746765658259392,0.4056633710861206,0.544194221496582,-0.017488988116383553,0.3779503107070923,0.5156541466712952,-0.005355909466743469,0.39138954877853394,0.49167895317077637,-0.025879397988319397,0.3892749845981598,0.5434144735336304,-0.01724310591816902,0.38235047459602356,0.5486690998077393,-0.006637585815042257,0.34921836853027344,0.5195032954216003,-0.00997299887239933,0.3653257489204407,0.4995189607143402,-0.020414194092154503,0.3671702742576599,0.5364386439323425,-0.010767274536192417,0.3617345690727234,0.5473010540008545,-0.0009317356743849814,medium
