landmark_0_x,landmark_0_y,landmark_0_z,landmark_1_x,landmark_1_y,landmark_1_z,landmark_2_x,landmark_2_y,landmark_2_z,landmark_3_x,landmark_3_y,landmark_3_z,landmark_4_x,landmark_4_y,landmark_4_z,landmark_5_x,landmark_5_y,landmark_5_z,landmark_6_x,landmark_6_y,landmark_6_z,landmark_7_x,landmark_7_y,landmark_7_z,landmark_8_x,landmark_8_y,landmark_8_z,landmark_9_x,landmark_9_y,landmark_9_z,landmark_10_x,landmark_10_y,landmark_10_z,landmark_11_x,landmark_11_y,landmark_11_z,landmark_12_x,landmark_12_y,landmark_12_z,landmark_13_x,landmark_13_y,landmark_13_z,landmark_14_x,landmark_14_y,landmark_14_z,landmark_15_x,landmark_15_y,landmark_15_z,landmark_16_x,landmark_16_y,landmark_16_z,landmark_17_x,landmark_17_y,landmark_17_z,landmark_18_x,landmark_18_y,landmark_18_z,landmark_19_x,landmark_19_y,landmark_19_z,landmark_20_x,landmark_20_y,landmark_20_z,class
0.36242595314979553,0.5250563025474548,-1.8569289750303142e-07,0.4043038785457611,0.5087903141975403,-0.01739121600985527,0.4497030973434448,0.464751273393631,-0.02240564674139023,0.45608529448509216,0.41174450516700745,-0.026353690773248672,0.42514216899871826,0.3934171497821808,-0.026518715545535088,0.4233892261981964,0.40189480781555176,-0.00037388876080513,0.4372844994068146,0.3706728518009186,-0.01744288206100464,0.42951059341430664,0.41698068380355835,-0.025303255766630173,0.4260498583316803,0.42833051085472107,-0.02867974154651165,0.40097156167030334,0.3937011957168579,0.0006542102200910449,0.4104117751121521,0.36685335636138916,-0.017559189349412918,0.40444815158843994,0.4171474874019623,-0.02007376216351986,0.40228796005249023,0.4217580258846283,-0.01721898652613163,0.37646520137786865,0.39279621839523315,-0.002327797468751669,0.3824596703052521,0.36650919914245605,-0.021926486864686012,0.38090085983276367,0.4149637818336487,-0.013979858718812466,0.37989991903305054,0.4227401912212372,-0.0036959811113774776,0.34752947092056274,0.3947921693325043,-0.0068453336134552956,0.35577094554901123,0.37473928928375244,-0.01568254642188549,0.357950359582901,0.4086682200431824,-0.006250320468097925,0.35729190707206726,0.41964179277420044,0.0034651164896786213,medium
