landmark_0_x,landmark_0_y,landmark_0_z,landmark_1_x,landmark_1_y,landmark_1_z,landmark_2_x,landmark_2_y,landmark_2_z,landmark_3_x,landmark_3_y,landmark_3_z,landmark_4_x,landmark_4_y,landmark_4_z,landmark_5_x,landmark_5_y,landmark_5_z,landmark_6_x,landmark_6_y,landmark_6_z,landmark_7_x,landmark_7_y,landmark_7_z,landmark_8_x,landmark_8_y,landmark_8_z,landmark_9_x,landmark_9_y,landmark_9_z,landmark_10_x,landmark_10_y,landmark_10_z,landmark_11_x,landmark_11_y,landmark_11_z,landmark_12_x,landmark_12_y,landmark_12_z,landmark_13_x,landmark_13_y,landmark_13_z,landmark_14_x,landmark_14_y,landmark_14_z,landmark_15_x,landmark_15_y,landmark_15_z,landmark_16_x,landmark_16_y,landmark_16_z,landmark_17_x,landmark_17_y,landmark_17_z,landmark_18_x,landmark_18_y,landmark_18_z,landmark_19_x,landmark_19_y,landmark_19_z,landmark_20_x,landmark_20_y,landmark_20_z,class
0.14155951142311096,0.6965858936309814,-2.2725772907961073e-07,0.201563760638237,0.6620874404907227,-0.016567591577768326,0.25490516424179077,0.6062024235725403,-0.022140294313430786,0.2558724284172058,0.5419114232063293,-0.027855614200234413,0.21301689743995667,0.5272968411445618,-0.03034205175936222,0.2119063436985016,0.5216870307922363,0.0033038968686014414,0.23198401927947998,0.4859369099140167,-0.016384663060307503,0.22470001876354218,0.5387794375419617,-0.0290128905326128,0.21609076857566833,0.5548189282417297,-0.03591427206993103,0.1786668300628662,0.5151779651641846,0.0020428437273949385,0.19444026052951813,0.4846538007259369,-0.01871967688202858,0.19198746979236603,0.5460787415504456,-0.026052432134747505,0.18519319593906403,0.5579510927200317,-0.026687104254961014,0.14537477493286133,0.5181074142456055,-0.0031161534134298563,0.15646302700042725,0.4890221059322357,-0.024752503260970116,0.16096796095371246,0.546593427658081,-0.019486770033836365,0.1564113199710846,0.5628235936164856,-0.01076765451580286,0.1079128086566925,0.5271028876304626,-0.009698504582047462,0.12260564416646957,0.49558618664741516,-0.020192695781588554,0.1321713924407959,0.5360761880874634,-0.010359702631831169,0.13246901333332062,0.5576229691505432,0.00019783625612035394,medium
