landmark_0_x,landmark_0_y,landmark_0_z,landmark_1_x,landmark_1_y,landmark_1_z,landmark_2_x,landmark_2_y,landmark_2_z,landmark_3_x,landmark_3_y,landmark_3_z,landmark_4_x,landmark_4_y,landmark_4_z,landmark_5_x,landmark_5_y,landmark_5_z,landmark_6_x,landmark_6_y,landmark_6_z,landmark_7_x,landmark_7_y,landmark_7_z,landmark_8_x,landmark_8_y,landmark_8_z,landmark_9_x,landmark_9_y,landmark_9_z,landmark_10_x,landmark_10_y,landmark_10_z,landmark_11_x,landmark_11_y,landmark_11_z,landmark_12_x,landmark_12_y,landmark_12_z,landmark_13_x,landmark_13_y,landmark_13_z,landmark_14_x,landmark_14_y,landmark_14_z,landmark_15_x,landmark_15_y,landmark_15_z,landmark_16_x,landmark_16_y,landmark_16_z,landmark_17_x,landmark_17_y,landmark_17_z,landmark_18_x,landmark_18_y,landmark_18_z,landmark_19_x,landmark_19_y,landmark_19_z,landmark_20_x,landmark_20_y,landmark_20_z,class
0.38006865978240967,0.6380602121353149,-2.312427653805571e-07,0.42066800594329834,0.6266872882843018,-0.01804349757730961,0.4660598635673523,0.5806238651275635,-0.023587161675095558,0.475129097700119,0.5252139568328857,-0.02746529132127762,0.44733017683029175,0.5028139352798462,-0.027145620435476303,0.4419630765914917,0.5109987258911133,-0.004457988776266575,0.45182478427886963,0.47826454043388367,-0.022119065746665,0.4447540044784546,0.5270949602127075,-0.029188483953475952,0.44000065326690674,0.5379566550254822,-0.03166826441884041,0.4171566367149353,0.5037155151367188,-0.002720660762861371,0.4250134527683258,0.47878873348236084,-0.01974773220717907,0.4206327199935913,0.5345748066902161,-0.019813502207398415,0.4172945022583008,0.5344468951225281,-0.01573977619409561,0.3915008306503296,0.5036932229995728,-0.004880472552031279,0.39710718393325806,0.4804348945617676,-0.023951837792992592,0.3968809247016907,0.5327433943748474,-0.013594035059213638,0.3944041132926941,0.53665691614151,-0.0021790124010294676,0.36263084411621094,0.5062782764434814,-0.008588104508817196,0.3711507320404053,0.48887595534324646,-0.01791391521692276,0.3729335069656372,0.5263340473175049,-0.007495212368667126,0.36975789070129395,0.5353758335113525,0.002980312565341592,medium
