landmark_0_x,landmark_0_y,landmark_0_z,landmark_1_x,landmark_1_y,landmark_1_z,landmark_2_x,landmark_2_y,landmark_2_z,landmark_3_x,landmark_3_y,landmark_3_z,landmark_4_x,landmark_4_y,landmark_4_z,landmark_5_x,landmark_5_y,landmark_5_z,landmark_6_x,landmark_6_y,landmark_6_z,landmark_7_x,landmark_7_y,landmark_7_z,landmark_8_x,landmark_8_y,landmark_8_z,landmark_9_x,landmark_9_y,landmark_9_z,landmark_10_x,landmark_10_y,landmark_10_z,landmark_11_x,landmark_11_y,landmark_11_z,landmark_12_x,landmark_12_y,landmark_12_z,landmark_13_x,landmark_13_y,landmark_13_z,landmark_14_x,landmark_14_y,landmark_14_z,landmark_15_x,landmark_15_y,landmark_15_z,landmark_16_x,landmark_16_y,landmark_16_z,landmark_17_x,landmark_17_y,landmark_17_z,landmark_18_x,landmark_18_y,landmark_18_z,landmark_19_x,landmark_19_y,landmark_19_z,landmark_20_x,landmark_20_y,landmark_20_z,class
0.19085034728050232,0.6439829468727112,-2.9956416369714134e-07,0.26354601979255676,0.6025775671005249,-0.025392208248376846,0.33044204115867615,0.5371219515800476,-0.035022661089897156,0.3319719135761261,0.4544553756713867,-0.044278789311647415,0.2804487347602844,0.4380371868610382,-0.04843318834900856,0.292392373085022,0.43738991022109985,0.002517560264095664,0.31194475293159485,0.38243892788887024,-0.02560092881321907,0.29797372221946716,0.44830140471458435,-0.043011538684368134,0.28907719254493713,0.4809678792953491,-0.05124623700976372,0.25305041670799255,0.4252941608428955,0.0015978969167917967,0.2659898102283478,0.37508684396743774,-0.02988283708691597,0.2551625370979309,0.45320725440979004,-0.03998870402574539,0.24904397130012512,0.4849516749382019,-0.03820101544260979,0.21304574608802795,0.4237383306026459,-0.005180902313441038,0.21890896558761597,0.3845376968383789,-0.03539096564054489,0.21837058663368225,0.45572134852409363,-0.02904394641518593,0.21666641533374786,0.48707765340805054,-0.015576629899442196,0.16808214783668518,0.4294320344924927,-0.01449798233807087,0.1785822957754135,0.390929639339447,-0.027910016477108,0.18419426679611206,0.440285861492157,-0.015542269684374332,0.1840551495552063,0.4699225425720215,-0.0011408048449084163,medium
