landmark_0_x,landmark_0_y,landmark_0_z,landmark_1_x,landmark_1_y,landmark_1_z,landmark_2_x,landmark_2_y,landmark_2_z,landmark_3_x,landmark_3_y,landmark_3_z,landmark_4_x,landmark_4_y,landmark_4_z,landmark_5_x,landmark_5_y,landmark_5_z,landmark_6_x,landmark_6_y,landmark_6_z,landmark_7_x,landmark_7_y,landmark_7_z,landmark_8_x,landmark_8_y,landmark_8_z,landmark_9_x,landmark_9_y,landmark_9_z,landmark_10_x,landmark_10_y,landmark_10_z,landmark_11_x,landmark_11_y,landmark_11_z,landmark_12_x,landmark_12_y,landmark_12_z,landmark_13_x,landmark_13_y,landmark_13_z,landmark_14_x,landmark_14_y,landmark_14_z,landmark_15_x,landmark_15_y,landmark_15_z,landmark_16_x,landmark_16_y,landmark_16_z,landmark_17_x,landmark_17_y,landmark_17_z,landmark_18_x,landmark_18_y,landmark_18_z,landmark_19_x,landmark_19_y,landmark_19_z,landmark_20_x,landmark_20_y,landmark_20_z,class
0.3812773823738098,0.6433893442153931,-2.4539514242860605e-07,0.429819256067276,0.6230013370513916,-0.015460824593901634,0.47774621844291687,0.5722330212593079,-0.019478820264339447,0.48284009099006653,0.5147724151611328,-0.022855879738926888,0.4501204490661621,0.4969058036804199,-0.023012898862361908,0.44579729437828064,0.5048534870147705,-0.00038353315903805196,0.4624091684818268,0.4689292311668396,-0.017876792699098587,0.4543376564979553,0.5186507701873779,-0.02576245553791523,0.446644127368927,0.5329980850219727,-0.02880721166729927,0.41896694898605347,0.4997454285621643,-0.000988203682936728,0.4334591329097748,0.46856409311294556,-0.020465780049562454,0.42729610204696655,0.5272992849349976,-0.023529203608632088,0.4194629192352295,0.538019061088562,-0.02040139213204384,0.39119473099708557,0.5018593668937683,-0.005061459727585316,0.40338197350502014,0.47304412722587585,-0.02707502618432045,0.40155643224716187,0.5306300520896912,-0.018554097041487694,0.395002156496048,0.5440655946731567,-0.00676428759470582,0.35889220237731934,0.5082052946090698,-0.010172411799430847,0.3729381561279297,0.4828801453113556,-0.02077372558414936,0.37556034326553345,0.5241356492042542,-0.009547285735607147,0.3709210753440857,0.5396507382392883,0.0021319387014955282,medium
