landmark_0_x,landmark_0_y,landmark_0_z,landmark_1_x,landmark_1_y,landmark_1_z,landmark_2_x,landmark_2_y,landmark_2_z,landmark_3_x,landmark_3_y,landmark_3_z,landmark_4_x,landmark_4_y,landmark_4_z,landmark_5_x,landmark_5_y,landmark_5_z,landmark_6_x,landmark_6_y,landmark_6_z,landmark_7_x,landmark_7_y,landmark_7_z,landmark_8_x,landmark_8_y,landmark_8_z,landmark_9_x,landmark_9_y,landmark_9_z,landmark_10_x,landmark_10_y,landmark_10_z,landmark_11_x,landmark_11_y,landmark_11_z,landmark_12_x,landmark_12_y,landmark_12_z,landmark_13_x,landmark_13_y,landmark_13_z,landmark_14_x,landmark_14_y,landmark_14_z,landmark_15_x,landmark_15_y,landmark_15_z,landmark_16_x,landmark_16_y,landmark_16_z,landmark_17_x,landmark_17_y,landmark_17_z,landmark_18_x,landmark_18_y,landmark_18_z,landmark_19_x,landmark_19_y,landmark_19_z,landmark_20_x,landmark_20_y,landmark_20_z,class
0.2112794816493988,0.7108405828475952,-2.207006417620505e-07,0.2684876620769501,0.6818103790283203,-0.02172568254172802,0.3261922597885132,0.6236834526062012,-0.027669521048665047,0.33316725492477417,0.5562900900840759,-0.03288430720567703,0.2896881103515625,0.544782280921936,-0.0327596589922905,0.2798788249492645,0.5355749130249023,0.004788439255207777,0.30622005462646484,0.501739501953125,-0.015420906245708466,0.29517918825149536,0.5594542026519775,-0.02487260475754738,0.28700944781303406,0.5698304176330566,-0.029403425753116608,0.25120943784713745,0.5292173027992249,0.005425863433629274,0.26779261231422424,0.5026282668113708,-0.01909387670457363,0.2589513063430786,0.5644371509552002,-0.02461482584476471,0.25408193469047546,0.565057098865509,-0.022182082757353783,0.22104594111442566,0.5317474603652954,0.000821016903501004,0.2321414202451706,0.5069024562835693,-0.022307075560092926,0.22937245666980743,0.5615606307983398,-0.015087981708347797,0.22635455429553986,0.5638518333435059,-0.004507594276219606,0.18613465130329132,0.5372152924537659,-0.006062783766537905,0.20156773924827576,0.5158596038818359,-0.014487987384200096,0.20264002680778503,0.5534763932228088,-0.0037747970782220364,0.19949522614479065,0.5638958215713501,0.007093820255249739,medium
