landmark_0_x,landmark_0_y,landmark_0_z,landmark_1_x,landmark_1_y,landmark_1_z,landmark_2_x,landmark_2_y,landmark_2_z,landmark_3_x,landmark_3_y,landmark_3_z,landmark_4_x,landmark_4_y,landmark_4_z,landmark_5_x,landmark_5_y,landmark_5_z,landmark_6_x,landmark_6_y,landmark_6_z,landmark_7_x,landmark_7_y,landmark_7_z,landmark_8_x,landmark_8_y,landmark_8_z,landmark_9_x,landmark_9_y,landmark_9_z,landmark_10_x,landmark_10_y,landmark_10_z,landmark_11_x,landmark_11_y,landmark_11_z,landmark_12_x,landmark_12_y,landmark_12_z,landmark_13_x,landmark_13_y,landmark_13_z,landmark_14_x,landmark_14_y,landmark_14_z,landmark_15_x,landmark_15_y,landmark_15_z,landmark_16_x,landmark_16_y,landmark_16_z,landmark_17_x,landmark_17_y,landmark_17_z,landmark_18_x,landmark_18_y,landmark_18_z,landmark_19_x,landmark_19_y,landmark_19_z,landmark_20_x,landmark_20_y,landmark_20_z,class
0.07965566962957382,0.6422436833381653,-4.956665122790582e-08,0.11275830864906311,0.6142370104789734,-0.01254742220044136,0.14247438311576843,0.5769749879837036,-0.016906924545764923,0.13877879083156586,0.5360063910484314,-0.021086765453219414,0.11043370515108109,0.5275505185127258,-0.023187777027487755,0.11619826406240463,0.5271047353744507,0.005606458522379398,0.12750893831253052,0.5089010000228882,-0.006024449598044157,0.1241355687379837,0.5378105640411377,-0.015429726801812649,0.11754751950502396,0.5456799864768982,-0.020814137533307076,0.09553235024213791,0.5242370963096619,0.006087790708988905,0.1011398434638977,0.5068463683128357,-0.005160264205187559,0.10212983936071396,0.5402512550354004,-0.011007551103830338,0.0972406417131424,0.5475940704345703,-0.012474014423787594,0.07575328648090363,0.5280486941337585,0.003659911220893264,0.07787156105041504,0.5093458890914917,-0.007169696502387524,0.08193087577819824,0.539506733417511,-0.0040205358527600765,0.07779958844184875,0.5484598875045776,0.0008246294455602765,0.053750425577163696,0.5358864068984985,-0.00011658356379484758,0.05796145275235176,0.5155641436576843,-0.003960250411182642,0.0628294050693512,0.5356695055961609,0.0028725729789584875,0.06086223945021629,0.5472584366798401,0.009641643613576889,medium
