landmark_0_x,landmark_0_y,landmark_0_z,landmark_1_x,landmark_1_y,landmark_1_z,landmark_2_x,landmark_2_y,landmark_2_z,landmark_3_x,landmark_3_y,landmark_3_z,landmark_4_x,landmark_4_y,landmark_4_z,landmark_5_x,landmark_5_y,landmark_5_z,landmark_6_x,landmark_6_y,landmark_6_z,landmark_7_x,landmark_7_y,landmark_7_z,landmark_8_x,landmark_8_y,landmark_8_z,landmark_9_x,landmark_9_y,landmark_9_z,landmark_10_x,landmark_10_y,landmark_10_z,landmark_11_x,landmark_11_y,landmark_11_z,landmark_12_x,landmark_12_y,landmark_12_z,landmark_13_x,landmark_13_y,landmark_13_z,landmark_14_x,landmark_14_y,landmark_14_z,landmark_15_x,landmark_15_y,landmark_15_z,landmark_16_x,landmark_16_y,landmark_16_z,landmark_17_x,landmark_17_y,landmark_17_z,landmark_18_x,landmark_18_y,landmark_18_z,landmark_19_x,landmark_19_y,landmark_19_z,landmark_20_x,landmark_20_y,landmark_20_z,class
0.0934167429804802,0.6909317970275879,-1.0851422871382965e-07,0.12821179628372192,0.6621043086051941,-0.01420428603887558,0.15867528319358826,0.6226676106452942,-0.019009998068213463,0.1524457037448883,0.5813707709312439,-0.023009823635220528,0.12153034657239914,0.575634241104126,-0.02415274642407894,0.13388291001319885,0.5764523148536682,0.0006259073270484805,0.14213065803050995,0.5542814135551453,-0.0142516503110528,0.13759493827819824,0.5893892049789429,-0.022727979347109795,0.1325937956571579,0.5989342331886292,-0.026622341945767403,0.11132533103227615,0.5736624002456665,0.0012986564543098211,0.1129777804017067,0.5558550357818604,-0.013591836206614971,0.113745778799057,0.5966648459434509,-0.01708804816007614,0.11237547546625137,0.6018919348716736,-0.015794113278388977,0.0900983214378357,0.5788518786430359,-0.0012557920999825,0.08824807405471802,0.561267077922821,-0.01631039008498192,0.0935240387916565,0.598800539970398,-0.010743905790150166,0.09348803758621216,0.6056907773017883,-0.0029898525681346655,0.067042276263237,0.5893141627311707,-0.005110731348395348,0.06827729195356369,0.571549117565155,-0.01106962375342846,0.07423226535320282,0.5955677032470703,-0.0031386553309857845,0.07496507465839386,0.6046227216720581,0.005078504793345928,medium
