landmark_0_x,landmark_0_y,landmark_0_z,landmark_1_x,landmark_1_y,landmark_1_z,landmark_2_x,landmark_2_y,landmark_2_z,landmark_3_x,landmark_3_y,landmark_3_z,landmark_4_x,landmark_4_y,landmark_4_z,landmark_5_x,landmark_5_y,landmark_5_z,landmark_6_x,landmark_6_y,landmark_6_z,landmark_7_x,landmark_7_y,landmark_7_z,landmark_8_x,landmark_8_y,landmark_8_z,landmark_9_x,landmark_9_y,landmark_9_z,landmark_10_x,landmark_10_y,landmark_10_z,landmark_11_x,landmark_11_y,landmark_11_z,landmark_12_x,landmark_12_y,landmark_12_z,landmark_13_x,landmark_13_y,landmark_13_z,landmark_14_x,landmark_14_y,landmark_14_z,landmark_15_x,landmark_15_y,landmark_15_z,landmark_16_x,landmark_16_y,landmark_16_z,landmark_17_x,landmark_17_y,landmark_17_z,landmark_18_x,landmark_18_y,landmark_18_z,landmark_19_x,landmark_19_y,landmark_19_z,landmark_20_x,landmark_20_y,landmark_20_z,class
0.3852963149547577,0.6526883244514465,-9.637132336592913e-08,0.415228009223938,0.638920783996582,-0.01173359528183937,0.4447877109050751,0.6102819442749023,-0.015525883063673973,0.449529230594635,0.5737859010696411,-0.01886424794793129,0.43144407868385315,0.5537860989570618,-0.01989492028951645,0.4282677471637726,0.5654043555259705,0.0006146503728814423,0.4338792562484741,0.5427960753440857,-0.012939373962581158,0.4310966730117798,0.5717618465423584,-0.01976974494755268,0.42860573530197144,0.5837783217430115,-0.022014150395989418,0.4107363224029541,0.5601099729537964,0.0013923121150583029,0.4157388508319855,0.539434552192688,-0.012505010701715946,0.41416895389556885,0.574755072593689,-0.0154701704159379,0.41175591945648193,0.583328366279602,-0.013504321686923504,0.39197948575019836,0.5596563220024109,-0.0006822135183028877,0.3954540491104126,0.5429829359054565,-0.015915192663669586,0.3965529799461365,0.5764690041542053,-0.011497572995722294,0.394943505525589,0.5853130221366882,-0.003996039275079966,0.3705703318119049,0.5621687769889832,-0.0036339564248919487,0.37665557861328125,0.5476516485214233,-0.011673933826386929,0.37987571954727173,0.5705856680870056,-0.0059632351621985435,0.3788941204547882,0.5797356963157654,0.0011937328381463885,medium
