landmark_0_x,landmark_0_y,landmark_0_z,landmark_1_x,landmark_1_y,landmark_1_z,landmark_2_x,landmark_2_y,landmark_2_z,landmark_3_x,landmark_3_y,landmark_3_z,landmark_4_x,landmark_4_y,landmark_4_z,landmark_5_x,landmark_5_y,landmark_5_z,landmark_6_x,landmark_6_y,landmark_6_z,landmark_7_x,landmark_7_y,landmark_7_z,landmark_8_x,landmark_8_y,landmark_8_z,landmark_9_x,landmark_9_y,landmark_9_z,landmark_10_x,landmark_10_y,landmark_10_z,landmark_11_x,landmark_11_y,landmark_11_z,landmark_12_x,landmark_12_y,landmark_12_z,landmark_13_x,landmark_13_y,landmark_13_z,landmark_14_x,landmark_14_y,landmark_14_z,landmark_15_x,landmark_15_y,landmark_15_z,landmark_16_x,landmark_16_y,landmark_16_z,landmark_17_x,landmark_17_y,landmark_17_z,landmark_18_x,landmark_18_y,landmark_18_z,landmark_19_x,landmark_19_y,landmark_19_z,landmark_20_x,landmark_20_y,landmark_20_z,class
0.06477031111717224,0.5835940837860107,-9.807013867657588e-08,0.0998358428478241,0.5626885294914246,-0.017049472779035568,0.13238131999969482,0.5304504036903381,-0.023155206814408302,0.12790772318840027,0.4898495674133301,-0.028049038723111153,0.09942794591188431,0.47770029306411743,-0.029573896899819374,0.12075603008270264,0.48207199573516846,0.0010487259132787585,0.11722426861524582,0.46197789907455444,-0.01665022224187851,0.10901384055614471,0.4913143515586853,-0.027052689343690872,0.11064673215150833,0.5014126896858215,-0.031586676836013794,0.09849448502063751,0.4733750522136688,0.003181556472554803,0.08965574949979782,0.45676183700561523,-0.01496201753616333,0.08502908796072006,0.4914126396179199,-0.01926659420132637,0.09015689790248871,0.4983481168746948,-0.017394836992025375,0.07613644748926163,0.47161051630973816,0.0012312885373830795,0.065055251121521,0.45917409658432007,-0.015834694728255272,0.06423884630203247,0.49092385172843933,-0.011545470915734768,0.07034146040678024,0.4958655834197998,-0.004087027162313461,0.05261747166514397,0.4740615785121918,-0.0025030989199876785,0.04625854641199112,0.46576645970344543,-0.00948047824203968,0.047122158110141754,0.48838022351264954,-0.0036283591762185097,0.052342914044857025,0.49516230821609497,0.003456178354099393,medium
