landmark_0_x,landmark_0_y,landmark_0_z,landmark_1_x,landmark_1_y,landmark_1_z,landmark_2_x,landmark_2_y,landmark_2_z,landmark_3_x,landmark_3_y,landmark_3_z,landmark_4_x,landmark_4_y,landmark_4_z,landmark_5_x,landmark_5_y,landmark_5_z,landmark_6_x,landmark_6_y,landmark_6_z,landmark_7_x,landmark_7_y,landmark_7_z,landmark_8_x,landmark_8_y,landmark_8_z,landmark_9_x,landmark_9_y,landmark_9_z,landmark_10_x,landmark_10_y,landmark_10_z,landmark_11_x,landmark_11_y,landmark_11_z,landmark_12_x,landmark_12_y,landmark_12_z,landmark_13_x,landmark_13_y,landmark_13_z,landmark_14_x,landmark_14_y,landmark_14_z,landmark_15_x,landmark_15_y,landmark_15_z,landmark_16_x,landmark_16_y,landmark_16_z,landmark_17_x,landmark_17_y,landmark_17_z,landmark_18_x,landmark_18_y,landmark_18_z,landmark_19_x,landmark_19_y,landmark_19_z,landmark_20_x,landmark_20_y,landmark_20_z,class
0.3774445354938507,0.6270267367362976,-8.786681604533442e-08,0.4072825610637665,0.6098764538764954,-0.010340123437345028,0.43538394570350647,0.5804744958877563,-0.014426445588469505,0.4385780096054077,0.5442047715187073,-0.01838039979338646,0.42005282640457153,0.5239187479019165,-0.02040155977010727,0.41704443097114563,0.5360962152481079,0.000742412987165153,0.42412903904914856,0.5135486721992493,-0.012806459330022335,0.4213419258594513,0.542405903339386,-0.021000336855649948,0.4171273410320282,0.5560005307197571,-0.024233292788267136,0.3996496796607971,0.5312649607658386,0.0008052701596170664,0.4043809473514557,0.5109982490539551,-0.011378444731235504,0.4037833511829376,0.545133650302887,-0.014919508248567581,0.40050584077835083,0.556298553943634,-0.014304186217486858,0.3813806176185608,0.5319514870643616,-0.001722321379929781,0.384419709444046,0.5129513740539551,-0.01483202539384365,0.3867858946323395,0.5466114282608032,-0.010697012767195702,0.38457298278808594,0.5595634579658508,-0.004302820190787315,0.3606300354003906,0.5362361669540405,-0.005096347536891699,0.36581844091415405,0.5195191502571106,-0.012368367984890938,0.3707946240901947,0.5430173873901367,-0.006887166760861874,0.370350182056427,0.5551865100860596,-0.00028541989740915596,medium
