landmark_0_x,landmark_0_y,landmark_0_z,landmark_1_x,landmark_1_y,landmark_1_z,landmark_2_x,landmark_2_y,landmark_2_z,landmark_3_x,landmark_3_y,landmark_3_z,landmark_4_x,landmark_4_y,landmark_4_z,landmark_5_x,landmark_5_y,landmark_5_z,landmark_6_x,landmark_6_y,landmark_6_z,landmark_7_x,landmark_7_y,landmark_7_z,landmark_8_x,landmark_8_y,landmark_8_z,landmark_9_x,landmark_9_y,landmark_9_z,landmark_10_x,landmark_10_y,landmark_10_z,landmark_11_x,landmark_11_y,landmark_11_z,landmark_12_x,landmark_12_y,landmark_12_z,landmark_13_x,landmark_13_y,landmark_13_z,landmark_14_x,landmark_14_y,landmark_14_z,landmark_15_x,landmark_15_y,landmark_15_z,landmark_16_x,landmark_16_y,landmark_16_z,landmark_17_x,landmark_17_y,landmark_17_z,landmark_18_x,landmark_18_y,landmark_18_z,landmark_19_x,landmark_19_y,landmark_19_z,landmark_20_x,landmark_20_y,landmark_20_z,class
0.11247246712446213,0.6584418416023254,-6.917815653650905e-08,0.1390533149242401,0.6345732808113098,-0.008234856650233269,0.15905427932739258,0.599869966506958,-0.009833641350269318,0.15562273561954498,0.5714543461799622,-0.011641458608210087,0.13697874546051025,0.5720700025558472,-0.011711078695952892,0.12855428457260132,0.573045551776886,0.00540355546399951,0.13501161336898804,0.5568082928657532,-0.005576574709266424,0.1360396146774292,0.5820236206054688,-0.01270351093262434,0.13355585932731628,0.5911848545074463,-0.01584329456090927,0.11326948553323746,0.5737236738204956,0.005385475233197212,0.11754320561885834,0.5630635023117065,-0.006750862579792738,0.12044785171747208,0.5906770825386047,-0.011371148750185966,0.1188642829656601,0.5978394746780396,-0.01098286546766758,0.09936805814504623,0.5788042545318604,0.0028641200624406338,0.10158537328243256,0.569099485874176,-0.008428567089140415,0.10689681023359299,0.5934104919433594,-0.00639763381332159,0.10735207796096802,0.6002155542373657,-0.0014606810873374343,0.08530360460281372,0.5871985554695129,-0.0005251498660072684,0.0891362726688385,0.5765112638473511,-0.0047363825142383575,0.09349259734153748,0.5933026075363159,-0.00016614967898931354,0.09448720514774323,0.6005005836486816,0.005246088374406099,medium
