landmark_0_x,landmark_0_y,landmark_0_z,landmark_1_x,landmark_1_y,landmark_1_z,landmark_2_x,landmark_2_y,landmark_2_z,landmark_3_x,landmark_3_y,landmark_3_z,landmark_4_x,landmark_4_y,landmark_4_z,landmark_5_x,landmark_5_y,landmark_5_z,landmark_6_x,landmark_6_y,landmark_6_z,landmark_7_x,landmark_7_y,landmark_7_z,landmark_8_x,landmark_8_y,landmark_8_z,landmark_9_x,landmark_9_y,landmark_9_z,landmark_10_x,landmark_10_y,landmark_10_z,landmark_11_x,landmark_11_y,landmark_11_z,landmark_12_x,landmark_12_y,landmark_12_z,landmark_13_x,landmark_13_y,landmark_13_z,landmark_14_x,landmark_14_y,landmark_14_z,landmark_15_x,landmark_15_y,landmark_15_z,landmark_16_x,landmark_16_y,landmark_16_z,landmark_17_x,landmark_17_y,landmark_17_z,landmark_18_x,landmark_18_y,landmark_18_z,landmark_19_x,landmark_19_y,landmark_19_z,landmark_20_x,landmark_20_y,landmark_20_z,class
0.2553003430366516,0.7455959320068359,-2.7572721705837466e-07,0.33469173312187195,0.7068897485733032,-0.022844605147838593,0.41070225834846497,0.633762776851654,-0.030219165608286858,0.4240128695964813,0.5443831086158752,-0.03807379677891731,0.3666636347770691,0.5314043760299683,-0.04122723639011383,0.3556109368801117,0.5258559584617615,0.00801845546811819,0.3908742070198059,0.47533559799194336,-0.01760358177125454,0.378525048494339,0.5409087538719177,-0.034329552203416824,0.3638192117214203,0.5634946823120117,-0.043156079947948456,0.31624695658683777,0.5176569223403931,0.006125313695520163,0.34859922528266907,0.4685671627521515,-0.024423273280262947,0.3386482000350952,0.5468975901603699,-0.03597700595855713,0.3239660859107971,0.5667072534561157,-0.0356716550886631,0.2760987877845764,0.5194839239120483,-0.0012384511064738035,0.301187664270401,0.4760485887527466,-0.03020820952951908,0.30105945467948914,0.5459824204444885,-0.0248317439109087,0.2889065444469452,0.5664200186729431,-0.012626471929252148,0.2313513457775116,0.5272059440612793,-0.010931632481515408,0.25859105587005615,0.48117420077323914,-0.02240127883851528,0.2668188214302063,0.5283023118972778,-0.009306889027357101,0.260946661233902,0.5554590821266174,0.00482151610776782,medium
