landmark_0_x,landmark_0_y,landmark_0_z,landmark_1_x,landmark_1_y,landmark_1_z,landmark_2_x,landmark_2_y,landmark_2_z,landmark_3_x,landmark_3_y,landmark_3_z,landmark_4_x,landmark_4_y,landmark_4_z,landmark_5_x,landmark_5_y,landmark_5_z,landmark_6_x,landmark_6_y,landmark_6_z,landmark_7_x,landmark_7_y,landmark_7_z,landmark_8_x,landmark_8_y,landmark_8_z,landmark_9_x,landmark_9_y,landmark_9_z,landmark_10_x,landmark_10_y,landmark_10_z,landmark_11_x,landmark_11_y,landmark_11_z,landmark_12_x,landmark_12_y,landmark_12_z,landmark_13_x,landmark_13_y,landmark_13_z,landmark_14_x,landmark_14_y,landmark_14_z,landmark_15_x,landmark_15_y,landmark_15_z,landmark_16_x,landmark_16_y,landmark_16_z,landmark_17_x,landmark_17_y,landmark_17_z,landmark_18_x,landmark_18_y,landmark_18_z,landmark_19_x,landmark_19_y,landmark_19_z,landmark_20_x,landmark_20_y,landmark_20_z,class
0.14868733286857605,0.6457262635231018,-2.2553217604581732e-07,0.2192462533712387,0.5986853241920471,-0.019515948370099068,0.28287073969841003,0.5364875197410583,-0.02728841081261635,0.2850855588912964,0.45840752124786377,-0.03610900789499283,0.23292385041713715,0.447314590215683,-0.04110748693346977,0.23772966861724854,0.4368130564689636,0.007316187955439091,0.25945255160331726,0.3843761682510376,-0.017386235296726227,0.24702025949954987,0.4427899122238159,-0.0338934063911438,0.23856009542942047,0.4724676311016083,-0.04217070713639259,0.1996733397245407,0.42793595790863037,0.004278385080397129,0.21650920808315277,0.38058748841285706,-0.02343621850013733,0.20783226191997528,0.45174169540405273,-0.03410375490784645,0.2025800496339798,0.4798784554004669,-0.0337858684360981,0.1612083911895752,0.42923396825790405,-0.0037073371931910515,0.1717790961265564,0.3904244899749756,-0.03132640942931175,0.17204582691192627,0.4567127525806427,-0.0272604338824749,0.16956664621829987,0.48516130447387695,-0.015956610441207886,0.11821175366640091,0.43850263953208923,-0.013611641712486744,0.13423897325992584,0.3977166414260864,-0.025710612535476685,0.14087048172950745,0.44445160031318665,-0.014086581766605377,0.14002791047096252,0.47447577118873596,-0.0006388907204382122,medium
