landmark_0_x,landmark_0_y,landmark_0_z,landmark_1_x,landmark_1_y,landmark_1_z,landmark_2_x,landmark_2_y,landmark_2_z,landmark_3_x,landmark_3_y,landmark_3_z,landmark_4_x,landmark_4_y,landmark_4_z,landmark_5_x,landmark_5_y,landmark_5_z,landmark_6_x,landmark_6_y,landmark_6_z,landmark_7_x,landmark_7_y,landmark_7_z,landmark_8_x,landmark_8_y,landmark_8_z,landmark_9_x,landmark_9_y,landmark_9_z,landmark_10_x,landmark_10_y,landmark_10_z,landmark_11_x,landmark_11_y,landmark_11_z,landmark_12_x,landmark_12_y,landmark_12_z,landmark_13_x,landmark_13_y,landmark_13_z,landmark_14_x,landmark_14_y,landmark_14_z,landmark_15_x,landmark_15_y,landmark_15_z,landmark_16_x,landmark_16_y,landmark_16_z,landmark_17_x,landmark_17_y,landmark_17_z,landmark_18_x,landmark_18_y,landmark_18_z,landmark_19_x,landmark_19_y,landmark_19_z,landmark_20_x,landmark_20_y,landmark_20_z,class
0.08532524853944778,0.6282645463943481,-8.849941934840899e-08,0.12813332676887512,0.602787435054779,-0.023000866174697876,0.16500751674175262,0.5562592148780823,-0.029191164299845695,0.15139473974704742,0.5082887411117554,-0.03313044458627701,0.11414337903261185,0.5075535774230957,-0.03248223662376404,0.14708147943019867,0.5080670714378357,-0.00032708366052247584,0.1444302201271057,0.47982099652290344,-0.02084379829466343,0.13359373807907104,0.5150293111801147,-0.0323963388800621,0.1342158019542694,0.5267896056175232,-0.03761626407504082,0.11975128203630447,0.501015841960907,0.003232871415093541,0.11318861693143845,0.47370943427085876,-0.02019408345222473,0.10893085598945618,0.5193884372711182,-0.025407075881958008,0.11706610769033432,0.5282256007194519,-0.022278422489762306,0.09348023682832718,0.5005996227264404,0.0016255836235359311,0.08188357949256897,0.47963935136795044,-0.021665707230567932,0.08339764177799225,0.5222340822219849,-0.018108049407601357,0.09299023449420929,0.5306647419929504,-0.00855858251452446,0.06672642379999161,0.5045153498649597,-0.0022645925637334585,0.06204492226243019,0.4889270067214966,-0.012062386609613895,0.06380290538072586,0.5149253010749817,-0.006219190079718828,0.06860040128231049,0.5239254832267761,0.0016919493209570646,medium
