landmark_0_x,landmark_0_y,landmark_0_z,landmark_1_x,landmark_1_y,landmark_1_z,landmark_2_x,landmark_2_y,landmark_2_z,landmark_3_x,landmark_3_y,landmark_3_z,landmark_4_x,landmark_4_y,landmark_4_z,landmark_5_x,landmark_5_y,landmark_5_z,landmark_6_x,landmark_6_y,landmark_6_z,landmark_7_x,landmark_7_y,landmark_7_z,landmark_8_x,landmark_8_y,landmark_8_z,landmark_9_x,landmark_9_y,landmark_9_z,landmark_10_x,landmark_10_y,landmark_10_z,landmark_11_x,landmark_11_y,landmark_11_z,landmark_12_x,landmark_12_y,landmark_12_z,landmark_13_x,landmark_13_y,landmark_13_z,landmark_14_x,landmark_14_y,landmark_14_z,landmark_15_x,landmark_15_y,landmark_15_z,landmark_16_x,landmark_16_y,landmark_16_z,landmark_17_x,landmark_17_y,landmark_17_z,landmark_18_x,landmark_18_y,landmark_18_z,landmark_19_x,landmark_19_y,landmark_19_z,landmark_20_x,landmark_20_y,landmark_20_z,class
0.11246780306100845,0.6394824981689453,-1.1864580784504142e-07,0.14459732174873352,0.6162791848182678,-0.017469558864831924,0.17532789707183838,0.5772215127944946,-0.024651851505041122,0.16709217429161072,0.5399750471115112,-0.030569465830922127,0.13880032300949097,0.5311134457588196,-0.03339504450559616,0.15596787631511688,0.5237995982170105,-0.0036875184159725904,0.16078004240989685,0.5044503211975098,-0.0200175940990448,0.15450039505958557,0.5381854176521301,-0.028854619711637497,0.15439653396606445,0.5438783168792725,-0.03353147953748703,0.131275936961174,0.520731508731842,-0.0027096534613519907,0.13598932325839996,0.5029435753822327,-0.019894396886229515,0.13311420381069183,0.5434092879295349,-0.023224810138344765,0.13318251073360443,0.5477805137634277,-0.021599579602479935,0.10821013152599335,0.5253344774246216,-0.0053951917216181755,0.1095445305109024,0.5096348524093628,-0.02233225107192993,0.11114784330129623,0.5471976399421692,-0.016409534960985184,0.11143313348293304,0.5528892874717712,-0.008488569408655167,0.08461754024028778,0.5349736213684082,-0.009796402417123318,0.08931362628936768,0.5212947130203247,-0.01724623702466488,0.09294434636831284,0.546764612197876,-0.00980723649263382,0.09356997907161713,0.5542640686035156,-0.0021251996513456106,medium
