landmark_0_x,landmark_0_y,landmark_0_z,landmark_1_x,landmark_1_y,landmark_1_z,landmark_2_x,landmark_2_y,landmark_2_z,landmark_3_x,landmark_3_y,landmark_3_z,landmark_4_x,landmark_4_y,landmark_4_z,landmark_5_x,landmark_5_y,landmark_5_z,landmark_6_x,landmark_6_y,landmark_6_z,landmark_7_x,landmark_7_y,landmark_7_z,landmark_8_x,landmark_8_y,landmark_8_z,landmark_9_x,landmark_9_y,landmark_9_z,landmark_10_x,landmark_10_y,landmark_10_z,landmark_11_x,landmark_11_y,landmark_11_z,landmark_12_x,landmark_12_y,landmark_12_z,landmark_13_x,landmark_13_y,landmark_13_z,landmark_14_x,landmark_14_y,landmark_14_z,landmark_15_x,landmark_15_y,landmark_15_z,landmark_16_x,landmark_16_y,landmark_16_z,landmark_17_x,landmark_17_y,landmark_17_z,landmark_18_x,landmark_18_y,landmark_18_z,landmark_19_x,landmark_19_y,landmark_19_z,landmark_20_x,landmark_20_y,landmark_20_z,class
0.34949877858161926,0.6335103511810303,-3.092729627951485e-07,0.4266620874404907,0.6051279902458191,-0.02409861981868744,0.4982498586177826,0.5305118560791016,-0.030025552958250046,0.5134722590446472,0.4443463087081909,-0.035828784108161926,0.4656314551830292,0.4164477288722992,-0.03788731247186661,0.44624242186546326,0.412792831659317,0.0036858716048300266,0.47433480620384216,0.3673059940338135,-0.020387165248394012,0.4697854220867157,0.4310363829135895,-0.034681208431720734,0.4589366018772125,0.4598482847213745,-0.040741123259067535,0.40645280480384827,0.4038708209991455,0.004156430717557669,0.4288015365600586,0.3641957640647888,-0.021904155611991882,0.42354896664619446,0.44527286291122437,-0.02960989810526371,0.41141724586486816,0.4731079936027527,-0.02776222862303257,0.3660087585449219,0.40585091710090637,-0.0008974327356554568,0.38586488366127014,0.36693787574768066,-0.02996709756553173,0.386261522769928,0.4425255060195923,-0.023250380530953407,0.37528008222579956,0.4735619127750397,-0.010143354535102844,0.3199613392353058,0.41466090083122253,-0.007974139414727688,0.34329187870025635,0.3695046305656433,-0.023346111178398132,0.3506963551044464,0.4209775924682617,-0.011546975001692772,0.34486037492752075,0.4518200159072876,0.0025197481736540794,medium
