landmark_0_x,landmark_0_y,landmark_0_z,landmark_1_x,landmark_1_y,landmark_1_z,landmark_2_x,landmark_2_y,landmark_2_z,landmark_3_x,landmark_3_y,landmark_3_z,landmark_4_x,landmark_4_y,landmark_4_z,landmark_5_x,landmark_5_y,landmark_5_z,landmark_6_x,landmark_6_y,landmark_6_z,landmark_7_x,landmark_7_y,landmark_7_z,landmark_8_x,landmark_8_y,landmark_8_z,landmark_9_x,landmark_9_y,landmark_9_z,landmark_10_x,landmark_10_y,landmark_10_z,landmark_11_x,landmark_11_y,landmark_11_z,landmark_12_x,landmark_12_y,landmark_12_z,landmark_13_x,landmark_13_y,landmark_13_z,landmark_14_x,landmark_14_y,landmark_14_z,landmark_15_x,landmark_15_y,landmark_15_z,landmark_16_x,landmark_16_y,landmark_16_z,landmark_17_x,landmark_17_y,landmark_17_z,landmark_18_x,landmark_18_y,landmark_18_z,landmark_19_x,landmark_19_y,landmark_19_z,landmark_20_x,landmark_20_y,landmark_20_z,class
0.3995038866996765,0.6446724534034729,-2.64734069332917e-07,0.45324939489364624,0.623496413230896,-0.021531520411372185,0.5081846714019775,0.5661453008651733,-0.02787143550813198,0.5148934125900269,0.5010916590690613,-0.03268629312515259,0.4786476492881775,0.48260587453842163,-0.032887157052755356,0.4715462625026703,0.48655518889427185,-0.0023763608187437057,0.4892765283584595,0.44631385803222656,-0.021697858348488808,0.47875353693962097,0.5036073327064514,-0.02903861366212368,0.4698362648487091,0.5173651576042175,-0.03155102580785751,0.44162699580192566,0.47932595014572144,-0.0009499930893070996,0.4575209319591522,0.4458978474140167,-0.02215499058365822,0.44999992847442627,0.5138330459594727,-0.023797843605279922,0.4420694410800934,0.5186600685119629,-0.019020039588212967,0.41082698106765747,0.4802904725074768,-0.003972885198891163,0.4227744936943054,0.4499732255935669,-0.02876032143831253,0.4211813807487488,0.5156196355819702,-0.018668606877326965,0.41478031873703003,0.5255461931228638,-0.005078679416328669,0.3752751350402832,0.48501062393188477,-0.008600784465670586,0.38967275619506836,0.4596753716468811,-0.02077128365635872,0.39394837617874146,0.5061612129211426,-0.008788976818323135,0.3899715840816498,0.5210861563682556,0.0039729587733745575,medium
