landmark_0_x,landmark_0_y,landmark_0_z,landmark_1_x,landmark_1_y,landmark_1_z,landmark_2_x,landmark_2_y,landmark_2_z,landmark_3_x,landmark_3_y,landmark_3_z,landmark_4_x,landmark_4_y,landmark_4_z,landmark_5_x,landmark_5_y,landmark_5_z,landmark_6_x,landmark_6_y,landmark_6_z,landmark_7_x,landmark_7_y,landmark_7_z,landmark_8_x,landmark_8_y,landmark_8_z,landmark_9_x,landmark_9_y,landmark_9_z,landmark_10_x,landmark_10_y,landmark_10_z,landmark_11_x,landmark_11_y,landmark_11_z,landmark_12_x,landmark_12_y,landmark_12_z,landmark_13_x,landmark_13_y,landmark_13_z,landmark_14_x,landmark_14_y,landmark_14_z,landmark_15_x,landmark_15_y,landmark_15_z,landmark_16_x,landmark_16_y,landmark_16_z,landmark_17_x,landmark_17_y,landmark_17_z,landmark_18_x,landmark_18_y,landmark_18_z,landmark_19_x,landmark_19_y,landmark_19_z,landmark_20_x,landmark_20_y,landmark_20_z,class
0.18376657366752625,0.7289497256278992,-2.883160448163835e-07,0.255747526884079,0.6851215362548828,-0.023755531758069992,0.3243458569049835,0.6144639253616333,-0.03246564418077469,0.3311213254928589,0.5350265502929688,-0.040901824831962585,0.2773488163948059,0.5152857303619385,-0.04386923462152481,0.27473288774490356,0.5132423043251038,0.0034311057534068823,0.3060758411884308,0.46567612886428833,-0.02504122070968151,0.28929540514945984,0.5331979393959045,-0.04025592654943466,0.27435100078582764,0.5540321469306946,-0.04704418033361435,0.23606029152870178,0.5040103197097778,0.0018858303083106875,0.2630240023136139,0.45854008197784424,-0.031364452093839645,0.2486402839422226,0.5413852334022522,-0.04002811759710312,0.23668308556079865,0.5584383606910706,-0.03663214296102524,0.19587433338165283,0.5041874051094055,-0.005426759831607342,0.2125130295753479,0.4675882160663605,-0.03824405372142792,0.20809385180473328,0.5435813665390015,-0.030476270243525505,0.19979839026927948,0.5597155094146729,-0.015413316898047924,0.15023580193519592,0.5098237991333008,-0.014777817763388157,0.16773773729801178,0.47386136651039124,-0.028182124719023705,0.17335912585258484,0.5256858468055725,-0.014075985178351402,0.171131893992424,0.5469582676887512,0.001536760595627129,medium
