landmark_0_x,landmark_0_y,landmark_0_z,landmark_1_x,landmark_1_y,landmark_1_z,landmark_2_x,landmark_2_y,landmark_2_z,landmark_3_x,landmark_3_y,landmark_3_z,landmark_4_x,landmark_4_y,landmark_4_z,landmark_5_x,landmark_5_y,landmark_5_z,landmark_6_x,landmark_6_y,landmark_6_z,landmark_7_x,landmark_7_y,landmark_7_z,landmark_8_x,landmark_8_y,landmark_8_z,landmark_9_x,landmark_9_y,landmark_9_z,landmark_10_x,landmark_10_y,landmark_10_z,landmark_11_x,landmark_11_y,landmark_11_z,landmark_12_x,landmark_12_y,landmark_12_z,landmark_13_x,landmark_13_y,landmark_13_z,landmark_14_x,landmark_14_y,landmark_14_z,landmark_15_x,landmark_15_y,landmark_15_z,landmark_16_x,landmark_16_y,landmark_16_z,landmark_17_x,landmark_17_y,landmark_17_z,landmark_18_x,landmark_18_y,landmark_18_z,landmark_19_x,landmark_19_y,landmark_19_z,landmark_20_x,landmark_20_y,landmark_20_z,class
0.10656756162643433,0.6576206684112549,-9.901620501295838e-08,0.1307464987039566,0.6354905366897583,-0.009624370373785496,0.15457257628440857,0.6034796237945557,-0.012570157647132874,0.15266680717468262,0.5716774463653564,-0.014750722795724869,0.13167202472686768,0.568024754524231,-0.014789426699280739,0.13497225940227509,0.5737332701683044,-0.00010322914022253826,0.13671498000621796,0.5558551549911499,-0.010401151143014431,0.13503190875053406,0.5819366574287415,-0.016019834205508232,0.13450704514980316,0.5896210670471191,-0.018641097471117973,0.11798185855150223,0.5719881057739258,0.0003965008072555065,0.11771368235349655,0.5569088459014893,-0.010003924369812012,0.11863631010055542,0.5872323513031006,-0.011911553330719471,0.11847579479217529,0.5921086072921753,-0.01068600732833147,0.10162670165300369,0.5745450854301453,-0.0012724733678624034,0.09959854185581207,0.5612171292304993,-0.012053162790834904,0.102837935090065,0.5895054936408997,-0.0078141363337636,0.10322796553373337,0.5948314070701599,-0.002268377924337983,0.08387947082519531,0.5802209973335266,-0.00378016522154212,0.08429300040006638,0.5689879655838013,-0.008050995878875256,0.08808869868516922,0.5878908634185791,-0.0024096579290926456,0.08878631889820099,0.593772828578949,0.0032575682271271944,medium
