landmark_0_x,landmark_0_y,landmark_0_z,landmark_1_x,landmark_1_y,landmark_1_z,landmark_2_x,landmark_2_y,landmark_2_z,landmark_3_x,landmark_3_y,landmark_3_z,landmark_4_x,landmark_4_y,landmark_4_z,landmark_5_x,landmark_5_y,landmark_5_z,landmark_6_x,landmark_6_y,landmark_6_z,landmark_7_x,landmark_7_y,landmark_7_z,landmark_8_x,landmark_8_y,landmark_8_z,landmark_9_x,landmark_9_y,landmark_9_z,landmark_10_x,landmark_10_y,landmark_10_z,landmark_11_x,landmark_11_y,landmark_11_z,landmark_12_x,landmark_12_y,landmark_12_z,landmark_13_x,landmark_13_y,landmark_13_z,landmark_14_x,landmark_14_y,landmark_14_z,landmark_15_x,landmark_15_y,landmark_15_z,landmark_16_x,landmark_16_y,landmark_16_z,landmark_17_x,landmark_17_y,landmark_17_z,landmark_18_x,landmark_18_y,landmark_18_z,landmark_19_x,landmark_19_y,landmark_19_z,landmark_20_x,landmark_20_y,landmark_20_z,class
0.39555954933166504,0.6466357111930847,-2.710561659569066e-07,0.4504837691783905,0.622956395149231,-0.02598869614303112,0.5085874795913696,0.5668578147888184,-0.035633254796266556,0.5169092416763306,0.5004885196685791,-0.04292747750878334,0.48051923513412476,0.47053417563438416,-0.04474932327866554,0.47136253118515015,0.4779013991355896,-0.0076765138655900955,0.48881176114082336,0.43761181831359863,-0.03079698234796524,0.4787063002586365,0.5004290342330933,-0.039107877761125565,0.4691637456417084,0.5123903155326843,-0.04158800095319748,0.4390602111816406,0.4702651798725128,-0.004783018957823515,0.45469385385513306,0.43663087487220764,-0.029294054955244064,0.44891226291656494,0.5107206106185913,-0.03107348270714283,0.4417596161365509,0.5112882256507874,-0.02610068768262863,0.405703604221344,0.4713169038295746,-0.0068426174111664295,0.416385680437088,0.4405044913291931,-0.034399643540382385,0.41641494631767273,0.5109100937843323,-0.022628314793109894,0.41111597418785095,0.5163893699645996,-0.0077836774289608,0.3671642243862152,0.47590136528015137,-0.010806873440742493,0.3810923099517822,0.4518991708755493,-0.02443629875779152,0.38556790351867676,0.5006788969039917,-0.011498745530843735,0.3810414671897888,0.5125635266304016,0.002220964292064309,medium
