landmark_0_x,landmark_0_y,landmark_0_z,landmark_1_x,landmark_1_y,landmark_1_z,landmark_2_x,landmark_2_y,landmark_2_z,landmark_3_x,landmark_3_y,landmark_3_z,landmark_4_x,landmark_4_y,landmark_4_z,landmark_5_x,landmark_5_y,landmark_5_z,landmark_6_x,landmark_6_y,landmark_6_z,landmark_7_x,landmark_7_y,landmark_7_z,landmark_8_x,landmark_8_y,landmark_8_z,landmark_9_x,landmark_9_y,landmark_9_z,landmark_10_x,landmark_10_y,landmark_10_z,landmark_11_x,landmark_11_y,landmark_11_z,landmark_12_x,landmark_12_y,landmark_12_z,landmark_13_x,landmark_13_y,landmark_13_z,landmark_14_x,landmark_14_y,landmark_14_z,landmark_15_x,landmark_15_y,landmark_15_z,landmark_16_x,landmark_16_y,landmark_16_z,landmark_17_x,landmark_17_y,landmark_17_z,landmark_18_x,landmark_18_y,landmark_18_z,landmark_19_x,landmark_19_y,landmark_19_z,landmark_20_x,landmark_20_y,landmark_20_z,class
0.40646886825561523,0.6513274908065796,-2.757460322300176e-07,0.47694453597068787,0.6239835023880005,-0.0316040962934494,0.5506284236907959,0.5561248660087585,-0.043769825249910355,0.5626223683357239,0.4738442599773407,-0.05327853187918663,0.5141780376434326,0.44858938455581665,-0.05707675963640213,0.4956887662410736,0.44303587079048157,-0.009475581347942352,0.5260863304138184,0.4027256667613983,-0.03713185712695122,0.5138978362083435,0.47641488909721375,-0.048255689442157745,0.4998660385608673,0.4925578534603119,-0.05262771621346474,0.45472806692123413,0.43444523215293884,-0.0072084590792655945,0.4873676896095276,0.3949887752532959,-0.04065757617354393,0.4765736758708954,0.4847508668899536,-0.04613111913204193,0.4603078067302704,0.4958622455596924,-0.040952425450086594,0.4126252233982086,0.43596211075782776,-0.010522917844355106,0.4396977722644806,0.40347930788993835,-0.04640118032693863,0.4369989335536957,0.4872329831123352,-0.035475146025419235,0.4225088953971863,0.5001310110092163,-0.018443407490849495,0.365418016910553,0.4441000521183014,-0.01599016971886158,0.3963354527950287,0.41506651043891907,-0.03403368592262268,0.40047669410705566,0.4731675684452057,-0.019745757803320885,0.388986736536026,0.49029988050460815,-0.0037225934211164713,medium
