landmark_0_x,landmark_0_y,landmark_0_z,landmark_1_x,landmark_1_y,landmark_1_z,landmark_2_x,landmark_2_y,landmark_2_z,landmark_3_x,landmark_3_y,landmark_3_z,landmark_4_x,landmark_4_y,landmark_4_z,landmark_5_x,landmark_5_y,landmark_5_z,landmark_6_x,landmark_6_y,landmark_6_z,landmark_7_x,landmark_7_y,landmark_7_z,landmark_8_x,landmark_8_y,landmark_8_z,landmark_9_x,landmark_9_y,landmark_9_z,landmark_10_x,landmark_10_y,landmark_10_z,landmark_11_x,landmark_11_y,landmark_11_z,landmark_12_x,landmark_12_y,landmark_12_z,landmark_13_x,landmark_13_y,landmark_13_z,landmark_14_x,landmark_14_y,landmark_14_z,landmark_15_x,landmark_15_y,landmark_15_z,landmark_16_x,landmark_16_y,landmark_16_z,landmark_17_x,landmark_17_y,landmark_17_z,landmark_18_x,landmark_18_y,landmark_18_z,landmark_19_x,landmark_19_y,landmark_19_z,landmark_20_x,landmark_20_y,landmark_20_z,class
0.10942811518907547,0.647549569606781,-8.978399534953496e-08,0.13475924730300903,0.6227564811706543,-0.009347911924123764,0.1560160517692566,0.5899680852890015,-0.01243207510560751,0.14995358884334564,0.5613405108451843,-0.015430640429258347,0.1291012018918991,0.5617491602897644,-0.016126280650496483,0.1385560929775238,0.5596176981925964,0.0023895096965134144,0.13959041237831116,0.5460419654846191,-0.008975238539278507,0.136090949177742,0.5721932053565979,-0.015298125334084034,0.13684959709644318,0.5778047442436218,-0.01865311525762081,0.12052831053733826,0.5575041770935059,0.001518941018730402,0.12055513262748718,0.5467595458030701,-0.01046338863670826,0.11944075673818588,0.5764415860176086,-0.012807217426598072,0.12138774991035461,0.5783427357673645,-0.011564159765839577,0.10379502922296524,0.5613679885864258,-0.0020145217422395945,0.10207220911979675,0.5541400909423828,-0.01392405666410923,0.10394144803285599,0.5799404978752136,-0.010343779809772968,0.10656002163887024,0.5807125568389893,-0.005102556198835373,0.0872666984796524,0.5687423348426819,-0.006628162227571011,0.08757991343736649,0.5640648603439331,-0.011271176859736443,0.08996191620826721,0.5811575055122375,-0.006384640000760555,0.09142449498176575,0.5834559202194214,-0.0013625116553157568,medium
