landmark_0_x,landmark_0_y,landmark_0_z,landmark_1_x,landmark_1_y,landmark_1_z,landmark_2_x,landmark_2_y,landmark_2_z,landmark_3_x,landmark_3_y,landmark_3_z,landmark_4_x,landmark_4_y,landmark_4_z,landmark_5_x,landmark_5_y,landmark_5_z,landmark_6_x,landmark_6_y,landmark_6_z,landmark_7_x,landmark_7_y,landmark_7_z,landmark_8_x,landmark_8_y,landmark_8_z,landmark_9_x,landmark_9_y,landmark_9_z,landmark_10_x,landmark_10_y,landmark_10_z,landmark_11_x,landmark_11_y,landmark_11_z,landmark_12_x,landmark_12_y,landmark_12_z,landmark_13_x,landmark_13_y,landmark_13_z,landmark_14_x,landmark_14_y,landmark_14_z,landmark_15_x,landmark_15_y,landmark_15_z,landmark_16_x,landmark_16_y,landmark_16_z,landmark_17_x,landmark_17_y,landmark_17_z,landmark_18_x,landmark_18_y,landmark_18_z,landmark_19_x,landmark_19_y,landmark_19_z,landmark_20_x,landmark_20_y,landmark_20_z,class
0.28967663645744324,0.5275313258171082,-1.6505099154073832e-07,0.3353455662727356,0.5059788823127747,-0.012841335497796535,0.3763994872570038,0.4629378318786621,-0.016767816618084908,0.37834683060646057,0.4106810986995697,-0.02084428444504738,0.34689632058143616,0.4023917317390442,-0.02214578539133072,0.34695684909820557,0.40335342288017273,0.0035374825820326805,0.36112380027770996,0.3718644082546234,-0.011907270178198814,0.3564490079879761,0.4128471612930298,-0.021099943667650223,0.35091426968574524,0.42909252643585205,-0.025642722845077515,0.32442033290863037,0.39777621626853943,0.002420626115053892,0.33390799164772034,0.36994826793670654,-0.013567781075835228,0.33132830262184143,0.41460978984832764,-0.018340477719902992,0.32684528827667236,0.4246256947517395,-0.01793484576046467,0.300286203622818,0.39873605966567993,-0.002037155907601118,0.30699053406715393,0.3726796805858612,-0.0188139658421278,0.3091246783733368,0.4152534306049347,-0.014161592349410057,0.306149959564209,0.4272891581058502,-0.006849121768027544,0.2723556458950043,0.4032234251499176,-0.007684098556637764,0.28170865774154663,0.3787042200565338,-0.015295508317649364,0.286399245262146,0.4093083143234253,-0.007418267894536257,0.284633070230484,0.42471542954444885,0.0007243739673867822,medium
