landmark_0_x,landmark_0_y,landmark_0_z,landmark_1_x,landmark_1_y,landmark_1_z,landmark_2_x,landmark_2_y,landmark_2_z,landmark_3_x,landmark_3_y,landmark_3_z,landmark_4_x,landmark_4_y,landmark_4_z,landmark_5_x,landmark_5_y,landmark_5_z,landmark_6_x,landmark_6_y,landmark_6_z,landmark_7_x,landmark_7_y,landmark_7_z,landmark_8_x,landmark_8_y,landmark_8_z,landmark_9_x,landmark_9_y,landmark_9_z,landmark_10_x,landmark_10_y,landmark_10_z,landmark_11_x,landmark_11_y,landmark_11_z,landmark_12_x,landmark_12_y,landmark_12_z,landmark_13_x,landmark_13_y,landmark_13_z,landmark_14_x,landmark_14_y,landmark_14_z,landmark_15_x,landmark_15_y,landmark_15_z,landmark_16_x,landmark_16_y,landmark_16_z,landmark_17_x,landmark_17_y,landmark_17_z,landmark_18_x,landmark_18_y,landmark_18_z,landmark_19_x,landmark_19_y,landmark_19_z,landmark_20_x,landmark_20_y,landmark_20_z,class
0.2764293849468231,0.7276147603988647,-8.684998675789757e-08,0.31914299726486206,0.6943498849868774,-0.011363514699041843,0.3546030819416046,0.6490220427513123,-0.015079328790307045,0.35307547450065613,0.6018269062042236,-0.019861049950122833,0.3224535882472992,0.5994184613227844,-0.02224082313477993,0.3157619535923004,0.5924829244613647,0.011766142211854458,0.3345281779766083,0.5708321928977966,-0.0011848564026877284,0.33114638924598694,0.6024535298347473,-0.012554091401398182,0.32475075125694275,0.616478443145752,-0.019192421808838844,0.2958662509918213,0.5895912647247314,0.010528730228543282,0.31160449981689453,0.5713871717453003,-0.004168292507529259,0.30758845806121826,0.6038828492164612,-0.013399357907474041,0.30167001485824585,0.614123523235321,-0.016108421608805656,0.2755551040172577,0.592373251914978,0.00589287094771862,0.2900829613208771,0.5755349397659302,-0.006611619610339403,0.28905296325683594,0.6023256778717041,-0.007047862280160189,0.28431156277656555,0.6111661195755005,-0.003810115158557892,0.252806156873703,0.5996213555335999,-0.0003264780098106712,0.27072232961654663,0.5851155519485474,-0.004238209221512079,0.2719593346118927,0.6035946607589722,0.0007808347581885755,0.26730063557624817,0.6139624118804932,0.006285676266998053,medium
