landmark_0_x,landmark_0_y,landmark_0_z,landmark_1_x,landmark_1_y,landmark_1_z,landmark_2_x,landmark_2_y,landmark_2_z,landmark_3_x,landmark_3_y,landmark_3_z,landmark_4_x,landmark_4_y,landmark_4_z,landmark_5_x,landmark_5_y,landmark_5_z,landmark_6_x,landmark_6_y,landmark_6_z,landmark_7_x,landmark_7_y,landmark_7_z,landmark_8_x,landmark_8_y,landmark_8_z,landmark_9_x,landmark_9_y,landmark_9_z,landmark_10_x,landmark_10_y,landmark_10_z,landmark_11_x,landmark_11_y,landmark_11_z,landmark_12_x,landmark_12_y,landmark_12_z,landmark_13_x,landmark_13_y,landmark_13_z,landmark_14_x,landmark_14_y,landmark_14_z,landmark_15_x,landmark_15_y,landmark_15_z,landmark_16_x,landmark_16_y,landmark_16_z,landmark_17_x,landmark_17_y,landmark_17_z,landmark_18_x,landmark_18_y,landmark_18_z,landmark_19_x,landmark_19_y,landmark_19_z,landmark_20_x,landmark_20_y,landmark_20_z,class
0.2538067400455475,0.6377885341644287,-5.0412420904422106e-08,0.29686665534973145,0.6153097152709961,-0.012639659456908703,0.3367825746536255,0.5760002136230469,-0.01679878495633602,0.3383989930152893,0.5243850350379944,-0.02066342532634735,0.3039998412132263,0.5147889256477356,-0.022766247391700745,0.30786338448524475,0.5175448060035706,0.0017969764303416014,0.3190125823020935,0.48490649461746216,-0.009363078512251377,0.3179037570953369,0.5163815021514893,-0.018139580264687538,0.3138173818588257,0.5359601378440857,-0.022928927093744278,0.2857399880886078,0.5118733644485474,0.0017407424747943878,0.2920144498348236,0.47995975613594055,-0.011285712011158466,0.2941559851169586,0.5164984464645386,-0.018938619643449783,0.29161134362220764,0.5357270836830139,-0.020876746624708176,0.2626974880695343,0.5120293498039246,-0.0005379534559324384,0.2654258608818054,0.48008042573928833,-0.013395369052886963,0.273404598236084,0.5149358510971069,-0.013254017569124699,0.2741357684135437,0.5354785323143005,-0.009515288285911083,0.2358032464981079,0.5176077485084534,-0.003946756944060326,0.24340960383415222,0.4871007800102234,-0.011483017355203629,0.25227978825569153,0.5137290954589844,-0.00705133518204093,0.25358060002326965,0.5368053913116455,-0.0011945756850764155,medium
