landmark_0_x,landmark_0_y,landmark_0_z,landmark_1_x,landmark_1_y,landmark_1_z,landmark_2_x,landmark_2_y,landmark_2_z,landmark_3_x,landmark_3_y,landmark_3_z,landmark_4_x,landmark_4_y,landmark_4_z,landmark_5_x,landmark_5_y,landmark_5_z,landmark_6_x,landmark_6_y,landmark_6_z,landmark_7_x,landmark_7_y,landmark_7_z,landmark_8_x,landmark_8_y,landmark_8_z,landmark_9_x,landmark_9_y,landmark_9_z,landmark_10_x,landmark_10_y,landmark_10_z,landmark_11_x,landmark_11_y,landmark_11_z,landmark_12_x,landmark_12_y,landmark_12_z,landmark_13_x,landmark_13_y,landmark_13_z,landmark_14_x,landmark_14_y,landmark_14_z,landmark_15_x,landmark_15_y,landmark_15_z,landmark_16_x,landmark_16_y,landmark_16_z,landmark_17_x,landmark_17_y,landmark_17_z,landmark_18_x,landmark_18_y,landmark_18_z,landmark_19_x,landmark_19_y,landmark_19_z,landmark_20_x,landmark_20_y,landmark_20_z,class
0.3778957724571228,0.6396850347518921,-2.733665951382136e-07,0.42400962114334106,0.6274080276489258,-0.018615199252963066,0.4729398190975189,0.5759783387184143,-0.02336628921329975,0.4770335257053375,0.5161526799201965,-0.02627439983189106,0.4434677064418793,0.4989149868488312,-0.025357196107506752,0.44319504499435425,0.5109780430793762,-0.005370736122131348,0.45885106921195984,0.4728841185569763,-0.021640483289957047,0.4503019154071808,0.5253611207008362,-0.026928309351205826,0.4430445432662964,0.5359988212585449,-0.028687236830592155,0.4165093004703522,0.5037510395050049,-0.003671078011393547,0.43007218837738037,0.47368621826171875,-0.022709455341100693,0.42420047521591187,0.5340274572372437,-0.024020472541451454,0.4167538285255432,0.5376984477043152,-0.02007308043539524,0.3894268274307251,0.5034589767456055,-0.00541324820369482,0.39949724078178406,0.47431230545043945,-0.027357790619134903,0.39877158403396606,0.5341396927833557,-0.017757544293999672,0.39305955171585083,0.5435006022453308,-0.005731068551540375,0.35788029432296753,0.505927562713623,-0.008327135816216469,0.37101930379867554,0.48182153701782227,-0.019243529066443443,0.3737117648124695,0.5248532295227051,-0.008364884182810783,0.3693578243255615,0.5387507081031799,0.002811673330143094,medium
