landmark_0_x,landmark_0_y,landmark_0_z,landmark_1_x,landmark_1_y,landmark_1_z,landmark_2_x,landmark_2_y,landmark_2_z,landmark_3_x,landmark_3_y,landmark_3_z,landmark_4_x,landmark_4_y,landmark_4_z,landmark_5_x,landmark_5_y,landmark_5_z,landmark_6_x,landmark_6_y,landmark_6_z,landmark_7_x,landmark_7_y,landmark_7_z,landmark_8_x,landmark_8_y,landmark_8_z,landmark_9_x,landmark_9_y,landmark_9_z,landmark_10_x,landmark_10_y,landmark_10_z,landmark_11_x,landmark_11_y,landmark_11_z,landmark_12_x,landmark_12_y,landmark_12_z,landmark_13_x,landmark_13_y,landmark_13_z,landmark_14_x,landmark_14_y,landmark_14_z,landmark_15_x,landmark_15_y,landmark_15_z,landmark_16_x,landmark_16_y,landmark_16_z,landmark_17_x,landmark_17_y,landmark_17_z,landmark_18_x,landmark_18_y,landmark_18_z,landmark_19_x,landmark_19_y,landmark_19_z,landmark_20_x,landmark_20_y,landmark_20_z,class
0.40157487988471985,0.6068984866142273,-2.2083064266098518e-07,0.4419671893119812,0.5926192402839661,-0.01482895202934742,0.4830755293369293,0.5525193214416504,-0.019260134547948837,0.4929911196231842,0.5042121410369873,-0.023123957216739655,0.46986591815948486,0.4808819890022278,-0.023893361911177635,0.4575313925743103,0.4816015064716339,3.061309325858019e-05,0.4710035026073456,0.45857447385787964,-0.01600656658411026,0.4648361802101135,0.5022475123405457,-0.023027878254652023,0.4582096040248871,0.5123978853225708,-0.025759084150195122,0.43592140078544617,0.4744596481323242,-0.00017298538296017796,0.4496922194957733,0.4509719908237457,-0.018143989145755768,0.4449571967124939,0.5041987299919128,-0.02054721675813198,0.4377560615539551,0.5112916231155396,-0.01744275912642479,0.4116765260696411,0.47346577048301697,-0.003830426139757037,0.4228730797767639,0.44985103607177734,-0.02564259059727192,0.4220618009567261,0.5027689933776855,-0.018766367807984352,0.41625890135765076,0.5141440033912659,-0.00821593776345253,0.3824934959411621,0.4765097498893738,-0.008400465361773968,0.39593032002449036,0.4582999348640442,-0.021054359152913094,0.3999505043029785,0.49579402804374695,-0.013058505952358246,0.39675700664520264,0.5086284875869751,-0.003414236009120941,medium
