landmark_0_x,landmark_0_y,landmark_0_z,landmark_1_x,landmark_1_y,landmark_1_z,landmark_2_x,landmark_2_y,landmark_2_z,landmark_3_x,landmark_3_y,landmark_3_z,landmark_4_x,landmark_4_y,landmark_4_z,landmark_5_x,landmark_5_y,landmark_5_z,landmark_6_x,landmark_6_y,landmark_6_z,landmark_7_x,landmark_7_y,landmark_7_z,landmark_8_x,landmark_8_y,landmark_8_z,landmark_9_x,landmark_9_y,landmark_9_z,landmark_10_x,landmark_10_y,landmark_10_z,landmark_11_x,landmark_11_y,landmark_11_z,landmark_12_x,landmark_12_y,landmark_12_z,landmark_13_x,landmark_13_y,landmark_13_z,landmark_14_x,landmark_14_y,landmark_14_z,landmark_15_x,landmark_15_y,landmark_15_z,landmark_16_x,landmark_16_y,landmark_16_z,landmark_17_x,landmark_17_y,landmark_17_z,landmark_18_x,landmark_18_y,landmark_18_z,landmark_19_x,landmark_19_y,landmark_19_z,landmark_20_x,landmark_20_y,landmark_20_z,class
0.2924726903438568,0.6361876726150513,-6.8278971809832e-08,0.3343997597694397,0.6186790466308594,-0.012601533904671669,0.3724769353866577,0.5803444981575012,-0.015184774994850159,0.37878960371017456,0.5374205112457275,-0.017594492062926292,0.35300305485725403,0.5276813507080078,-0.017928510904312134,0.34285375475883484,0.5282614827156067,0.004583131521940231,0.35916340351104736,0.5003098249435425,-0.006118220742791891,0.3579443395137787,0.5291357040405273,-0.014696081168949604,0.35341301560401917,0.5457575917243958,-0.019305508583784103,0.3221531808376312,0.5221989154815674,0.005553016904741526,0.3344292640686035,0.49579647183418274,-0.006051685195416212,0.3335564136505127,0.5288944244384766,-0.012848162092268467,0.3286570906639099,0.545720100402832,-0.01443217508494854,0.3000769317150116,0.5216350555419922,0.0037298535462468863,0.3090505599975586,0.49686509370803833,-0.0070228311233222485,0.31174346804618835,0.5273744463920593,-0.006264439318329096,0.3084672689437866,0.5449257493019104,-0.0024868356995284557,0.27461522817611694,0.5251554250717163,0.0005426810821518302,0.28686773777008057,0.5015349388122559,-0.004062911961227655,0.2931106984615326,0.5209146738052368,0.000434499466791749,0.29319465160369873,0.5368885397911072,0.005724456161260605,medium
