landmark_0_x,landmark_0_y,landmark_0_z,landmark_1_x,landmark_1_y,landmark_1_z,landmark_2_x,landmark_2_y,landmark_2_z,landmark_3_x,landmark_3_y,landmark_3_z,landmark_4_x,landmark_4_y,landmark_4_z,landmark_5_x,landmark_5_y,landmark_5_z,landmark_6_x,landmark_6_y,landmark_6_z,landmark_7_x,landmark_7_y,landmark_7_z,landmark_8_x,landmark_8_y,landmark_8_z,landmark_9_x,landmark_9_y,landmark_9_z,landmark_10_x,landmark_10_y,landmark_10_z,landmark_11_x,landmark_11_y,landmark_11_z,landmark_12_x,landmark_12_y,landmark_12_z,landmark_13_x,landmark_13_y,landmark_13_z,landmark_14_x,landmark_14_y,landmark_14_z,landmark_15_x,landmark_15_y,landmark_15_z,landmark_16_x,landmark_16_y,landmark_16_z,landmark_17_x,landmark_17_y,landmark_17_z,landmark_18_x,landmark_18_y,landmark_18_z,landmark_19_x,landmark_19_y,landmark_19_z,landmark_20_x,landmark_20_y,landmark_20_z,class
0.12996454536914825,0.6613559722900391,-2.36582806678598e-07,0.18804696202278137,0.6398472785949707,-0.029330071061849594,0.24850457906723022,0.5819736123085022,-0.03885660693049431,0.24618828296661377,0.5123928785324097,-0.04496704414486885,0.19998957216739655,0.49112480878829956,-0.04530806839466095,0.2140655219554901,0.48871973156929016,-0.006301965564489365,0.22325536608695984,0.45231884717941284,-0.03217919170856476,0.21281524002552032,0.5132684111595154,-0.04419863596558571,0.2078685164451599,0.5275419354438782,-0.04897288233041763,0.1790468990802765,0.47946789860725403,-0.0018673180602490902,0.18394403159618378,0.4503827393054962,-0.028837913647294044,0.1793668568134308,0.5252735614776611,-0.03260728344321251,0.1780768781900406,0.5301433801651001,-0.02826341614127159,0.1441577523946762,0.4817035496234894,-0.0030769698787480593,0.14329148828983307,0.45592987537384033,-0.0331694670021534,0.14478786289691925,0.5268638134002686,-0.022852037101984024,0.14584264159202576,0.5337646007537842,-0.008123934268951416,0.10483471304178238,0.48875927925109863,-0.006454098969697952,0.10890871286392212,0.46927639842033386,-0.021871184930205345,0.11387938261032104,0.5182652473449707,-0.009971470572054386,0.11457990109920502,0.5288367867469788,0.003664358053356409,medium
