landmark_0_x,landmark_0_y,landmark_0_z,landmark_1_x,landmark_1_y,landmark_1_z,landmark_2_x,landmark_2_y,landmark_2_z,landmark_3_x,landmark_3_y,landmark_3_z,landmark_4_x,landmark_4_y,landmark_4_z,landmark_5_x,landmark_5_y,landmark_5_z,landmark_6_x,landmark_6_y,landmark_6_z,landmark_7_x,landmark_7_y,landmark_7_z,landmark_8_x,landmark_8_y,landmark_8_z,landmark_9_x,landmark_9_y,landmark_9_z,landmark_10_x,landmark_10_y,landmark_10_z,landmark_11_x,landmark_11_y,landmark_11_z,landmark_12_x,landmark_12_y,landmark_12_z,landmark_13_x,landmark_13_y,landmark_13_z,landmark_14_x,landmark_14_y,landmark_14_z,landmark_15_x,landmark_15_y,landmark_15_z,landmark_16_x,landmark_16_y,landmark_16_z,landmark_17_x,landmark_17_y,landmark_17_z,landmark_18_x,landmark_18_y,landmark_18_z,landmark_19_x,landmark_19_y,landmark_19_z,landmark_20_x,landmark_20_y,landmark_20_z,class
0.20508520305156708,0.6505025029182434,-1.4651308788415918e-07,0.24682481586933136,0.6251539587974548,-0.016509920358657837,0.28617745637893677,0.577910840511322,-0.02185657247900963,0.27905741333961487,0.5281866192817688,-0.026459738612174988,0.24340365827083588,0.5239267349243164,-0.02725958824157715,0.25947409868240356,0.5200847387313843,0.002877467544749379,0.27137255668640137,0.49018222093582153,-0.01394216064363718,0.2642548978328705,0.5318325161933899,-0.02382299117743969,0.25922584533691406,0.5436416268348694,-0.02873142436146736,0.2354622185230255,0.5145406126976013,0.0030558037105947733,0.24425126612186432,0.4883430600166321,-0.01610133796930313,0.23995418846607208,0.5343563556671143,-0.02191334031522274,0.2361951470375061,0.54204922914505,-0.02069881744682789,0.21130500733852386,0.5162011384963989,-0.0005994947860017419,0.2166489213705063,0.4924432337284088,-0.01849236525595188,0.21773302555084229,0.5336667895317078,-0.013721350580453873,0.2152891308069229,0.540542483329773,-0.005605794955044985,0.18423402309417725,0.5219351053237915,-0.005949350539594889,0.19514930248260498,0.503412663936615,-0.013080665841698647,0.19732698798179626,0.5332050919532776,-0.00488625280559063,0.19404010474681854,0.5432567596435547,0.0037810171488672495,medium
