landmark_0_x,landmark_0_y,landmark_0_z,landmark_1_x,landmark_1_y,landmark_1_z,landmark_2_x,landmark_2_y,landmark_2_z,landmark_3_x,landmark_3_y,landmark_3_z,landmark_4_x,landmark_4_y,landmark_4_z,landmark_5_x,landmark_5_y,landmark_5_z,landmark_6_x,landmark_6_y,landmark_6_z,landmark_7_x,landmark_7_y,landmark_7_z,landmark_8_x,landmark_8_y,landmark_8_z,landmark_9_x,landmark_9_y,landmark_9_z,landmark_10_x,landmark_10_y,landmark_10_z,landmark_11_x,landmark_11_y,landmark_11_z,landmark_12_x,landmark_12_y,landmark_12_z,landmark_13_x,landmark_13_y,landmark_13_z,landmark_14_x,landmark_14_y,landmark_14_z,landmark_15_x,landmark_15_y,landmark_15_z,landmark_16_x,landmark_16_y,landmark_16_z,landmark_17_x,landmark_17_y,landmark_17_z,landmark_18_x,landmark_18_y,landmark_18_z,landmark_19_x,landmark_19_y,landmark_19_z,landmark_20_x,landmark_20_y,landmark_20_z,class
0.12062446773052216,0.9121125340461731,-1.735060521923515e-07,0.16842299699783325,0.8944435119628906,-0.018933627754449844,0.21945975720882416,0.8502001762390137,-0.0243174247443676,0.2219303697347641,0.7983859181404114,-0.02812892384827137,0.1846844106912613,0.7920058965682983,-0.027832387015223503,0.19231173396110535,0.7707453370094299,0.00013005374057684094,0.2077968716621399,0.7530084848403931,-0.01684064418077469,0.1963154524564743,0.7986531257629395,-0.026394424960017204,0.19032731652259827,0.806472897529602,-0.031573183834552765,0.1648293286561966,0.7612603902816772,0.001320568029768765,0.17423337697982788,0.7521530389785767,-0.01626667194068432,0.16734527051448822,0.8041385412216187,-0.020108388736844063,0.16510248184204102,0.8039653301239014,-0.018677014857530594,0.13724350929260254,0.762903094291687,-0.0015373800415545702,0.14247944951057434,0.7546979188919067,-0.020038681104779243,0.14199569821357727,0.8022140264511108,-0.014481269754469395,0.14188051223754883,0.802891731262207,-0.006424980703741312,0.1080499142408371,0.7696700692176819,-0.006149028893560171,0.11698654294013977,0.7604146003723145,-0.01370238047093153,0.11899368464946747,0.7940584421157837,-0.004924760200083256,0.11766588687896729,0.801008939743042,0.003955095540732145,low
