landmark_0_x,landmark_0_y,landmark_0_z,landmark_1_x,landmark_1_y,landmark_1_z,landmark_2_x,landmark_2_y,landmark_2_z,landmark_3_x,landmark_3_y,landmark_3_z,landmark_4_x,landmark_4_y,landmark_4_z,landmark_5_x,landmark_5_y,landmark_5_z,landmark_6_x,landmark_6_y,landmark_6_z,landmark_7_x,landmark_7_y,landmark_7_z,landmark_8_x,landmark_8_y,landmark_8_z,landmark_9_x,landmark_9_y,landmark_9_z,landmark_10_x,landmark_10_y,landmark_10_z,landmark_11_x,landmark_11_y,landmark_11_z,landmark_12_x,landmark_12_y,landmark_12_z,landmark_13_x,landmark_13_y,landmark_13_z,landmark_14_x,landmark_14_y,landmark_14_z,landmark_15_x,landmark_15_y,landmark_15_z,landmark_16_x,landmark_16_y,landmark_16_z,landmark_17_x,landmark_17_y,landmark_17_z,landmark_18_x,landmark_18_y,landmark_18_z,landmark_19_x,landmark_19_y,landmark_19_z,landmark_20_x,landmark_20_y,landmark_20_z,class
0.17924955487251282,0.8898817300796509,-2.389668019020519e-08,0.2149433195590973,0.8713425993919373,-0.010081853717565536,0.24746845662593842,0.8352675437927246,-0.013122403994202614,0.24905601143836975,0.7948087453842163,-0.016739483922719955,0.22223837673664093,0.7867574095726013,-0.0191773921251297,0.22436413168907166,0.7912967801094055,0.007447793148458004,0.2404032051563263,0.771743655204773,-0.004949927795678377,0.24291107058525085,0.7931002974510193,-0.016225144267082214,0.24199619889259338,0.8044187426567078,-0.022636497393250465,0.20614930987358093,0.782046377658844,0.006458984687924385,0.2195982038974762,0.7634943723678589,-0.00452707102522254,0.22084814310073853,0.786400556564331,-0.012934837490320206,0.21959471702575684,0.7926709651947021,-0.016276929527521133,0.1859952211380005,0.7795090675354004,0.0027543583419173956,0.19797512888908386,0.7632824778556824,-0.008296185173094273,0.19846099615097046,0.7878269553184509,-0.008329927921295166,0.1948622763156891,0.7943924069404602,-0.005460191052407026,0.1623484194278717,0.7814304828643799,-0.00208676909096539,0.175803080201149,0.766655683517456,-0.006685049273073673,0.17759208381175995,0.7855145335197449,-0.0009889937937259674,0.1737706959247589,0.7947383522987366,0.0048722028732299805,low
