landmark_0_x,landmark_0_y,landmark_0_z,landmark_1_x,landmark_1_y,landmark_1_z,landmark_2_x,landmark_2_y,landmark_2_z,landmark_3_x,landmark_3_y,landmark_3_z,landmark_4_x,landmark_4_y,landmark_4_z,landmark_5_x,landmark_5_y,landmark_5_z,landmark_6_x,landmark_6_y,landmark_6_z,landmark_7_x,landmark_7_y,landmark_7_z,landmark_8_x,landmark_8_y,landmark_8_z,landmark_9_x,landmark_9_y,landmark_9_z,landmark_10_x,landmark_10_y,landmark_10_z,landmark_11_x,landmark_11_y,landmark_11_z,landmark_12_x,landmark_12_y,landmark_12_z,landmark_13_x,landmark_13_y,landmark_13_z,landmark_14_x,landmark_14_y,landmark_14_z,landmark_15_x,landmark_15_y,landmark_15_z,landmark_16_x,landmark_16_y,landmark_16_z,landmark_17_x,landmark_17_y,landmark_17_z,landmark_18_x,landmark_18_y,landmark_18_z,landmark_19_x,landmark_19_y,landmark_19_z,landmark_20_x,landmark_20_y,landmark_20_z,class
0.2962542176246643,0.9401750564575195,-2.3514252234235755e-07,0.352724552154541,0.9116033315658569,-0.01833212375640869,0.4133996069431305,0.8594024777412415,-0.025478510186076164,0.42513608932495117,0.8020795583724976,-0.032240282744169235,0.39412182569503784,0.7911372184753418,-0.035047631710767746,0.3805738687515259,0.7574669122695923,0.0013496371684595942,0.4140738248825073,0.7509552836418152,-0.018726009875535965,0.40011605620384216,0.8013530373573303,-0.031249530613422394,0.38824236392974854,0.8070683479309082,-0.03829285129904747,0.34955447912216187,0.7479166984558105,-0.0003638983180280775,0.37559592723846436,0.748522937297821,-0.018776414915919304,0.3643493056297302,0.8021878600120544,-0.023660406470298767,0.35371917486190796,0.80042964220047,-0.023712683469057083,0.31838148832321167,0.7510120868682861,-0.006469466257840395,0.34041252732276917,0.7498729228973389,-0.026363147422671318,0.33537107706069946,0.8000475764274597,-0.020078005269169807,0.325452595949173,0.8035262227058411,-0.011719230562448502,0.28520381450653076,0.7597651481628418,-0.014492962509393692,0.31124329566955566,0.7487434148788452,-0.023007143288850784,0.31210604310035706,0.7872070074081421,-0.012070348486304283,0.302884578704834,0.7987703680992126,-0.0013246427988633513,low
