landmark_0_x,landmark_0_y,landmark_0_z,landmark_1_x,landmark_1_y,landmark_1_z,landmark_2_x,landmark_2_y,landmark_2_z,landmark_3_x,landmark_3_y,landmark_3_z,landmark_4_x,landmark_4_y,landmark_4_z,landmark_5_x,landmark_5_y,landmark_5_z,landmark_6_x,landmark_6_y,landmark_6_z,landmark_7_x,landmark_7_y,landmark_7_z,landmark_8_x,landmark_8_y,landmark_8_z,landmark_9_x,landmark_9_y,landmark_9_z,landmark_10_x,landmark_10_y,landmark_10_z,landmark_11_x,landmark_11_y,landmark_11_z,landmark_12_x,landmark_12_y,landmark_12_z,landmark_13_x,landmark_13_y,landmark_13_z,landmark_14_x,landmark_14_y,landmark_14_z,landmark_15_x,landmark_15_y,landmark_15_z,landmark_16_x,landmark_16_y,landmark_16_z,landmark_17_x,landmark_17_y,landmark_17_z,landmark_18_x,landmark_18_y,landmark_18_z,landmark_19_x,landmark_19_y,landmark_19_z,landmark_20_x,landmark_20_y,landmark_20_z,class
0.22543779015541077,0.8743821978569031,-2.765474675925361e-07,0.30036595463752747,0.8353466987609863,-0.03171350434422493,0.37927812337875366,0.7610284090042114,-0.043586548417806625,0.38478267192840576,0.6823516488075256,-0.05348442122340202,0.3304062783718109,0.6769934296607971,-0.05702421814203262,0.3079673945903778,0.6284369826316833,-0.0011055524228140712,0.34716659784317017,0.6111564636230469,-0.02977915108203888,0.33296287059783936,0.6882753372192383,-0.046234045177698135,0.31749778985977173,0.6941839456558228,-0.055499132722616196,0.26813632249832153,0.6214761734008789,0.0004836678854189813,0.3004271388053894,0.6154465675354004,-0.02884424664080143,0.2920105755329132,0.6957354545593262,-0.036505091935396194,0.28029146790504456,0.6925173997879028,-0.03537728637456894,0.22788409888744354,0.6305344700813293,-0.004554125014692545,0.25324341654777527,0.6233404278755188,-0.032032985240221024,0.25288838148117065,0.6941862106323242,-0.022302143275737762,0.24338936805725098,0.6948121786117554,-0.009725905954837799,0.1827341616153717,0.6462652087211609,-0.01299944706261158,0.21054214239120483,0.6321827173233032,-0.023074816912412643,0.21520593762397766,0.6838242411613464,-0.008651405572891235,0.2081855684518814,0.6966023445129395,0.0055540637113153934,low
