landmark_0_x,landmark_0_y,landmark_0_z,landmark_1_x,landmark_1_y,landmark_1_z,landmark_2_x,landmark_2_y,landmark_2_z,landmark_3_x,landmark_3_y,landmark_3_z,landmark_4_x,landmark_4_y,landmark_4_z,landmark_5_x,landmark_5_y,landmark_5_z,landmark_6_x,landmark_6_y,landmark_6_z,landmark_7_x,landmark_7_y,landmark_7_z,landmark_8_x,landmark_8_y,landmark_8_z,landmark_9_x,landmark_9_y,landmark_9_z,landmark_10_x,landmark_10_y,landmark_10_z,landmark_11_x,landmark_11_y,landmark_11_z,landmark_12_x,landmark_12_y,landmark_12_z,landmark_13_x,landmark_13_y,landmark_13_z,landmark_14_x,landmark_14_y,landmark_14_z,landmark_15_x,landmark_15_y,landmark_15_z,landmark_16_x,landmark_16_y,landmark_16_z,landmark_17_x,landmark_17_y,landmark_17_z,landmark_18_x,landmark_18_y,landmark_18_z,landmark_19_x,landmark_19_y,landmark_19_z,landmark_20_x,landmark_20_y,landmark_20_z,class
0.19066116213798523,0.8802648782730103,-3.287178742539254e-07,0.2735600471496582,0.8441083431243896,-0.029312992468476295,0.3640909790992737,0.7704364657402039,-0.04104167968034744,0.37796586751937866,0.690004825592041,-0.05073991417884827,0.31952062249183655,0.6815414428710938,-0.05430406332015991,0.29958584904670715,0.6129593253135681,0.0014400782529264688,0.3460214138031006,0.6082007884979248,-0.025117453187704086,0.32432159781455994,0.6864680051803589,-0.04285765066742897,0.306079626083374,0.6912609338760376,-0.05406147241592407,0.25677481293678284,0.6005593538284302,0.0007876788731664419,0.29557639360427856,0.6123314499855042,-0.023960445076227188,0.28165045380592346,0.6949118375778198,-0.031336452811956406,0.26912444829940796,0.6912298202514648,-0.03178172558546066,0.21369439363479614,0.6089337468147278,-0.005989822559058666,0.2446308434009552,0.6208898425102234,-0.030361419543623924,0.24083104729652405,0.696437418460846,-0.020737675949931145,0.23093228042125702,0.6985587477684021,-0.009357352741062641,0.16952550411224365,0.6264896988868713,-0.016162509098649025,0.20001843571662903,0.6230366826057434,-0.0233503058552742,0.20213675498962402,0.67999666929245,-0.007351483218371868,0.19302821159362793,0.6934323310852051,0.007167394272983074,low
