landmark_0_x,landmark_0_y,landmark_0_z,landmark_1_x,landmark_1_y,landmark_1_z,landmark_2_x,landmark_2_y,landmark_2_z,landmark_3_x,landmark_3_y,landmark_3_z,landmark_4_x,landmark_4_y,landmark_4_z,landmark_5_x,landmark_5_y,landmark_5_z,landmark_6_x,landmark_6_y,landmark_6_z,landmark_7_x,landmark_7_y,landmark_7_z,landmark_8_x,landmark_8_y,landmark_8_z,landmark_9_x,landmark_9_y,landmark_9_z,landmark_10_x,landmark_10_y,landmark_10_z,landmark_11_x,landmark_11_y,landmark_11_z,landmark_12_x,landmark_12_y,landmark_12_z,landmark_13_x,landmark_13_y,landmark_13_z,landmark_14_x,landmark_14_y,landmark_14_z,landmark_15_x,landmark_15_y,landmark_15_z,landmark_16_x,landmark_16_y,landmark_16_z,landmark_17_x,landmark_17_y,landmark_17_z,landmark_18_x,landmark_18_y,landmark_18_z,landmark_19_x,landmark_19_y,landmark_19_z,landmark_20_x,landmark_20_y,landmark_20_z,class
0.09204430878162384,0.8813596367835999,-3.0500285674861516e-07,0.16267965734004974,0.8410860896110535,-0.027552908286452293,0.2372945249080658,0.7696410417556763,-0.03822140395641327,0.2432602345943451,0.6967856287956238,-0.04690241068601608,0.18787968158721924,0.6900898814201355,-0.050084296613931656,0.173598974943161,0.6306920051574707,-7.519411155954003e-05,0.201970636844635,0.6251925230026245,-0.027332089841365814,0.19009752571582794,0.6972028017044067,-0.044853806495666504,0.17571063339710236,0.7084252834320068,-0.054401446133852005,0.13217025995254517,0.6213162541389465,0.0010593435727059841,0.1493048071861267,0.6286190748214722,-0.025602120906114578,0.14565345644950867,0.7088552117347717,-0.03468162193894386,0.137253999710083,0.7111257314682007,-0.035058967769145966,0.08989439904689789,0.6301303505897522,-0.0032810831908136606,0.099472776055336,0.6364828944206238,-0.029018856585025787,0.10496073961257935,0.7102871537208557,-0.020916244015097618,0.10112497955560684,0.7138150930404663,-0.009680194780230522,0.04429556429386139,0.6471866369247437,-0.010428404435515404,0.057704292237758636,0.6433420777320862,-0.019897542893886566,0.06571085751056671,0.6972332000732422,-0.0058821928687393665,0.06408245861530304,0.7100367546081543,0.008175295777618885,low
