landmark_0_x,landmark_0_y,landmark_0_z,landmark_1_x,landmark_1_y,landmark_1_z,landmark_2_x,landmark_2_y,landmark_2_z,landmark_3_x,landmark_3_y,landmark_3_z,landmark_4_x,landmark_4_y,landmark_4_z,landmark_5_x,landmark_5_y,landmark_5_z,landmark_6_x,landmark_6_y,landmark_6_z,landmark_7_x,landmark_7_y,landmark_7_z,landmark_8_x,landmark_8_y,landmark_8_z,landmark_9_x,landmark_9_y,landmark_9_z,landmark_10_x,landmark_10_y,landmark_10_z,landmark_11_x,landmark_11_y,landmark_11_z,landmark_12_x,landmark_12_y,landmark_12_z,landmark_13_x,landmark_13_y,landmark_13_z,landmark_14_x,landmark_14_y,landmark_14_z,landmark_15_x,landmark_15_y,landmark_15_z,landmark_16_x,landmark_16_y,landmark_16_z,landmark_17_x,landmark_17_y,landmark_17_z,landmark_18_x,landmark_18_y,landmark_18_z,landmark_19_x,landmark_19_y,landmark_19_z,landmark_20_x,landmark_20_y,landmark_20_z,class
0.12549519538879395,0.8954293727874756,-1.4351185484429152e-07,0.167799711227417,0.8723415732383728,-0.016433021053671837,0.21110795438289642,0.8351898193359375,-0.022899800911545753,0.21140417456626892,0.7893667221069336,-0.028908763080835342,0.17731037735939026,0.7869603037834167,-0.031107015907764435,0.18592461943626404,0.7691569328308105,0.0028001805767416954,0.20690712332725525,0.7552832365036011,-0.014234640635550022,0.19569087028503418,0.794383704662323,-0.02497011236846447,0.18758879601955414,0.798197329044342,-0.03132779523730278,0.16189761459827423,0.7611148357391357,0.002048204420134425,0.17912568151950836,0.7497925162315369,-0.016719406470656395,0.1703645884990692,0.7922601699829102,-0.023710858076810837,0.16501659154891968,0.7906249165534973,-0.024344081059098244,0.13924507796764374,0.7620938420295715,-0.0024276033509522676,0.15067483484745026,0.7537313103675842,-0.0193235594779253,0.1477946937084198,0.7904177904129028,-0.01587934046983719,0.14500170946121216,0.7883141040802002,-0.00972809363156557,0.11547444015741348,0.7677543759346008,-0.008688203990459442,0.1287708878517151,0.7595741748809814,-0.014137428253889084,0.12821628153324127,0.7865962982177734,-0.006122320890426636,0.1250690072774887,0.792102038860321,0.0015476447297260165,low
