landmark_0_x,landmark_0_y,landmark_0_z,landmark_1_x,landmark_1_y,landmark_1_z,landmark_2_x,landmark_2_y,landmark_2_z,landmark_3_x,landmark_3_y,landmark_3_z,landmark_4_x,landmark_4_y,landmark_4_z,landmark_5_x,landmark_5_y,landmark_5_z,landmark_6_x,landmark_6_y,landmark_6_z,landmark_7_x,landmark_7_y,landmark_7_z,landmark_8_x,landmark_8_y,landmark_8_z,landmark_9_x,landmark_9_y,landmark_9_z,landmark_10_x,landmark_10_y,landmark_10_z,landmark_11_x,landmark_11_y,landmark_11_z,landmark_12_x,landmark_12_y,landmark_12_z,landmark_13_x,landmark_13_y,landmark_13_z,landmark_14_x,landmark_14_y,landmark_14_z,landmark_15_x,landmark_15_y,landmark_15_z,landmark_16_x,landmark_16_y,landmark_16_z,landmark_17_x,landmark_17_y,landmark_17_z,landmark_18_x,landmark_18_y,landmark_18_z,landmark_19_x,landmark_19_y,landmark_19_z,landmark_20_x,landmark_20_y,landmark_20_z,class
0.3467564582824707,0.903762936592102,-1.866474974576704e-07,0.39117947220802307,0.885420560836792,-0.021541787311434746,0.44083741307258606,0.8402746319770813,-0.028831835836172104,0.44933968782424927,0.78642737865448,-0.034125491976737976,0.41755273938179016,0.7703187465667725,-0.035386841744184494,0.40809366106987,0.7612141966819763,-0.003307277336716652,0.42395099997520447,0.7385063767433167,-0.021834224462509155,0.41459935903549194,0.7870997786521912,-0.031152041628956795,0.40777623653411865,0.795266330242157,-0.0356309600174427,0.38165515661239624,0.7550945281982422,-0.000876999634783715,0.3938133716583252,0.7374958395957947,-0.020556215196847916,0.38834407925605774,0.7935555577278137,-0.02399638295173645,0.3844445049762726,0.7951831817626953,-0.02158406190574169,0.3540008068084717,0.7571518421173096,-0.00272281258367002,0.36189061403274536,0.7436494827270508,-0.02365943044424057,0.3619714379310608,0.7943243980407715,-0.016754815354943275,0.3596852421760559,0.7967838644981384,-0.006952076219022274,0.3232176601886749,0.7627736330032349,-0.00636181840673089,0.33380454778671265,0.7504866123199463,-0.015740055590867996,0.3370685279369354,0.7856779098510742,-0.006619045045226812,0.33492612838745117,0.7933460474014282,0.0030534788966178894,low
