landmark_0_x,landmark_0_y,landmark_0_z,landmark_1_x,landmark_1_y,landmark_1_z,landmark_2_x,landmark_2_y,landmark_2_z,landmark_3_x,landmark_3_y,landmark_3_z,landmark_4_x,landmark_4_y,landmark_4_z,landmark_5_x,landmark_5_y,landmark_5_z,landmark_6_x,landmark_6_y,landmark_6_z,landmark_7_x,landmark_7_y,landmark_7_z,landmark_8_x,landmark_8_y,landmark_8_z,landmark_9_x,landmark_9_y,landmark_9_z,landmark_10_x,landmark_10_y,landmark_10_z,landmark_11_x,landmark_11_y,landmark_11_z,landmark_12_x,landmark_12_y,landmark_12_z,landmark_13_x,landmark_13_y,landmark_13_z,landmark_14_x,landmark_14_y,landmark_14_z,landmark_15_x,landmark_15_y,landmark_15_z,landmark_16_x,landmark_16_y,landmark_16_z,landmark_17_x,landmark_17_y,landmark_17_z,landmark_18_x,landmark_18_y,landmark_18_z,landmark_19_x,landmark_19_y,landmark_19_z,landmark_20_x,landmark_20_y,landmark_20_z,class
0.2974553406238556,0.8684505224227905,-2.733272594923619e-07,0.35477855801582336,0.8432478308677673,-0.01892956905066967,0.41406822204589844,0.7862295508384705,-0.025100022554397583,0.42290616035461426,0.7235656976699829,-0.030943410471081734,0.3868284821510315,0.707758367061615,-0.03237142413854599,0.37752509117126465,0.6907049417495728,0.0035526102874428034,0.4082704186439514,0.6702209115028381,-0.01739725098013878,0.39456111192703247,0.7247903943061829,-0.029055841267108917,0.3812069892883301,0.7333686947822571,-0.03503044694662094,0.3461339473724365,0.6827807426452637,0.002779120346531272,0.37065571546554565,0.6693453192710876,-0.019322525709867477,0.35970360040664673,0.7308991551399231,-0.02421483024954796,0.34895312786102295,0.7344794869422913,-0.02234051376581192,0.3135484755039215,0.6840975880622864,-0.0027268454432487488,0.333671897649765,0.6718822717666626,-0.026386158540844917,0.3292895555496216,0.7308041453361511,-0.019671494141221046,0.3195580542087555,0.7379996180534363,-0.009167683310806751,0.27767497301101685,0.6904754042625427,-0.009894629940390587,0.3022176921367645,0.6758145689964294,-0.020029384642839432,0.3021777868270874,0.7187478542327881,-0.00897782202810049,0.2927128076553345,0.7311995625495911,0.002608782844617963,low
