landmark_0_x,landmark_0_y,landmark_0_z,landmark_1_x,landmark_1_y,landmark_1_z,landmark_2_x,landmark_2_y,landmark_2_z,landmark_3_x,landmark_3_y,landmark_3_z,landmark_4_x,landmark_4_y,landmark_4_z,landmark_5_x,landmark_5_y,landmark_5_z,landmark_6_x,landmark_6_y,landmark_6_z,landmark_7_x,landmark_7_y,landmark_7_z,landmark_8_x,landmark_8_y,landmark_8_z,landmark_9_x,landmark_9_y,landmark_9_z,landmark_10_x,landmark_10_y,landmark_10_z,landmark_11_x,landmark_11_y,landmark_11_z,landmark_12_x,landmark_12_y,landmark_12_z,landmark_13_x,landmark_13_y,landmark_13_z,landmark_14_x,landmark_14_y,landmark_14_z,landmark_15_x,landmark_15_y,landmark_15_z,landmark_16_x,landmark_16_y,landmark_16_z,landmark_17_x,landmark_17_y,landmark_17_z,landmark_18_x,landmark_18_y,landmark_18_z,landmark_19_x,landmark_19_y,landmark_19_z,landmark_20_x,landmark_20_y,landmark_20_z,class
0.08674845099449158,0.876472532749176,-1.8620681885295198e-07,0.14460121095180511,0.8456130027770996,-0.02947770245373249,0.20048201084136963,0.7904926538467407,-0.038708947598934174,0.1937464475631714,0.725426971912384,-0.04474206641316414,0.1454504132270813,0.7166487574577332,-0.04384627938270569,0.1766134649515152,0.7143202424049377,-0.0011606286279857159,0.18678927421569824,0.6792734861373901,-0.0274006649851799,0.16989253461360931,0.7330144643783569,-0.0405704565346241,0.1674456149339676,0.7444643378257751,-0.04636286199092865,0.1426699459552765,0.7028056979179382,0.0024925379548221827,0.14598053693771362,0.6734328866004944,-0.025657767429947853,0.1349913477897644,0.7380252480506897,-0.030206838622689247,0.1391177624464035,0.7404168844223022,-0.025723079219460487,0.10860136896371841,0.7002934217453003,-0.000456088746432215,0.10529915243387222,0.6800699830055237,-0.02968529425561428,0.10338874161243439,0.7384573221206665,-0.022849058732390404,0.11073048412799835,0.7385406494140625,-0.010142936371266842,0.07272081077098846,0.7018667459487915,-0.006151759065687656,0.07536433637142181,0.6873927116394043,-0.017681023105978966,0.07694690674543381,0.7270113229751587,-0.0072721741162240505,0.0790819376707077,0.7338538765907288,0.004475683439522982,low
