landmark_0_x,landmark_0_y,landmark_0_z,landmark_1_x,landmark_1_y,landmark_1_z,landmark_2_x,landmark_2_y,landmark_2_z,landmark_3_x,landmark_3_y,landmark_3_z,landmark_4_x,landmark_4_y,landmark_4_z,landmark_5_x,landmark_5_y,landmark_5_z,landmark_6_x,landmark_6_y,landmark_6_z,landmark_7_x,landmark_7_y,landmark_7_z,landmark_8_x,landmark_8_y,landmark_8_z,landmark_9_x,landmark_9_y,landmark_9_z,landmark_10_x,landmark_10_y,landmark_10_z,landmark_11_x,landmark_11_y,landmark_11_z,landmark_12_x,landmark_12_y,landmark_12_z,landmark_13_x,landmark_13_y,landmark_13_z,landmark_14_x,landmark_14_y,landmark_14_z,landmark_15_x,landmark_15_y,landmark_15_z,landmark_16_x,landmark_16_y,landmark_16_z,landmark_17_x,landmark_17_y,landmark_17_z,landmark_18_x,landmark_18_y,landmark_18_z,landmark_19_x,landmark_19_y,landmark_19_z,landmark_20_x,landmark_20_y,landmark_20_z,class
0.3375020921230316,0.8768842220306396,-2.704752546378586e-07,0.39222949743270874,0.8511691689491272,-0.020322296768426895,0.454972505569458,0.7948209643363953,-0.02998645231127739,0.4664248526096344,0.7358412146568298,-0.03837998956441879,0.42538052797317505,0.7237288355827332,-0.04197655990719795,0.41516104340553284,0.6826228499412537,-0.0032940085511654615,0.4496194124221802,0.6812652349472046,-0.024148983880877495,0.431180477142334,0.7398247122764587,-0.035926494747400284,0.41624051332473755,0.7388985753059387,-0.04382076486945152,0.38243430852890015,0.6721330881118774,-0.004967144690454006,0.415178120136261,0.6819648742675781,-0.026149725541472435,0.4007714092731476,0.7472174167633057,-0.030481625348329544,0.38886967301368713,0.7379035949707031,-0.030016444623470306,0.34871330857276917,0.6763168573379517,-0.010787246748805046,0.37538066506385803,0.6840198040008545,-0.033054932951927185,0.3701341450214386,0.745305061340332,-0.024906108155846596,0.36020156741142273,0.7402567267417908,-0.015635283663868904,0.3147876262664795,0.6865375638008118,-0.018613414838910103,0.34168708324432373,0.6890323162078857,-0.028360571712255478,0.3416149914264679,0.7354639172554016,-0.01722831465303898,0.3317490220069885,0.7399831414222717,-0.006834572181105614,low
