landmark_0_x,landmark_0_y,landmark_0_z,landmark_1_x,landmark_1_y,landmark_1_z,landmark_2_x,landmark_2_y,landmark_2_z,landmark_3_x,landmark_3_y,landmark_3_z,landmark_4_x,landmark_4_y,landmark_4_z,landmark_5_x,landmark_5_y,landmark_5_z,landmark_6_x,landmark_6_y,landmark_6_z,landmark_7_x,landmark_7_y,landmark_7_z,landmark_8_x,landmark_8_y,landmark_8_z,landmark_9_x,landmark_9_y,landmark_9_z,landmark_10_x,landmark_10_y,landmark_10_z,landmark_11_x,landmark_11_y,landmark_11_z,landmark_12_x,landmark_12_y,landmark_12_z,landmark_13_x,landmark_13_y,landmark_13_z,landmark_14_x,landmark_14_y,landmark_14_z,landmark_15_x,landmark_15_y,landmark_15_z,landmark_16_x,landmark_16_y,landmark_16_z,landmark_17_x,landmark_17_y,landmark_17_z,landmark_18_x,landmark_18_y,landmark_18_z,landmark_19_x,landmark_19_y,landmark_19_z,landmark_20_x,landmark_20_y,landmark_20_z,class
0.13239003717899323,0.9171609878540039,-1.658828523432021e-07,0.18033252656459808,0.8953049778938293,-0.020567480474710464,0.23566247522830963,0.8581038117408752,-0.027407659217715263,0.24328850209712982,0.8101163506507874,-0.03298277035355568,0.20842449367046356,0.7960917949676514,-0.03423852473497391,0.21734288334846497,0.7759367823600769,0.0027100159786641598,0.23120281100273132,0.761062502861023,-0.016370590776205063,0.2171573042869568,0.8030917048454285,-0.02694002538919449,0.21440547704696655,0.8078392148017883,-0.032119106501340866,0.19038382172584534,0.7625437378883362,0.004068147391080856,0.1957186609506607,0.7552862763404846,-0.01567448489367962,0.18532612919807434,0.8048839569091797,-0.019556639716029167,0.18881738185882568,0.8040198087692261,-0.017257152125239372,0.16159121692180634,0.7598498463630676,0.0004920632927678525,0.16147646307945251,0.7557777762413025,-0.01965448074042797,0.15612289309501648,0.8024318814277649,-0.013344435021281242,0.16089710593223572,0.802750289440155,-0.003986918833106756,0.13006898760795593,0.7610481381416321,-0.005288860760629177,0.13346818089485168,0.756588876247406,-0.012441610917448997,0.13180550932884216,0.789146900177002,-0.0030670762062072754,0.13354700803756714,0.7945591807365417,0.00664274487644434,low
