landmark_0_x,landmark_0_y,landmark_0_z,landmark_1_x,landmark_1_y,landmark_1_z,landmark_2_x,landmark_2_y,landmark_2_z,landmark_3_x,landmark_3_y,landmark_3_z,landmark_4_x,landmark_4_y,landmark_4_z,landmark_5_x,landmark_5_y,landmark_5_z,landmark_6_x,landmark_6_y,landmark_6_z,landmark_7_x,landmark_7_y,landmark_7_z,landmark_8_x,landmark_8_y,landmark_8_z,landmark_9_x,landmark_9_y,landmark_9_z,landmark_10_x,landmark_10_y,landmark_10_z,landmark_11_x,landmark_11_y,landmark_11_z,landmark_12_x,landmark_12_y,landmark_12_z,landmark_13_x,landmark_13_y,landmark_13_z,landmark_14_x,landmark_14_y,landmark_14_z,landmark_15_x,landmark_15_y,landmark_15_z,landmark_16_x,landmark_16_y,landmark_16_z,landmark_17_x,landmark_17_y,landmark_17_z,landmark_18_x,landmark_18_y,landmark_18_z,landmark_19_x,landmark_19_y,landmark_19_z,landmark_20_x,landmark_20_y,landmark_20_z,class
0.27698802947998047,0.8415625095367432,-1.5126774144391675e-07,0.3324810862541199,0.8123856782913208,-0.018800703808665276,0.39126813411712646,0.7620261311531067,-0.025510909035801888,0.40174707770347595,0.7049940228462219,-0.03128288686275482,0.36074376106262207,0.6989589333534241,-0.03346029669046402,0.3451550602912903,0.6667580604553223,0.0016646063886582851,0.37081968784332275,0.651210606098175,-0.01525990292429924,0.3628952205181122,0.6998707056045532,-0.026732344180345535,0.3523569405078888,0.7082669734954834,-0.03345201164484024,0.3156287372112274,0.6607772707939148,0.0014156795805320144,0.33511725068092346,0.6519837379455566,-0.015009118244051933,0.3317745327949524,0.7052741050720215,-0.02074599824845791,0.324364572763443,0.7088163495063782,-0.021480588242411613,0.28553760051727295,0.6651601195335388,-0.0028119159396737814,0.300839364528656,0.6561962962150574,-0.018718700855970383,0.30299460887908936,0.7046076655387878,-0.01306198164820671,0.29750850796699524,0.7119987607002258,-0.005759316496551037,0.2525607943534851,0.6753462553024292,-0.00914753321558237,0.26999905705451965,0.657996416091919,-0.014304651878774166,0.27621176838874817,0.6937111616134644,-0.0037858737632632256,0.2734990119934082,0.7081713080406189,0.005972784943878651,low
