landmark_0_x,landmark_0_y,landmark_0_z,landmark_1_x,landmark_1_y,landmark_1_z,landmark_2_x,landmark_2_y,landmark_2_z,landmark_3_x,landmark_3_y,landmark_3_z,landmark_4_x,landmark_4_y,landmark_4_z,landmark_5_x,landmark_5_y,landmark_5_z,landmark_6_x,landmark_6_y,landmark_6_z,landmark_7_x,landmark_7_y,landmark_7_z,landmark_8_x,landmark_8_y,landmark_8_z,landmark_9_x,landmark_9_y,landmark_9_z,landmark_10_x,landmark_10_y,landmark_10_z,landmark_11_x,landmark_11_y,landmark_11_z,landmark_12_x,landmark_12_y,landmark_12_z,landmark_13_x,landmark_13_y,landmark_13_z,landmark_14_x,landmark_14_y,landmark_14_z,landmark_15_x,landmark_15_y,landmark_15_z,landmark_16_x,landmark_16_y,landmark_16_z,landmark_17_x,landmark_17_y,landmark_17_z,landmark_18_x,landmark_18_y,landmark_18_z,landmark_19_x,landmark_19_y,landmark_19_z,landmark_20_x,landmark_20_y,landmark_20_z,class
0.10591702163219452,0.8958525061607361,-1.4919162083515403e-07,0.14857575297355652,0.8751876354217529,-0.021079249680042267,0.19623719155788422,0.8355473875999451,-0.02889241836965084,0.19622394442558289,0.7878726720809937,-0.034665994346141815,0.16091354191303253,0.7806784510612488,-0.03622172400355339,0.17432861030101776,0.7639502286911011,-0.0041247038170695305,0.1865406334400177,0.7451348304748535,-0.022687586024403572,0.1744173765182495,0.7868224382400513,-0.031877487897872925,0.1702570915222168,0.7926886677742004,-0.03637384623289108,0.1479026824235916,0.7544888257980347,-0.002237818669527769,0.15567325055599213,0.741698145866394,-0.021989205852150917,0.14742137491703033,0.790634274482727,-0.02514307200908661,0.14757609367370605,0.7898906469345093,-0.022474655881524086,0.1211375966668129,0.7544522285461426,-0.0045897928066551685,0.1226353645324707,0.7472107410430908,-0.02523786947131157,0.1208619773387909,0.7922832369804382,-0.0194226186722517,0.12379927933216095,0.7911798357963562,-0.010387549176812172,0.0924307107925415,0.7584219574928284,-0.008790452033281326,0.09719328582286835,0.751219630241394,-0.017112456262111664,0.0991860181093216,0.7837557196617126,-0.008511479943990707,0.10069238394498825,0.7892887592315674,0.000531983794644475,low
