landmark_0_x,landmark_0_y,landmark_0_z,landmark_1_x,landmark_1_y,landmark_1_z,landmark_2_x,landmark_2_y,landmark_2_z,landmark_3_x,landmark_3_y,landmark_3_z,landmark_4_x,landmark_4_y,landmark_4_z,landmark_5_x,landmark_5_y,landmark_5_z,landmark_6_x,landmark_6_y,landmark_6_z,landmark_7_x,landmark_7_y,landmark_7_z,landmark_8_x,landmark_8_y,landmark_8_z,landmark_9_x,landmark_9_y,landmark_9_z,landmark_10_x,landmark_10_y,landmark_10_z,landmark_11_x,landmark_11_y,landmark_11_z,landmark_12_x,landmark_12_y,landmark_12_z,landmark_13_x,landmark_13_y,landmark_13_z,landmark_14_x,landmark_14_y,landmark_14_z,landmark_15_x,landmark_15_y,landmark_15_z,landmark_16_x,landmark_16_y,landmark_16_z,landmark_17_x,landmark_17_y,landmark_17_z,landmark_18_x,landmark_18_y,landmark_18_z,landmark_19_x,landmark_19_y,landmark_19_z,landmark_20_x,landmark_20_y,landmark_20_z,class
0.2541242837905884,0.9696427583694458,-3.5573910395214625e-07,0.32692423462867737,0.9414205551147461,-0.036693647503852844,0.4169582426548004,0.8609963655471802,-0.053542833775281906,0.44002190232276917,0.7794641256332397,-0.0668458566069603,0.39001208543777466,0.7664318084716797,-0.0731685608625412,0.3577417731285095,0.6885877251625061,-0.0127279506996274,0.39433056116104126,0.6962305307388306,-0.04496479034423828,0.3760652542114258,0.7803575396537781,-0.06304003298282623,0.3559398353099823,0.7796198129653931,-0.07371014356613159,0.3055310845375061,0.6770063638687134,-0.011216451413929462,0.3400035798549652,0.700034499168396,-0.041959211230278015,0.32801729440689087,0.7967292666435242,-0.048320621252059937,0.31023192405700684,0.7806267738342285,-0.0471104234457016,0.2530410587787628,0.6903321146965027,-0.01605301722884178,0.2800218462944031,0.7098938226699829,-0.049249935895204544,0.28204840421676636,0.7938453555107117,-0.03854049742221832,0.26930978894233704,0.7814446687698364,-0.02535557933151722,0.2020576000213623,0.7115426659584045,-0.024158814921975136,0.22962814569473267,0.7167455554008484,-0.039894066751003265,0.23712152242660522,0.779279887676239,-0.024539100006222725,0.22611713409423828,0.784351110458374,-0.009130527265369892,low
