landmark_0_x,landmark_0_y,landmark_0_z,landmark_1_x,landmark_1_y,landmark_1_z,landmark_2_x,landmark_2_y,landmark_2_z,landmark_3_x,landmark_3_y,landmark_3_z,landmark_4_x,landmark_4_y,landmark_4_z,landmark_5_x,landmark_5_y,landmark_5_z,landmark_6_x,landmark_6_y,landmark_6_z,landmark_7_x,landmark_7_y,landmark_7_z,landmark_8_x,landmark_8_y,landmark_8_z,landmark_9_x,landmark_9_y,landmark_9_z,landmark_10_x,landmark_10_y,landmark_10_z,landmark_11_x,landmark_11_y,landmark_11_z,landmark_12_x,landmark_12_y,landmark_12_z,landmark_13_x,landmark_13_y,landmark_13_z,landmark_14_x,landmark_14_y,landmark_14_z,landmark_15_x,landmark_15_y,landmark_15_z,landmark_16_x,landmark_16_y,landmark_16_z,landmark_17_x,landmark_17_y,landmark_17_z,landmark_18_x,landmark_18_y,landmark_18_z,landmark_19_x,landmark_19_y,landmark_19_z,landmark_20_x,landmark_20_y,landmark_20_z,class
0.3445524275302887,0.8743212223052979,-2.6951684617415594e-07,0.3970651626586914,0.8500844240188599,-0.02252325601875782,0.45807379484176636,0.7993882298469543,-0.03389377146959305,0.4721696674823761,0.7413386702537537,-0.04384269937872887,0.4319835305213928,0.7252171635627747,-0.048806507140398026,0.41844630241394043,0.6869150400161743,-0.00497149582952261,0.45244526863098145,0.6821179389953613,-0.027406802400946617,0.43408894538879395,0.740893542766571,-0.039290089160203934,0.42054203152656555,0.741946816444397,-0.04662374407052994,0.3866771161556244,0.67722487449646,-0.0056560346856713295,0.4187091886997223,0.6820858716964722,-0.02926507033407688,0.40417301654815674,0.7490523457527161,-0.033464569598436356,0.39344894886016846,0.7439612746238708,-0.03196151927113533,0.35327792167663574,0.6811413764953613,-0.010832365602254868,0.378833532333374,0.6834602355957031,-0.03502000868320465,0.37217915058135986,0.7476122975349426,-0.025653351098299026,0.3628399670124054,0.7475112080574036,-0.014584129676222801,0.3189314007759094,0.6904132962226868,-0.018231060355901718,0.3450118899345398,0.6890835762023926,-0.02849564701318741,0.34420132637023926,0.7365761995315552,-0.01695990562438965,0.3355828821659088,0.7436578869819641,-0.0058019510470330715,low
