landmark_0_x,landmark_0_y,landmark_0_z,landmark_1_x,landmark_1_y,landmark_1_z,landmark_2_x,landmark_2_y,landmark_2_z,landmark_3_x,landmark_3_y,landmark_3_z,landmark_4_x,landmark_4_y,landmark_4_z,landmark_5_x,landmark_5_y,landmark_5_z,landmark_6_x,landmark_6_y,landmark_6_z,landmark_7_x,landmark_7_y,landmark_7_z,landmark_8_x,landmark_8_y,landmark_8_z,landmark_9_x,landmark_9_y,landmark_9_z,landmark_10_x,landmark_10_y,landmark_10_z,landmark_11_x,landmark_11_y,landmark_11_z,landmark_12_x,landmark_12_y,landmark_12_z,landmark_13_x,landmark_13_y,landmark_13_z,landmark_14_x,landmark_14_y,landmark_14_z,landmark_15_x,landmark_15_y,landmark_15_z,landmark_16_x,landmark_16_y,landmark_16_z,landmark_17_x,landmark_17_y,landmark_17_z,landmark_18_x,landmark_18_y,landmark_18_z,landmark_19_x,landmark_19_y,landmark_19_z,landmark_20_x,landmark_20_y,landmark_20_z,class
0.25489342212677,1.0046124458312988,-3.700943409512547e-07,0.3283575177192688,0.975479006767273,-0.0406060591340065,0.4144347310066223,0.8886081576347351,-0.05874895676970482,0.42725929617881775,0.8068806529045105,-0.0722460225224495,0.37495726346969604,0.7982298731803894,-0.07719173282384872,0.3539624810218811,0.7173039317131042,-0.015568612143397331,0.38276931643486023,0.7198169231414795,-0.05095084011554718,0.36560648679733276,0.8084720373153687,-0.0685477927327156,0.34745028614997864,0.8070642948150635,-0.07882670313119888,0.2966431975364685,0.7071525454521179,-0.013183274306356907,0.32756853103637695,0.7245913743972778,-0.04975534975528717,0.31854477524757385,0.8270294070243835,-0.0566086545586586,0.30386361479759216,0.8089317679405212,-0.054260700941085815,0.24147266149520874,0.721950113773346,-0.017810290679335594,0.26338914036750793,0.7430825233459473,-0.055520880967378616,0.2675069272518158,0.8316055536270142,-0.04477356746792793,0.2580517828464508,0.8166248202323914,-0.030467268079519272,0.190080463886261,0.7437342405319214,-0.02615262009203434,0.2104673981666565,0.7604020833969116,-0.04482302814722061,0.22123771905899048,0.8218461275100708,-0.03216245025396347,0.21570909023284912,0.8181928396224976,-0.01817581243813038,low
