landmark_0_x,landmark_0_y,landmark_0_z,landmark_1_x,landmark_1_y,landmark_1_z,landmark_2_x,landmark_2_y,landmark_2_z,landmark_3_x,landmark_3_y,landmark_3_z,landmark_4_x,landmark_4_y,landmark_4_z,landmark_5_x,landmark_5_y,landmark_5_z,landmark_6_x,landmark_6_y,landmark_6_z,landmark_7_x,landmark_7_y,landmark_7_z,landmark_8_x,landmark_8_y,landmark_8_z,landmark_9_x,landmark_9_y,landmark_9_z,landmark_10_x,landmark_10_y,landmark_10_z,landmark_11_x,landmark_11_y,landmark_11_z,landmark_12_x,landmark_12_y,landmark_12_z,landmark_13_x,landmark_13_y,landmark_13_z,landmark_14_x,landmark_14_y,landmark_14_z,landmark_15_x,landmark_15_y,landmark_15_z,landmark_16_x,landmark_16_y,landmark_16_z,landmark_17_x,landmark_17_y,landmark_17_z,landmark_18_x,landmark_18_y,landmark_18_z,landmark_19_x,landmark_19_y,landmark_19_z,landmark_20_x,landmark_20_y,landmark_20_z,class
0.23088252544403076,0.8801562190055847,-3.1703038416708296e-07,0.3123762607574463,0.8445690870285034,-0.028355494141578674,0.4016842246055603,0.7746574878692627,-0.040056101977825165,0.4237291216850281,0.6970199942588806,-0.0496562197804451,0.3721776008605957,0.6840419173240662,-0.053429488092660904,0.33427155017852783,0.6295974254608154,-0.003905369434505701,0.3831399083137512,0.6134546399116516,-0.03041297197341919,0.36352989077568054,0.6888201832771301,-0.04656669497489929,0.3423265814781189,0.6947643160820007,-0.05663667619228363,0.2901891767978668,0.6210628151893616,-0.004148398991674185,0.33298560976982117,0.6144171357154846,-0.02941046841442585,0.3202803134918213,0.6987054944038391,-0.03557003661990166,0.302205353975296,0.697529673576355,-0.035693030804395676,0.24643771350383759,0.6269344091415405,-0.00997560191899538,0.2807755470275879,0.6213912963867188,-0.034660279750823975,0.2784588932991028,0.6975114345550537,-0.0241486094892025,0.26245570182800293,0.7003961801528931,-0.012824688106775284,0.20096977055072784,0.6404329538345337,-0.018801849335432053,0.23365186154842377,0.6244398355484009,-0.027493642643094063,0.2384970486164093,0.6807726621627808,-0.011992246843874454,0.2263050079345703,0.6953356266021729,0.0017929404275491834,low
