landmark_0_x,landmark_0_y,landmark_0_z,landmark_1_x,landmark_1_y,landmark_1_z,landmark_2_x,landmark_2_y,landmark_2_z,landmark_3_x,landmark_3_y,landmark_3_z,landmark_4_x,landmark_4_y,landmark_4_z,landmark_5_x,landmark_5_y,landmark_5_z,landmark_6_x,landmark_6_y,landmark_6_z,landmark_7_x,landmark_7_y,landmark_7_z,landmark_8_x,landmark_8_y,landmark_8_z,landmark_9_x,landmark_9_y,landmark_9_z,landmark_10_x,landmark_10_y,landmark_10_z,landmark_11_x,landmark_11_y,landmark_11_z,landmark_12_x,landmark_12_y,landmark_12_z,landmark_13_x,landmark_13_y,landmark_13_z,landmark_14_x,landmark_14_y,landmark_14_z,landmark_15_x,landmark_15_y,landmark_15_z,landmark_16_x,landmark_16_y,landmark_16_z,landmark_17_x,landmark_17_y,landmark_17_z,landmark_18_x,landmark_18_y,landmark_18_z,landmark_19_x,landmark_19_y,landmark_19_z,landmark_20_x,landmark_20_y,landmark_20_z,class
0.0847415030002594,0.8829299211502075,-1.9251642413564696e-07,0.13823357224464417,0.8518439531326294,-0.029505981132388115,0.19412589073181152,0.7917937636375427,-0.039426740258932114,0.1876164972782135,0.7242032289505005,-0.04622281342744827,0.1384199559688568,0.7162187099456787,-0.045822542160749435,0.17224366962909698,0.7138829231262207,-0.004243978299200535,0.18437935411930084,0.6749508380889893,-0.031292520463466644,0.1692475825548172,0.7353721857070923,-0.043065957725048065,0.16652703285217285,0.746310830116272,-0.04788001999258995,0.1381688266992569,0.7021613717079163,-0.0012502135941758752,0.1450391262769699,0.6679788827896118,-0.031279243528842926,0.13363604247570038,0.740068793296814,-0.034107755869627,0.1353076994419098,0.7418885827064514,-0.027746474370360374,0.10332430154085159,0.6998805403709412,-0.0047804974019527435,0.10210224241018295,0.6774216294288635,-0.0352788083255291,0.09868914633989334,0.7416269779205322,-0.02543271891772747,0.10349763929843903,0.7411635518074036,-0.010269640013575554,0.06624656915664673,0.7010477185249329,-0.011021411046385765,0.07067443430423737,0.6841244697570801,-0.022546853870153427,0.07190379500389099,0.7267400026321411,-0.009960387833416462,0.07238110899925232,0.7332113981246948,0.0034381146542727947,low
