landmark_0_x,landmark_0_y,landmark_0_z,landmark_1_x,landmark_1_y,landmark_1_z,landmark_2_x,landmark_2_y,landmark_2_z,landmark_3_x,landmark_3_y,landmark_3_z,landmark_4_x,landmark_4_y,landmark_4_z,landmark_5_x,landmark_5_y,landmark_5_z,landmark_6_x,landmark_6_y,landmark_6_z,landmark_7_x,landmark_7_y,landmark_7_z,landmark_8_x,landmark_8_y,landmark_8_z,landmark_9_x,landmark_9_y,landmark_9_z,landmark_10_x,landmark_10_y,landmark_10_z,landmark_11_x,landmark_11_y,landmark_11_z,landmark_12_x,landmark_12_y,landmark_12_z,landmark_13_x,landmark_13_y,landmark_13_z,landmark_14_x,landmark_14_y,landmark_14_z,landmark_15_x,landmark_15_y,landmark_15_z,landmark_16_x,landmark_16_y,landmark_16_z,landmark_17_x,landmark_17_y,landmark_17_z,landmark_18_x,landmark_18_y,landmark_18_z,landmark_19_x,landmark_19_y,landmark_19_z,landmark_20_x,landmark_20_y,landmark_20_z,class
0.2742847502231598,0.9600441455841064,-3.824333418833703e-07,0.34136977791786194,0.939419150352478,-0.03767939284443855,0.41682302951812744,0.8590044379234314,-0.05269138887524605,0.43346691131591797,0.7799298167228699,-0.06296229362487793,0.3891586661338806,0.7581770420074463,-0.06657911837100983,0.3665677011013031,0.7014766931533813,-0.014919506385922432,0.3907090127468109,0.697625994682312,-0.045232322067022324,0.3769311308860779,0.7779687643051147,-0.0613609254360199,0.3602634370326996,0.782888650894165,-0.07073672115802765,0.31519120931625366,0.6927803158760071,-0.010707514360547066,0.33766037225723267,0.7015376687049866,-0.04047980159521103,0.3325295150279999,0.7971689105033875,-0.04565640538930893,0.31951481103897095,0.7866823673248291,-0.043407537043094635,0.2654733657836914,0.7054893374443054,-0.012845238670706749,0.28101271390914917,0.718633770942688,-0.04493841901421547,0.2872498333454132,0.7995429039001465,-0.03480677306652069,0.27815037965774536,0.7903995513916016,-0.022045020014047623,0.218105748295784,0.7270811796188354,-0.018233753740787506,0.23372945189476013,0.7345197796821594,-0.034979432821273804,0.24373899400234222,0.7904727458953857,-0.023162322118878365,0.23795734345912933,0.7913916110992432,-0.010295294225215912,low
