landmark_0_x,landmark_0_y,landmark_0_z,landmark_1_x,landmark_1_y,landmark_1_z,landmark_2_x,landmark_2_y,landmark_2_z,landmark_3_x,landmark_3_y,landmark_3_z,landmark_4_x,landmark_4_y,landmark_4_z,landmark_5_x,landmark_5_y,landmark_5_z,landmark_6_x,landmark_6_y,landmark_6_z,landmark_7_x,landmark_7_y,landmark_7_z,landmark_8_x,landmark_8_y,landmark_8_z,landmark_9_x,landmark_9_y,landmark_9_z,landmark_10_x,landmark_10_y,landmark_10_z,landmark_11_x,landmark_11_y,landmark_11_z,landmark_12_x,landmark_12_y,landmark_12_z,landmark_13_x,landmark_13_y,landmark_13_z,landmark_14_x,landmark_14_y,landmark_14_z,landmark_15_x,landmark_15_y,landmark_15_z,landmark_16_x,landmark_16_y,landmark_16_z,landmark_17_x,landmark_17_y,landmark_17_z,landmark_18_x,landmark_18_y,landmark_18_z,landmark_19_x,landmark_19_y,landmark_19_z,landmark_20_x,landmark_20_y,landmark_20_z,class
0.28362756967544556,0.9179567098617554,-3.1215051876642974e-07,0.34632495045661926,0.8949446678161621,-0.03182174265384674,0.42135879397392273,0.8243124485015869,-0.04391159489750862,0.43545830249786377,0.7473281621932983,-0.05255703628063202,0.38819169998168945,0.7324285507202148,-0.05523062124848366,0.37198346853256226,0.6948919296264648,-0.011632578447461128,0.3912510275840759,0.6705845594406128,-0.038276415318250656,0.3790956437587738,0.7443304657936096,-0.05118589848279953,0.368538498878479,0.7542121410369873,-0.057835571467876434,0.3278515338897705,0.6878198981285095,-0.008925612084567547,0.34457817673683167,0.6747652292251587,-0.03657190129160881,0.3393148183822632,0.7615454792976379,-0.04011176899075508,0.33168718218803406,0.7593250870704651,-0.03633248433470726,0.2845012843608856,0.6960647702217102,-0.011728150770068169,0.2956453263759613,0.6877061128616333,-0.041730061173439026,0.2996298670768738,0.7657048106193542,-0.030438190326094627,0.29549863934516907,0.7664230465888977,-0.0160406194627285,0.24039512872695923,0.7100446224212646,-0.01716737262904644,0.25439754128456116,0.6992347240447998,-0.03115280531346798,0.2624674141407013,0.7530034780502319,-0.017182128503918648,0.26012903451919556,0.7622340321540833,-0.00266761751845479,low
