landmark_0_x,landmark_0_y,landmark_0_z,landmark_1_x,landmark_1_y,landmark_1_z,landmark_2_x,landmark_2_y,landmark_2_z,landmark_3_x,landmark_3_y,landmark_3_z,landmark_4_x,landmark_4_y,landmark_4_z,landmark_5_x,landmark_5_y,landmark_5_z,landmark_6_x,landmark_6_y,landmark_6_z,landmark_7_x,landmark_7_y,landmark_7_z,landmark_8_x,landmark_8_y,landmark_8_z,landmark_9_x,landmark_9_y,landmark_9_z,landmark_10_x,landmark_10_y,landmark_10_z,landmark_11_x,landmark_11_y,landmark_11_z,landmark_12_x,landmark_12_y,landmark_12_z,landmark_13_x,landmark_13_y,landmark_13_z,landmark_14_x,landmark_14_y,landmark_14_z,landmark_15_x,landmark_15_y,landmark_15_z,landmark_16_x,landmark_16_y,landmark_16_z,landmark_17_x,landmark_17_y,landmark_17_z,landmark_18_x,landmark_18_y,landmark_18_z,landmark_19_x,landmark_19_y,landmark_19_z,landmark_20_x,landmark_20_y,landmark_20_z,class
0.32275694608688354,0.9309757947921753,-3.0753673740946397e-07,0.37815919518470764,0.9147751927375793,-0.022036094218492508,0.4372352063655853,0.8607288002967834,-0.029195670038461685,0.4464660882949829,0.8006049394607544,-0.034523855894804,0.40911293029785156,0.787124514579773,-0.035395074635744095,0.4047578275203705,0.7674245238304138,-0.005980256944894791,0.43360981345176697,0.7457579970359802,-0.02639322355389595,0.4174177646636963,0.8015952706336975,-0.03608894348144531,0.40581271052360535,0.8110204935073853,-0.04111369699239731,0.3735835552215576,0.7584033608436584,-0.004856081213802099,0.3953397870063782,0.7433014512062073,-0.02632729522883892,0.381977915763855,0.8069340586662292,-0.028686754405498505,0.3715718388557434,0.8113322257995605,-0.025715021416544914,0.341612845659256,0.7588279247283936,-0.0081693259999156,0.35723140835762024,0.7442996501922607,-0.029366539791226387,0.3512651324272156,0.801820695400238,-0.020088836550712585,0.3426513969898224,0.8086393475532532,-0.009161104448139668,0.3065454959869385,0.762820839881897,-0.013565891422331333,0.32177332043647766,0.746243953704834,-0.02203935757279396,0.3227432370185852,0.7844957113265991,-0.011136696673929691,0.3169606924057007,0.7945544719696045,-0.000581897736992687,low
