landmark_0_x,landmark_0_y,landmark_0_z,landmark_1_x,landmark_1_y,landmark_1_z,landmark_2_x,landmark_2_y,landmark_2_z,landmark_3_x,landmark_3_y,landmark_3_z,landmark_4_x,landmark_4_y,landmark_4_z,landmark_5_x,landmark_5_y,landmark_5_z,landmark_6_x,landmark_6_y,landmark_6_z,landmark_7_x,landmark_7_y,landmark_7_z,landmark_8_x,landmark_8_y,landmark_8_z,landmark_9_x,landmark_9_y,landmark_9_z,landmark_10_x,landmark_10_y,landmark_10_z,landmark_11_x,landmark_11_y,landmark_11_z,landmark_12_x,landmark_12_y,landmark_12_z,landmark_13_x,landmark_13_y,landmark_13_z,landmark_14_x,landmark_14_y,landmark_14_z,landmark_15_x,landmark_15_y,landmark_15_z,landmark_16_x,landmark_16_y,landmark_16_z,landmark_17_x,landmark_17_y,landmark_17_z,landmark_18_x,landmark_18_y,landmark_18_z,landmark_19_x,landmark_19_y,landmark_19_z,landmark_20_x,landmark_20_y,landmark_20_z,class
0.09872019290924072,0.9031531810760498,-2.3832376427890267e-07,0.1581636667251587,0.8777124285697937,-0.03156178072094917,0.21922087669372559,0.8163362741470337,-0.04195236414670944,0.21083331108093262,0.7463340163230896,-0.04873467981815338,0.16184954345226288,0.7351430654525757,-0.04875940456986427,0.19099731743335724,0.7257418632507324,-0.006373676937073469,0.19642961025238037,0.6868009567260742,-0.03493823856115341,0.18248213827610016,0.747323751449585,-0.048721931874752045,0.1806127429008484,0.7646807432174683,-0.05422653630375862,0.15221916139125824,0.7153817415237427,-0.0026170695200562477,0.1534351110458374,0.6844800114631653,-0.03324318304657936,0.14657749235630035,0.7596938014030457,-0.03771160915493965,0.14976811408996582,0.7670866847038269,-0.032372262328863144,0.11465927213430405,0.716258704662323,-0.005354517139494419,0.10893164575099945,0.6942664384841919,-0.03799302503466606,0.11178629845380783,0.7627641558647156,-0.030019301921129227,0.1193581223487854,0.7679344415664673,-0.015553678385913372,0.07542333006858826,0.7228137850761414,-0.010703103616833687,0.07616901397705078,0.7032321095466614,-0.025508280843496323,0.081521175801754,0.7496328353881836,-0.014155597425997257,0.08486650139093399,0.7601693868637085,-0.0007546890992671251,low
