landmark_0_x,landmark_0_y,landmark_0_z,landmark_1_x,landmark_1_y,landmark_1_z,landmark_2_x,landmark_2_y,landmark_2_z,landmark_3_x,landmark_3_y,landmark_3_z,landmark_4_x,landmark_4_y,landmark_4_z,landmark_5_x,landmark_5_y,landmark_5_z,landmark_6_x,landmark_6_y,landmark_6_z,landmark_7_x,landmark_7_y,landmark_7_z,landmark_8_x,landmark_8_y,landmark_8_z,landmark_9_x,landmark_9_y,landmark_9_z,landmark_10_x,landmark_10_y,landmark_10_z,landmark_11_x,landmark_11_y,landmark_11_z,landmark_12_x,landmark_12_y,landmark_12_z,landmark_13_x,landmark_13_y,landmark_13_z,landmark_14_x,landmark_14_y,landmark_14_z,landmark_15_x,landmark_15_y,landmark_15_z,landmark_16_x,landmark_16_y,landmark_16_z,landmark_17_x,landmark_17_y,landmark_17_z,landmark_18_x,landmark_18_y,landmark_18_z,landmark_19_x,landmark_19_y,landmark_19_z,landmark_20_x,landmark_20_y,landmark_20_z,class
0.038162488490343094,0.8778775930404663,-2.6434028654875874e-07,0.11228659749031067,0.8575741648674011,-0.034476395696401596,0.2017054557800293,0.7906668186187744,-0.04341764375567436,0.21017269790172577,0.709357500076294,-0.048502836376428604,0.1523321270942688,0.693854033946991,-0.047124337404966354,0.15331819653511047,0.6581709980964661,-0.0007019925978966057,0.1724635362625122,0.6368542909622192,-0.028843024745583534,0.1589183211326599,0.7144240736961365,-0.04552474990487099,0.14912191033363342,0.7299973964691162,-0.05420700088143349,0.10722862184047699,0.6404477953910828,0.0040783630684018135,0.11854815483093262,0.6290669441223145,-0.025299331173300743,0.11284492909908295,0.7196033596992493,-0.0344814732670784,0.10643452405929565,0.7249664068222046,-0.0337047316133976,0.0613112673163414,0.6428823471069336,0.002313935663551092,0.06664064526557922,0.6326899528503418,-0.028427118435502052,0.07038163393735886,0.7168187499046326,-0.0200125090777874,0.06733788549900055,0.7227542400360107,-0.007151872385293245,0.012731492519378662,0.6558196544647217,-0.002446464030072093,0.025668181478977203,0.6469627618789673,-0.016411904245615005,0.0317387729883194,0.7064093947410583,-0.003114418825134635,0.03002939373254776,0.7179939150810242,0.011005389504134655,low
