landmark_0_x,landmark_0_y,landmark_0_z,landmark_1_x,landmark_1_y,landmark_1_z,landmark_2_x,landmark_2_y,landmark_2_z,landmark_3_x,landmark_3_y,landmark_3_z,landmark_4_x,landmark_4_y,landmark_4_z,landmark_5_x,landmark_5_y,landmark_5_z,landmark_6_x,landmark_6_y,landmark_6_z,landmark_7_x,landmark_7_y,landmark_7_z,landmark_8_x,landmark_8_y,landmark_8_z,landmark_9_x,landmark_9_y,landmark_9_z,landmark_10_x,landmark_10_y,landmark_10_z,landmark_11_x,landmark_11_y,landmark_11_z,landmark_12_x,landmark_12_y,landmark_12_z,landmark_13_x,landmark_13_y,landmark_13_z,landmark_14_x,landmark_14_y,landmark_14_z,landmark_15_x,landmark_15_y,landmark_15_z,landmark_16_x,landmark_16_y,landmark_16_z,landmark_17_x,landmark_17_y,landmark_17_z,landmark_18_x,landmark_18_y,landmark_18_z,landmark_19_x,landmark_19_y,landmark_19_z,landmark_20_x,landmark_20_y,landmark_20_z,class
0.32330334186553955,0.8866109848022461,-1.4025138739270915e-07,0.3656176030635834,0.8711402416229248,-0.015544327907264233,0.4112798869609833,0.8268071413040161,-0.018882406875491142,0.41578391194343567,0.7779150009155273,-0.02116232179105282,0.3847993016242981,0.7708406448364258,-0.01986752264201641,0.38160306215286255,0.7653810977935791,0.003054513130337,0.39498230814933777,0.7440211176872253,-0.011096516624093056,0.3885731101036072,0.784514844417572,-0.018324140459299088,0.3855159282684326,0.7912286520004272,-0.021949252113699913,0.3585987091064453,0.7575855255126953,0.004167521372437477,0.36731165647506714,0.7409536838531494,-0.010416504926979542,0.36198022961616516,0.7846930027008057,-0.012679321691393852,0.3605433404445648,0.7838258743286133,-0.010592542588710785,0.33430349826812744,0.7574213743209839,0.0014645700575783849,0.33891919255256653,0.7430260181427002,-0.014032987877726555,0.33800002932548523,0.784482479095459,-0.007510734256356955,0.33860304951667786,0.7861257791519165,0.00039411074249073863,0.30710235238075256,0.760368287563324,-0.0027670245617628098,0.3146234154701233,0.7491472363471985,-0.00840185396373272,0.3156992793083191,0.7799299955368042,0.0004883002256974578,0.31558966636657715,0.7868363857269287,0.008855286985635757,low
