landmark_0_x,landmark_0_y,landmark_0_z,landmark_1_x,landmark_1_y,landmark_1_z,landmark_2_x,landmark_2_y,landmark_2_z,landmark_3_x,landmark_3_y,landmark_3_z,landmark_4_x,landmark_4_y,landmark_4_z,landmark_5_x,landmark_5_y,landmark_5_z,landmark_6_x,landmark_6_y,landmark_6_z,landmark_7_x,landmark_7_y,landmark_7_z,landmark_8_x,landmark_8_y,landmark_8_z,landmark_9_x,landmark_9_y,landmark_9_z,landmark_10_x,landmark_10_y,landmark_10_z,landmark_11_x,landmark_11_y,landmark_11_z,landmark_12_x,landmark_12_y,landmark_12_z,landmark_13_x,landmark_13_y,landmark_13_z,landmark_14_x,landmark_14_y,landmark_14_z,landmark_15_x,landmark_15_y,landmark_15_z,landmark_16_x,landmark_16_y,landmark_16_z,landmark_17_x,landmark_17_y,landmark_17_z,landmark_18_x,landmark_18_y,landmark_18_z,landmark_19_x,landmark_19_y,landmark_19_z,landmark_20_x,landmark_20_y,landmark_20_z,class
0.09720165282487869,0.9030032157897949,-2.1744065747952845e-07,0.15665239095687866,0.8775032758712769,-0.02946639619767666,0.21682217717170715,0.8168483376502991,-0.038458146154880524,0.20603279769420624,0.7481227517127991,-0.04409817233681679,0.15610739588737488,0.7392702102661133,-0.04328475892543793,0.18902340531349182,0.7254697680473328,-0.003228310029953718,0.1959351897239685,0.6904851794242859,-0.03005439229309559,0.18159782886505127,0.7494920492172241,-0.04306831955909729,0.17816686630249023,0.763687014579773,-0.048397015780210495,0.15172354876995087,0.7138094305992126,-0.0002645615313667804,0.15308989584445953,0.685969889163971,-0.028590140864253044,0.14581933617591858,0.7585026025772095,-0.03298729285597801,0.14822149276733398,0.762446403503418,-0.027992019429802895,0.11504855751991272,0.7142492532730103,-0.0036007980816066265,0.10846330970525742,0.6975096464157104,-0.03440726175904274,0.11053165793418884,0.7647186517715454,-0.02679026871919632,0.11790665984153748,0.7659584879875183,-0.012984919361770153,0.0764877200126648,0.7203981876373291,-0.009340336546301842,0.07502416521310806,0.7047688364982605,-0.022319763898849487,0.08023805171251297,0.7516632676124573,-0.010239018127322197,0.08453048765659332,0.7608650922775269,0.003341713920235634,low
