landmark_0_x,landmark_0_y,landmark_0_z,landmark_1_x,landmark_1_y,landmark_1_z,landmark_2_x,landmark_2_y,landmark_2_z,landmark_3_x,landmark_3_y,landmark_3_z,landmark_4_x,landmark_4_y,landmark_4_z,landmark_5_x,landmark_5_y,landmark_5_z,landmark_6_x,landmark_6_y,landmark_6_z,landmark_7_x,landmark_7_y,landmark_7_z,landmark_8_x,landmark_8_y,landmark_8_z,landmark_9_x,landmark_9_y,landmark_9_z,landmark_10_x,landmark_10_y,landmark_10_z,landmark_11_x,landmark_11_y,landmark_11_z,landmark_12_x,landmark_12_y,landmark_12_z,landmark_13_x,landmark_13_y,landmark_13_z,landmark_14_x,landmark_14_y,landmark_14_z,landmark_15_x,landmark_15_y,landmark_15_z,landmark_16_x,landmark_16_y,landmark_16_z,landmark_17_x,landmark_17_y,landmark_17_z,landmark_18_x,landmark_18_y,landmark_18_z,landmark_19_x,landmark_19_y,landmark_19_z,landmark_20_x,landmark_20_y,landmark_20_z,class
0.09884323924779892,0.9016371965408325,-2.3470951759918535e-07,0.15774789452552795,0.8775248527526855,-0.030642494559288025,0.21787944436073303,0.8170309662818909,-0.04061947390437126,0.2079983353614807,0.7476634383201599,-0.046853769570589066,0.1592468023300171,0.7353200912475586,-0.046574320644140244,0.19114281237125397,0.7255421876907349,-0.006831067148596048,0.19623099267482758,0.6874197125434875,-0.03466005250811577,0.1831005960702896,0.7490535378456116,-0.047984156757593155,0.18106791377067566,0.7647448778152466,-0.05332503840327263,0.15272749960422516,0.7152720093727112,-0.0034568910486996174,0.15458954870700836,0.6836220026016235,-0.032769978046417236,0.14781999588012695,0.7585485577583313,-0.03722633793950081,0.14960408210754395,0.7639732956886292,-0.03227760270237923,0.11540840566158295,0.7159592509269714,-0.006217842921614647,0.11029727756977081,0.6940218210220337,-0.03830491751432419,0.1127508282661438,0.7636371850967407,-0.030187278985977173,0.11936934292316437,0.7669433951377869,-0.01588946208357811,0.07618316262960434,0.7224348187446594,-0.011341405101120472,0.07709818333387375,0.7024481892585754,-0.025900669395923615,0.0824928730726242,0.7507778406143188,-0.013662593439221382,0.08544500917196274,0.7615660429000854,0.000280386972008273,low
