landmark_0_x,landmark_0_y,landmark_0_z,landmark_1_x,landmark_1_y,landmark_1_z,landmark_2_x,landmark_2_y,landmark_2_z,landmark_3_x,landmark_3_y,landmark_3_z,landmark_4_x,landmark_4_y,landmark_4_z,landmark_5_x,landmark_5_y,landmark_5_z,landmark_6_x,landmark_6_y,landmark_6_z,landmark_7_x,landmark_7_y,landmark_7_z,landmark_8_x,landmark_8_y,landmark_8_z,landmark_9_x,landmark_9_y,landmark_9_z,landmark_10_x,landmark_10_y,landmark_10_z,landmark_11_x,landmark_11_y,landmark_11_z,landmark_12_x,landmark_12_y,landmark_12_z,landmark_13_x,landmark_13_y,landmark_13_z,landmark_14_x,landmark_14_y,landmark_14_z,landmark_15_x,landmark_15_y,landmark_15_z,landmark_16_x,landmark_16_y,landmark_16_z,landmark_17_x,landmark_17_y,landmark_17_z,landmark_18_x,landmark_18_y,landmark_18_z,landmark_19_x,landmark_19_y,landmark_19_z,landmark_20_x,landmark_20_y,landmark_20_z,class
0.2861194610595703,0.8643420338630676,-1.9319949728924257e-07,0.3400150239467621,0.8364424705505371,-0.019399849697947502,0.4008784294128418,0.7818170189857483,-0.02566000446677208,0.40860527753829956,0.7182280421257019,-0.030988141894340515,0.36718475818634033,0.7045698165893555,-0.03221448138356209,0.35769417881965637,0.6885548830032349,-7.257608376676217e-05,0.3853015899658203,0.6670153141021729,-0.019199412316083908,0.3731552064418793,0.723967969417572,-0.030326470732688904,0.3612055778503418,0.7327280640602112,-0.03616667166352272,0.32629191875457764,0.6832165718078613,0.0002262764610350132,0.3466452658176422,0.666888415813446,-0.019782552495598793,0.3382246494293213,0.7274694442749023,-0.0253924410790205,0.3277696669101715,0.731074333190918,-0.024725114926695824,0.2949218451976776,0.6869165897369385,-0.003480266546830535,0.3103208541870117,0.6691395044326782,-0.021752603352069855,0.30905681848526,0.723952054977417,-0.014077809639275074,0.30081290006637573,0.7308225631713867,-0.004844308830797672,0.2597617506980896,0.6943811774253845,-0.009067511186003685,0.27945244312286377,0.6729168891906738,-0.014545965939760208,0.2811184525489807,0.7123689651489258,-0.002009403659030795,0.2739136815071106,0.7264842391014099,0.009474676102399826,low
