landmark_0_x,landmark_0_y,landmark_0_z,landmark_1_x,landmark_1_y,landmark_1_z,landmark_2_x,landmark_2_y,landmark_2_z,landmark_3_x,landmark_3_y,landmark_3_z,landmark_4_x,landmark_4_y,landmark_4_z,landmark_5_x,landmark_5_y,landmark_5_z,landmark_6_x,landmark_6_y,landmark_6_z,landmark_7_x,landmark_7_y,landmark_7_z,landmark_8_x,landmark_8_y,landmark_8_z,landmark_9_x,landmark_9_y,landmark_9_z,landmark_10_x,landmark_10_y,landmark_10_z,landmark_11_x,landmark_11_y,landmark_11_z,landmark_12_x,landmark_12_y,landmark_12_z,landmark_13_x,landmark_13_y,landmark_13_z,landmark_14_x,landmark_14_y,landmark_14_z,landmark_15_x,landmark_15_y,landmark_15_z,landmark_16_x,landmark_16_y,landmark_16_z,landmark_17_x,landmark_17_y,landmark_17_z,landmark_18_x,landmark_18_y,landmark_18_z,landmark_19_x,landmark_19_y,landmark_19_z,landmark_20_x,landmark_20_y,landmark_20_z,class
0.2725975215435028,0.9814101457595825,-3.618879134137387e-07,0.3402250409126282,0.9562267661094666,-0.03570614382624626,0.4165145754814148,0.8776244521141052,-0.0517389141023159,0.4310282766819,0.8021652698516846,-0.06437551975250244,0.38638707995414734,0.781524658203125,-0.07035078853368759,0.36510998010635376,0.7116069793701172,-0.012797159142792225,0.3905283510684967,0.7116385698318481,-0.04455244913697243,0.3763246536254883,0.7917367815971375,-0.06124073266983032,0.36028221249580383,0.7977478504180908,-0.07050304859876633,0.312608003616333,0.7022405862808228,-0.011175237596035004,0.33931076526641846,0.7188663482666016,-0.04185497760772705,0.33249562978744507,0.8124027252197266,-0.04728421941399574,0.3195551037788391,0.8026123642921448,-0.04482102394104004,0.26166561245918274,0.7163912653923035,-0.015971532091498375,0.2820301353931427,0.7369051575660706,-0.04958261922001839,0.2871862053871155,0.8193318247795105,-0.03943172097206116,0.27926671504974365,0.8129902482032776,-0.025823213160037994,0.213523268699646,0.7396107316017151,-0.023985637351870537,0.23344169557094574,0.751924991607666,-0.040967341512441635,0.24412408471107483,0.80986088514328,-0.02804272249341011,0.23984017968177795,0.8131256103515625,-0.0137781398370862,low
