landmark_0_x,landmark_0_y,landmark_0_z,landmark_1_x,landmark_1_y,landmark_1_z,landmark_2_x,landmark_2_y,landmark_2_z,landmark_3_x,landmark_3_y,landmark_3_z,landmark_4_x,landmark_4_y,landmark_4_z,landmark_5_x,landmark_5_y,landmark_5_z,landmark_6_x,landmark_6_y,landmark_6_z,landmark_7_x,landmark_7_y,landmark_7_z,landmark_8_x,landmark_8_y,landmark_8_z,landmark_9_x,landmark_9_y,landmark_9_z,landmark_10_x,landmark_10_y,landmark_10_z,landmark_11_x,landmark_11_y,landmark_11_z,landmark_12_x,landmark_12_y,landmark_12_z,landmark_13_x,landmark_13_y,landmark_13_z,landmark_14_x,landmark_14_y,landmark_14_z,landmark_15_x,landmark_15_y,landmark_15_z,landmark_16_x,landmark_16_y,landmark_16_z,landmark_17_x,landmark_17_y,landmark_17_z,landmark_18_x,landmark_18_y,landmark_18_z,landmark_19_x,landmark_19_y,landmark_19_z,landmark_20_x,landmark_20_y,landmark_20_z,class
0.21457818150520325,0.8858795762062073,2.2819767764303833e-07,0.2421683818101883,0.8766384720802307,-0.009500116109848022,0.2657906115055084,0.8446457982063293,-0.011304334737360477,0.26942819356918335,0.8137858510017395,-0.013678299263119698,0.2550489604473114,0.7951707243919373,-0.015078624710440636,0.24051351845264435,0.7978864312171936,0.004820101894438267,0.251265287399292,0.7844300866127014,-0.00593912648037076,0.25935298204421997,0.7944563031196594,-0.015248394571244717,0.26817744970321655,0.8010077476501465,-0.020201170817017555,0.22587300837039948,0.7871756553649902,0.004125373438000679,0.2396165430545807,0.7695780992507935,-0.005414028186351061,0.25499409437179565,0.7686315774917603,-0.01157833356410265,0.2709970772266388,0.7636869549751282,-0.014259045012295246,0.2066628485918045,0.7833186984062195,0.000653250957839191,0.22220973670482635,0.7749590873718262,-0.01196986623108387,0.2200307697057724,0.8005674481391907,-0.00998886488378048,0.21693016588687897,0.8143897652626038,-0.0047198752872645855,0.18503180146217346,0.7849583625793457,-0.0038608915638178587,0.20145070552825928,0.775104284286499,-0.010643154382705688,0.2016715258359909,0.793587863445282,-0.004473281092941761,0.19806402921676636,0.804328978061676,0.002356851939111948,low
