landmark_0_x,landmark_0_y,landmark_0_z,landmark_1_x,landmark_1_y,landmark_1_z,landmark_2_x,landmark_2_y,landmark_2_z,landmark_3_x,landmark_3_y,landmark_3_z,landmark_4_x,landmark_4_y,landmark_4_z,landmark_5_x,landmark_5_y,landmark_5_z,landmark_6_x,landmark_6_y,landmark_6_z,landmark_7_x,landmark_7_y,landmark_7_z,landmark_8_x,landmark_8_y,landmark_8_z,landmark_9_x,landmark_9_y,landmark_9_z,landmark_10_x,landmark_10_y,landmark_10_z,landmark_11_x,landmark_11_y,landmark_11_z,landmark_12_x,landmark_12_y,landmark_12_z,landmark_13_x,landmark_13_y,landmark_13_z,landmark_14_x,landmark_14_y,landmark_14_z,landmark_15_x,landmark_15_y,landmark_15_z,landmark_16_x,landmark_16_y,landmark_16_z,landmark_17_x,landmark_17_y,landmark_17_z,landmark_18_x,landmark_18_y,landmark_18_z,landmark_19_x,landmark_19_y,landmark_19_z,landmark_20_x,landmark_20_y,landmark_20_z,class
0.2820943593978882,0.9089823365211487,-2.9607568308165355e-07,0.34441834688186646,0.8841109871864319,-0.030465975403785706,0.4172481894493103,0.8165820240974426,-0.0418589822947979,0.4323519766330719,0.7423487901687622,-0.050427887588739395,0.3868217170238495,0.7273428440093994,-0.05289606377482414,0.36901718378067017,0.6960234642028809,-0.0074844323098659515,0.3885856568813324,0.6682507395744324,-0.03368321433663368,0.37524163722991943,0.7386074066162109,-0.04641198366880417,0.3647870421409607,0.747887372970581,-0.05277745798230171,0.3274485766887665,0.6883738040924072,-0.004872371908277273,0.34404805302619934,0.6722498536109924,-0.03212025389075279,0.33683669567108154,0.7545707821846008,-0.03580909222364426,0.3294987678527832,0.750857412815094,-0.032125093042850494,0.28578564524650574,0.6946156024932861,-0.008046270348131657,0.2968534231185913,0.6831754446029663,-0.03745641931891441,0.29891258478164673,0.7580218315124512,-0.026781201362609863,0.2948044240474701,0.758261501789093,-0.01279187947511673,0.24289725720882416,0.7062599062919617,-0.01389333140105009,0.2569914758205414,0.6946917772293091,-0.027405017986893654,0.2625519633293152,0.7452346086502075,-0.014431585557758808,0.2585482895374298,0.7528421878814697,-0.0007761502638459206,low
