landmark_0_x,landmark_0_y,landmark_0_z,landmark_1_x,landmark_1_y,landmark_1_z,landmark_2_x,landmark_2_y,landmark_2_z,landmark_3_x,landmark_3_y,landmark_3_z,landmark_4_x,landmark_4_y,landmark_4_z,landmark_5_x,landmark_5_y,landmark_5_z,landmark_6_x,landmark_6_y,landmark_6_z,landmark_7_x,landmark_7_y,landmark_7_z,landmark_8_x,landmark_8_y,landmark_8_z,landmark_9_x,landmark_9_y,landmark_9_z,landmark_10_x,landmark_10_y,landmark_10_z,landmark_11_x,landmark_11_y,landmark_11_z,landmark_12_x,landmark_12_y,landmark_12_z,landmark_13_x,landmark_13_y,landmark_13_z,landmark_14_x,landmark_14_y,landmark_14_z,landmark_15_x,landmark_15_y,landmark_15_z,landmark_16_x,landmark_16_y,landmark_16_z,landmark_17_x,landmark_17_y,landmark_17_z,landmark_18_x,landmark_18_y,landmark_18_z,landmark_19_x,landmark_19_y,landmark_19_z,landmark_20_x,landmark_20_y,landmark_20_z,class
0.13691243529319763,0.8819369077682495,-1.3726233305533242e-07,0.19429072737693787,0.8500605821609497,-0.017556486651301384,0.24940288066864014,0.79746413230896,-0.02223830111324787,0.2568676173686981,0.7328334450721741,-0.02773195132613182,0.21695441007614136,0.7222015857696533,-0.02965703420341015,0.20828154683113098,0.7376117706298828,0.010965107940137386,0.2365729808807373,0.7049470543861389,-0.007231647614389658,0.23087236285209656,0.7460590600967407,-0.021150654181838036,0.22622166574001312,0.7644692063331604,-0.029234880581498146,0.18211016058921814,0.7233635187149048,0.011169137433171272,0.20280517637729645,0.6999140381813049,-0.010950453579425812,0.19575399160385132,0.7418414950370789,-0.02308305725455284,0.19421350955963135,0.7530437707901001,-0.026016132906079292,0.1532125622034073,0.716130256652832,0.006634187884628773,0.1722375750541687,0.6937470436096191,-0.013695772737264633,0.17205166816711426,0.7300041317939758,-0.01575985923409462,0.17273738980293274,0.7414746284484863,-0.011655601672828197,0.11988840997219086,0.7130574584007263,-2.6083171178470366e-05,0.1408035159111023,0.6986756920814514,-0.008196958340704441,0.14428560435771942,0.7147011756896973,-0.00513866962864995,0.1446722149848938,0.7194671034812927,-0.00035941399983130395,low
