landmark_0_x,landmark_0_y,landmark_0_z,landmark_1_x,landmark_1_y,landmark_1_z,landmark_2_x,landmark_2_y,landmark_2_z,landmark_3_x,landmark_3_y,landmark_3_z,landmark_4_x,landmark_4_y,landmark_4_z,landmark_5_x,landmark_5_y,landmark_5_z,landmark_6_x,landmark_6_y,landmark_6_z,landmark_7_x,landmark_7_y,landmark_7_z,landmark_8_x,landmark_8_y,landmark_8_z,landmark_9_x,landmark_9_y,landmark_9_z,landmark_10_x,landmark_10_y,landmark_10_z,landmark_11_x,landmark_11_y,landmark_11_z,landmark_12_x,landmark_12_y,landmark_12_z,landmark_13_x,landmark_13_y,landmark_13_z,landmark_14_x,landmark_14_y,landmark_14_z,landmark_15_x,landmark_15_y,landmark_15_z,landmark_16_x,landmark_16_y,landmark_16_z,landmark_17_x,landmark_17_y,landmark_17_z,landmark_18_x,landmark_18_y,landmark_18_z,landmark_19_x,landmark_19_y,landmark_19_z,landmark_20_x,landmark_20_y,landmark_20_z,class
0.13477033376693726,0.9153088331222534,-1.3326982184480585e-07,0.1822984218597412,0.896259069442749,-0.022236542776226997,0.23971864581108093,0.8573952317237854,-0.029130106791853905,0.2465164214372635,0.8082293272018433,-0.03419148549437523,0.21076954901218414,0.7990626096725464,-0.03457966819405556,0.21773472428321838,0.7730674743652344,0.0012957339640706778,0.2291450798511505,0.760557234287262,-0.017749454826116562,0.21743279695510864,0.803805410861969,-0.028574611991643906,0.21619373559951782,0.8075631260871887,-0.03430403023958206,0.1913181096315384,0.760654091835022,0.0035417440813034773,0.1939094215631485,0.756706178188324,-0.016109589487314224,0.18550506234169006,0.8067658543586731,-0.020033759996294975,0.18963782489299774,0.8032410740852356,-0.018106579780578613,0.1626024842262268,0.7593011260032654,0.0007232549251057208,0.16040311753749847,0.7568978071212769,-0.01931246556341648,0.1570376455783844,0.8030104637145996,-0.013269040733575821,0.16300874948501587,0.8011785745620728,-0.004480369854718447,0.13154634833335876,0.7610019445419312,-0.004474792163819075,0.13318009674549103,0.7584198713302612,-0.011836367659270763,0.1320764422416687,0.790735125541687,-0.00322283199056983,0.13454671204090118,0.7946248054504395,0.005656149238348007,low
