landmark_0_x,landmark_0_y,landmark_0_z,landmark_1_x,landmark_1_y,landmark_1_z,landmark_2_x,landmark_2_y,landmark_2_z,landmark_3_x,landmark_3_y,landmark_3_z,landmark_4_x,landmark_4_y,landmark_4_z,landmark_5_x,landmark_5_y,landmark_5_z,landmark_6_x,landmark_6_y,landmark_6_z,landmark_7_x,landmark_7_y,landmark_7_z,landmark_8_x,landmark_8_y,landmark_8_z,landmark_9_x,landmark_9_y,landmark_9_z,landmark_10_x,landmark_10_y,landmark_10_z,landmark_11_x,landmark_11_y,landmark_11_z,landmark_12_x,landmark_12_y,landmark_12_z,landmark_13_x,landmark_13_y,landmark_13_z,landmark_14_x,landmark_14_y,landmark_14_z,landmark_15_x,landmark_15_y,landmark_15_z,landmark_16_x,landmark_16_y,landmark_16_z,landmark_17_x,landmark_17_y,landmark_17_z,landmark_18_x,landmark_18_y,landmark_18_z,landmark_19_x,landmark_19_y,landmark_19_z,landmark_20_x,landmark_20_y,landmark_20_z,class
0.8745935559272766,0.7617625594139099,9.64374393674916e-08,0.8443514108657837,0.7399169206619263,-0.014889145269989967,0.8265295624732971,0.703366756439209,-0.02442880906164646,0.8386526703834534,0.6740738153457642,-0.03318662568926811,0.859488844871521,0.6619192361831665,-0.04162171110510826,0.833617627620697,0.6515894532203674,-0.016867272555828094,0.8381184339523315,0.6005449891090393,-0.03402489796280861,0.8460128903388977,0.5662359595298767,-0.04595617949962616,0.8537771105766296,0.5374737977981567,-0.05364757031202316,0.8629912734031677,0.648668646812439,-0.018459780141711235,0.8772523403167725,0.6134566068649292,-0.04680868238210678,0.8787106275558472,0.6590638160705566,-0.053672052919864655,0.8741177320480347,0.6973153352737427,-0.0499173104763031,0.8892841935157776,0.6531036496162415,-0.021694134920835495,0.9021220803260803,0.6329856514930725,-0.04584849253296852,0.8979026079177856,0.6723035573959351,-0.04214194044470787,0.8896465301513672,0.6995960474014282,-0.03183469548821449,0.9103569984436035,0.664093554019928,-0.025967083871364594,0.9190869927406311,0.6496220827102661,-0.039476178586483,0.9130480885505676,0.6783725023269653,-0.03365152329206467,0.905116617679596,0.6976664066314697,-0.02470342628657818,si
