landmark_0_x,landmark_0_y,landmark_0_z,landmark_1_x,landmark_1_y,landmark_1_z,landmark_2_x,landmark_2_y,landmark_2_z,landmark_3_x,landmark_3_y,landmark_3_z,landmark_4_x,landmark_4_y,landmark_4_z,landmark_5_x,landmark_5_y,landmark_5_z,landmark_6_x,landmark_6_y,landmark_6_z,landmark_7_x,landmark_7_y,landmark_7_z,landmark_8_x,landmark_8_y,landmark_8_z,landmark_9_x,landmark_9_y,landmark_9_z,landmark_10_x,landmark_10_y,landmark_10_z,landmark_11_x,landmark_11_y,landmark_11_z,landmark_12_x,landmark_12_y,landmark_12_z,landmark_13_x,landmark_13_y,landmark_13_z,landmark_14_x,landmark_14_y,landmark_14_z,landmark_15_x,landmark_15_y,landmark_15_z,landmark_16_x,landmark_16_y,landmark_16_z,landmark_17_x,landmark_17_y,landmark_17_z,landmark_18_x,landmark_18_y,landmark_18_z,landmark_19_x,landmark_19_y,landmark_19_z,landmark_20_x,landmark_20_y,landmark_20_z,class
0.7920351028442383,0.6014145612716675,5.53928245494717e-08,0.7433217763900757,0.6070647835731506,-0.04373051971197128,0.700953483581543,0.5993820428848267,-0.0825539082288742,0.701162576675415,0.6106359958648682,-0.1174781396985054,0.7348989248275757,0.6251458525657654,-0.15271128714084625,0.7035378813743591,0.449710488319397,-0.07285104691982269,0.7034960985183716,0.39665868878364563,-0.1159442812204361,0.7161902189254761,0.3552086353302002,-0.1451667696237564,0.7330566644668579,0.31534820795059204,-0.16605313122272491,0.7671595215797424,0.4245855510234833,-0.07389369606971741,0.7725961208343506,0.48050978779792786,-0.12305641174316406,0.7700591683387756,0.5602878332138062,-0.13135577738285065,0.7713370323181152,0.585159182548523,-0.13026589155197144,0.8254728317260742,0.4428402781486511,-0.07946329563856125,0.8260675668716431,0.5101144313812256,-0.12083660811185837,0.8121676445007324,0.57105553150177,-0.11134198307991028,0.8058892488479614,0.5819632411003113,-0.09847588837146759,0.8765732049942017,0.47631052136421204,-0.08944923430681229,0.8682024478912354,0.533674418926239,-0.11804958432912827,0.8497036695480347,0.582468569278717,-0.11154037714004517,0.8386151194572449,0.5942752361297607,-0.10119006782770157,si
