landmark_0_x,landmark_0_y,landmark_0_z,landmark_1_x,landmark_1_y,landmark_1_z,landmark_2_x,landmark_2_y,landmark_2_z,landmark_3_x,landmark_3_y,landmark_3_z,landmark_4_x,landmark_4_y,landmark_4_z,landmark_5_x,landmark_5_y,landmark_5_z,landmark_6_x,landmark_6_y,landmark_6_z,landmark_7_x,landmark_7_y,landmark_7_z,landmark_8_x,landmark_8_y,landmark_8_z,landmark_9_x,landmark_9_y,landmark_9_z,landmark_10_x,landmark_10_y,landmark_10_z,landmark_11_x,landmark_11_y,landmark_11_z,landmark_12_x,landmark_12_y,landmark_12_z,landmark_13_x,landmark_13_y,landmark_13_z,landmark_14_x,landmark_14_y,landmark_14_z,landmark_15_x,landmark_15_y,landmark_15_z,landmark_16_x,landmark_16_y,landmark_16_z,landmark_17_x,landmark_17_y,landmark_17_z,landmark_18_x,landmark_18_y,landmark_18_z,landmark_19_x,landmark_19_y,landmark_19_z,landmark_20_x,landmark_20_y,landmark_20_z,class
0.7260680794715881,0.6488082408905029,1.334777692818534e-07,0.6933469176292419,0.64574134349823,-0.037361979484558105,0.6628660559654236,0.6388325095176697,-0.06731769442558289,0.6472808718681335,0.6333719491958618,-0.09326494485139847,0.6504322290420532,0.6290656328201294,-0.1196170374751091,0.6489493250846863,0.5365371108055115,-0.05442206561565399,0.6468772292137146,0.5023646354675293,-0.09185784310102463,0.6549713015556335,0.46423548460006714,-0.12115954607725143,0.6624353528022766,0.4280627965927124,-0.14093559980392456,0.6937165856361389,0.5196561813354492,-0.054227545857429504,0.7012389302253723,0.5174407958984375,-0.10168006271123886,0.698720395565033,0.5726125836372375,-0.11889300495386124,0.6903846859931946,0.6094865202903748,-0.1219458281993866,0.7376168370246887,0.5219326615333557,-0.05691857263445854,0.7447622418403625,0.5384085774421692,-0.09520956128835678,0.7358506321907043,0.5863838195800781,-0.09219048917293549,0.7244530320167542,0.6127395629882812,-0.08150279521942139,0.776030421257019,0.5346581339836121,-0.06287017464637756,0.7795474529266357,0.5528691411018372,-0.08663218468427658,0.7667296528816223,0.5918344259262085,-0.08106125146150589,0.753025233745575,0.6112462282180786,-0.07096316665410995,si
