landmark_0_x,landmark_0_y,landmark_0_z,landmark_1_x,landmark_1_y,landmark_1_z,landmark_2_x,landmark_2_y,landmark_2_z,landmark_3_x,landmark_3_y,landmark_3_z,landmark_4_x,landmark_4_y,landmark_4_z,landmark_5_x,landmark_5_y,landmark_5_z,landmark_6_x,landmark_6_y,landmark_6_z,landmark_7_x,landmark_7_y,landmark_7_z,landmark_8_x,landmark_8_y,landmark_8_z,landmark_9_x,landmark_9_y,landmark_9_z,landmark_10_x,landmark_10_y,landmark_10_z,landmark_11_x,landmark_11_y,landmark_11_z,landmark_12_x,landmark_12_y,landmark_12_z,landmark_13_x,landmark_13_y,landmark_13_z,landmark_14_x,landmark_14_y,landmark_14_z,landmark_15_x,landmark_15_y,landmark_15_z,landmark_16_x,landmark_16_y,landmark_16_z,landmark_17_x,landmark_17_y,landmark_17_z,landmark_18_x,landmark_18_y,landmark_18_z,landmark_19_x,landmark_19_y,landmark_19_z,landmark_20_x,landmark_20_y,landmark_20_z,class
0.7162832021713257,0.8273674845695496,3.3778569275000336e-08,0.6728395223617554,0.8338250517845154,-0.041925251483917236,0.6264769434928894,0.8258907794952393,-0.07987327128648758,0.6036013960838318,0.828109622001648,-0.11414257436990738,0.6000170111656189,0.8371856808662415,-0.14910626411437988,0.6176750659942627,0.6608726382255554,-0.0668209120631218,0.6116145849227905,0.6043521761894226,-0.10816136747598648,0.6105189919471741,0.5609204173088074,-0.13591232895851135,0.6139383912086487,0.5152464509010315,-0.15494175255298615,0.6781255006790161,0.6325383186340332,-0.07074983417987823,0.6877665519714355,0.6237192153930664,-0.12404569983482361,0.6840066909790039,0.7234601974487305,-0.13249987363815308,0.6820414066314697,0.7860282063484192,-0.12686623632907867,0.7355266809463501,0.639828622341156,-0.07871674746274948,0.7520768046379089,0.6444182395935059,-0.12399420142173767,0.738920271396637,0.7248639464378357,-0.11077093333005905,0.730667233467102,0.7699460983276367,-0.09144764393568039,0.7890512347221375,0.6651338338851929,-0.09045153856277466,0.8009105324745178,0.6710644364356995,-0.11743372678756714,0.7877622842788696,0.7289802432060242,-0.1051253229379654,0.7785770297050476,0.7575970888137817,-0.08942075818777084,si
