landmark_0_x,landmark_0_y,landmark_0_z,landmark_1_x,landmark_1_y,landmark_1_z,landmark_2_x,landmark_2_y,landmark_2_z,landmark_3_x,landmark_3_y,landmark_3_z,landmark_4_x,landmark_4_y,landmark_4_z,landmark_5_x,landmark_5_y,landmark_5_z,landmark_6_x,landmark_6_y,landmark_6_z,landmark_7_x,landmark_7_y,landmark_7_z,landmark_8_x,landmark_8_y,landmark_8_z,landmark_9_x,landmark_9_y,landmark_9_z,landmark_10_x,landmark_10_y,landmark_10_z,landmark_11_x,landmark_11_y,landmark_11_z,landmark_12_x,landmark_12_y,landmark_12_z,landmark_13_x,landmark_13_y,landmark_13_z,landmark_14_x,landmark_14_y,landmark_14_z,landmark_15_x,landmark_15_y,landmark_15_z,landmark_16_x,landmark_16_y,landmark_16_z,landmark_17_x,landmark_17_y,landmark_17_z,landmark_18_x,landmark_18_y,landmark_18_z,landmark_19_x,landmark_19_y,landmark_19_z,landmark_20_x,landmark_20_y,landmark_20_z,class
0.6726253032684326,0.6320982575416565,2.0816980139670704e-08,0.6254151463508606,0.6314900517463684,-0.053037550300359726,0.5818999409675598,0.6281000971794128,-0.09843040257692337,0.5605297088623047,0.6367685198783875,-0.13949720561504364,0.5470389127731323,0.6556731462478638,-0.18211601674556732,0.5642114877700806,0.41265806555747986,-0.07309713214635849,0.5483005046844482,0.3805575966835022,-0.12096356600522995,0.5352343320846558,0.34310662746429443,-0.15676113963127136,0.528976321220398,0.307475209236145,-0.18258820474147797,0.6312711238861084,0.37446412444114685,-0.0751400962471962,0.620408833026886,0.4422147870063782,-0.12916800379753113,0.6130648255348206,0.5582567453384399,-0.1420438438653946,0.6119945049285889,0.6059608459472656,-0.14245207607746124,0.6971657276153564,0.39305776357650757,-0.0827295109629631,0.6856165528297424,0.47593969106674194,-0.13486161828041077,0.6623267531394958,0.5773312449455261,-0.12479953467845917,0.650873064994812,0.6189907789230347,-0.1085282415151596,0.7542797327041626,0.4394734799861908,-0.09539879858493805,0.7434032559394836,0.5078964233398438,-0.1348005086183548,0.7192113399505615,0.5818519592285156,-0.12689539790153503,0.7053298950195312,0.613116979598999,-0.11284977942705154,si
