landmark_0_x,landmark_0_y,landmark_0_z,landmark_1_x,landmark_1_y,landmark_1_z,landmark_2_x,landmark_2_y,landmark_2_z,landmark_3_x,landmark_3_y,landmark_3_z,landmark_4_x,landmark_4_y,landmark_4_z,landmark_5_x,landmark_5_y,landmark_5_z,landmark_6_x,landmark_6_y,landmark_6_z,landmark_7_x,landmark_7_y,landmark_7_z,landmark_8_x,landmark_8_y,landmark_8_z,landmark_9_x,landmark_9_y,landmark_9_z,landmark_10_x,landmark_10_y,landmark_10_z,landmark_11_x,landmark_11_y,landmark_11_z,landmark_12_x,landmark_12_y,landmark_12_z,landmark_13_x,landmark_13_y,landmark_13_z,landmark_14_x,landmark_14_y,landmark_14_z,landmark_15_x,landmark_15_y,landmark_15_z,landmark_16_x,landmark_16_y,landmark_16_z,landmark_17_x,landmark_17_y,landmark_17_z,landmark_18_x,landmark_18_y,landmark_18_z,landmark_19_x,landmark_19_y,landmark_19_z,landmark_20_x,landmark_20_y,landmark_20_z,class
0.6403876543045044,0.8391256928443909,-1.152530231252058e-07,0.5980663299560547,0.8310287594795227,-0.021078763529658318,0.5643960237503052,0.8192237019538879,-0.04022868722677231,0.5426160097122192,0.8125883340835571,-0.060019876807928085,0.5401574969291687,0.7992501258850098,-0.08043874055147171,0.5578045845031738,0.6879857778549194,-0.024527426809072495,0.5431554913520813,0.6436414122581482,-0.04965168982744217,0.5377939939498901,0.6086066365242004,-0.07039391249418259,0.5344125628471375,0.5745450258255005,-0.08514799922704697,0.5948919057846069,0.6688663363456726,-0.028839174658060074,0.5771494507789612,0.6876499056816101,-0.05968198925256729,0.5733675360679626,0.7506789565086365,-0.0701005831360817,0.5743365287780762,0.7888323664665222,-0.07161471247673035,0.6326244473457336,0.677771270275116,-0.03588574379682541,0.6131654381752014,0.698061466217041,-0.06481358408927917,0.6036736965179443,0.7565762996673584,-0.06029665470123291,0.6013882756233215,0.7935466170310974,-0.05034145712852478,0.6663264632225037,0.7038793563842773,-0.04500716179609299,0.6467289924621582,0.7211843132972717,-0.0643346831202507,0.6315919756889343,0.7636561989784241,-0.05795222893357277,0.625402569770813,0.7916850447654724,-0.047737810760736465,si
