landmark_0_x,landmark_0_y,landmark_0_z,landmark_1_x,landmark_1_y,landmark_1_z,landmark_2_x,landmark_2_y,landmark_2_z,landmark_3_x,landmark_3_y,landmark_3_z,landmark_4_x,landmark_4_y,landmark_4_z,landmark_5_x,landmark_5_y,landmark_5_z,landmark_6_x,landmark_6_y,landmark_6_z,landmark_7_x,landmark_7_y,landmark_7_z,landmark_8_x,landmark_8_y,landmark_8_z,landmark_9_x,landmark_9_y,landmark_9_z,landmark_10_x,landmark_10_y,landmark_10_z,landmark_11_x,landmark_11_y,landmark_11_z,landmark_12_x,landmark_12_y,landmark_12_z,landmark_13_x,landmark_13_y,landmark_13_z,landmark_14_x,landmark_14_y,landmark_14_z,landmark_15_x,landmark_15_y,landmark_15_z,landmark_16_x,landmark_16_y,landmark_16_z,landmark_17_x,landmark_17_y,landmark_17_z,landmark_18_x,landmark_18_y,landmark_18_z,landmark_19_x,landmark_19_y,landmark_19_z,landmark_20_x,landmark_20_y,landmark_20_z,class
0.7051489353179932,0.8109696507453918,2.072576954503802e-08,0.6654433012008667,0.8096006512641907,-0.028034638613462448,0.6245641708374023,0.7948093414306641,-0.05048401281237602,0.596893310546875,0.7882487773895264,-0.07204827666282654,0.5795703530311584,0.7895336151123047,-0.09439541399478912,0.6203891038894653,0.6592364311218262,-0.035184238106012344,0.6051531434059143,0.5985344052314758,-0.06265909224748611,0.5978233814239502,0.5554572343826294,-0.08290796726942062,0.5932542085647583,0.5153982639312744,-0.0971052497625351,0.66553795337677,0.6417859792709351,-0.03899802640080452,0.6529306769371033,0.6412646174430847,-0.07700082659721375,0.649677574634552,0.7127885818481445,-0.08568575978279114,0.6527759432792664,0.7560750246047974,-0.08342491090297699,0.7079467177391052,0.6505336165428162,-0.04620439559221268,0.6951121091842651,0.6568744778633118,-0.08060132712125778,0.6860235929489136,0.7218855619430542,-0.07241556793451309,0.6852738261222839,0.7584394812583923,-0.058638621121644974,0.7481531500816345,0.6721630096435547,-0.05599077790975571,0.7355698347091675,0.6756922602653503,-0.07782043516635895,0.7224099636077881,0.7244917750358582,-0.06847240030765533,0.7181038856506348,0.7510048747062683,-0.055758923292160034,si
