landmark_0_x,landmark_0_y,landmark_0_z,landmark_1_x,landmark_1_y,landmark_1_z,landmark_2_x,landmark_2_y,landmark_2_z,landmark_3_x,landmark_3_y,landmark_3_z,landmark_4_x,landmark_4_y,landmark_4_z,landmark_5_x,landmark_5_y,landmark_5_z,landmark_6_x,landmark_6_y,landmark_6_z,landmark_7_x,landmark_7_y,landmark_7_z,landmark_8_x,landmark_8_y,landmark_8_z,landmark_9_x,landmark_9_y,landmark_9_z,landmark_10_x,landmark_10_y,landmark_10_z,landmark_11_x,landmark_11_y,landmark_11_z,landmark_12_x,landmark_12_y,landmark_12_z,landmark_13_x,landmark_13_y,landmark_13_z,landmark_14_x,landmark_14_y,landmark_14_z,landmark_15_x,landmark_15_y,landmark_15_z,landmark_16_x,landmark_16_y,landmark_16_z,landmark_17_x,landmark_17_y,landmark_17_z,landmark_18_x,landmark_18_y,landmark_18_z,landmark_19_x,landmark_19_y,landmark_19_z,landmark_20_x,landmark_20_y,landmark_20_z,class
0.6627695560455322,0.4075366258621216,9.825070179658724e-08,0.6323462724685669,0.40955445170402527,-0.023829210549592972,0.6055659651756287,0.4070802330970764,-0.04535934701561928,0.5931198000907898,0.4048868417739868,-0.0654558539390564,0.5902133584022522,0.4026917517185211,-0.08605185896158218,0.5972980856895447,0.3142814040184021,-0.03456799313426018,0.5901920795440674,0.2826986312866211,-0.0586203895509243,0.5911086797714233,0.2587096095085144,-0.07675394415855408,0.5929679274559021,0.23701655864715576,-0.08886509388685226,0.631768524646759,0.2985524535179138,-0.037066977471113205,0.6307922601699829,0.29164162278175354,-0.06755140423774719,0.6357079744338989,0.33365488052368164,-0.07671917974948883,0.6377830505371094,0.3633367419242859,-0.07712910324335098,0.6649774312973022,0.2997701168060303,-0.041803017258644104,0.6652786731719971,0.3031969368457794,-0.06843939423561096,0.6630173325538635,0.3462746739387512,-0.06457088887691498,0.658726692199707,0.37551555037498474,-0.05597382038831711,0.6961436867713928,0.3101383447647095,-0.048570889979600906,0.6972974538803101,0.3156971335411072,-0.06522507965564728,0.6916400194168091,0.34974437952041626,-0.05947871133685112,0.6853265166282654,0.371162474155426,-0.05097686126828194,si
