landmark_0_x,landmark_0_y,landmark_0_z,landmark_1_x,landmark_1_y,landmark_1_z,landmark_2_x,landmark_2_y,landmark_2_z,landmark_3_x,landmark_3_y,landmark_3_z,landmark_4_x,landmark_4_y,landmark_4_z,landmark_5_x,landmark_5_y,landmark_5_z,landmark_6_x,landmark_6_y,landmark_6_z,landmark_7_x,landmark_7_y,landmark_7_z,landmark_8_x,landmark_8_y,landmark_8_z,landmark_9_x,landmark_9_y,landmark_9_z,landmark_10_x,landmark_10_y,landmark_10_z,landmark_11_x,landmark_11_y,landmark_11_z,landmark_12_x,landmark_12_y,landmark_12_z,landmark_13_x,landmark_13_y,landmark_13_z,landmark_14_x,landmark_14_y,landmark_14_z,landmark_15_x,landmark_15_y,landmark_15_z,landmark_16_x,landmark_16_y,landmark_16_z,landmark_17_x,landmark_17_y,landmark_17_z,landmark_18_x,landmark_18_y,landmark_18_z,landmark_19_x,landmark_19_y,landmark_19_z,landmark_20_x,landmark_20_y,landmark_20_z,class
0.7361999154090881,0.5091705322265625,1.3479652238856943e-07,0.7083835005760193,0.5132039785385132,-0.02332942932844162,0.6824792623519897,0.507010817527771,-0.041908372193574905,0.6717790365219116,0.5019630193710327,-0.058469414710998535,0.6682943105697632,0.5016785860061646,-0.0747528076171875,0.6761428713798523,0.4236624240875244,-0.02957032062113285,0.6721815466880798,0.3869973123073578,-0.050551071763038635,0.6789319515228271,0.3651089668273926,-0.06593403965234756,0.6872889399528503,0.3440476953983307,-0.07613112032413483,0.7088563442230225,0.41314566135406494,-0.030746564269065857,0.7164152264595032,0.37858152389526367,-0.0583462230861187,0.7169815301895142,0.4129670560359955,-0.06633148342370987,0.7143974900245667,0.4405175447463989,-0.06564131379127502,0.7387608289718628,0.41433197259902954,-0.034425731748342514,0.7458393573760986,0.39650958776474,-0.05680408328771591,0.7424510717391968,0.430020809173584,-0.05301850661635399,0.7384962439537048,0.45191052556037903,-0.04504195973277092,0.7667341828346252,0.4230937361717224,-0.04030013829469681,0.7722238302230835,0.41314762830734253,-0.052487071603536606,0.7670524716377258,0.4405941367149353,-0.046872202306985855,0.7617484331130981,0.45840591192245483,-0.03964048996567726,si
