landmark_0_x,landmark_0_y,landmark_0_z,landmark_1_x,landmark_1_y,landmark_1_z,landmark_2_x,landmark_2_y,landmark_2_z,landmark_3_x,landmark_3_y,landmark_3_z,landmark_4_x,landmark_4_y,landmark_4_z,landmark_5_x,landmark_5_y,landmark_5_z,landmark_6_x,landmark_6_y,landmark_6_z,landmark_7_x,landmark_7_y,landmark_7_z,landmark_8_x,landmark_8_y,landmark_8_z,landmark_9_x,landmark_9_y,landmark_9_z,landmark_10_x,landmark_10_y,landmark_10_z,landmark_11_x,landmark_11_y,landmark_11_z,landmark_12_x,landmark_12_y,landmark_12_z,landmark_13_x,landmark_13_y,landmark_13_z,landmark_14_x,landmark_14_y,landmark_14_z,landmark_15_x,landmark_15_y,landmark_15_z,landmark_16_x,landmark_16_y,landmark_16_z,landmark_17_x,landmark_17_y,landmark_17_z,landmark_18_x,landmark_18_y,landmark_18_z,landmark_19_x,landmark_19_y,landmark_19_z,landmark_20_x,landmark_20_y,landmark_20_z,class
0.7793390154838562,0.506662905216217,2.500097480151453e-07,0.751168429851532,0.5053786635398865,-0.038019340485334396,0.7271750569343567,0.4875863790512085,-0.0654454380273819,0.7311340570449829,0.4793578088283539,-0.08897462487220764,0.7337566614151001,0.4861573576927185,-0.11139237135648727,0.7266550064086914,0.39726054668426514,-0.04237915202975273,0.7353168725967407,0.35306471586227417,-0.07042980939149857,0.7469397187232971,0.31989145278930664,-0.08756206929683685,0.7607352137565613,0.291302889585495,-0.09830506891012192,0.7584781646728516,0.3944384753704071,-0.0383504219353199,0.7769631743431091,0.3799285292625427,-0.07347904145717621,0.7752126455307007,0.4350900650024414,-0.077010378241539,0.7702820897102356,0.4558330476284027,-0.07154306024312973,0.78700190782547,0.400932639837265,-0.039313238114118576,0.804198682308197,0.3943660855293274,-0.07073987275362015,0.7973241209983826,0.4408760964870453,-0.06290068477392197,0.7881208658218384,0.45389020442962646,-0.0506758838891983,0.8123227953910828,0.41334664821624756,-0.043939754366874695,0.8259365558624268,0.41097158193588257,-0.06403787434101105,0.8188911080360413,0.44665947556495667,-0.05834999680519104,0.8088759779930115,0.45812228322029114,-0.04977589100599289,si
