landmark_0_x,landmark_0_y,landmark_0_z,landmark_1_x,landmark_1_y,landmark_1_z,landmark_2_x,landmark_2_y,landmark_2_z,landmark_3_x,landmark_3_y,landmark_3_z,landmark_4_x,landmark_4_y,landmark_4_z,landmark_5_x,landmark_5_y,landmark_5_z,landmark_6_x,landmark_6_y,landmark_6_z,landmark_7_x,landmark_7_y,landmark_7_z,landmark_8_x,landmark_8_y,landmark_8_z,landmark_9_x,landmark_9_y,landmark_9_z,landmark_10_x,landmark_10_y,landmark_10_z,landmark_11_x,landmark_11_y,landmark_11_z,landmark_12_x,landmark_12_y,landmark_12_z,landmark_13_x,landmark_13_y,landmark_13_z,landmark_14_x,landmark_14_y,landmark_14_z,landmark_15_x,landmark_15_y,landmark_15_z,landmark_16_x,landmark_16_y,landmark_16_z,landmark_17_x,landmark_17_y,landmark_17_z,landmark_18_x,landmark_18_y,landmark_18_z,landmark_19_x,landmark_19_y,landmark_19_z,landmark_20_x,landmark_20_y,landmark_20_z,class
0.745753288269043,0.8062098026275635,-6.53459366617426e-08,0.7016260027885437,0.7991913557052612,-0.04151719808578491,0.6565878391265869,0.7852563261985779,-0.07496947795152664,0.6335806846618652,0.7783212661743164,-0.10571600496768951,0.6508605480194092,0.7664952874183655,-0.13706742227077484,0.6637136936187744,0.6187049150466919,-0.06045219674706459,0.6588545441627502,0.5660521984100342,-0.1039796769618988,0.6582126021385193,0.5221812725067139,-0.1372668594121933,0.6613739728927612,0.4763942360877991,-0.16140961647033691,0.7217752933502197,0.5849947929382324,-0.060706280171871185,0.7148911952972412,0.638216495513916,-0.11229753494262695,0.704696774482727,0.7304040789604187,-0.1272537261247635,0.6974180340766907,0.7759290337562561,-0.1295483112335205,0.7763333320617676,0.5971183776855469,-0.06495426595211029,0.7680778503417969,0.6641045212745667,-0.11344345659017563,0.7480098605155945,0.7457791566848755,-0.10653968155384064,0.732818603515625,0.7868234515190125,-0.0920400619506836,0.8207932114601135,0.6330256462097168,-0.07309803366661072,0.8151055574417114,0.6874937415122986,-0.11016981303691864,0.7912961840629578,0.7473546862602234,-0.10538150370121002,0.7719804048538208,0.7774345874786377,-0.09321683645248413,si
