landmark_0_x,landmark_0_y,landmark_0_z,landmark_1_x,landmark_1_y,landmark_1_z,landmark_2_x,landmark_2_y,landmark_2_z,landmark_3_x,landmark_3_y,landmark_3_z,landmark_4_x,landmark_4_y,landmark_4_z,landmark_5_x,landmark_5_y,landmark_5_z,landmark_6_x,landmark_6_y,landmark_6_z,landmark_7_x,landmark_7_y,landmark_7_z,landmark_8_x,landmark_8_y,landmark_8_z,landmark_9_x,landmark_9_y,landmark_9_z,landmark_10_x,landmark_10_y,landmark_10_z,landmark_11_x,landmark_11_y,landmark_11_z,landmark_12_x,landmark_12_y,landmark_12_z,landmark_13_x,landmark_13_y,landmark_13_z,landmark_14_x,landmark_14_y,landmark_14_z,landmark_15_x,landmark_15_y,landmark_15_z,landmark_16_x,landmark_16_y,landmark_16_z,landmark_17_x,landmark_17_y,landmark_17_z,landmark_18_x,landmark_18_y,landmark_18_z,landmark_19_x,landmark_19_y,landmark_19_z,landmark_20_x,landmark_20_y,landmark_20_z,class
0.6989356875419617,0.8546398282051086,6.886932624183828e-08,0.6674718260765076,0.8574740886688232,-0.020395835861563683,0.6366512179374695,0.8484815359115601,-0.03735692799091339,0.6155851483345032,0.8418948650360107,-0.054022789001464844,0.6001439690589905,0.847822904586792,-0.07061924785375595,0.6375190019607544,0.7657453417778015,-0.023573609068989754,0.6329892873764038,0.7152888178825378,-0.042211029678583145,0.6339455842971802,0.6844179630279541,-0.053455136716365814,0.6364114880561829,0.6556515097618103,-0.06095254793763161,0.6651000380516052,0.759558916091919,-0.025435714051127434,0.6649144291877747,0.7400935888290405,-0.05120403319597244,0.6670154929161072,0.7818987965583801,-0.054946646094322205,0.6683893203735352,0.8005296587944031,-0.05187879130244255,0.6909183859825134,0.7616901993751526,-0.030084775760769844,0.6893794536590576,0.7472103238105774,-0.05348265543580055,0.6891687512397766,0.7861472964286804,-0.045745860785245895,0.6895732879638672,0.8010052442550659,-0.03498242795467377,0.7159214019775391,0.7682570219039917,-0.036672018468379974,0.713096559047699,0.754318118095398,-0.049697890877723694,0.710257351398468,0.784088671207428,-0.041452955454587936,0.7092676162719727,0.7969357967376709,-0.032090820372104645,si
