landmark_0_x,landmark_0_y,landmark_0_z,landmark_1_x,landmark_1_y,landmark_1_z,landmark_2_x,landmark_2_y,landmark_2_z,landmark_3_x,landmark_3_y,landmark_3_z,landmark_4_x,landmark_4_y,landmark_4_z,landmark_5_x,landmark_5_y,landmark_5_z,landmark_6_x,landmark_6_y,landmark_6_z,landmark_7_x,landmark_7_y,landmark_7_z,landmark_8_x,landmark_8_y,landmark_8_z,landmark_9_x,landmark_9_y,landmark_9_z,landmark_10_x,landmark_10_y,landmark_10_z,landmark_11_x,landmark_11_y,landmark_11_z,landmark_12_x,landmark_12_y,landmark_12_z,landmark_13_x,landmark_13_y,landmark_13_z,landmark_14_x,landmark_14_y,landmark_14_z,landmark_15_x,landmark_15_y,landmark_15_z,landmark_16_x,landmark_16_y,landmark_16_z,landmark_17_x,landmark_17_y,landmark_17_z,landmark_18_x,landmark_18_y,landmark_18_z,landmark_19_x,landmark_19_y,landmark_19_z,landmark_20_x,landmark_20_y,landmark_20_z,class
0.652703583240509,0.8316661715507507,-1.2211286559704604e-07,0.6122434139251709,0.8240829706192017,-0.023113030940294266,0.5760899186134338,0.8122062087059021,-0.04340678080916405,0.5545710325241089,0.8059021234512329,-0.06393130123615265,0.5531870126724243,0.7944985628128052,-0.08484722673892975,0.5698135495185852,0.672004222869873,-0.027599193155765533,0.5536874532699585,0.6237368583679199,-0.05262865871191025,0.5445901155471802,0.5865703821182251,-0.07270511239767075,0.5377317667007446,0.5525926351547241,-0.08748544752597809,0.6096839904785156,0.6523858904838562,-0.031661178916692734,0.5883753299713135,0.6738304495811462,-0.06391957402229309,0.5839607119560242,0.7371883988380432,-0.07420464605093002,0.5858479142189026,0.7744728922843933,-0.07556696981191635,0.6489302515983582,0.6626366376876831,-0.03857965022325516,0.6271117925643921,0.6863349676132202,-0.06862625479698181,0.6167700290679932,0.7434911131858826,-0.06364868581295013,0.6137932538986206,0.777259886264801,-0.05364587903022766,0.6844740509986877,0.6894506216049194,-0.04784699156880379,0.6656529903411865,0.7070426344871521,-0.06814587861299515,0.6493070125579834,0.7479983568191528,-0.0617479532957077,0.6407544016838074,0.773972749710083,-0.05171846225857735,si
