landmark_0_x,landmark_0_y,landmark_0_z,landmark_1_x,landmark_1_y,landmark_1_z,landmark_2_x,landmark_2_y,landmark_2_z,landmark_3_x,landmark_3_y,landmark_3_z,landmark_4_x,landmark_4_y,landmark_4_z,landmark_5_x,landmark_5_y,landmark_5_z,landmark_6_x,landmark_6_y,landmark_6_z,landmark_7_x,landmark_7_y,landmark_7_z,landmark_8_x,landmark_8_y,landmark_8_z,landmark_9_x,landmark_9_y,landmark_9_z,landmark_10_x,landmark_10_y,landmark_10_z,landmark_11_x,landmark_11_y,landmark_11_z,landmark_12_x,landmark_12_y,landmark_12_z,landmark_13_x,landmark_13_y,landmark_13_z,landmark_14_x,landmark_14_y,landmark_14_z,landmark_15_x,landmark_15_y,landmark_15_z,landmark_16_x,landmark_16_y,landmark_16_z,landmark_17_x,landmark_17_y,landmark_17_z,landmark_18_x,landmark_18_y,landmark_18_z,landmark_19_x,landmark_19_y,landmark_19_z,landmark_20_x,landmark_20_y,landmark_20_z,class
0.8021450638771057,0.6179119348526001,8.051820543641952e-09,0.7516708374023438,0.6197909116744995,-0.04769246280193329,0.7027511596679688,0.6093578338623047,-0.08908819407224655,0.7078979015350342,0.6254870295524597,-0.1261947900056839,0.7537585496902466,0.6488845348358154,-0.1638496220111847,0.7166919112205505,0.42945894598960876,-0.07829494029283524,0.7190442681312561,0.380459725856781,-0.1274813711643219,0.7334123849868774,0.3441358506679535,-0.16254790127277374,0.752881646156311,0.3118492364883423,-0.18784016370773315,0.7851419448852539,0.3950473666191101,-0.08018939942121506,0.7976506352424622,0.452774316072464,-0.14096790552139282,0.7918304204940796,0.5586686134338379,-0.15370021760463715,0.7873318195343018,0.6131752133369446,-0.1524994671344757,0.8472641110420227,0.41155576705932617,-0.08691462129354477,0.8595983982086182,0.4895942211151123,-0.13993144035339355,0.8405423164367676,0.5788088440895081,-0.1307876706123352,0.826283872127533,0.6180413961410522,-0.11463293433189392,0.9008533358573914,0.4516240060329437,-0.09850594401359558,0.9077296257019043,0.5254813432693481,-0.13901560008525848,0.8838362693786621,0.5908757448196411,-0.13585810363292694,0.8640512824058533,0.6156263947486877,-0.1250234842300415,si
