landmark_0_x,landmark_0_y,landmark_0_z,landmark_1_x,landmark_1_y,landmark_1_z,landmark_2_x,landmark_2_y,landmark_2_z,landmark_3_x,landmark_3_y,landmark_3_z,landmark_4_x,landmark_4_y,landmark_4_z,landmark_5_x,landmark_5_y,landmark_5_z,landmark_6_x,landmark_6_y,landmark_6_z,landmark_7_x,landmark_7_y,landmark_7_z,landmark_8_x,landmark_8_y,landmark_8_z,landmark_9_x,landmark_9_y,landmark_9_z,landmark_10_x,landmark_10_y,landmark_10_z,landmark_11_x,landmark_11_y,landmark_11_z,landmark_12_x,landmark_12_y,landmark_12_z,landmark_13_x,landmark_13_y,landmark_13_z,landmark_14_x,landmark_14_y,landmark_14_z,landmark_15_x,landmark_15_y,landmark_15_z,landmark_16_x,landmark_16_y,landmark_16_z,landmark_17_x,landmark_17_y,landmark_17_z,landmark_18_x,landmark_18_y,landmark_18_z,landmark_19_x,landmark_19_y,landmark_19_z,landmark_20_x,landmark_20_y,landmark_20_z,class
0.6433964371681213,0.46872490644454956,-6.840421207243708e-08,0.6136384010314941,0.46972912549972534,-0.028894798830151558,0.5810418725013733,0.4655718505382538,-0.05369105935096741,0.5721161961555481,0.4674696922302246,-0.07663313299417496,0.5879375338554382,0.4692985713481903,-0.09911895543336868,0.5741569399833679,0.34902721643447876,-0.03632097318768501,0.5690798163414001,0.3306964933872223,-0.06403770297765732,0.5663751363754272,0.31713706254959106,-0.08407839387655258,0.5669156908988953,0.30758583545684814,-0.09755402058362961,0.6105214953422546,0.3232037425041199,-0.03723796457052231,0.6099622249603271,0.3606649339199066,-0.06751874089241028,0.6089678406715393,0.4202754497528076,-0.07393883913755417,0.6095892190933228,0.4441336691379547,-0.07314198464155197,0.6467753052711487,0.3267512321472168,-0.04184490442276001,0.6473245024681091,0.37405070662498474,-0.06972451508045197,0.6398042440414429,0.4262210726737976,-0.0634230375289917,0.6354545950889587,0.44519513845443726,-0.05368088558316231,0.6800124645233154,0.34562501311302185,-0.049642667174339294,0.680277407169342,0.3832841217517853,-0.06889565289020538,0.6703681945800781,0.42238205671310425,-0.06357549130916595,0.6627801060676575,0.4370221495628357,-0.05505907163023949,si
