landmark_0_x,landmark_0_y,landmark_0_z,landmark_1_x,landmark_1_y,landmark_1_z,landmark_2_x,landmark_2_y,landmark_2_z,landmark_3_x,landmark_3_y,landmark_3_z,landmark_4_x,landmark_4_y,landmark_4_z,landmark_5_x,landmark_5_y,landmark_5_z,landmark_6_x,landmark_6_y,landmark_6_z,landmark_7_x,landmark_7_y,landmark_7_z,landmark_8_x,landmark_8_y,landmark_8_z,landmark_9_x,landmark_9_y,landmark_9_z,landmark_10_x,landmark_10_y,landmark_10_z,landmark_11_x,landmark_11_y,landmark_11_z,landmark_12_x,landmark_12_y,landmark_12_z,landmark_13_x,landmark_13_y,landmark_13_z,landmark_14_x,landmark_14_y,landmark_14_z,landmark_15_x,landmark_15_y,landmark_15_z,landmark_16_x,landmark_16_y,landmark_16_z,landmark_17_x,landmark_17_y,landmark_17_z,landmark_18_x,landmark_18_y,landmark_18_z,landmark_19_x,landmark_19_y,landmark_19_z,landmark_20_x,landmark_20_y,landmark_20_z,class
0.7578834891319275,0.7509618997573853,-1.718999840250035e-07,0.7111897468566895,0.7308073043823242,-0.045741163194179535,0.6664866209030151,0.7089502811431885,-0.08435587584972382,0.6591094732284546,0.738693356513977,-0.11888421326875687,0.6749392747879028,0.783329427242279,-0.15607160329818726,0.6765986084938049,0.5412094593048096,-0.08385234326124191,0.6905080080032349,0.5115286707878113,-0.1360063999891281,0.7037786841392517,0.48084181547164917,-0.1721213310956955,0.716334342956543,0.45383450388908386,-0.1958048939704895,0.7532551884651184,0.5366518497467041,-0.08551108837127686,0.7521131634712219,0.6430227756500244,-0.15113049745559692,0.7309897541999817,0.7549262046813965,-0.16765296459197998,0.7154624462127686,0.8100728988647461,-0.16699691116809845,0.8194437026977539,0.5745572447776794,-0.09001302719116211,0.8073337078094482,0.6980135440826416,-0.14344115555286407,0.7778624892234802,0.7859372496604919,-0.13400031626224518,0.7579078078269958,0.8188192844390869,-0.11577392369508743,0.8719990849494934,0.6253343820571899,-0.09890283644199371,0.8530583381652832,0.7280212640762329,-0.1359795778989792,0.8183456659317017,0.7961351871490479,-0.12693403661251068,0.7957844734191895,0.819960355758667,-0.11004097014665604,si
