landmark_0_x,landmark_0_y,landmark_0_z,landmark_1_x,landmark_1_y,landmark_1_z,landmark_2_x,landmark_2_y,landmark_2_z,landmark_3_x,landmark_3_y,landmark_3_z,landmark_4_x,landmark_4_y,landmark_4_z,landmark_5_x,landmark_5_y,landmark_5_z,landmark_6_x,landmark_6_y,landmark_6_z,landmark_7_x,landmark_7_y,landmark_7_z,landmark_8_x,landmark_8_y,landmark_8_z,landmark_9_x,landmark_9_y,landmark_9_z,landmark_10_x,landmark_10_y,landmark_10_z,landmark_11_x,landmark_11_y,landmark_11_z,landmark_12_x,landmark_12_y,landmark_12_z,landmark_13_x,landmark_13_y,landmark_13_z,landmark_14_x,landmark_14_y,landmark_14_z,landmark_15_x,landmark_15_y,landmark_15_z,landmark_16_x,landmark_16_y,landmark_16_z,landmark_17_x,landmark_17_y,landmark_17_z,landmark_18_x,landmark_18_y,landmark_18_z,landmark_19_x,landmark_19_y,landmark_19_z,landmark_20_x,landmark_20_y,landmark_20_z,class
0.6898059844970703,0.6829624176025391,2.8510746119536634e-07,0.6574020385742188,0.6770301461219788,-0.02497776970267296,0.6269721388816833,0.671015202999115,-0.049120672047138214,0.6129264831542969,0.671544075012207,-0.07070241123437881,0.6213897466659546,0.6690700650215149,-0.09308963268995285,0.6168156862258911,0.5971765518188477,-0.04934076592326164,0.6119046807289124,0.5561798810958862,-0.07625319808721542,0.615796685218811,0.5210286974906921,-0.0955611914396286,0.6213075518608093,0.4900789260864258,-0.10869181156158447,0.6570481061935425,0.5806685090065002,-0.05227740854024887,0.6628638505935669,0.5408341288566589,-0.08243830502033234,0.6669578552246094,0.555987536907196,-0.09201738983392715,0.6655566692352295,0.5710728764533997,-0.09413707256317139,0.6974471211433411,0.5794826149940491,-0.056234490126371384,0.7038154006004333,0.5549861192703247,-0.08068128675222397,0.7030477523803711,0.5734463930130005,-0.07760252803564072,0.6976222991943359,0.5861262679100037,-0.07128811627626419,0.734478235244751,0.586332380771637,-0.06223000958561897,0.7411237359046936,0.5757042765617371,-0.07819399237632751,0.7366687059402466,0.5936465859413147,-0.07314322888851166,0.7284328937530518,0.6054473519325256,-0.0662275105714798,si
