landmark_0_x,landmark_0_y,landmark_0_z,landmark_1_x,landmark_1_y,landmark_1_z,landmark_2_x,landmark_2_y,landmark_2_z,landmark_3_x,landmark_3_y,landmark_3_z,landmark_4_x,landmark_4_y,landmark_4_z,landmark_5_x,landmark_5_y,landmark_5_z,landmark_6_x,landmark_6_y,landmark_6_z,landmark_7_x,landmark_7_y,landmark_7_z,landmark_8_x,landmark_8_y,landmark_8_z,landmark_9_x,landmark_9_y,landmark_9_z,landmark_10_x,landmark_10_y,landmark_10_z,landmark_11_x,landmark_11_y,landmark_11_z,landmark_12_x,landmark_12_y,landmark_12_z,landmark_13_x,landmark_13_y,landmark_13_z,landmark_14_x,landmark_14_y,landmark_14_z,landmark_15_x,landmark_15_y,landmark_15_z,landmark_16_x,landmark_16_y,landmark_16_z,landmark_17_x,landmark_17_y,landmark_17_z,landmark_18_x,landmark_18_y,landmark_18_z,landmark_19_x,landmark_19_y,landmark_19_z,landmark_20_x,landmark_20_y,landmark_20_z,class
0.8522318005561829,0.3846459984779358,1.9327679012803856e-08,0.8221100568771362,0.3692207634449005,-0.019126711413264275,0.7997205257415771,0.3307175934314728,-0.03184657543897629,0.8112509250640869,0.30488279461860657,-0.043662916868925095,0.832467794418335,0.2962598204612732,-0.05540516600012779,0.8164387941360474,0.2450050711631775,-0.02099466323852539,0.8203844428062439,0.1943148672580719,-0.03914966434240341,0.8256193995475769,0.16095221042633057,-0.05249103158712387,0.8299900889396667,0.13166803121566772,-0.06238742917776108,0.8471295237541199,0.2484709918498993,-0.023328445851802826,0.8542078137397766,0.2162308543920517,-0.051771894097328186,0.8523280024528503,0.2654685974121094,-0.058309223502874374,0.8482441306114197,0.30114707350730896,-0.05564695596694946,0.8745335936546326,0.2629474699497223,-0.028014523908495903,0.8796566724777222,0.24053412675857544,-0.052905693650245667,0.8731505274772644,0.28405529260635376,-0.047284286469221115,0.8661872148513794,0.3124341368675232,-0.036859627813100815,0.8992589712142944,0.28618133068084717,-0.03449432551860809,0.9024556279182434,0.2654520273208618,-0.05006160959601402,0.8936617374420166,0.2959586977958679,-0.04382520914077759,0.8857738971710205,0.31667113304138184,-0.03525291010737419,si
