landmark_0_x,landmark_0_y,landmark_0_z,landmark_1_x,landmark_1_y,landmark_1_z,landmark_2_x,landmark_2_y,landmark_2_z,landmark_3_x,landmark_3_y,landmark_3_z,landmark_4_x,landmark_4_y,landmark_4_z,landmark_5_x,landmark_5_y,landmark_5_z,landmark_6_x,landmark_6_y,landmark_6_z,landmark_7_x,landmark_7_y,landmark_7_z,landmark_8_x,landmark_8_y,landmark_8_z,landmark_9_x,landmark_9_y,landmark_9_z,landmark_10_x,landmark_10_y,landmark_10_z,landmark_11_x,landmark_11_y,landmark_11_z,landmark_12_x,landmark_12_y,landmark_12_z,landmark_13_x,landmark_13_y,landmark_13_z,landmark_14_x,landmark_14_y,landmark_14_z,landmark_15_x,landmark_15_y,landmark_15_z,landmark_16_x,landmark_16_y,landmark_16_z,landmark_17_x,landmark_17_y,landmark_17_z,landmark_18_x,landmark_18_y,landmark_18_z,landmark_19_x,landmark_19_y,landmark_19_z,landmark_20_x,landmark_20_y,landmark_20_z,class
0.6682214140892029,0.36505770683288574,7.451266270663837e-08,0.6387670040130615,0.3687768578529358,-0.031120803207159042,0.6119253635406494,0.3639102578163147,-0.05576005205512047,0.5977902412414551,0.3573552668094635,-0.07758384943008423,0.5979925990104675,0.35179978609085083,-0.09946134686470032,0.6020321249961853,0.26054611802101135,-0.04097335413098335,0.5986637473106384,0.2273898422718048,-0.06749821454286575,0.598892867565155,0.20281821489334106,-0.08619459718465805,0.6026842594146729,0.17954635620117188,-0.09878771007061005,0.6358711123466492,0.24676555395126343,-0.04014415293931961,0.6419388651847839,0.25293296575546265,-0.07439832389354706,0.6425594091415405,0.30869346857070923,-0.0830182284116745,0.6408072113990784,0.3387884497642517,-0.08203161507844925,0.6702578067779541,0.2517496347427368,-0.04226778820157051,0.6740252375602722,0.2655702829360962,-0.07541938126087189,0.6695870757102966,0.3174562156200409,-0.07034984230995178,0.664498507976532,0.34411144256591797,-0.059272587299346924,0.7019268870353699,0.2661172151565552,-0.046725425869226456,0.703628420829773,0.2745065689086914,-0.07000963389873505,0.6958045363426208,0.3164229691028595,-0.06395842880010605,0.6878973245620728,0.3398323655128479,-0.053675562143325806,si
