landmark_0_x,landmark_0_y,landmark_0_z,landmark_1_x,landmark_1_y,landmark_1_z,landmark_2_x,landmark_2_y,landmark_2_z,landmark_3_x,landmark_3_y,landmark_3_z,landmark_4_x,landmark_4_y,landmark_4_z,landmark_5_x,landmark_5_y,landmark_5_z,landmark_6_x,landmark_6_y,landmark_6_z,landmark_7_x,landmark_7_y,landmark_7_z,landmark_8_x,landmark_8_y,landmark_8_z,landmark_9_x,landmark_9_y,landmark_9_z,landmark_10_x,landmark_10_y,landmark_10_z,landmark_11_x,landmark_11_y,landmark_11_z,landmark_12_x,landmark_12_y,landmark_12_z,landmark_13_x,landmark_13_y,landmark_13_z,landmark_14_x,landmark_14_y,landmark_14_z,landmark_15_x,landmark_15_y,landmark_15_z,landmark_16_x,landmark_16_y,landmark_16_z,landmark_17_x,landmark_17_y,landmark_17_z,landmark_18_x,landmark_18_y,landmark_18_z,landmark_19_x,landmark_19_y,landmark_19_z,landmark_20_x,landmark_20_y,landmark_20_z,class
0.8005743622779846,0.6738758087158203,-7.667071599826158e-08,0.751794159412384,0.6679031848907471,-0.05188760533928871,0.7013330459594727,0.6451258063316345,-0.09495699405670166,0.6961001753807068,0.6597065329551697,-0.1331796497106552,0.721649706363678,0.6920086145401001,-0.1732337474822998,0.717147946357727,0.4835718870162964,-0.09412834793329239,0.7270693182945251,0.41331398487091064,-0.14659711718559265,0.7384847402572632,0.3611796796321869,-0.1829071342945099,0.7533496022224426,0.3178902864456177,-0.20849177241325378,0.7860753536224365,0.45666831731796265,-0.09524376690387726,0.8033143281936646,0.5201834440231323,-0.1652776598930359,0.7957926392555237,0.6329351663589478,-0.1811295449733734,0.7880046367645264,0.6999444961547852,-0.17934562265872955,0.8475334048271179,0.4759228825569153,-0.09963315725326538,0.8624138236045837,0.5679909586906433,-0.16071905195713043,0.8400212526321411,0.6655920743942261,-0.1503380537033081,0.8193540573120117,0.7147326469421387,-0.13065126538276672,0.8988786935806274,0.5148179531097412,-0.10888238996267319,0.9051767587661743,0.5976896286010742,-0.15225638449192047,0.878365159034729,0.6733341813087463,-0.1445137858390808,0.8543102145195007,0.7072705030441284,-0.12869559228420258,si
