landmark_0_x,landmark_0_y,landmark_0_z,landmark_1_x,landmark_1_y,landmark_1_z,landmark_2_x,landmark_2_y,landmark_2_z,landmark_3_x,landmark_3_y,landmark_3_z,landmark_4_x,landmark_4_y,landmark_4_z,landmark_5_x,landmark_5_y,landmark_5_z,landmark_6_x,landmark_6_y,landmark_6_z,landmark_7_x,landmark_7_y,landmark_7_z,landmark_8_x,landmark_8_y,landmark_8_z,landmark_9_x,landmark_9_y,landmark_9_z,landmark_10_x,landmark_10_y,landmark_10_z,landmark_11_x,landmark_11_y,landmark_11_z,landmark_12_x,landmark_12_y,landmark_12_z,landmark_13_x,landmark_13_y,landmark_13_z,landmark_14_x,landmark_14_y,landmark_14_z,landmark_15_x,landmark_15_y,landmark_15_z,landmark_16_x,landmark_16_y,landmark_16_z,landmark_17_x,landmark_17_y,landmark_17_z,landmark_18_x,landmark_18_y,landmark_18_z,landmark_19_x,landmark_19_y,landmark_19_z,landmark_20_x,landmark_20_y,landmark_20_z,class
0.6991413235664368,0.8275850415229797,2.173119106885224e-08,0.6524369120597839,0.8291842937469482,-0.03497849777340889,0.6038995981216431,0.8200289011001587,-0.07011239975690842,0.5789133310317993,0.8227078914642334,-0.10240340977907181,0.5805938839912415,0.8306455612182617,-0.1357906460762024,0.6009360551834106,0.6796639561653137,-0.06869460642337799,0.5858458280563354,0.6137725114822388,-0.1072431355714798,0.5812745690345764,0.5641834139823914,-0.13300465047359467,0.5816738605499268,0.5145063996315002,-0.15047577023506165,0.6586856842041016,0.6540523767471313,-0.07181793451309204,0.6590990424156189,0.6466647982597351,-0.11999674141407013,0.6540058255195618,0.72782301902771,-0.12799425423145294,0.6528825163841248,0.7825167775154114,-0.12364482879638672,0.7134609222412109,0.6571559309959412,-0.07709858566522598,0.7183412909507751,0.6580021977424622,-0.11540985107421875,0.7072595357894897,0.7217612266540527,-0.10326149314641953,0.703271210193634,0.7627207040786743,-0.08569107949733734,0.7649900913238525,0.6723086833953857,-0.08527379482984543,0.7676217555999756,0.6684993505477905,-0.10594635456800461,0.755304217338562,0.7152788639068604,-0.09271986037492752,0.7503362894058228,0.7417647242546082,-0.07671431452035904,si
