landmark_0_x,landmark_0_y,landmark_0_z,landmark_1_x,landmark_1_y,landmark_1_z,landmark_2_x,landmark_2_y,landmark_2_z,landmark_3_x,landmark_3_y,landmark_3_z,landmark_4_x,landmark_4_y,landmark_4_z,landmark_5_x,landmark_5_y,landmark_5_z,landmark_6_x,landmark_6_y,landmark_6_z,landmark_7_x,landmark_7_y,landmark_7_z,landmark_8_x,landmark_8_y,landmark_8_z,landmark_9_x,landmark_9_y,landmark_9_z,landmark_10_x,landmark_10_y,landmark_10_z,landmark_11_x,landmark_11_y,landmark_11_z,landmark_12_x,landmark_12_y,landmark_12_z,landmark_13_x,landmark_13_y,landmark_13_z,landmark_14_x,landmark_14_y,landmark_14_z,landmark_15_x,landmark_15_y,landmark_15_z,landmark_16_x,landmark_16_y,landmark_16_z,landmark_17_x,landmark_17_y,landmark_17_z,landmark_18_x,landmark_18_y,landmark_18_z,landmark_19_x,landmark_19_y,landmark_19_z,landmark_20_x,landmark_20_y,landmark_20_z,class
0.7320554256439209,0.6309260725975037,3.1412128009833395e-08,0.6928606629371643,0.6361392140388489,-0.03274309262633324,0.6591368317604065,0.6271134614944458,-0.06070036441087723,0.6574524641036987,0.6321918368339539,-0.08555203676223755,0.6800215244293213,0.639965295791626,-0.11090295016765594,0.6564908027648926,0.5096017718315125,-0.053439438343048096,0.6587421298027039,0.4704039990901947,-0.0871652364730835,0.6657803654670715,0.4413868188858032,-0.10939756035804749,0.6767734885215759,0.4103747010231018,-0.12490054965019226,0.7046663165092468,0.4880295395851135,-0.05470992997288704,0.7154625058174133,0.5085195899009705,-0.09333385527133942,0.7126474976539612,0.5770622491836548,-0.09810205549001694,0.7108826637268066,0.6036052107810974,-0.09491124749183655,0.7492312788963318,0.4958936870098114,-0.05960734561085701,0.7566261887550354,0.5307067036628723,-0.09451166540384293,0.7444827556610107,0.5907818078994751,-0.08597647398710251,0.7371643781661987,0.6089609861373901,-0.07367189973592758,0.7890181541442871,0.5164922475814819,-0.06752270460128784,0.7905242443084717,0.5518130660057068,-0.09201288968324661,0.775871992111206,0.5990943908691406,-0.08636561036109924,0.7652968168258667,0.6144545078277588,-0.07715164124965668,si
