landmark_0_x,landmark_0_y,landmark_0_z,landmark_1_x,landmark_1_y,landmark_1_z,landmark_2_x,landmark_2_y,landmark_2_z,landmark_3_x,landmark_3_y,landmark_3_z,landmark_4_x,landmark_4_y,landmark_4_z,landmark_5_x,landmark_5_y,landmark_5_z,landmark_6_x,landmark_6_y,landmark_6_z,landmark_7_x,landmark_7_y,landmark_7_z,landmark_8_x,landmark_8_y,landmark_8_z,landmark_9_x,landmark_9_y,landmark_9_z,landmark_10_x,landmark_10_y,landmark_10_z,landmark_11_x,landmark_11_y,landmark_11_z,landmark_12_x,landmark_12_y,landmark_12_z,landmark_13_x,landmark_13_y,landmark_13_z,landmark_14_x,landmark_14_y,landmark_14_z,landmark_15_x,landmark_15_y,landmark_15_z,landmark_16_x,landmark_16_y,landmark_16_z,landmark_17_x,landmark_17_y,landmark_17_z,landmark_18_x,landmark_18_y,landmark_18_z,landmark_19_x,landmark_19_y,landmark_19_z,landmark_20_x,landmark_20_y,landmark_20_z,class
0.6747457385063171,0.364271342754364,-5.071018449598341e-08,0.639799952507019,0.3622989356517792,-0.021702902391552925,0.6099156737327576,0.35049453377723694,-0.039559535682201385,0.6027253270149231,0.3417847454547882,-0.05656614527106285,0.6089807748794556,0.3355756998062134,-0.0739239975810051,0.6044453978538513,0.23332123458385468,-0.026658879593014717,0.5985223054885864,0.19567066431045532,-0.04962662607431412,0.6013140082359314,0.16729258000850677,-0.06801142543554306,0.6054716110229492,0.1440832018852234,-0.0807090625166893,0.6415246725082397,0.2153083235025406,-0.029603755101561546,0.6396231651306152,0.22544515132904053,-0.060852792114019394,0.6400571465492249,0.28386247158050537,-0.0705418586730957,0.6388466954231262,0.32547441124916077,-0.07023169845342636,0.6762496829032898,0.22217704355716705,-0.03501186519861221,0.6727864146232605,0.24636627733707428,-0.06346847862005234,0.6665142178535461,0.30065837502479553,-0.06015666574239731,0.6604925990104675,0.33568713068962097,-0.050662342458963394,0.7068663239479065,0.24189968407154083,-0.042349494993686676,0.7019091844558716,0.2626532316207886,-0.061041299253702164,0.691353440284729,0.30425310134887695,-0.05577176436781883,0.6824250221252441,0.3298126459121704,-0.04658324271440506,si
