landmark_0_x,landmark_0_y,landmark_0_z,landmark_1_x,landmark_1_y,landmark_1_z,landmark_2_x,landmark_2_y,landmark_2_z,landmark_3_x,landmark_3_y,landmark_3_z,landmark_4_x,landmark_4_y,landmark_4_z,landmark_5_x,landmark_5_y,landmark_5_z,landmark_6_x,landmark_6_y,landmark_6_z,landmark_7_x,landmark_7_y,landmark_7_z,landmark_8_x,landmark_8_y,landmark_8_z,landmark_9_x,landmark_9_y,landmark_9_z,landmark_10_x,landmark_10_y,landmark_10_z,landmark_11_x,landmark_11_y,landmark_11_z,landmark_12_x,landmark_12_y,landmark_12_z,landmark_13_x,landmark_13_y,landmark_13_z,landmark_14_x,landmark_14_y,landmark_14_z,landmark_15_x,landmark_15_y,landmark_15_z,landmark_16_x,landmark_16_y,landmark_16_z,landmark_17_x,landmark_17_y,landmark_17_z,landmark_18_x,landmark_18_y,landmark_18_z,landmark_19_x,landmark_19_y,landmark_19_z,landmark_20_x,landmark_20_y,landmark_20_z,class
0.7094271183013916,0.8523326516151428,4.1412100415527675e-08,0.6783528923988342,0.8484148383140564,-0.014569646678864956,0.6501461267471313,0.8345012664794922,-0.027214104309678078,0.6373922824859619,0.8252314329147339,-0.04041261225938797,0.6358268857002258,0.827295184135437,-0.05384242534637451,0.651135265827179,0.7580962777137756,-0.01707662083208561,0.6480265855789185,0.7115314602851868,-0.03396965563297272,0.6492221355438232,0.6824010014533997,-0.04564542695879936,0.6513795256614685,0.6550392508506775,-0.053851839154958725,0.6778455376625061,0.7538303732872009,-0.02140912599861622,0.6773577928543091,0.7307971119880676,-0.0460045151412487,0.6795408725738525,0.7729846835136414,-0.05121512711048126,0.6825467944145203,0.7961627244949341,-0.04899551719427109,0.7027057409286499,0.7587123513221741,-0.027881015092134476,0.7017366290092468,0.7429111003875732,-0.049156609922647476,0.6999289393424988,0.7816629409790039,-0.04317506030201912,0.7004567384719849,0.8002831935882568,-0.03357648104429245,0.7259681224822998,0.7701182961463928,-0.03587784618139267,0.7240587472915649,0.7564938068389893,-0.047266773879528046,0.7187409996986389,0.7848137617111206,-0.03974829614162445,0.7168314456939697,0.7990092039108276,-0.031065218150615692,si
