landmark_0_x,landmark_0_y,landmark_0_z,landmark_1_x,landmark_1_y,landmark_1_z,landmark_2_x,landmark_2_y,landmark_2_z,landmark_3_x,landmark_3_y,landmark_3_z,landmark_4_x,landmark_4_y,landmark_4_z,landmark_5_x,landmark_5_y,landmark_5_z,landmark_6_x,landmark_6_y,landmark_6_z,landmark_7_x,landmark_7_y,landmark_7_z,landmark_8_x,landmark_8_y,landmark_8_z,landmark_9_x,landmark_9_y,landmark_9_z,landmark_10_x,landmark_10_y,landmark_10_z,landmark_11_x,landmark_11_y,landmark_11_z,landmark_12_x,landmark_12_y,landmark_12_z,landmark_13_x,landmark_13_y,landmark_13_z,landmark_14_x,landmark_14_y,landmark_14_z,landmark_15_x,landmark_15_y,landmark_15_z,landmark_16_x,landmark_16_y,landmark_16_z,landmark_17_x,landmark_17_y,landmark_17_z,landmark_18_x,landmark_18_y,landmark_18_z,landmark_19_x,landmark_19_y,landmark_19_z,landmark_20_x,landmark_20_y,landmark_20_z,class
0.6370696425437927,0.6973235607147217,1.4351896560071964e-08,0.5935850739479065,0.6957858204841614,-0.044600483030080795,0.5473964214324951,0.6936477422714233,-0.07908915728330612,0.5132836103439331,0.6971920132637024,-0.10949433594942093,0.49197399616241455,0.7012647390365601,-0.14132864773273468,0.5401120185852051,0.532468855381012,-0.06973306089639664,0.5228639841079712,0.48198550939559937,-0.11572574079036713,0.5136305093765259,0.4349103569984436,-0.1517540067434311,0.5092664957046509,0.3887782692909241,-0.17740601301193237,0.5962542295455933,0.4906509220600128,-0.06852018088102341,0.586500346660614,0.5443744659423828,-0.12175648659467697,0.5823886394500732,0.6370653510093689,-0.13697858154773712,0.5813052654266357,0.6822901368141174,-0.1390286386013031,0.6498910188674927,0.4981513023376465,-0.07117045670747757,0.6437859535217285,0.5634760856628418,-0.11857903748750687,0.6317746639251709,0.6420254111289978,-0.10945761948823929,0.6256416440010071,0.6795910000801086,-0.09366458654403687,0.6946730613708496,0.5306792855262756,-0.07821138948202133,0.6921738386154175,0.582643449306488,-0.11458470672369003,0.6769028902053833,0.6391075849533081,-0.10827705264091492,0.6693549156188965,0.6640921831130981,-0.09486851096153259,si
