landmark_0_x,landmark_0_y,landmark_0_z,landmark_1_x,landmark_1_y,landmark_1_z,landmark_2_x,landmark_2_y,landmark_2_z,landmark_3_x,landmark_3_y,landmark_3_z,landmark_4_x,landmark_4_y,landmark_4_z,landmark_5_x,landmark_5_y,landmark_5_z,landmark_6_x,landmark_6_y,landmark_6_z,landmark_7_x,landmark_7_y,landmark_7_z,landmark_8_x,landmark_8_y,landmark_8_z,landmark_9_x,landmark_9_y,landmark_9_z,landmark_10_x,landmark_10_y,landmark_10_z,landmark_11_x,landmark_11_y,landmark_11_z,landmark_12_x,landmark_12_y,landmark_12_z,landmark_13_x,landmark_13_y,landmark_13_z,landmark_14_x,landmark_14_y,landmark_14_z,landmark_15_x,landmark_15_y,landmark_15_z,landmark_16_x,landmark_16_y,landmark_16_z,landmark_17_x,landmark_17_y,landmark_17_z,landmark_18_x,landmark_18_y,landmark_18_z,landmark_19_x,landmark_19_y,landmark_19_z,landmark_20_x,landmark_20_y,landmark_20_z,class
0.7592427134513855,0.841385006904602,2.944830335138704e-08,0.7301618456840515,0.8360701203346252,-0.0162083487957716,0.7051099538803101,0.8162326812744141,-0.028707075864076614,0.7028550505638123,0.796630322933197,-0.040956515818834305,0.7139278054237366,0.7892164587974548,-0.05282905697822571,0.7046356797218323,0.7391300201416016,-0.016543328762054443,0.7040846943855286,0.6948976516723633,-0.03254814073443413,0.7087211608886719,0.6669442057609558,-0.044327262789011,0.7129106521606445,0.6417683362960815,-0.05292936787009239,0.7313300967216492,0.7358952164649963,-0.019428320229053497,0.7348450422286987,0.7143744826316833,-0.0443006232380867,0.7373640537261963,0.7544416785240173,-0.05077186971902847,0.7369657754898071,0.780700147151947,-0.04956852272152901,0.7567460536956787,0.7419945597648621,-0.02455270104110241,0.7588241696357727,0.7265019416809082,-0.04592058062553406,0.7570539116859436,0.7624338269233704,-0.041635770350694656,0.7539563775062561,0.7823914885520935,-0.033502813428640366,0.7808651924133301,0.7550379633903503,-0.03130228444933891,0.782219648361206,0.7409792542457581,-0.04428449273109436,0.7773944139480591,0.7680293321609497,-0.03907531872391701,0.7721230387687683,0.783063530921936,-0.031998902559280396,si
