landmark_0_x,landmark_0_y,landmark_0_z,landmark_1_x,landmark_1_y,landmark_1_z,landmark_2_x,landmark_2_y,landmark_2_z,landmark_3_x,landmark_3_y,landmark_3_z,landmark_4_x,landmark_4_y,landmark_4_z,landmark_5_x,landmark_5_y,landmark_5_z,landmark_6_x,landmark_6_y,landmark_6_z,landmark_7_x,landmark_7_y,landmark_7_z,landmark_8_x,landmark_8_y,landmark_8_z,landmark_9_x,landmark_9_y,landmark_9_z,landmark_10_x,landmark_10_y,landmark_10_z,landmark_11_x,landmark_11_y,landmark_11_z,landmark_12_x,landmark_12_y,landmark_12_z,landmark_13_x,landmark_13_y,landmark_13_z,landmark_14_x,landmark_14_y,landmark_14_z,landmark_15_x,landmark_15_y,landmark_15_z,landmark_16_x,landmark_16_y,landmark_16_z,landmark_17_x,landmark_17_y,landmark_17_z,landmark_18_x,landmark_18_y,landmark_18_z,landmark_19_x,landmark_19_y,landmark_19_z,landmark_20_x,landmark_20_y,landmark_20_z,class
0.6781652569770813,0.36190468072891235,-4.1222488533776414e-08,0.6374517679214478,0.35821932554244995,-0.020708536729216576,0.6046996116638184,0.3334687352180481,-0.03557344526052475,0.6093215346336365,0.31106317043304443,-0.049727845937013626,0.629302442073822,0.3007020950317383,-0.0641520693898201,0.6092262268066406,0.22899869084358215,-0.02127373404800892,0.6033418774604797,0.18544189631938934,-0.040381111204624176,0.603046178817749,0.15625835955142975,-0.055495962500572205,0.6035192608833313,0.12940146028995514,-0.06705120950937271,0.6450344324111938,0.21827708184719086,-0.024099381640553474,0.6453859806060791,0.2029566466808319,-0.05419696122407913,0.646813690662384,0.2616894841194153,-0.06247122213244438,0.6456228494644165,0.3051010072231293,-0.06097359582781792,0.678059458732605,0.2249370962381363,-0.029507363215088844,0.677787184715271,0.2185307741165161,-0.05816156417131424,0.6727577447891235,0.27612215280532837,-0.05397196114063263,0.6666842699050903,0.3153737783432007,-0.04374682903289795,0.7075555920600891,0.24329231679439545,-0.03665098175406456,0.7041271328926086,0.24287450313568115,-0.0571628101170063,0.6938530802726746,0.2868785262107849,-0.052640002220869064,0.6843141317367554,0.3166202902793884,-0.04419146105647087,si
