landmark_0_x,landmark_0_y,landmark_0_z,landmark_1_x,landmark_1_y,landmark_1_z,landmark_2_x,landmark_2_y,landmark_2_z,landmark_3_x,landmark_3_y,landmark_3_z,landmark_4_x,landmark_4_y,landmark_4_z,landmark_5_x,landmark_5_y,landmark_5_z,landmark_6_x,landmark_6_y,landmark_6_z,landmark_7_x,landmark_7_y,landmark_7_z,landmark_8_x,landmark_8_y,landmark_8_z,landmark_9_x,landmark_9_y,landmark_9_z,landmark_10_x,landmark_10_y,landmark_10_z,landmark_11_x,landmark_11_y,landmark_11_z,landmark_12_x,landmark_12_y,landmark_12_z,landmark_13_x,landmark_13_y,landmark_13_z,landmark_14_x,landmark_14_y,landmark_14_z,landmark_15_x,landmark_15_y,landmark_15_z,landmark_16_x,landmark_16_y,landmark_16_z,landmark_17_x,landmark_17_y,landmark_17_z,landmark_18_x,landmark_18_y,landmark_18_z,landmark_19_x,landmark_19_y,landmark_19_z,landmark_20_x,landmark_20_y,landmark_20_z,class
0.8746406435966492,0.43370211124420166,4.105021744749138e-08,0.8475515246391296,0.41936594247817993,-0.02279122732579708,0.8275618553161621,0.38623422384262085,-0.03826989606022835,0.8346980214118958,0.36019617319107056,-0.05219857767224312,0.8518760800361633,0.3447408378124237,-0.06516727805137634,0.8357365727424622,0.3008594512939453,-0.023207727819681168,0.8395143151283264,0.24645426869392395,-0.04272795096039772,0.8459678292274475,0.21390844881534576,-0.05638299137353897,0.8523898124694824,0.18396897614002228,-0.06615429371595383,0.866281270980835,0.30318742990493774,-0.023665256798267365,0.8752480149269104,0.2747443914413452,-0.05256699025630951,0.8740720748901367,0.3253318965435028,-0.05864507704973221,0.8700395822525024,0.3545036017894745,-0.05595649033784866,0.8943427801132202,0.3140600323677063,-0.026926204562187195,0.9031915068626404,0.2876737713813782,-0.052531514316797256,0.8970535397529602,0.3333783447742462,-0.045263685286045074,0.889939546585083,0.35662445425987244,-0.03407500311732292,0.9194482564926147,0.3323303163051605,-0.032357167452573776,0.9260585904121399,0.313672810792923,-0.04927676543593407,0.9171629548072815,0.3469979763031006,-0.042633041739463806,0.9085752367973328,0.3634551167488098,-0.033567268401384354,si
