landmark_0_x,landmark_0_y,landmark_0_z,landmark_1_x,landmark_1_y,landmark_1_z,landmark_2_x,landmark_2_y,landmark_2_z,landmark_3_x,landmark_3_y,landmark_3_z,landmark_4_x,landmark_4_y,landmark_4_z,landmark_5_x,landmark_5_y,landmark_5_z,landmark_6_x,landmark_6_y,landmark_6_z,landmark_7_x,landmark_7_y,landmark_7_z,landmark_8_x,landmark_8_y,landmark_8_z,landmark_9_x,landmark_9_y,landmark_9_z,landmark_10_x,landmark_10_y,landmark_10_z,landmark_11_x,landmark_11_y,landmark_11_z,landmark_12_x,landmark_12_y,landmark_12_z,landmark_13_x,landmark_13_y,landmark_13_z,landmark_14_x,landmark_14_y,landmark_14_z,landmark_15_x,landmark_15_y,landmark_15_z,landmark_16_x,landmark_16_y,landmark_16_z,landmark_17_x,landmark_17_y,landmark_17_z,landmark_18_x,landmark_18_y,landmark_18_z,landmark_19_x,landmark_19_y,landmark_19_z,landmark_20_x,landmark_20_y,landmark_20_z,class
0.8865851163864136,0.7650257349014282,3.186833623658458e-07,0.8432576656341553,0.6541515588760376,0.0007021302008070052,0.7770004272460938,0.5795022249221802,-0.005054881330579519,0.7075153589248657,0.5444811582565308,-0.01053529605269432,0.656486988067627,0.5113900899887085,-0.01721888780593872,0.7083761692047119,0.6255847215652466,-0.024255042895674706,0.6005968451499939,0.6391831636428833,-0.03696331009268761,0.5428945422172546,0.6472164392471313,-0.04243902117013931,0.4988160729408264,0.6549347639083862,-0.04478202387690544,0.7026703953742981,0.6969167590141296,-0.03266419470310211,0.5880959033966064,0.7010376453399658,-0.04481746628880501,0.5222532749176025,0.7039713263511658,-0.050565801560878754,0.4754534959793091,0.7054508328437805,-0.05401585251092911,0.7052811980247498,0.7668337225914001,-0.039222352206707,0.602537989616394,0.7631657719612122,-0.04708559811115265,0.54254549741745,0.7587281465530396,-0.050055935978889465,0.49960172176361084,0.7533037662506104,-0.052231285721063614,0.7149618268013,0.8330491185188293,-0.04482707008719444,0.6332043409347534,0.8224337697029114,-0.05053627863526344,0.5882006287574768,0.8162574172019958,-0.049124617129564285,0.5517784357070923,0.808896005153656,-0.0465083010494709,sol
