landmark_0_x,landmark_0_y,landmark_0_z,landmark_1_x,landmark_1_y,landmark_1_z,landmark_2_x,landmark_2_y,landmark_2_z,landmark_3_x,landmark_3_y,landmark_3_z,landmark_4_x,landmark_4_y,landmark_4_z,landmark_5_x,landmark_5_y,landmark_5_z,landmark_6_x,landmark_6_y,landmark_6_z,landmark_7_x,landmark_7_y,landmark_7_z,landmark_8_x,landmark_8_y,landmark_8_z,landmark_9_x,landmark_9_y,landmark_9_z,landmark_10_x,landmark_10_y,landmark_10_z,landmark_11_x,landmark_11_y,landmark_11_z,landmark_12_x,landmark_12_y,landmark_12_z,landmark_13_x,landmark_13_y,landmark_13_z,landmark_14_x,landmark_14_y,landmark_14_z,landmark_15_x,landmark_15_y,landmark_15_z,landmark_16_x,landmark_16_y,landmark_16_z,landmark_17_x,landmark_17_y,landmark_17_z,landmark_18_x,landmark_18_y,landmark_18_z,landmark_19_x,landmark_19_y,landmark_19_z,landmark_20_x,landmark_20_y,landmark_20_z,class
0.9260597229003906,0.5381447076797485,1.0515984172343451e-07,0.8931713700294495,0.4938267469406128,0.0009187195682898164,0.8486970067024231,0.46112626791000366,-0.005456722341477871,0.813088595867157,0.43893909454345703,-0.012069336138665676,0.7866897583007812,0.4198523461818695,-0.021041112020611763,0.83247309923172,0.4595445692539215,-0.026468265801668167,0.7764400243759155,0.46755456924438477,-0.042333655059337616,0.7415235638618469,0.46993914246559143,-0.051787421107292175,0.7149134278297424,0.46747109293937683,-0.05764271318912506,0.8365275859832764,0.4876384139060974,-0.034814976155757904,0.7728086709976196,0.502447783946991,-0.04883318021893501,0.7348737716674805,0.5018939971923828,-0.05572693794965744,0.7080896496772766,0.49428945779800415,-0.061102528125047684,0.8428259491920471,0.5208513736724854,-0.04181518778204918,0.7799933552742004,0.535075306892395,-0.054472580552101135,0.7426079511642456,0.531830370426178,-0.058385174721479416,0.7173805236816406,0.5223863124847412,-0.060772862285375595,0.8513180017471313,0.5562490224838257,-0.04781011864542961,0.8007442951202393,0.5612144470214844,-0.05849038437008858,0.7742838263511658,0.558165431022644,-0.060033708810806274,0.7546546459197998,0.5508540272712708,-0.06022588163614273,sol
