landmark_0_x,landmark_0_y,landmark_0_z,landmark_1_x,landmark_1_y,landmark_1_z,landmark_2_x,landmark_2_y,landmark_2_z,landmark_3_x,landmark_3_y,landmark_3_z,landmark_4_x,landmark_4_y,landmark_4_z,landmark_5_x,landmark_5_y,landmark_5_z,landmark_6_x,landmark_6_y,landmark_6_z,landmark_7_x,landmark_7_y,landmark_7_z,landmark_8_x,landmark_8_y,landmark_8_z,landmark_9_x,landmark_9_y,landmark_9_z,landmark_10_x,landmark_10_y,landmark_10_z,landmark_11_x,landmark_11_y,landmark_11_z,landmark_12_x,landmark_12_y,landmark_12_z,landmark_13_x,landmark_13_y,landmark_13_z,landmark_14_x,landmark_14_y,landmark_14_z,landmark_15_x,landmark_15_y,landmark_15_z,landmark_16_x,landmark_16_y,landmark_16_z,landmark_17_x,landmark_17_y,landmark_17_z,landmark_18_x,landmark_18_y,landmark_18_z,landmark_19_x,landmark_19_y,landmark_19_z,landmark_20_x,landmark_20_y,landmark_20_z,class
1.0249395370483398,0.29434895515441895,6.498913762698066e-07,0.9612939357757568,0.18827195465564728,0.0029016092885285616,0.8630881309509277,0.13246223330497742,-0.010014631785452366,0.7727090120315552,0.11287598311901093,-0.02073536068201065,0.7095762491226196,0.09367755055427551,-0.03562331944704056,0.8189900517463684,0.15765082836151123,-0.07518544048070908,0.6675623655319214,0.1887194961309433,-0.10591938346624374,0.588226318359375,0.1960875242948532,-0.11366862058639526,0.5292776226997375,0.19538463652133942,-0.1142694428563118,0.8272314667701721,0.2427496612071991,-0.09109702706336975,0.6521898508071899,0.26624611020088196,-0.12848499417304993,0.5508333444595337,0.2701667249202728,-0.13960669934749603,0.4811466634273529,0.26285219192504883,-0.14220330119132996,0.8404073119163513,0.32893481850624084,-0.10099498927593231,0.6805351972579956,0.3457106053829193,-0.1315525323152542,0.5893093347549438,0.3397336006164551,-0.13865138590335846,0.525435745716095,0.3216225802898407,-0.13800641894340515,0.8611474633216858,0.41328176856040955,-0.10698392987251282,0.7345510721206665,0.4287427067756653,-0.12985704839229584,0.669227659702301,0.42350366711616516,-0.13021822273731232,0.6196996569633484,0.4097404479980469,-0.12504024803638458,sol
