landmark_0_x,landmark_0_y,landmark_0_z,landmark_1_x,landmark_1_y,landmark_1_z,landmark_2_x,landmark_2_y,landmark_2_z,landmark_3_x,landmark_3_y,landmark_3_z,landmark_4_x,landmark_4_y,landmark_4_z,landmark_5_x,landmark_5_y,landmark_5_z,landmark_6_x,landmark_6_y,landmark_6_z,landmark_7_x,landmark_7_y,landmark_7_z,landmark_8_x,landmark_8_y,landmark_8_z,landmark_9_x,landmark_9_y,landmark_9_z,landmark_10_x,landmark_10_y,landmark_10_z,landmark_11_x,landmark_11_y,landmark_11_z,landmark_12_x,landmark_12_y,landmark_12_z,landmark_13_x,landmark_13_y,landmark_13_z,landmark_14_x,landmark_14_y,landmark_14_z,landmark_15_x,landmark_15_y,landmark_15_z,landmark_16_x,landmark_16_y,landmark_16_z,landmark_17_x,landmark_17_y,landmark_17_z,landmark_18_x,landmark_18_y,landmark_18_z,landmark_19_x,landmark_19_y,landmark_19_z,landmark_20_x,landmark_20_y,landmark_20_z,class
0.8174838423728943,0.7822803854942322,1.7940125474069646e-07,0.782253623008728,0.7276262044906616,0.0023643095046281815,0.7375926971435547,0.6930639147758484,-0.001841070014052093,0.6998835206031799,0.6737645268440247,-0.006205201614648104,0.6714005470275879,0.6578260660171509,-0.011691338382661343,0.7096154093742371,0.7205420136451721,-0.018789419904351234,0.6494213342666626,0.7422148585319519,-0.027888009324669838,0.6165743470191956,0.7523946166038513,-0.03137214109301567,0.5911043286323547,0.758367121219635,-0.03283298388123512,0.7136293649673462,0.7598952651023865,-0.025466248393058777,0.6480298638343811,0.7796993255615234,-0.03465268015861511,0.6105982065200806,0.7857450246810913,-0.03772668167948723,0.5835716128349304,0.7861883640289307,-0.03948989883065224,0.7205198407173157,0.7980635762214661,-0.030656615272164345,0.6607616543769836,0.8121606707572937,-0.03642218932509422,0.6241312026977539,0.8131756782531738,-0.03682086616754532,0.5974512696266174,0.808379054069519,-0.03689786419272423,0.7298664450645447,0.8332083225250244,-0.03513489291071892,0.6800305843353271,0.8410940766334534,-0.03841470927000046,0.6514055728912354,0.8402466177940369,-0.036254897713661194,0.6289571523666382,0.8358764052391052,-0.03381645679473877,sol
