landmark_0_x,landmark_0_y,landmark_0_z,landmark_1_x,landmark_1_y,landmark_1_z,landmark_2_x,landmark_2_y,landmark_2_z,landmark_3_x,landmark_3_y,landmark_3_z,landmark_4_x,landmark_4_y,landmark_4_z,landmark_5_x,landmark_5_y,landmark_5_z,landmark_6_x,landmark_6_y,landmark_6_z,landmark_7_x,landmark_7_y,landmark_7_z,landmark_8_x,landmark_8_y,landmark_8_z,landmark_9_x,landmark_9_y,landmark_9_z,landmark_10_x,landmark_10_y,landmark_10_z,landmark_11_x,landmark_11_y,landmark_11_z,landmark_12_x,landmark_12_y,landmark_12_z,landmark_13_x,landmark_13_y,landmark_13_z,landmark_14_x,landmark_14_y,landmark_14_z,landmark_15_x,landmark_15_y,landmark_15_z,landmark_16_x,landmark_16_y,landmark_16_z,landmark_17_x,landmark_17_y,landmark_17_z,landmark_18_x,landmark_18_y,landmark_18_z,landmark_19_x,landmark_19_y,landmark_19_z,landmark_20_x,landmark_20_y,landmark_20_z,class
0.9084854125976562,0.6565242409706116,1.5339290371230163e-07,0.873543381690979,0.6068878173828125,-0.00487502058967948,0.8345016837120056,0.5725221037864685,-0.009746468625962734,0.8037183284759521,0.5539226531982422,-0.01461038738489151,0.7799314856529236,0.5392448902130127,-0.020127907395362854,0.801685094833374,0.6123956441879272,-0.012034286744892597,0.7540355920791626,0.6213656067848206,-0.021737344563007355,0.7250037789344788,0.6281154155731201,-0.02990591526031494,0.7014351487159729,0.632637083530426,-0.035645317286252975,0.8054835200309753,0.64433753490448,-0.015503800474107265,0.7564384937286377,0.6558305621147156,-0.023715361952781677,0.7260679006576538,0.6596412658691406,-0.031007101759314537,0.7011614441871643,0.661181628704071,-0.036916401237249374,0.8137525916099548,0.6717928647994995,-0.019084269180893898,0.768206000328064,0.6835278868675232,-0.025324631482362747,0.7389811277389526,0.6861858367919922,-0.02901053987443447,0.7158498167991638,0.6860690712928772,-0.03226277232170105,0.8251391053199768,0.6934427618980408,-0.0231345035135746,0.7890719175338745,0.7005046010017395,-0.02804756723344326,0.7660321593284607,0.7023336291313171,-0.028669681400060654,0.7470919489860535,0.7021639943122864,-0.0288272462785244,sol
