landmark_0_x,landmark_0_y,landmark_0_z,landmark_1_x,landmark_1_y,landmark_1_z,landmark_2_x,landmark_2_y,landmark_2_z,landmark_3_x,landmark_3_y,landmark_3_z,landmark_4_x,landmark_4_y,landmark_4_z,landmark_5_x,landmark_5_y,landmark_5_z,landmark_6_x,landmark_6_y,landmark_6_z,landmark_7_x,landmark_7_y,landmark_7_z,landmark_8_x,landmark_8_y,landmark_8_z,landmark_9_x,landmark_9_y,landmark_9_z,landmark_10_x,landmark_10_y,landmark_10_z,landmark_11_x,landmark_11_y,landmark_11_z,landmark_12_x,landmark_12_y,landmark_12_z,landmark_13_x,landmark_13_y,landmark_13_z,landmark_14_x,landmark_14_y,landmark_14_z,landmark_15_x,landmark_15_y,landmark_15_z,landmark_16_x,landmark_16_y,landmark_16_z,landmark_17_x,landmark_17_y,landmark_17_z,landmark_18_x,landmark_18_y,landmark_18_z,landmark_19_x,landmark_19_y,landmark_19_z,landmark_20_x,landmark_20_y,landmark_20_z,class
0.8455226421356201,0.7758131623268127,8.27925532576046e-08,0.8090680837631226,0.724588930606842,0.0021802568808197975,0.7635200619697571,0.6920685768127441,-0.002993832342326641,0.7257683873176575,0.6730227470397949,-0.008678000420331955,0.6985300183296204,0.657534658908844,-0.01632443256676197,0.7407538294792175,0.7173778414726257,-0.024017203599214554,0.6839547157287598,0.7402310967445374,-0.036768004298210144,0.6513025760650635,0.7524980306625366,-0.04328302666544914,0.6259157061576843,0.7607290744781494,-0.04721140116453171,0.7447993159294128,0.7550588250160217,-0.03276696428656578,0.6803886890411377,0.7792745232582092,-0.04530004784464836,0.6414799690246582,0.788399338722229,-0.05177537724375725,0.6117787957191467,0.791304349899292,-0.05659526586532593,0.7531606554985046,0.7923994660377502,-0.039881981909275055,0.6925845146179199,0.8128308653831482,-0.05011191591620445,0.654590904712677,0.8192696571350098,-0.05482885614037514,0.6255360245704651,0.8200361132621765,-0.05823315307497978,0.7643232345581055,0.8269468545913696,-0.046009596437215805,0.7153497338294983,0.8400895595550537,-0.055096399039030075,0.685596227645874,0.8457863330841064,-0.05774502083659172,0.6610597372055054,0.8494334816932678,-0.058962006121873856,sol
