landmark_0_x,landmark_0_y,landmark_0_z,landmark_1_x,landmark_1_y,landmark_1_z,landmark_2_x,landmark_2_y,landmark_2_z,landmark_3_x,landmark_3_y,landmark_3_z,landmark_4_x,landmark_4_y,landmark_4_z,landmark_5_x,landmark_5_y,landmark_5_z,landmark_6_x,landmark_6_y,landmark_6_z,landmark_7_x,landmark_7_y,landmark_7_z,landmark_8_x,landmark_8_y,landmark_8_z,landmark_9_x,landmark_9_y,landmark_9_z,landmark_10_x,landmark_10_y,landmark_10_z,landmark_11_x,landmark_11_y,landmark_11_z,landmark_12_x,landmark_12_y,landmark_12_z,landmark_13_x,landmark_13_y,landmark_13_z,landmark_14_x,landmark_14_y,landmark_14_z,landmark_15_x,landmark_15_y,landmark_15_z,landmark_16_x,landmark_16_y,landmark_16_z,landmark_17_x,landmark_17_y,landmark_17_z,landmark_18_x,landmark_18_y,landmark_18_z,landmark_19_x,landmark_19_y,landmark_19_z,landmark_20_x,landmark_20_y,landmark_20_z,class
0.7962051630020142,0.7739938497543335,1.3144534705133992e-07,0.7644578814506531,0.7165926098823547,0.0024915740359574556,0.718485951423645,0.6817456483840942,-9.729600424179807e-05,0.6787917613983154,0.6640512347221375,-0.002934640273451805,0.6519964933395386,0.6438023447990417,-0.007275575306266546,0.6865906119346619,0.7094268202781677,-0.01604691706597805,0.627090573310852,0.728135347366333,-0.024548888206481934,0.5935936570167542,0.7374244332313538,-0.028480205684900284,0.5676738023757935,0.7432017922401428,-0.030735034495592117,0.6880102753639221,0.7497837543487549,-0.022823592647910118,0.6238811016082764,0.7654670476913452,-0.03151511773467064,0.5850043296813965,0.7717084884643555,-0.035860542207956314,0.5551759600639343,0.7742365598678589,-0.03894146904349327,0.6937317848205566,0.789779782295227,-0.028293676674365997,0.6340182423591614,0.7998455762863159,-0.034762755036354065,0.5959063768386841,0.8032063245773315,-0.037983238697052,0.5657097101211548,0.8029237985610962,-0.0405244305729866,0.70244961977005,0.827763557434082,-0.032954584807157516,0.6543706059455872,0.8293542861938477,-0.038086507469415665,0.6259745955467224,0.8283634781837463,-0.03868955746293068,0.6023023724555969,0.825473427772522,-0.0385599322617054,sol
