landmark_0_x,landmark_0_y,landmark_0_z,landmark_1_x,landmark_1_y,landmark_1_z,landmark_2_x,landmark_2_y,landmark_2_z,landmark_3_x,landmark_3_y,landmark_3_z,landmark_4_x,landmark_4_y,landmark_4_z,landmark_5_x,landmark_5_y,landmark_5_z,landmark_6_x,landmark_6_y,landmark_6_z,landmark_7_x,landmark_7_y,landmark_7_z,landmark_8_x,landmark_8_y,landmark_8_z,landmark_9_x,landmark_9_y,landmark_9_z,landmark_10_x,landmark_10_y,landmark_10_z,landmark_11_x,landmark_11_y,landmark_11_z,landmark_12_x,landmark_12_y,landmark_12_z,landmark_13_x,landmark_13_y,landmark_13_z,landmark_14_x,landmark_14_y,landmark_14_z,landmark_15_x,landmark_15_y,landmark_15_z,landmark_16_x,landmark_16_y,landmark_16_z,landmark_17_x,landmark_17_y,landmark_17_z,landmark_18_x,landmark_18_y,landmark_18_z,landmark_19_x,landmark_19_y,landmark_19_z,landmark_20_x,landmark_20_y,landmark_20_z,class
0.7961161136627197,0.6940330266952515,2.576647375462926e-07,0.762779951095581,0.6066652536392212,-0.0021100493613630533,0.7097468972206116,0.5536514520645142,-0.0049218726344406605,0.6527583599090576,0.5424506068229675,-0.006433213595300913,0.6090340614318848,0.5358478426933289,-0.008394626900553703,0.6603782773017883,0.5954769849777222,-0.022935720160603523,0.5794546008110046,0.6090078949928284,-0.03286466374993324,0.5346753597259521,0.6143826246261597,-0.035943884402513504,0.5011817216873169,0.6186996102333069,-0.03673848882317543,0.6565117835998535,0.65244060754776,-0.027083365246653557,0.5695204138755798,0.6576701402664185,-0.03811388835310936,0.5176302194595337,0.6577891707420349,-0.04189386963844299,0.48081856966018677,0.6555784344673157,-0.043722547590732574,0.6586380004882812,0.7049903869628906,-0.029861532151699066,0.580679178237915,0.7040812373161316,-0.03770266845822334,0.5334956049919128,0.6998083591461182,-0.04089794307947159,0.49932676553726196,0.6935378909111023,-0.04267576336860657,0.6668708324432373,0.7537654638290405,-0.03204873204231262,0.6045694947242737,0.7489712238311768,-0.03823757916688919,0.5678570866584778,0.7453210949897766,-0.03923039138317108,0.53847336769104,0.739805281162262,-0.03849108889698982,sol
