landmark_0_x,landmark_0_y,landmark_0_z,landmark_1_x,landmark_1_y,landmark_1_z,landmark_2_x,landmark_2_y,landmark_2_z,landmark_3_x,landmark_3_y,landmark_3_z,landmark_4_x,landmark_4_y,landmark_4_z,landmark_5_x,landmark_5_y,landmark_5_z,landmark_6_x,landmark_6_y,landmark_6_z,landmark_7_x,landmark_7_y,landmark_7_z,landmark_8_x,landmark_8_y,landmark_8_z,landmark_9_x,landmark_9_y,landmark_9_z,landmark_10_x,landmark_10_y,landmark_10_z,landmark_11_x,landmark_11_y,landmark_11_z,landmark_12_x,landmark_12_y,landmark_12_z,landmark_13_x,landmark_13_y,landmark_13_z,landmark_14_x,landmark_14_y,landmark_14_z,landmark_15_x,landmark_15_y,landmark_15_z,landmark_16_x,landmark_16_y,landmark_16_z,landmark_17_x,landmark_17_y,landmark_17_z,landmark_18_x,landmark_18_y,landmark_18_z,landmark_19_x,landmark_19_y,landmark_19_z,landmark_20_x,landmark_20_y,landmark_20_z,class
0.9047481417655945,0.750325620174408,7.037808558152392e-08,0.8695040941238403,0.7006259560585022,0.001587407197803259,0.8292186260223389,0.6591989994049072,-0.0033844592981040478,0.7965551018714905,0.6357276439666748,-0.008688695728778839,0.7728431820869446,0.6184474229812622,-0.01571563072502613,0.8119246363639832,0.6770347952842712,-0.022143302485346794,0.7540728449821472,0.6918066143989563,-0.03496471792459488,0.7202596068382263,0.7005769610404968,-0.041771940886974335,0.6937052607536316,0.705767035484314,-0.04581557214260101,0.815765380859375,0.7115949988365173,-0.030369210988283157,0.7504140138626099,0.7289432287216187,-0.04318501800298691,0.7109681367874146,0.7353525757789612,-0.04988466948270798,0.6814888715744019,0.7365517020225525,-0.05476847290992737,0.8205664753913879,0.7480513453483582,-0.037177592515945435,0.7590270638465881,0.7622120380401611,-0.04764151945710182,0.7217419743537903,0.7656304836273193,-0.051102858036756516,0.6940063238143921,0.7637657523155212,-0.05329090729355812,0.8261603713035583,0.7848430275917053,-0.043238088488578796,0.7771615386009216,0.7945744395256042,-0.052213940769433975,0.7478411793708801,0.7964107394218445,-0.053970981389284134,0.7238768339157104,0.7953760623931885,-0.05429386347532272,sol
