landmark_0_x,landmark_0_y,landmark_0_z,landmark_1_x,landmark_1_y,landmark_1_z,landmark_2_x,landmark_2_y,landmark_2_z,landmark_3_x,landmark_3_y,landmark_3_z,landmark_4_x,landmark_4_y,landmark_4_z,landmark_5_x,landmark_5_y,landmark_5_z,landmark_6_x,landmark_6_y,landmark_6_z,landmark_7_x,landmark_7_y,landmark_7_z,landmark_8_x,landmark_8_y,landmark_8_z,landmark_9_x,landmark_9_y,landmark_9_z,landmark_10_x,landmark_10_y,landmark_10_z,landmark_11_x,landmark_11_y,landmark_11_z,landmark_12_x,landmark_12_y,landmark_12_z,landmark_13_x,landmark_13_y,landmark_13_z,landmark_14_x,landmark_14_y,landmark_14_z,landmark_15_x,landmark_15_y,landmark_15_z,landmark_16_x,landmark_16_y,landmark_16_z,landmark_17_x,landmark_17_y,landmark_17_z,landmark_18_x,landmark_18_y,landmark_18_z,landmark_19_x,landmark_19_y,landmark_19_z,landmark_20_x,landmark_20_y,landmark_20_z,class
0.9204596877098083,0.7002444863319397,1.4367736866915948e-07,0.8883373141288757,0.6573096513748169,-0.0012958103325217962,0.8420289754867554,0.6226856708526611,-0.007064999546855688,0.8051481246948242,0.6042742133140564,-0.012264741584658623,0.7813738584518433,0.5862168669700623,-0.0190749391913414,0.8231857419013977,0.6323980689048767,-0.026523999869823456,0.7655289769172668,0.6506320238113403,-0.038861505687236786,0.7318204045295715,0.6602888107299805,-0.0451284721493721,0.7056225538253784,0.6649430394172668,-0.048483043909072876,0.8288553953170776,0.6699209809303284,-0.032224033027887344,0.7644444704055786,0.6879060864448547,-0.04290654882788658,0.7270351052284241,0.6955529451370239,-0.04674528166651726,0.6994799971580505,0.6980149149894714,-0.049327898770570755,0.8361186981201172,0.707273006439209,-0.03635594621300697,0.7755390405654907,0.7238035202026367,-0.04444725438952446,0.7434634566307068,0.7297424077987671,-0.043499451130628586,0.7223259210586548,0.7296543717384338,-0.04222226142883301,0.8448035717010498,0.7441918849945068,-0.040100082755088806,0.7943016290664673,0.7485331892967224,-0.04554535076022148,0.7703326344490051,0.7487514019012451,-0.042401447892189026,0.7540246248245239,0.7469469308853149,-0.03897533565759659,sol
