landmark_0_x,landmark_0_y,landmark_0_z,landmark_1_x,landmark_1_y,landmark_1_z,landmark_2_x,landmark_2_y,landmark_2_z,landmark_3_x,landmark_3_y,landmark_3_z,landmark_4_x,landmark_4_y,landmark_4_z,landmark_5_x,landmark_5_y,landmark_5_z,landmark_6_x,landmark_6_y,landmark_6_z,landmark_7_x,landmark_7_y,landmark_7_z,landmark_8_x,landmark_8_y,landmark_8_z,landmark_9_x,landmark_9_y,landmark_9_z,landmark_10_x,landmark_10_y,landmark_10_z,landmark_11_x,landmark_11_y,landmark_11_z,landmark_12_x,landmark_12_y,landmark_12_z,landmark_13_x,landmark_13_y,landmark_13_z,landmark_14_x,landmark_14_y,landmark_14_z,landmark_15_x,landmark_15_y,landmark_15_z,landmark_16_x,landmark_16_y,landmark_16_z,landmark_17_x,landmark_17_y,landmark_17_z,landmark_18_x,landmark_18_y,landmark_18_z,landmark_19_x,landmark_19_y,landmark_19_z,landmark_20_x,landmark_20_y,landmark_20_z,class
0.957985520362854,0.33133578300476074,1.4851391938464076e-07,0.9175328016281128,0.2676564157009125,0.007403635419905186,0.8629553914070129,0.22248193621635437,0.004122219048440456,0.818469762802124,0.1982218474149704,-0.00011532619828358293,0.7895470857620239,0.17314016819000244,-0.007100516464561224,0.8388729691505432,0.23141242563724518,-0.028232507407665253,0.7636244893074036,0.24426475167274475,-0.0430525466799736,0.7225239276885986,0.24605195224285126,-0.04885121062397957,0.6910423636436462,0.24218299984931946,-0.05171239748597145,0.8421652913093567,0.27372458577156067,-0.040436118841171265,0.7556427121162415,0.28720182180404663,-0.05611493065953255,0.7054600119590759,0.2877245545387268,-0.06204495206475258,0.6692949533462524,0.28230783343315125,-0.06571236252784729,0.8481577634811401,0.3199011981487274,-0.0501585528254509,0.7667507529258728,0.332308292388916,-0.063774973154068,0.7182878255844116,0.33170515298843384,-0.06928521394729614,0.6828144192695618,0.3240206837654114,-0.07241526991128922,0.8573684692382812,0.3691071569919586,-0.057911794632673264,0.7928146123886108,0.37728628516197205,-0.07038763910531998,0.7562488913536072,0.3764093220233917,-0.07402561604976654,0.7263393402099609,0.37071868777275085,-0.07532765716314316,sol
