landmark_0_x,landmark_0_y,landmark_0_z,landmark_1_x,landmark_1_y,landmark_1_z,landmark_2_x,landmark_2_y,landmark_2_z,landmark_3_x,landmark_3_y,landmark_3_z,landmark_4_x,landmark_4_y,landmark_4_z,landmark_5_x,landmark_5_y,landmark_5_z,landmark_6_x,landmark_6_y,landmark_6_z,landmark_7_x,landmark_7_y,landmark_7_z,landmark_8_x,landmark_8_y,landmark_8_z,landmark_9_x,landmark_9_y,landmark_9_z,landmark_10_x,landmark_10_y,landmark_10_z,landmark_11_x,landmark_11_y,landmark_11_z,landmark_12_x,landmark_12_y,landmark_12_z,landmark_13_x,landmark_13_y,landmark_13_z,landmark_14_x,landmark_14_y,landmark_14_z,landmark_15_x,landmark_15_y,landmark_15_z,landmark_16_x,landmark_16_y,landmark_16_z,landmark_17_x,landmark_17_y,landmark_17_z,landmark_18_x,landmark_18_y,landmark_18_z,landmark_19_x,landmark_19_y,landmark_19_z,landmark_20_x,landmark_20_y,landmark_20_z,class
0.872806191444397,0.7731677889823914,1.420907551619166e-07,0.836704432964325,0.7181112766265869,0.0020898000802844763,0.791130006313324,0.6833328008651733,-0.002733349334448576,0.7549717426300049,0.6617417335510254,-0.007757246028631926,0.7310422658920288,0.6406903862953186,-0.0147643331438303,0.7685697078704834,0.7039786577224731,-0.025401385501027107,0.7104085087776184,0.7214694023132324,-0.03785969316959381,0.6760722398757935,0.7307376265525818,-0.04357963427901268,0.6486226320266724,0.7371274828910828,-0.04674077406525612,0.7734186053276062,0.7439207434654236,-0.0334387868642807,0.7092468738555908,0.7617071270942688,-0.0473124235868454,0.6703137159347534,0.7664847373962402,-0.052696939557790756,0.6407467722892761,0.7666817903518677,-0.055744074285030365,0.7814907431602478,0.7832409143447876,-0.03967558220028877,0.7199217081069946,0.7979745268821716,-0.05057545378804207,0.6825384497642517,0.7993714213371277,-0.05277155712246895,0.6552389860153198,0.7961410880088806,-0.05325477570295334,0.7920804023742676,0.8189597725868225,-0.04499758407473564,0.7397264242172241,0.8234678506851196,-0.05339422449469566,0.7091398239135742,0.821898877620697,-0.05379578471183777,0.6859679222106934,0.8182433843612671,-0.05260803923010826,sol
