landmark_0_x,landmark_0_y,landmark_0_z,landmark_1_x,landmark_1_y,landmark_1_z,landmark_2_x,landmark_2_y,landmark_2_z,landmark_3_x,landmark_3_y,landmark_3_z,landmark_4_x,landmark_4_y,landmark_4_z,landmark_5_x,landmark_5_y,landmark_5_z,landmark_6_x,landmark_6_y,landmark_6_z,landmark_7_x,landmark_7_y,landmark_7_z,landmark_8_x,landmark_8_y,landmark_8_z,landmark_9_x,landmark_9_y,landmark_9_z,landmark_10_x,landmark_10_y,landmark_10_z,landmark_11_x,landmark_11_y,landmark_11_z,landmark_12_x,landmark_12_y,landmark_12_z,landmark_13_x,landmark_13_y,landmark_13_z,landmark_14_x,landmark_14_y,landmark_14_z,landmark_15_x,landmark_15_y,landmark_15_z,landmark_16_x,landmark_16_y,landmark_16_z,landmark_17_x,landmark_17_y,landmark_17_z,landmark_18_x,landmark_18_y,landmark_18_z,landmark_19_x,landmark_19_y,landmark_19_z,landmark_20_x,landmark_20_y,landmark_20_z,class
0.8261408805847168,0.7066436409950256,3.086652498041076e-07,0.7827084064483643,0.6002167463302612,-0.0016911417478695512,0.7177650332450867,0.5307176113128662,-0.006193836685270071,0.6462448239326477,0.5140489339828491,-0.009905016981065273,0.5909970998764038,0.5043525695800781,-0.014712928794324398,0.6597771644592285,0.5779051780700684,-0.026799166575074196,0.5576779246330261,0.5903906226158142,-0.04152718558907509,0.5018802285194397,0.596663773059845,-0.047831468284130096,0.4604223966598511,0.6018211245536804,-0.050170183181762695,0.6540957093238831,0.6477934122085571,-0.034076713025569916,0.5434000492095947,0.6498262882232666,-0.04778863489627838,0.4785653352737427,0.650579571723938,-0.05350957438349724,0.43315988779067993,0.6494176387786865,-0.056570038199424744,0.6567030549049377,0.7139291167259216,-0.03989128768444061,0.5575736165046692,0.708671510219574,-0.04916292056441307,0.5006117820739746,0.7035938501358032,-0.052272915840148926,0.46064960956573486,0.6974006295204163,-0.05414038524031639,0.666923999786377,0.7766817808151245,-0.04506833851337433,0.5890204906463623,0.7641158103942871,-0.051889535039663315,0.5456947684288025,0.7570490837097168,-0.05123558267951012,0.5108645558357239,0.749039888381958,-0.04903659224510193,sol
