landmark_0_x,landmark_0_y,landmark_0_z,landmark_1_x,landmark_1_y,landmark_1_z,landmark_2_x,landmark_2_y,landmark_2_z,landmark_3_x,landmark_3_y,landmark_3_z,landmark_4_x,landmark_4_y,landmark_4_z,landmark_5_x,landmark_5_y,landmark_5_z,landmark_6_x,landmark_6_y,landmark_6_z,landmark_7_x,landmark_7_y,landmark_7_z,landmark_8_x,landmark_8_y,landmark_8_z,landmark_9_x,landmark_9_y,landmark_9_z,landmark_10_x,landmark_10_y,landmark_10_z,landmark_11_x,landmark_11_y,landmark_11_z,landmark_12_x,landmark_12_y,landmark_12_z,landmark_13_x,landmark_13_y,landmark_13_z,landmark_14_x,landmark_14_y,landmark_14_z,landmark_15_x,landmark_15_y,landmark_15_z,landmark_16_x,landmark_16_y,landmark_16_z,landmark_17_x,landmark_17_y,landmark_17_z,landmark_18_x,landmark_18_y,landmark_18_z,landmark_19_x,landmark_19_y,landmark_19_z,landmark_20_x,landmark_20_y,landmark_20_z,class
0.8504849672317505,0.7586298584938049,3.057682249618665e-07,0.8098960518836975,0.6613306999206543,-0.002466444158926606,0.7498422265052795,0.5897813439369202,-0.008347840048372746,0.688551664352417,0.5587120056152344,-0.01344136893749237,0.6393707990646362,0.537882924079895,-0.019462764263153076,0.6894875168800354,0.6346548795700073,-0.024547353386878967,0.5948948860168457,0.648445725440979,-0.036883894354104996,0.5434387922286987,0.6560786366462708,-0.04279350861907005,0.5037927627563477,0.6621966361999512,-0.04560527577996254,0.6846555471420288,0.6986234784126282,-0.031185118481516838,0.5842632055282593,0.7034347057342529,-0.042371634393930435,0.5253446698188782,0.7063819766044617,-0.04847494885325432,0.4829693138599396,0.7071141600608826,-0.05251118168234825,0.687045156955719,0.7615896463394165,-0.03643343225121498,0.5963125824928284,0.7595640420913696,-0.04402310401201248,0.5427582263946533,0.7565241456031799,-0.04777393862605095,0.5041916370391846,0.7512317299842834,-0.05073074996471405,0.6956692934036255,0.8223673701286316,-0.041175611317157745,0.6248070001602173,0.8134450316429138,-0.0474785678088665,0.5842282772064209,0.8082705736160278,-0.04746522754430771,0.5511144399642944,0.8012588024139404,-0.0460728220641613,sol
