landmark_0_x,landmark_0_y,landmark_0_z,landmark_1_x,landmark_1_y,landmark_1_z,landmark_2_x,landmark_2_y,landmark_2_z,landmark_3_x,landmark_3_y,landmark_3_z,landmark_4_x,landmark_4_y,landmark_4_z,landmark_5_x,landmark_5_y,landmark_5_z,landmark_6_x,landmark_6_y,landmark_6_z,landmark_7_x,landmark_7_y,landmark_7_z,landmark_8_x,landmark_8_y,landmark_8_z,landmark_9_x,landmark_9_y,landmark_9_z,landmark_10_x,landmark_10_y,landmark_10_z,landmark_11_x,landmark_11_y,landmark_11_z,landmark_12_x,landmark_12_y,landmark_12_z,landmark_13_x,landmark_13_y,landmark_13_z,landmark_14_x,landmark_14_y,landmark_14_z,landmark_15_x,landmark_15_y,landmark_15_z,landmark_16_x,landmark_16_y,landmark_16_z,landmark_17_x,landmark_17_y,landmark_17_z,landmark_18_x,landmark_18_y,landmark_18_z,landmark_19_x,landmark_19_y,landmark_19_z,landmark_20_x,landmark_20_y,landmark_20_z,class
0.7386623620986938,0.6554054021835327,1.8028067927389202e-07,0.7073453664779663,0.5979655385017395,0.003939098212867975,0.6625520586967468,0.5656609535217285,0.004120594821870327,0.6228905320167542,0.554434597492218,0.004222349263727665,0.5939123034477234,0.5476304292678833,0.003469844115898013,0.6321302652359009,0.5920022130012512,-0.01346385944634676,0.5724485516548157,0.6081461906433105,-0.019926905632019043,0.5397459864616394,0.6133140921592712,-0.021394511684775352,0.5150706768035889,0.616034746170044,-0.02149200066924095,0.6326452493667603,0.631594181060791,-0.01925400272011757,0.5667545795440674,0.6444531083106995,-0.02778525836765766,0.5277969837188721,0.6474611759185791,-0.030408209189772606,0.49874117970466614,0.6464640498161316,-0.03125563636422157,0.6368030309677124,0.6701409816741943,-0.02341410145163536,0.5774962902069092,0.675812304019928,-0.02954285219311714,0.5404108762741089,0.6731576919555664,-0.03111918829381466,0.5127809643745422,0.6662444472312927,-0.031570710241794586,0.6453384160995483,0.7077747583389282,-0.026526544243097305,0.5996946692466736,0.711929440498352,-0.030812570825219154,0.5727651715278625,0.7102002501487732,-0.029995616525411606,0.5514208078384399,0.7048476934432983,-0.0282273069024086,sol
