landmark_0_x,landmark_0_y,landmark_0_z,landmark_1_x,landmark_1_y,landmark_1_z,landmark_2_x,landmark_2_y,landmark_2_z,landmark_3_x,landmark_3_y,landmark_3_z,landmark_4_x,landmark_4_y,landmark_4_z,landmark_5_x,landmark_5_y,landmark_5_z,landmark_6_x,landmark_6_y,landmark_6_z,landmark_7_x,landmark_7_y,landmark_7_z,landmark_8_x,landmark_8_y,landmark_8_z,landmark_9_x,landmark_9_y,landmark_9_z,landmark_10_x,landmark_10_y,landmark_10_z,landmark_11_x,landmark_11_y,landmark_11_z,landmark_12_x,landmark_12_y,landmark_12_z,landmark_13_x,landmark_13_y,landmark_13_z,landmark_14_x,landmark_14_y,landmark_14_z,landmark_15_x,landmark_15_y,landmark_15_z,landmark_16_x,landmark_16_y,landmark_16_z,landmark_17_x,landmark_17_y,landmark_17_z,landmark_18_x,landmark_18_y,landmark_18_z,landmark_19_x,landmark_19_y,landmark_19_z,landmark_20_x,landmark_20_y,landmark_20_z,class
0.9340667724609375,0.3443034887313843,5.352044922801724e-07,0.8614012002944946,0.21395255625247955,0.0011099091498181224,0.7522432208061218,0.12708842754364014,-0.007919132709503174,0.6476958394050598,0.09908431768417358,-0.015151073224842548,0.5771715641021729,0.06821000576019287,-0.025273121893405914,0.7038048505783081,0.1684914082288742,-0.05960759148001671,0.5508013963699341,0.20316669344902039,-0.08653800934553146,0.46785783767700195,0.21356187760829926,-0.09551601856946945,0.4006786346435547,0.21678626537322998,-0.09843413531780243,0.7042725682258606,0.26476773619651794,-0.07414522022008896,0.5311129093170166,0.28623878955841064,-0.10493779182434082,0.4298315942287445,0.28879258036613464,-0.1153234913945198,0.3563877046108246,0.2821018695831299,-0.11989587545394897,0.7086948156356812,0.359328955411911,-0.08466774225234985,0.5491454005241394,0.3710552453994751,-0.10882535576820374,0.45617854595184326,0.3668202757835388,-0.11672717332839966,0.39043834805488586,0.35299909114837646,-0.1191243901848793,0.7170997858047485,0.4520387351512909,-0.09299516677856445,0.5838704109191895,0.44531214237213135,-0.11167290806770325,0.5161292552947998,0.4337998032569885,-0.11441322416067123,0.46403366327285767,0.4179866313934326,-0.11267834901809692,sol
