landmark_0_x,landmark_0_y,landmark_0_z,landmark_1_x,landmark_1_y,landmark_1_z,landmark_2_x,landmark_2_y,landmark_2_z,landmark_3_x,landmark_3_y,landmark_3_z,landmark_4_x,landmark_4_y,landmark_4_z,landmark_5_x,landmark_5_y,landmark_5_z,landmark_6_x,landmark_6_y,landmark_6_z,landmark_7_x,landmark_7_y,landmark_7_z,landmark_8_x,landmark_8_y,landmark_8_z,landmark_9_x,landmark_9_y,landmark_9_z,landmark_10_x,landmark_10_y,landmark_10_z,landmark_11_x,landmark_11_y,landmark_11_z,landmark_12_x,landmark_12_y,landmark_12_z,landmark_13_x,landmark_13_y,landmark_13_z,landmark_14_x,landmark_14_y,landmark_14_z,landmark_15_x,landmark_15_y,landmark_15_z,landmark_16_x,landmark_16_y,landmark_16_z,landmark_17_x,landmark_17_y,landmark_17_z,landmark_18_x,landmark_18_y,landmark_18_z,landmark_19_x,landmark_19_y,landmark_19_z,landmark_20_x,landmark_20_y,landmark_20_z,class
0.8848384022712708,0.7773825526237488,1.2900800072657148e-07,0.8508837819099426,0.7243882417678833,0.0027435177471488714,0.8066555261611938,0.6872475147247314,-0.0010919718770310283,0.7715058922767639,0.6644980907440186,-0.00515028927475214,0.7470488548278809,0.6444730758666992,-0.01089706551283598,0.7860326170921326,0.7094035744667053,-0.02124149166047573,0.7275572419166565,0.7259400486946106,-0.03146060183644295,0.6944646239280701,0.7337619662284851,-0.0359422042965889,0.6685889363288879,0.7386763095855713,-0.03835717961192131,0.7895937561988831,0.7476800084114075,-0.02872314304113388,0.7253836393356323,0.7628803849220276,-0.039451781660318375,0.6873239278793335,0.7671312689781189,-0.043967727571725845,0.6590772867202759,0.7674626111984253,-0.04695672169327736,0.7951956391334534,0.7856967449188232,-0.03459105268120766,0.7355738282203674,0.7970931529998779,-0.042578455060720444,0.6989530920982361,0.7982587814331055,-0.04489929601550102,0.6717043519020081,0.7956154346466064,-0.046369992196559906,0.802409827709198,0.8216809630393982,-0.03956274315714836,0.7535138130187988,0.8278923630714417,-0.04566872864961624,0.7263040542602539,0.827970027923584,-0.04572069272398949,0.7050698399543762,0.825900673866272,-0.04497480392456055,sol
