landmark_0_x,landmark_0_y,landmark_0_z,landmark_1_x,landmark_1_y,landmark_1_z,landmark_2_x,landmark_2_y,landmark_2_z,landmark_3_x,landmark_3_y,landmark_3_z,landmark_4_x,landmark_4_y,landmark_4_z,landmark_5_x,landmark_5_y,landmark_5_z,landmark_6_x,landmark_6_y,landmark_6_z,landmark_7_x,landmark_7_y,landmark_7_z,landmark_8_x,landmark_8_y,landmark_8_z,landmark_9_x,landmark_9_y,landmark_9_z,landmark_10_x,landmark_10_y,landmark_10_z,landmark_11_x,landmark_11_y,landmark_11_z,landmark_12_x,landmark_12_y,landmark_12_z,landmark_13_x,landmark_13_y,landmark_13_z,landmark_14_x,landmark_14_y,landmark_14_z,landmark_15_x,landmark_15_y,landmark_15_z,landmark_16_x,landmark_16_y,landmark_16_z,landmark_17_x,landmark_17_y,landmark_17_z,landmark_18_x,landmark_18_y,landmark_18_z,landmark_19_x,landmark_19_y,landmark_19_z,landmark_20_x,landmark_20_y,landmark_20_z,class
0.7657524943351746,0.7160502076148987,1.3310726387771865e-07,0.7361935973167419,0.671488881111145,0.0024214638397097588,0.695604145526886,0.645413339138031,-0.00031653544283472,0.6625747680664062,0.6350669264793396,-0.003685301635414362,0.6369000673294067,0.6275691390037537,-0.00826229713857174,0.6744658350944519,0.6573961973190308,-0.016530845314264297,0.6225770711898804,0.6722528338432312,-0.026215801015496254,0.5923625230789185,0.679159939289093,-0.030941572040319443,0.5683090686798096,0.6837660670280457,-0.03337913751602173,0.6767483949661255,0.6892240047454834,-0.023510554805397987,0.6198225021362305,0.702573835849762,-0.03241785988211632,0.5854100584983826,0.7069001793861389,-0.03649543970823288,0.5599822402000427,0.7080423831939697,-0.0392816886305809,0.6819967031478882,0.7221663594245911,-0.029232297092676163,0.6299628615379333,0.7328548431396484,-0.03542085364460945,0.597612738609314,0.7352942824363708,-0.03748822212219238,0.574191153049469,0.7341806292533875,-0.03893052414059639,0.6896504163742065,0.755230724811554,-0.034371357411146164,0.6480403542518616,0.760270893573761,-0.03934546187520027,0.6222668290138245,0.7608586549758911,-0.03979545086622238,0.6018138527870178,0.7594568729400635,-0.039395835250616074,sol
