landmark_0_x,landmark_0_y,landmark_0_z,landmark_1_x,landmark_1_y,landmark_1_z,landmark_2_x,landmark_2_y,landmark_2_z,landmark_3_x,landmark_3_y,landmark_3_z,landmark_4_x,landmark_4_y,landmark_4_z,landmark_5_x,landmark_5_y,landmark_5_z,landmark_6_x,landmark_6_y,landmark_6_z,landmark_7_x,landmark_7_y,landmark_7_z,landmark_8_x,landmark_8_y,landmark_8_z,landmark_9_x,landmark_9_y,landmark_9_z,landmark_10_x,landmark_10_y,landmark_10_z,landmark_11_x,landmark_11_y,landmark_11_z,landmark_12_x,landmark_12_y,landmark_12_z,landmark_13_x,landmark_13_y,landmark_13_z,landmark_14_x,landmark_14_y,landmark_14_z,landmark_15_x,landmark_15_y,landmark_15_z,landmark_16_x,landmark_16_y,landmark_16_z,landmark_17_x,landmark_17_y,landmark_17_z,landmark_18_x,landmark_18_y,landmark_18_z,landmark_19_x,landmark_19_y,landmark_19_z,landmark_20_x,landmark_20_y,landmark_20_z,class
0.8046107292175293,0.7673621773719788,2.207589631098017e-07,0.7687833309173584,0.6790505647659302,0.002371471840888262,0.716054379940033,0.6215096712112427,-0.0005220288876444101,0.6624801754951477,0.5951963663101196,-0.003486060071736574,0.6228625178337097,0.572171688079834,-0.007643530145287514,0.6631780862808228,0.6608648896217346,-0.017174413427710533,0.5809019804000854,0.675804078578949,-0.025931069627404213,0.5363051891326904,0.6836869716644287,-0.029641948640346527,0.5022996068000793,0.6897863149642944,-0.03130599483847618,0.6593466997146606,0.7169833183288574,-0.024093713611364365,0.5717484951019287,0.7239028811454773,-0.03238857537508011,0.5206454396247864,0.7276440262794495,-0.036402057856321335,0.48415377736091614,0.7296314835548401,-0.03908069059252739,0.6623810529708862,0.7710174918174744,-0.029385661706328392,0.5832045674324036,0.7717652916908264,-0.03452112153172493,0.5366840958595276,0.7705137133598328,-0.0366116538643837,0.5030567646026611,0.7677350044250488,-0.03844480589032173,0.6713675856590271,0.8219828605651855,-0.03384160250425339,0.6081160306930542,0.8169761896133423,-0.037698082625865936,0.5723497867584229,0.8133151531219482,-0.036536674946546555,0.5433481335639954,0.8078383803367615,-0.0346699021756649,sol
