landmark_0_x,landmark_0_y,landmark_0_z,landmark_1_x,landmark_1_y,landmark_1_z,landmark_2_x,landmark_2_y,landmark_2_z,landmark_3_x,landmark_3_y,landmark_3_z,landmark_4_x,landmark_4_y,landmark_4_z,landmark_5_x,landmark_5_y,landmark_5_z,landmark_6_x,landmark_6_y,landmark_6_z,landmark_7_x,landmark_7_y,landmark_7_z,landmark_8_x,landmark_8_y,landmark_8_z,landmark_9_x,landmark_9_y,landmark_9_z,landmark_10_x,landmark_10_y,landmark_10_z,landmark_11_x,landmark_11_y,landmark_11_z,landmark_12_x,landmark_12_y,landmark_12_z,landmark_13_x,landmark_13_y,landmark_13_z,landmark_14_x,landmark_14_y,landmark_14_z,landmark_15_x,landmark_15_y,landmark_15_z,landmark_16_x,landmark_16_y,landmark_16_z,landmark_17_x,landmark_17_y,landmark_17_z,landmark_18_x,landmark_18_y,landmark_18_z,landmark_19_x,landmark_19_y,landmark_19_z,landmark_20_x,landmark_20_y,landmark_20_z,class
0.7411669492721558,0.6723717451095581,1.6166397642791708e-07,0.712575376033783,0.617151141166687,0.0013302810257300735,0.6676436066627502,0.5860121250152588,0.0001314030960202217,0.6274899244308472,0.5766408443450928,-0.0008359184139408171,0.5992806553840637,0.568629264831543,-0.0026635825634002686,0.6366981863975525,0.610167920589447,-0.016393084079027176,0.578443706035614,0.6239537596702576,-0.02439800463616848,0.5457226037979126,0.6286146640777588,-0.02723061293363571,0.5202199220657349,0.6312633752822876,-0.028424356132745743,0.6371633410453796,0.6488719582557678,-0.02158137783408165,0.5726982355117798,0.6595480442047119,-0.03151814267039299,0.5340923070907593,0.6618726253509521,-0.035225458443164825,0.5051504373550415,0.6614624261856079,-0.03703032806515694,0.6415541172027588,0.6859196424484253,-0.025327863171696663,0.5836722254753113,0.6917139887809753,-0.032383423298597336,0.5469439625740051,0.6896352171897888,-0.034290239214897156,0.5195218324661255,0.6844159364700317,-0.03505505248904228,0.6497631072998047,0.7216573357582092,-0.02836272306740284,0.6032564640045166,0.724925696849823,-0.03326853737235069,0.5754184722900391,0.7230992913246155,-0.032997459173202515,0.5533804893493652,0.7184960842132568,-0.03177494555711746,sol
