landmark_0_x,landmark_0_y,landmark_0_z,landmark_1_x,landmark_1_y,landmark_1_z,landmark_2_x,landmark_2_y,landmark_2_z,landmark_3_x,landmark_3_y,landmark_3_z,landmark_4_x,landmark_4_y,landmark_4_z,landmark_5_x,landmark_5_y,landmark_5_z,landmark_6_x,landmark_6_y,landmark_6_z,landmark_7_x,landmark_7_y,landmark_7_z,landmark_8_x,landmark_8_y,landmark_8_z,landmark_9_x,landmark_9_y,landmark_9_z,landmark_10_x,landmark_10_y,landmark_10_z,landmark_11_x,landmark_11_y,landmark_11_z,landmark_12_x,landmark_12_y,landmark_12_z,landmark_13_x,landmark_13_y,landmark_13_z,landmark_14_x,landmark_14_y,landmark_14_z,landmark_15_x,landmark_15_y,landmark_15_z,landmark_16_x,landmark_16_y,landmark_16_z,landmark_17_x,landmark_17_y,landmark_17_z,landmark_18_x,landmark_18_y,landmark_18_z,landmark_19_x,landmark_19_y,landmark_19_z,landmark_20_x,landmark_20_y,landmark_20_z,class
1.0109987258911133,0.30444344878196716,3.819932317128405e-07,0.9617223739624023,0.20995889604091644,0.00218994845636189,0.8866024017333984,0.14724330604076385,-0.006079411134123802,0.8213071823120117,0.1161956638097763,-0.013450573198497295,0.7771367430686951,0.08822479844093323,-0.024036290124058723,0.8431176543235779,0.17221395671367645,-0.05319664999842644,0.7277573347091675,0.19549880921840668,-0.07830845564603806,0.6619696617126465,0.2019878774881363,-0.08705350756645203,0.6125243902206421,0.20102214813232422,-0.09027125686407089,0.8460682034492493,0.24178072810173035,-0.06655430048704147,0.7146672010421753,0.26051923632621765,-0.09443450719118118,0.6369390487670898,0.2611325979232788,-0.1032710149884224,0.5815185308456421,0.25084277987480164,-0.10650037974119186,0.8527505397796631,0.3130711615085602,-0.07641086727380753,0.7318288683891296,0.32542067766189575,-0.09996030479669571,0.6596453189849854,0.32150545716285706,-0.10692837089300156,0.607075572013855,0.30675968527793884,-0.10840209573507309,0.8655299544334412,0.3849495053291321,-0.08383559435606003,0.7709062099456787,0.39176031947135925,-0.1042383685708046,0.7168511152267456,0.38887420296669006,-0.10844261199235916,0.6735306978225708,0.37840715050697327,-0.10765945911407471,sol
