landmark_0_x,landmark_0_y,landmark_0_z,landmark_1_x,landmark_1_y,landmark_1_z,landmark_2_x,landmark_2_y,landmark_2_z,landmark_3_x,landmark_3_y,landmark_3_z,landmark_4_x,landmark_4_y,landmark_4_z,landmark_5_x,landmark_5_y,landmark_5_z,landmark_6_x,landmark_6_y,landmark_6_z,landmark_7_x,landmark_7_y,landmark_7_z,landmark_8_x,landmark_8_y,landmark_8_z,landmark_9_x,landmark_9_y,landmark_9_z,landmark_10_x,landmark_10_y,landmark_10_z,landmark_11_x,landmark_11_y,landmark_11_z,landmark_12_x,landmark_12_y,landmark_12_z,landmark_13_x,landmark_13_y,landmark_13_z,landmark_14_x,landmark_14_y,landmark_14_z,landmark_15_x,landmark_15_y,landmark_15_z,landmark_16_x,landmark_16_y,landmark_16_z,landmark_17_x,landmark_17_y,landmark_17_z,landmark_18_x,landmark_18_y,landmark_18_z,landmark_19_x,landmark_19_y,landmark_19_z,landmark_20_x,landmark_20_y,landmark_20_z,class
0.9485323429107666,0.3447906970977783,1.0549052831265726e-07,0.9117448329925537,0.2960972189903259,0.004989933222532272,0.8629090785980225,0.2600068151950836,0.0021008437033742666,0.824251115322113,0.23920497298240662,-0.0017487108707427979,0.7984127998352051,0.22115513682365417,-0.007947929203510284,0.8411825299263,0.25764894485473633,-0.02465621940791607,0.7755194902420044,0.26503786444664,-0.03986987844109535,0.7367576956748962,0.265545517206192,-0.04728136584162712,0.7064520120620728,0.26296696066856384,-0.05168366804718971,0.8458619117736816,0.2893120050430298,-0.03598768636584282,0.7715101838111877,0.30048680305480957,-0.052577465772628784,0.7261034250259399,0.30079811811447144,-0.061138637363910675,0.6924983263015747,0.2970472574234009,-0.066763736307621,0.8526586890220642,0.3275812864303589,-0.045352526009082794,0.7807865738868713,0.3397435247898102,-0.061218827962875366,0.7362350225448608,0.3395523726940155,-0.06898464262485504,0.7043402194976807,0.334432452917099,-0.07325572520494461,0.8611220121383667,0.37061870098114014,-0.05303914472460747,0.8034685850143433,0.37965303659439087,-0.06915541738271713,0.7690908312797546,0.378284215927124,-0.07573338598012924,0.7419337630271912,0.37217551469802856,-0.07871262729167938,sol
