landmark_0_x,landmark_0_y,landmark_0_z,landmark_1_x,landmark_1_y,landmark_1_z,landmark_2_x,landmark_2_y,landmark_2_z,landmark_3_x,landmark_3_y,landmark_3_z,landmark_4_x,landmark_4_y,landmark_4_z,landmark_5_x,landmark_5_y,landmark_5_z,landmark_6_x,landmark_6_y,landmark_6_z,landmark_7_x,landmark_7_y,landmark_7_z,landmark_8_x,landmark_8_y,landmark_8_z,landmark_9_x,landmark_9_y,landmark_9_z,landmark_10_x,landmark_10_y,landmark_10_z,landmark_11_x,landmark_11_y,landmark_11_z,landmark_12_x,landmark_12_y,landmark_12_z,landmark_13_x,landmark_13_y,landmark_13_z,landmark_14_x,landmark_14_y,landmark_14_z,landmark_15_x,landmark_15_y,landmark_15_z,landmark_16_x,landmark_16_y,landmark_16_z,landmark_17_x,landmark_17_y,landmark_17_z,landmark_18_x,landmark_18_y,landmark_18_z,landmark_19_x,landmark_19_y,landmark_19_z,landmark_20_x,landmark_20_y,landmark_20_z,class
0.8882789611816406,0.7807341814041138,1.5582463674945757e-07,0.8557828068733215,0.7256356477737427,0.00033262866782024503,0.812506914138794,0.6866847276687622,-0.004867990035563707,0.7770429253578186,0.6656827926635742,-0.009967677295207977,0.7515606880187988,0.6469298005104065,-0.016497435048222542,0.7906488180160522,0.7097558379173279,-0.023652026429772377,0.7327588796615601,0.726141631603241,-0.03495485708117485,0.7004764080047607,0.7331928014755249,-0.039908796548843384,0.6752869486808777,0.7372039556503296,-0.04250600188970566,0.7937638759613037,0.7486933469772339,-0.030514856800436974,0.72906494140625,0.7629773020744324,-0.042431578040122986,0.6908890604972839,0.7669174075126648,-0.047662682831287384,0.6627488732337952,0.7670943140983582,-0.05101441964507103,0.7992836236953735,0.7873244285583496,-0.03595220297574997,0.7397395968437195,0.7973908185958862,-0.04528689384460449,0.7032767534255981,0.7985138297080994,-0.048823583871126175,0.6768181324005127,0.7957692742347717,-0.05083173140883446,0.8066554069519043,0.8240084648132324,-0.04061013087630272,0.7583056092262268,0.8287517428398132,-0.04786372184753418,0.7313682436943054,0.8297790288925171,-0.04888567700982094,0.710906982421875,0.8293595314025879,-0.04864296689629555,sol
