landmark_0_x,landmark_0_y,landmark_0_z,landmark_1_x,landmark_1_y,landmark_1_z,landmark_2_x,landmark_2_y,landmark_2_z,landmark_3_x,landmark_3_y,landmark_3_z,landmark_4_x,landmark_4_y,landmark_4_z,landmark_5_x,landmark_5_y,landmark_5_z,landmark_6_x,landmark_6_y,landmark_6_z,landmark_7_x,landmark_7_y,landmark_7_z,landmark_8_x,landmark_8_y,landmark_8_z,landmark_9_x,landmark_9_y,landmark_9_z,landmark_10_x,landmark_10_y,landmark_10_z,landmark_11_x,landmark_11_y,landmark_11_z,landmark_12_x,landmark_12_y,landmark_12_z,landmark_13_x,landmark_13_y,landmark_13_z,landmark_14_x,landmark_14_y,landmark_14_z,landmark_15_x,landmark_15_y,landmark_15_z,landmark_16_x,landmark_16_y,landmark_16_z,landmark_17_x,landmark_17_y,landmark_17_z,landmark_18_x,landmark_18_y,landmark_18_z,landmark_19_x,landmark_19_y,landmark_19_z,landmark_20_x,landmark_20_y,landmark_20_z,class
0.9695549011230469,0.3241926431655884,1.6441815375856095e-07,0.920796811580658,0.25458455085754395,0.00865212082862854,0.8582987189292908,0.2049959897994995,0.0044252220541238785,0.8072982430458069,0.17552737891674042,-0.0009112209663726389,0.7723571062088013,0.1492418348789215,-0.009349621832370758,0.8280273079872131,0.21996626257896423,-0.032809630036354065,0.7406673431396484,0.24194683134555817,-0.05040006712079048,0.6923390030860901,0.24740508198738098,-0.05757557228207588,0.6549031138420105,0.2465745508670807,-0.06110915169119835,0.8329935073852539,0.2682730555534363,-0.04679211601614952,0.7329192161560059,0.28963151574134827,-0.06551041454076767,0.6745086908340454,0.29285845160484314,-0.07247765362262726,0.6328715085983276,0.28862425684928894,-0.07672743499279022,0.8404977321624756,0.320793479681015,-0.05794394761323929,0.7462456226348877,0.3390352427959442,-0.07343443483114243,0.6908809542655945,0.34060463309288025,-0.07896549254655838,0.6508942246437073,0.33326074481010437,-0.08187787979841232,0.8519124388694763,0.37688151001930237,-0.06697150319814682,0.7766176462173462,0.38877660036087036,-0.08059018850326538,0.733859658241272,0.38916343450546265,-0.08417831361293793,0.6986842751502991,0.38403356075286865,-0.08517175912857056,sol
