landmark_0_x,landmark_0_y,landmark_0_z,landmark_1_x,landmark_1_y,landmark_1_z,landmark_2_x,landmark_2_y,landmark_2_z,landmark_3_x,landmark_3_y,landmark_3_z,landmark_4_x,landmark_4_y,landmark_4_z,landmark_5_x,landmark_5_y,landmark_5_z,landmark_6_x,landmark_6_y,landmark_6_z,landmark_7_x,landmark_7_y,landmark_7_z,landmark_8_x,landmark_8_y,landmark_8_z,landmark_9_x,landmark_9_y,landmark_9_z,landmark_10_x,landmark_10_y,landmark_10_z,landmark_11_x,landmark_11_y,landmark_11_z,landmark_12_x,landmark_12_y,landmark_12_z,landmark_13_x,landmark_13_y,landmark_13_z,landmark_14_x,landmark_14_y,landmark_14_z,landmark_15_x,landmark_15_y,landmark_15_z,landmark_16_x,landmark_16_y,landmark_16_z,landmark_17_x,landmark_17_y,landmark_17_z,landmark_18_x,landmark_18_y,landmark_18_z,landmark_19_x,landmark_19_y,landmark_19_z,landmark_20_x,landmark_20_y,landmark_20_z,class
0.7971909046173096,0.7740629315376282,2.3349987543497264e-07,0.7640650868415833,0.6902647018432617,-0.0004517464549280703,0.7095077037811279,0.635530948638916,-0.0031537655740976334,0.6576741337776184,0.6085818409919739,-0.005372412037104368,0.6194220185279846,0.5862236022949219,-0.008301598019897938,0.659183919429779,0.6724545359611511,-0.016958102583885193,0.581247866153717,0.6860774755477905,-0.025010904297232628,0.5378642082214355,0.6935760378837585,-0.028665609657764435,0.503853440284729,0.6996018886566162,-0.03059065155684948,0.6552551984786987,0.7260168194770813,-0.022221673280000687,0.5723336338996887,0.7337795495986938,-0.030210698023438454,0.5233561396598816,0.7369316816329956,-0.03435337916016579,0.48713696002960205,0.7381085157394409,-0.037032414227724075,0.6574190855026245,0.7780667543411255,-0.02620605379343033,0.5823138952255249,0.7803341150283813,-0.03131905943155289,0.5379943251609802,0.7788753509521484,-0.03350238502025604,0.5050065517425537,0.7757280468940735,-0.0351593904197216,0.6646347641944885,0.8267505168914795,-0.029742522165179253,0.6045966744422913,0.8214784264564514,-0.03337264806032181,0.5707496404647827,0.8182052969932556,-0.03229014575481415,0.5434017181396484,0.8132263422012329,-0.030420394614338875,sol
