landmark_0_x,landmark_0_y,landmark_0_z,landmark_1_x,landmark_1_y,landmark_1_z,landmark_2_x,landmark_2_y,landmark_2_z,landmark_3_x,landmark_3_y,landmark_3_z,landmark_4_x,landmark_4_y,landmark_4_z,landmark_5_x,landmark_5_y,landmark_5_z,landmark_6_x,landmark_6_y,landmark_6_z,landmark_7_x,landmark_7_y,landmark_7_z,landmark_8_x,landmark_8_y,landmark_8_z,landmark_9_x,landmark_9_y,landmark_9_z,landmark_10_x,landmark_10_y,landmark_10_z,landmark_11_x,landmark_11_y,landmark_11_z,landmark_12_x,landmark_12_y,landmark_12_z,landmark_13_x,landmark_13_y,landmark_13_z,landmark_14_x,landmark_14_y,landmark_14_z,landmark_15_x,landmark_15_y,landmark_15_z,landmark_16_x,landmark_16_y,landmark_16_z,landmark_17_x,landmark_17_y,landmark_17_z,landmark_18_x,landmark_18_y,landmark_18_z,landmark_19_x,landmark_19_y,landmark_19_z,landmark_20_x,landmark_20_y,landmark_20_z,class
0.8192325234413147,0.7061147093772888,2.7445221917332674e-07,0.7812647223472595,0.610404372215271,-0.00048780970973894,0.7229997515678406,0.5505061745643616,-0.003048731479793787,0.6588478088378906,0.5371209979057312,-0.00478049460798502,0.6091668605804443,0.5303863286972046,-0.007131854072213173,0.6690533757209778,0.5950767397880554,-0.020471198484301567,0.5790080428123474,0.6101444363594055,-0.030539071187376976,0.5298214554786682,0.6163404583930969,-0.03388676419854164,0.49283137917518616,0.6208807826042175,-0.03476973623037338,0.6649727821350098,0.6575215458869934,-0.026128219440579414,0.5682371854782104,0.6629734635353088,-0.037510957568883896,0.5118899941444397,0.6644910573959351,-0.04185117781162262,0.4720166325569153,0.6633978486061096,-0.043721117079257965,0.6675722599029541,0.7154251337051392,-0.030327798798680305,0.5803858041763306,0.7138779759407043,-0.03820153698325157,0.5294488668441772,0.71034836769104,-0.04073037579655647,0.49274563789367676,0.7042715549468994,-0.04181002452969551,0.6766699552536011,0.7691976428031921,-0.03379606455564499,0.606389045715332,0.761825680732727,-0.039298709481954575,0.5678007006645203,0.7566261291503906,-0.03849219158291817,0.5371271371841431,0.7487468719482422,-0.03611309081315994,sol
