landmark_0_x,landmark_0_y,landmark_0_z,landmark_1_x,landmark_1_y,landmark_1_z,landmark_2_x,landmark_2_y,landmark_2_z,landmark_3_x,landmark_3_y,landmark_3_z,landmark_4_x,landmark_4_y,landmark_4_z,landmark_5_x,landmark_5_y,landmark_5_z,landmark_6_x,landmark_6_y,landmark_6_z,landmark_7_x,landmark_7_y,landmark_7_z,landmark_8_x,landmark_8_y,landmark_8_z,landmark_9_x,landmark_9_y,landmark_9_z,landmark_10_x,landmark_10_y,landmark_10_z,landmark_11_x,landmark_11_y,landmark_11_z,landmark_12_x,landmark_12_y,landmark_12_z,landmark_13_x,landmark_13_y,landmark_13_z,landmark_14_x,landmark_14_y,landmark_14_z,landmark_15_x,landmark_15_y,landmark_15_z,landmark_16_x,landmark_16_y,landmark_16_z,landmark_17_x,landmark_17_y,landmark_17_z,landmark_18_x,landmark_18_y,landmark_18_z,landmark_19_x,landmark_19_y,landmark_19_z,landmark_20_x,landmark_20_y,landmark_20_z,class
0.9957894682884216,0.3175167441368103,2.5778641088436416e-07,0.9422129988670349,0.22805318236351013,0.004433124791830778,0.872359573841095,0.16178695857524872,-0.0035130507312715054,0.8124105930328369,0.13323406875133514,-0.011212841607630253,0.7705861926078796,0.10720133781433105,-0.021880032494664192,0.8393861055374146,0.19295167922973633,-0.04816395044326782,0.7329050302505493,0.2215752899646759,-0.07171369343996048,0.6728869080543518,0.22975443303585052,-0.08026774227619171,0.6267428994178772,0.23091664910316467,-0.08378201723098755,0.8440771102905273,0.2580934166908264,-0.06203131005167961,0.7243626713752747,0.2806851863861084,-0.08908327668905258,0.6538611650466919,0.28394314646720886,-0.0986710786819458,0.6028587818145752,0.27756184339523315,-0.10320945084095001,0.8509170413017273,0.3233204483985901,-0.07235855609178543,0.7402973771095276,0.340224951505661,-0.0939113050699234,0.674432098865509,0.341094434261322,-0.09991917759180069,0.6261753439903259,0.33202874660491943,-0.10156149417161942,0.8618687987327576,0.3890228271484375,-0.08047555387020111,0.7747100591659546,0.39764004945755005,-0.09786231815814972,0.7247980833053589,0.39628517627716064,-0.1012590304017067,0.6839562654495239,0.38947343826293945,-0.10080421715974808,sol
