landmark_0_x,landmark_0_y,landmark_0_z,landmark_1_x,landmark_1_y,landmark_1_z,landmark_2_x,landmark_2_y,landmark_2_z,landmark_3_x,landmark_3_y,landmark_3_z,landmark_4_x,landmark_4_y,landmark_4_z,landmark_5_x,landmark_5_y,landmark_5_z,landmark_6_x,landmark_6_y,landmark_6_z,landmark_7_x,landmark_7_y,landmark_7_z,landmark_8_x,landmark_8_y,landmark_8_z,landmark_9_x,landmark_9_y,landmark_9_z,landmark_10_x,landmark_10_y,landmark_10_z,landmark_11_x,landmark_11_y,landmark_11_z,landmark_12_x,landmark_12_y,landmark_12_z,landmark_13_x,landmark_13_y,landmark_13_z,landmark_14_x,landmark_14_y,landmark_14_z,landmark_15_x,landmark_15_y,landmark_15_z,landmark_16_x,landmark_16_y,landmark_16_z,landmark_17_x,landmark_17_y,landmark_17_z,landmark_18_x,landmark_18_y,landmark_18_z,landmark_19_x,landmark_19_y,landmark_19_z,landmark_20_x,landmark_20_y,landmark_20_z,class
0.745409369468689,0.6540465950965881,1.6678393421898363e-07,0.7151559591293335,0.5930790305137634,0.002006517257541418,0.6702677011489868,0.5542963147163391,0.0011728462995961308,0.6278111934661865,0.5424836277961731,0.0011043802369385958,0.5959810018539429,0.537888765335083,8.537177563994192e-06,0.6372340321540833,0.5839967131614685,-0.021342428401112556,0.5736068487167358,0.5973457098007202,-0.02996642515063286,0.5384863615036011,0.6015540361404419,-0.0319906510412693,0.5122918486595154,0.6036593317985535,-0.032155878841876984,0.6372638940811157,0.6259560585021973,-0.026457514613866806,0.5671924352645874,0.6365317702293396,-0.03696964308619499,0.5260847806930542,0.6386243104934692,-0.039748415350914,0.496406614780426,0.6372718214988708,-0.040676672011613846,0.641130268573761,0.6651039123535156,-0.029689667746424675,0.5782685875892639,0.6705664992332458,-0.03717269375920296,0.5396197438240051,0.6687951683998108,-0.03936895728111267,0.5117354393005371,0.6633689999580383,-0.0402805432677269,0.6500574946403503,0.7028218507766724,-0.03191669285297394,0.6011448502540588,0.7057273387908936,-0.03788653388619423,0.5722849369049072,0.7029948830604553,-0.038488198071718216,0.5497716665267944,0.6970744132995605,-0.037648558616638184,sol
