landmark_0_x,landmark_0_y,landmark_0_z,landmark_1_x,landmark_1_y,landmark_1_z,landmark_2_x,landmark_2_y,landmark_2_z,landmark_3_x,landmark_3_y,landmark_3_z,landmark_4_x,landmark_4_y,landmark_4_z,landmark_5_x,landmark_5_y,landmark_5_z,landmark_6_x,landmark_6_y,landmark_6_z,landmark_7_x,landmark_7_y,landmark_7_z,landmark_8_x,landmark_8_y,landmark_8_z,landmark_9_x,landmark_9_y,landmark_9_z,landmark_10_x,landmark_10_y,landmark_10_z,landmark_11_x,landmark_11_y,landmark_11_z,landmark_12_x,landmark_12_y,landmark_12_z,landmark_13_x,landmark_13_y,landmark_13_z,landmark_14_x,landmark_14_y,landmark_14_z,landmark_15_x,landmark_15_y,landmark_15_z,landmark_16_x,landmark_16_y,landmark_16_z,landmark_17_x,landmark_17_y,landmark_17_z,landmark_18_x,landmark_18_y,landmark_18_z,landmark_19_x,landmark_19_y,landmark_19_z,landmark_20_x,landmark_20_y,landmark_20_z,class
0.9409993886947632,0.6374174356460571,5.674080512108048e-07,0.8744335770606995,0.4768766164779663,-0.00977273378521204,0.7651803493499756,0.36783134937286377,-0.020925922319293022,0.6555057168006897,0.34546828269958496,-0.02924679033458233,0.5748484134674072,0.3329193592071533,-0.03993942216038704,0.6804614067077637,0.44826266169548035,-0.05778559297323227,0.5191003680229187,0.4638183116912842,-0.08544410020112991,0.4264686107635498,0.47140467166900635,-0.09920088201761246,0.35316362977027893,0.477512925863266,-0.10651545226573944,0.6764414310455322,0.5607261061668396,-0.0685257539153099,0.4976475238800049,0.5580446124076843,-0.09525177627801895,0.38617944717407227,0.5541589260101318,-0.11112727224826813,0.301248162984848,0.54787677526474,-0.12230347096920013,0.6820088028907776,0.6648808717727661,-0.07640372216701508,0.5169231295585632,0.6477146744728088,-0.09676214307546616,0.41434022784233093,0.6356459856033325,-0.1109871119260788,0.3372012674808502,0.6235664486885071,-0.12151719629764557,0.6967016458511353,0.7627437114715576,-0.083248570561409,0.5684393644332886,0.7427735924720764,-0.10194669663906097,0.4953891634941101,0.7340749502182007,-0.10840710997581482,0.43561577796936035,0.728410005569458,-0.11110710352659225,sol
