landmark_0_x,landmark_0_y,landmark_0_z,landmark_1_x,landmark_1_y,landmark_1_z,landmark_2_x,landmark_2_y,landmark_2_z,landmark_3_x,landmark_3_y,landmark_3_z,landmark_4_x,landmark_4_y,landmark_4_z,landmark_5_x,landmark_5_y,landmark_5_z,landmark_6_x,landmark_6_y,landmark_6_z,landmark_7_x,landmark_7_y,landmark_7_z,landmark_8_x,landmark_8_y,landmark_8_z,landmark_9_x,landmark_9_y,landmark_9_z,landmark_10_x,landmark_10_y,landmark_10_z,landmark_11_x,landmark_11_y,landmark_11_z,landmark_12_x,landmark_12_y,landmark_12_z,landmark_13_x,landmark_13_y,landmark_13_z,landmark_14_x,landmark_14_y,landmark_14_z,landmark_15_x,landmark_15_y,landmark_15_z,landmark_16_x,landmark_16_y,landmark_16_z,landmark_17_x,landmark_17_y,landmark_17_z,landmark_18_x,landmark_18_y,landmark_18_z,landmark_19_x,landmark_19_y,landmark_19_z,landmark_20_x,landmark_20_y,landmark_20_z,class
0.8260680437088013,0.705441415309906,3.3627819107096e-07,0.7844902873039246,0.60480135679245,-0.006070869509130716,0.7227841019630432,0.5369630455970764,-0.012603125534951687,0.6548305153846741,0.5203455686569214,-0.017434189096093178,0.6014158725738525,0.5111086368560791,-0.023098530247807503,0.66649329662323,0.5842831134796143,-0.030593203380703926,0.5692569613456726,0.5970934629440308,-0.045128706842660904,0.5152387619018555,0.6038296222686768,-0.051627494394779205,0.4740711450576782,0.6096062064170837,-0.05441949516534805,0.6611969470977783,0.6525251269340515,-0.03583214432001114,0.5557461380958557,0.6546304821968079,-0.048945195972919464,0.4933045506477356,0.6545267701148987,-0.05476582795381546,0.44903600215911865,0.652496874332428,-0.05817997455596924,0.6637659668922424,0.7158473134040833,-0.03983362764120102,0.5670538544654846,0.7093193531036377,-0.04924321174621582,0.5104093551635742,0.7039222121238708,-0.05320269614458084,0.47017037868499756,0.6963202357292175,-0.055825937539339066,0.6731998324394226,0.7744223475456238,-0.043532900512218475,0.5984477400779724,0.7643467783927917,-0.05193378031253815,0.5563687086105347,0.7576230764389038,-0.052591726183891296,0.5229515433311462,0.7489773631095886,-0.05115294083952904,sol
