landmark_0_x,landmark_0_y,landmark_0_z,landmark_1_x,landmark_1_y,landmark_1_z,landmark_2_x,landmark_2_y,landmark_2_z,landmark_3_x,landmark_3_y,landmark_3_z,landmark_4_x,landmark_4_y,landmark_4_z,landmark_5_x,landmark_5_y,landmark_5_z,landmark_6_x,landmark_6_y,landmark_6_z,landmark_7_x,landmark_7_y,landmark_7_z,landmark_8_x,landmark_8_y,landmark_8_z,landmark_9_x,landmark_9_y,landmark_9_z,landmark_10_x,landmark_10_y,landmark_10_z,landmark_11_x,landmark_11_y,landmark_11_z,landmark_12_x,landmark_12_y,landmark_12_z,landmark_13_x,landmark_13_y,landmark_13_z,landmark_14_x,landmark_14_y,landmark_14_z,landmark_15_x,landmark_15_y,landmark_15_z,landmark_16_x,landmark_16_y,landmark_16_z,landmark_17_x,landmark_17_y,landmark_17_z,landmark_18_x,landmark_18_y,landmark_18_z,landmark_19_x,landmark_19_y,landmark_19_z,landmark_20_x,landmark_20_y,landmark_20_z,class
0.9711382389068604,0.3219361901283264,2.171044428678215e-07,0.9195316433906555,0.25106069445610046,0.006126950029283762,0.8537312150001526,0.19757120311260223,-0.00019283659639768302,0.8003482818603516,0.16488033533096313,-0.007317568175494671,0.7627115249633789,0.137349471449852,-0.017440563067793846,0.8303897976875305,0.21721938252449036,-0.037735383957624435,0.7397592067718506,0.2392534613609314,-0.056709952652454376,0.6904814839363098,0.24510090053081512,-0.06429070234298706,0.6516833901405334,0.2452019602060318,-0.06790931522846222,0.8358669877052307,0.26775628328323364,-0.05140567570924759,0.7330179214477539,0.2876910865306854,-0.0709715336561203,0.6725475788116455,0.29072847962379456,-0.07806085050106049,0.628868043422699,0.2871808111667633,-0.08248014003038406,0.8431512713432312,0.3224354684352875,-0.06242614984512329,0.7466630339622498,0.33997347950935364,-0.07862073928117752,0.6900125741958618,0.33992618322372437,-0.08451860398054123,0.6485205888748169,0.33186063170433044,-0.08783389627933502,0.8528354167938232,0.3802911341190338,-0.07155930250883102,0.7763339877128601,0.3897990584373474,-0.08579520136117935,0.7325101494789124,0.3895292282104492,-0.08975394815206528,0.6968722343444824,0.38455578684806824,-0.09115351736545563,sol
