landmark_0_x,landmark_0_y,landmark_0_z,landmark_1_x,landmark_1_y,landmark_1_z,landmark_2_x,landmark_2_y,landmark_2_z,landmark_3_x,landmark_3_y,landmark_3_z,landmark_4_x,landmark_4_y,landmark_4_z,landmark_5_x,landmark_5_y,landmark_5_z,landmark_6_x,landmark_6_y,landmark_6_z,landmark_7_x,landmark_7_y,landmark_7_z,landmark_8_x,landmark_8_y,landmark_8_z,landmark_9_x,landmark_9_y,landmark_9_z,landmark_10_x,landmark_10_y,landmark_10_z,landmark_11_x,landmark_11_y,landmark_11_z,landmark_12_x,landmark_12_y,landmark_12_z,landmark_13_x,landmark_13_y,landmark_13_z,landmark_14_x,landmark_14_y,landmark_14_z,landmark_15_x,landmark_15_y,landmark_15_z,landmark_16_x,landmark_16_y,landmark_16_z,landmark_17_x,landmark_17_y,landmark_17_z,landmark_18_x,landmark_18_y,landmark_18_z,landmark_19_x,landmark_19_y,landmark_19_z,landmark_20_x,landmark_20_y,landmark_20_z,class
0.8603622317314148,0.7745994329452515,1.5826826427201013e-07,0.8235335946083069,0.7210310101509094,0.002505049342289567,0.7778183817863464,0.6875141263008118,-0.0010195538634434342,0.7415661811828613,0.6678216457366943,-0.004951261915266514,0.7159590721130371,0.6501567363739014,-0.01042784284800291,0.7573966979980469,0.7120215892791748,-0.020604511722922325,0.7024012207984924,0.7271900773048401,-0.031197931617498398,0.6690846085548401,0.7360065579414368,-0.0360632985830307,0.642214298248291,0.7425016760826111,-0.038971077650785446,0.7601151466369629,0.7512337565422058,-0.028255442157387733,0.6989229917526245,0.7666841149330139,-0.04061898961663246,0.6613674163818359,0.772074282169342,-0.046057842671871185,0.6324456930160522,0.7739438414573669,-0.04936973750591278,0.7663990259170532,0.7896056175231934,-0.03421791270375252,0.7097252607345581,0.8034133911132812,-0.04344528913497925,0.6731975674629211,0.8072127103805542,-0.046120934188365936,0.645211935043335,0.8067896366119385,-0.04739994555711746,0.775559663772583,0.8241559863090515,-0.039363060146570206,0.7281339764595032,0.8330113887786865,-0.04595515504479408,0.6998201608657837,0.8354465365409851,-0.046221427619457245,0.6780868172645569,0.8353716135025024,-0.04534187167882919,sol
