landmark_0_x,landmark_0_y,landmark_0_z,landmark_1_x,landmark_1_y,landmark_1_z,landmark_2_x,landmark_2_y,landmark_2_z,landmark_3_x,landmark_3_y,landmark_3_z,landmark_4_x,landmark_4_y,landmark_4_z,landmark_5_x,landmark_5_y,landmark_5_z,landmark_6_x,landmark_6_y,landmark_6_z,landmark_7_x,landmark_7_y,landmark_7_z,landmark_8_x,landmark_8_y,landmark_8_z,landmark_9_x,landmark_9_y,landmark_9_z,landmark_10_x,landmark_10_y,landmark_10_z,landmark_11_x,landmark_11_y,landmark_11_z,landmark_12_x,landmark_12_y,landmark_12_z,landmark_13_x,landmark_13_y,landmark_13_z,landmark_14_x,landmark_14_y,landmark_14_z,landmark_15_x,landmark_15_y,landmark_15_z,landmark_16_x,landmark_16_y,landmark_16_z,landmark_17_x,landmark_17_y,landmark_17_z,landmark_18_x,landmark_18_y,landmark_18_z,landmark_19_x,landmark_19_y,landmark_19_z,landmark_20_x,landmark_20_y,landmark_20_z,class
0.814035177230835,0.7455336451530457,1.1685637701930318e-07,0.784629762172699,0.7001722455024719,0.0018034455133602023,0.7462499737739563,0.6713194251060486,-0.0016194714698940516,0.7146307826042175,0.6566149592399597,-0.005460076034069061,0.6898502707481384,0.6470938920974731,-0.010524444282054901,0.7281637787818909,0.6811173558235168,-0.01861915923655033,0.6790822148323059,0.6924600601196289,-0.02921321988105774,0.6504415273666382,0.6980807185173035,-0.03457621484994888,0.6271775960922241,0.7017966508865356,-0.03758031129837036,0.729438304901123,0.713315486907959,-0.0257223192602396,0.674414873123169,0.7261621356010437,-0.036574795842170715,0.6399409174919128,0.7298445105552673,-0.04192656651139259,0.6130772233009338,0.7307055592536926,-0.04565092548727989,0.7332474589347839,0.746673047542572,-0.03157198056578636,0.6826241612434387,0.7565087080001831,-0.03979456052184105,0.6496521234512329,0.7581036686897278,-0.04340212419629097,0.6244565844535828,0.7564774751663208,-0.045721009373664856,0.739345908164978,0.778956949710846,-0.03677257150411606,0.6985837817192078,0.7846807837486267,-0.043588679283857346,0.6725727319717407,0.784709632396698,-0.045499663800001144,0.651847243309021,0.7828661203384399,-0.04609432443976402,sol
