landmark_0_x,landmark_0_y,landmark_0_z,landmark_1_x,landmark_1_y,landmark_1_z,landmark_2_x,landmark_2_y,landmark_2_z,landmark_3_x,landmark_3_y,landmark_3_z,landmark_4_x,landmark_4_y,landmark_4_z,landmark_5_x,landmark_5_y,landmark_5_z,landmark_6_x,landmark_6_y,landmark_6_z,landmark_7_x,landmark_7_y,landmark_7_z,landmark_8_x,landmark_8_y,landmark_8_z,landmark_9_x,landmark_9_y,landmark_9_z,landmark_10_x,landmark_10_y,landmark_10_z,landmark_11_x,landmark_11_y,landmark_11_z,landmark_12_x,landmark_12_y,landmark_12_z,landmark_13_x,landmark_13_y,landmark_13_z,landmark_14_x,landmark_14_y,landmark_14_z,landmark_15_x,landmark_15_y,landmark_15_z,landmark_16_x,landmark_16_y,landmark_16_z,landmark_17_x,landmark_17_y,landmark_17_z,landmark_18_x,landmark_18_y,landmark_18_z,landmark_19_x,landmark_19_y,landmark_19_z,landmark_20_x,landmark_20_y,landmark_20_z,class
0.8947210311889648,0.7623708844184875,3.190767756677815e-07,0.8511495590209961,0.6482737064361572,0.0013220362598076463,0.7834861874580383,0.5687423348426819,-0.0046815709210932255,0.7130950093269348,0.5311053991317749,-0.01028995867818594,0.6610773205757141,0.4992675185203552,-0.01739615760743618,0.7170061469078064,0.6189561486244202,-0.02986300177872181,0.6045831441879272,0.632921576499939,-0.04419301450252533,0.5440194606781006,0.6414982080459595,-0.049694888293743134,0.49730902910232544,0.6495514512062073,-0.05188705027103424,0.7104526162147522,0.6923887133598328,-0.03906124830245972,0.5903064012527466,0.6973995566368103,-0.05349558964371681,0.5215277075767517,0.7007907032966614,-0.059333935379981995,0.47270119190216064,0.7021781802177429,-0.062507264316082,0.7121737003326416,0.764284074306488,-0.045902010053396225,0.6044043898582458,0.7621707320213318,-0.054990679025650024,0.5418661832809448,0.7581391334533691,-0.05768129229545593,0.49737030267715454,0.7526844143867493,-0.05950288474559784,0.7214835286140442,0.8324806690216064,-0.05163174867630005,0.6362559795379639,0.8220437169075012,-0.05779489874839783,0.5892372727394104,0.8160520792007446,-0.05602162331342697,0.551621675491333,0.8087390661239624,-0.053076714277267456,sol
