landmark_0_x,landmark_0_y,landmark_0_z,landmark_1_x,landmark_1_y,landmark_1_z,landmark_2_x,landmark_2_y,landmark_2_z,landmark_3_x,landmark_3_y,landmark_3_z,landmark_4_x,landmark_4_y,landmark_4_z,landmark_5_x,landmark_5_y,landmark_5_z,landmark_6_x,landmark_6_y,landmark_6_z,landmark_7_x,landmark_7_y,landmark_7_z,landmark_8_x,landmark_8_y,landmark_8_z,landmark_9_x,landmark_9_y,landmark_9_z,landmark_10_x,landmark_10_y,landmark_10_z,landmark_11_x,landmark_11_y,landmark_11_z,landmark_12_x,landmark_12_y,landmark_12_z,landmark_13_x,landmark_13_y,landmark_13_z,landmark_14_x,landmark_14_y,landmark_14_z,landmark_15_x,landmark_15_y,landmark_15_z,landmark_16_x,landmark_16_y,landmark_16_z,landmark_17_x,landmark_17_y,landmark_17_z,landmark_18_x,landmark_18_y,landmark_18_z,landmark_19_x,landmark_19_y,landmark_19_z,landmark_20_x,landmark_20_y,landmark_20_z,class
0.7413281798362732,0.6859279274940491,1.2484323974604195e-07,0.7129321098327637,0.6307902932167053,0.0034443719778209925,0.670140266418457,0.5993825793266296,0.003554735565558076,0.6336104869842529,0.5878501534461975,0.003523997263982892,0.6074743270874023,0.5791770815849304,0.0025034542195498943,0.6425589919090271,0.6203106045722961,-0.014422918669879436,0.5879897475242615,0.63300621509552,-0.021813778206706047,0.5567152500152588,0.6385444402694702,-0.024290747940540314,0.532730758190155,0.6425756812095642,-0.025235576555132866,0.6419109106063843,0.6565538644790649,-0.020152870565652847,0.580321729183197,0.6676806211471558,-0.028991304337978363,0.5434080362319946,0.6709058284759521,-0.03194696456193924,0.5164393186569214,0.6713004112243652,-0.033301111310720444,0.6450327634811401,0.6922772526741028,-0.024366851896047592,0.5894766449928284,0.6989901661872864,-0.03082830272614956,0.5549482107162476,0.6979893445968628,-0.03280108794569969,0.529349148273468,0.6943009495735168,-0.033606622368097305,0.6522530317306519,0.7269597053527832,-0.02769199199974537,0.6072107553482056,0.7289537787437439,-0.033035412430763245,0.5797297954559326,0.7283986806869507,-0.033585526049137115,0.5579574704170227,0.7261294722557068,-0.03283515200018883,sol
