landmark_0_x,landmark_0_y,landmark_0_z,landmark_1_x,landmark_1_y,landmark_1_z,landmark_2_x,landmark_2_y,landmark_2_z,landmark_3_x,landmark_3_y,landmark_3_z,landmark_4_x,landmark_4_y,landmark_4_z,landmark_5_x,landmark_5_y,landmark_5_z,landmark_6_x,landmark_6_y,landmark_6_z,landmark_7_x,landmark_7_y,landmark_7_z,landmark_8_x,landmark_8_y,landmark_8_z,landmark_9_x,landmark_9_y,landmark_9_z,landmark_10_x,landmark_10_y,landmark_10_z,landmark_11_x,landmark_11_y,landmark_11_z,landmark_12_x,landmark_12_y,landmark_12_z,landmark_13_x,landmark_13_y,landmark_13_z,landmark_14_x,landmark_14_y,landmark_14_z,landmark_15_x,landmark_15_y,landmark_15_z,landmark_16_x,landmark_16_y,landmark_16_z,landmark_17_x,landmark_17_y,landmark_17_z,landmark_18_x,landmark_18_y,landmark_18_z,landmark_19_x,landmark_19_y,landmark_19_z,landmark_20_x,landmark_20_y,landmark_20_z,class
0.38753417134284973,0.39262109994888306,-3.6683866255771136e-07,0.46829214692115784,0.3619963526725769,-0.0342506542801857,0.5482651591300964,0.27878373861312866,-0.044953539967536926,0.5486297607421875,0.18231602013111115,-0.05225532501935959,0.4889073371887207,0.15270906686782837,-0.05281403660774231,0.49606025218963623,0.17267051339149475,-0.0088610565289855,0.5230133533477783,0.11688144505023956,-0.04079238697886467,0.5076137185096741,0.2000414878129959,-0.05315196141600609,0.4921603798866272,0.22028420865535736,-0.05685364082455635,0.4478180706501007,0.1606903076171875,-0.0056878551840782166,0.47355058789253235,0.10521193593740463,-0.04331173375248909,0.46255332231521606,0.2093956470489502,-0.049112699925899506,0.4464423954486847,0.22238565981388092,-0.04246780648827553,0.4004729986190796,0.15979546308517456,-0.008722775615751743,0.42007094621658325,0.113249771296978,-0.05057930573821068,0.41752439737319946,0.21384795010089874,-0.03765025734901428,0.4041147828102112,0.22898618876934052,-0.016908980906009674,0.34737831354141235,0.16269919276237488,-0.01369381882250309,0.37075075507164,0.11923814564943314,-0.03351416811347008,0.37621915340423584,0.18633604049682617,-0.015713373199105263,0.36663007736206055,0.2059745341539383,0.003852849593386054,high
