landmark_0_x,landmark_0_y,landmark_0_z,landmark_1_x,landmark_1_y,landmark_1_z,landmark_2_x,landmark_2_y,landmark_2_z,landmark_3_x,landmark_3_y,landmark_3_z,landmark_4_x,landmark_4_y,landmark_4_z,landmark_5_x,landmark_5_y,landmark_5_z,landmark_6_x,landmark_6_y,landmark_6_z,landmark_7_x,landmark_7_y,landmark_7_z,landmark_8_x,landmark_8_y,landmark_8_z,landmark_9_x,landmark_9_y,landmark_9_z,landmark_10_x,landmark_10_y,landmark_10_z,landmark_11_x,landmark_11_y,landmark_11_z,landmark_12_x,landmark_12_y,landmark_12_z,landmark_13_x,landmark_13_y,landmark_13_z,landmark_14_x,landmark_14_y,landmark_14_z,landmark_15_x,landmark_15_y,landmark_15_z,landmark_16_x,landmark_16_y,landmark_16_z,landmark_17_x,landmark_17_y,landmark_17_z,landmark_18_x,landmark_18_y,landmark_18_z,landmark_19_x,landmark_19_y,landmark_19_z,landmark_20_x,landmark_20_y,landmark_20_z,class
0.392546147108078,0.3791450560092926,-3.421308747419971e-07,0.468565434217453,0.35130244493484497,-0.03211021423339844,0.5467331409454346,0.27289050817489624,-0.04194478318095207,0.5499356985092163,0.17865745723247528,-0.048665232956409454,0.49218428134918213,0.15050913393497467,-0.049481675028800964,0.4956480860710144,0.16650043427944183,-0.007083309814333916,0.5219950675964355,0.11727994680404663,-0.03577915206551552,0.5083962678909302,0.19524765014648438,-0.047319311648607254,0.4948371350765228,0.21602372825145721,-0.0513080358505249,0.44996097683906555,0.15356458723545074,-0.004468780476599932,0.4743696451187134,0.10034164786338806,-0.03997807949781418,0.4650539755821228,0.19800522923469543,-0.046400099992752075,0.4507538974285126,0.21624411642551422,-0.040593523532152176,0.40409061312675476,0.15296554565429688,-0.007471719291061163,0.4228040277957916,0.10742227733135223,-0.046254463493824005,0.42129653692245483,0.20221979916095734,-0.0342823825776577,0.40852871537208557,0.22168852388858795,-0.014972256496548653,0.35198599100112915,0.1573871374130249,-0.01236624363809824,0.37364518642425537,0.11528752744197845,-0.030701998621225357,0.3798271715641022,0.1782768815755844,-0.013880979269742966,0.3717683255672455,0.19897322356700897,0.004576477222144604,high
