landmark_0_x,landmark_0_y,landmark_0_z,landmark_1_x,landmark_1_y,landmark_1_z,landmark_2_x,landmark_2_y,landmark_2_z,landmark_3_x,landmark_3_y,landmark_3_z,landmark_4_x,landmark_4_y,landmark_4_z,landmark_5_x,landmark_5_y,landmark_5_z,landmark_6_x,landmark_6_y,landmark_6_z,landmark_7_x,landmark_7_y,landmark_7_z,landmark_8_x,landmark_8_y,landmark_8_z,landmark_9_x,landmark_9_y,landmark_9_z,landmark_10_x,landmark_10_y,landmark_10_z,landmark_11_x,landmark_11_y,landmark_11_z,landmark_12_x,landmark_12_y,landmark_12_z,landmark_13_x,landmark_13_y,landmark_13_z,landmark_14_x,landmark_14_y,landmark_14_z,landmark_15_x,landmark_15_y,landmark_15_z,landmark_16_x,landmark_16_y,landmark_16_z,landmark_17_x,landmark_17_y,landmark_17_z,landmark_18_x,landmark_18_y,landmark_18_z,landmark_19_x,landmark_19_y,landmark_19_z,landmark_20_x,landmark_20_y,landmark_20_z,class
0.14062178134918213,0.37712210416793823,-1.207344695330903e-07,0.19170944392681122,0.3515571355819702,-0.010882806964218616,0.23484137654304504,0.3076789975166321,-0.011897929012775421,0.23687037825584412,0.2563197910785675,-0.014697696082293987,0.20433737337589264,0.245240718126297,-0.015033218078315258,0.20746757090091705,0.25182586908340454,0.01864527352154255,0.21720005571842194,0.21831950545310974,0.0033167994115501642,0.21085339784622192,0.24997879564762115,-0.00952506996691227,0.2088523805141449,0.26950034499168396,-0.016142843291163445,0.18328656256198883,0.23960718512535095,0.017276158556342125,0.18961673974990845,0.20971980690956116,-0.0005528639885596931,0.18311870098114014,0.24629779160022736,-0.011084205470979214,0.1816602647304535,0.26324009895324707,-0.012765219435095787,0.15874725580215454,0.23353061079978943,0.011748520657420158,0.16286206245422363,0.20485921204090118,-0.003743476001545787,0.16024884581565857,0.23931723833084106,-0.0030632733833044767,0.16094854474067688,0.2550355792045593,0.0024776586797088385,0.13240694999694824,0.2322942018508911,0.004634123761206865,0.1417599767446518,0.20731905102729797,0.0001883881923276931,0.1406935304403305,0.2322150468826294,0.007106815930455923,0.14086896181106567,0.24790619313716888,0.014835517853498459,high
