landmark_0_x,landmark_0_y,landmark_0_z,landmark_1_x,landmark_1_y,landmark_1_z,landmark_2_x,landmark_2_y,landmark_2_z,landmark_3_x,landmark_3_y,landmark_3_z,landmark_4_x,landmark_4_y,landmark_4_z,landmark_5_x,landmark_5_y,landmark_5_z,landmark_6_x,landmark_6_y,landmark_6_z,landmark_7_x,landmark_7_y,landmark_7_z,landmark_8_x,landmark_8_y,landmark_8_z,landmark_9_x,landmark_9_y,landmark_9_z,landmark_10_x,landmark_10_y,landmark_10_z,landmark_11_x,landmark_11_y,landmark_11_z,landmark_12_x,landmark_12_y,landmark_12_z,landmark_13_x,landmark_13_y,landmark_13_z,landmark_14_x,landmark_14_y,landmark_14_z,landmark_15_x,landmark_15_y,landmark_15_z,landmark_16_x,landmark_16_y,landmark_16_z,landmark_17_x,landmark_17_y,landmark_17_z,landmark_18_x,landmark_18_y,landmark_18_z,landmark_19_x,landmark_19_y,landmark_19_z,landmark_20_x,landmark_20_y,landmark_20_z,class
0.10131004452705383,0.27307844161987305,-2.3951457706061774e-07,0.17139336466789246,0.23676958680152893,-0.018515348434448242,0.22760729491710663,0.16564318537712097,-0.021426647901535034,0.21727198362350464,0.08583323657512665,-0.02411629445850849,0.1668681502342224,0.06693577021360397,-0.02270984835922718,0.1896568387746811,0.09260448813438416,0.009634601883590221,0.1945597529411316,0.0433538481593132,-0.011967658996582031,0.19043469429016113,0.10236561298370361,-0.02497069723904133,0.1909407675266266,0.12943533062934875,-0.03099851869046688,0.15087249875068665,0.08217200636863708,0.009872181341052055,0.1493040919303894,0.03745310753583908,-0.012845003977417946,0.14857424795627594,0.10905161499977112,-0.019138416275382042,0.148631751537323,0.1291276514530182,-0.017421307042241096,0.1119038313627243,0.08173327147960663,0.00517940241843462,0.106632299721241,0.037137970328330994,-0.02045624516904354,0.11148083209991455,0.10717551410198212,-0.0123643409460783,0.11265400797128677,0.1304708570241928,0.000143610974191688,0.06752462685108185,0.08815334737300873,-0.0009793218923732638,0.07001034170389175,0.04640913009643555,-0.013789056800305843,0.07726061344146729,0.09370004385709763,-0.0018019417766481638,0.07922190427780151,0.1176552101969719,0.01138210203498602,high
