landmark_0_x,landmark_0_y,landmark_0_z,landmark_1_x,landmark_1_y,landmark_1_z,landmark_2_x,landmark_2_y,landmark_2_z,landmark_3_x,landmark_3_y,landmark_3_z,landmark_4_x,landmark_4_y,landmark_4_z,landmark_5_x,landmark_5_y,landmark_5_z,landmark_6_x,landmark_6_y,landmark_6_z,landmark_7_x,landmark_7_y,landmark_7_z,landmark_8_x,landmark_8_y,landmark_8_z,landmark_9_x,landmark_9_y,landmark_9_z,landmark_10_x,landmark_10_y,landmark_10_z,landmark_11_x,landmark_11_y,landmark_11_z,landmark_12_x,landmark_12_y,landmark_12_z,landmark_13_x,landmark_13_y,landmark_13_z,landmark_14_x,landmark_14_y,landmark_14_z,landmark_15_x,landmark_15_y,landmark_15_z,landmark_16_x,landmark_16_y,landmark_16_z,landmark_17_x,landmark_17_y,landmark_17_z,landmark_18_x,landmark_18_y,landmark_18_z,landmark_19_x,landmark_19_y,landmark_19_z,landmark_20_x,landmark_20_y,landmark_20_z,class
0.1937079131603241,0.24944476783275604,-1.8222986852833856e-07,0.24778977036476135,0.2177572399377823,-0.013251631520688534,0.2920295000076294,0.1660626381635666,-0.015656117349863052,0.28708699345588684,0.10721762478351593,-0.01882609911262989,0.250739187002182,0.09425865113735199,-0.019584612920880318,0.2646133303642273,0.10637486726045609,0.009144051000475883,0.27560243010520935,0.06306938827037811,-0.007215540390461683,0.2685740292072296,0.10064997524023056,-0.018827766180038452,0.2626550495624542,0.12403012067079544,-0.024501748383045197,0.2349536120891571,0.09977525472640991,0.008210827596485615,0.23954661190509796,0.06299155950546265,-0.009564447216689587,0.2359946072101593,0.11192700266838074,-0.01733812876045704,0.23191936314105988,0.13469374179840088,-0.0177319198846817,0.20598390698432922,0.10053049027919769,0.003523875493556261,0.2079661637544632,0.06731065362691879,-0.014284608885645866,0.20936663448810577,0.11370087414979935,-0.010792854242026806,0.20635804533958435,0.13601379096508026,-0.0031529164407402277,0.17266994714736938,0.10605739057064056,-0.0025757846888154745,0.17992109060287476,0.07464344799518585,-0.010787079110741615,0.18442308902740479,0.10705064237117767,-0.0027205843944102526,0.18324869871139526,0.12708759307861328,0.006419694516807795,high
