landmark_0_x,landmark_0_y,landmark_0_z,landmark_1_x,landmark_1_y,landmark_1_z,landmark_2_x,landmark_2_y,landmark_2_z,landmark_3_x,landmark_3_y,landmark_3_z,landmark_4_x,landmark_4_y,landmark_4_z,landmark_5_x,landmark_5_y,landmark_5_z,landmark_6_x,landmark_6_y,landmark_6_z,landmark_7_x,landmark_7_y,landmark_7_z,landmark_8_x,landmark_8_y,landmark_8_z,landmark_9_x,landmark_9_y,landmark_9_z,landmark_10_x,landmark_10_y,landmark_10_z,landmark_11_x,landmark_11_y,landmark_11_z,landmark_12_x,landmark_12_y,landmark_12_z,landmark_13_x,landmark_13_y,landmark_13_z,landmark_14_x,landmark_14_y,landmark_14_z,landmark_15_x,landmark_15_y,landmark_15_z,landmark_16_x,landmark_16_y,landmark_16_z,landmark_17_x,landmark_17_y,landmark_17_z,landmark_18_x,landmark_18_y,landmark_18_z,landmark_19_x,landmark_19_y,landmark_19_z,landmark_20_x,landmark_20_y,landmark_20_z,class
0.09450729936361313,0.2614482641220093,-2.189565719845632e-07,0.16288937628269196,0.2274569869041443,-0.025477908551692963,0.21856367588043213,0.16083140671253204,-0.031725361943244934,0.20504412055015564,0.08242110162973404,-0.03619273379445076,0.15850287675857544,0.05567905306816101,-0.034918058663606644,0.19026613235473633,0.08755114674568176,0.002746214624494314,0.18399173021316528,0.03743380308151245,-0.02431456930935383,0.17580515146255493,0.0963192880153656,-0.03776518255472183,0.18083995580673218,0.12162397056818008,-0.04302993789315224,0.1499330848455429,0.07669241726398468,0.004851811565458775,0.13889917731285095,0.03206152468919754,-0.025001460686326027,0.1362932324409485,0.10852402448654175,-0.029846860095858574,0.14290034770965576,0.12591604888439178,-0.025113103911280632,0.11051184684038162,0.07569223642349243,0.0007186132133938372,0.09730209410190582,0.031687892973423004,-0.03300231695175171,0.09963414072990417,0.10648598521947861,-0.02279825322329998,0.1070779412984848,0.12569659948349,-0.006324020680040121,0.06713207066059113,0.0821031928062439,-0.005418744403868914,0.0631580725312233,0.044547878205776215,-0.022818196564912796,0.06692720204591751,0.09294864535331726,-0.0107343764975667,0.07041613757610321,0.11141496151685715,0.003903917968273163,high
