landmark_0_x,landmark_0_y,landmark_0_z,landmark_1_x,landmark_1_y,landmark_1_z,landmark_2_x,landmark_2_y,landmark_2_z,landmark_3_x,landmark_3_y,landmark_3_z,landmark_4_x,landmark_4_y,landmark_4_z,landmark_5_x,landmark_5_y,landmark_5_z,landmark_6_x,landmark_6_y,landmark_6_z,landmark_7_x,landmark_7_y,landmark_7_z,landmark_8_x,landmark_8_y,landmark_8_z,landmark_9_x,landmark_9_y,landmark_9_z,landmark_10_x,landmark_10_y,landmark_10_z,landmark_11_x,landmark_11_y,landmark_11_z,landmark_12_x,landmark_12_y,landmark_12_z,landmark_13_x,landmark_13_y,landmark_13_z,landmark_14_x,landmark_14_y,landmark_14_z,landmark_15_x,landmark_15_y,landmark_15_z,landmark_16_x,landmark_16_y,landmark_16_z,landmark_17_x,landmark_17_y,landmark_17_z,landmark_18_x,landmark_18_y,landmark_18_z,landmark_19_x,landmark_19_y,landmark_19_z,landmark_20_x,landmark_20_y,landmark_20_z,class
0.399311363697052,0.47595494985580444,-3.1326567295764107e-07,0.4773317575454712,0.43813076615333557,-0.029066648334264755,0.5559740662574768,0.35801154375076294,-0.037763968110084534,0.5567309260368347,0.2659895420074463,-0.044282279908657074,0.5003221035003662,0.23919831216335297,-0.044374093413352966,0.5024029016494751,0.25617673993110657,-0.002126269042491913,0.5303388833999634,0.20740175247192383,-0.030920028686523438,0.5177332758903503,0.2897990345954895,-0.04339039698243141,0.5045475959777832,0.306693971157074,-0.04821464419364929,0.457750529050827,0.24604108929634094,-0.0008770694257691503,0.4835502803325653,0.20042991638183594,-0.03460550308227539,0.47382262349128723,0.2990014851093292,-0.04123028740286827,0.45986613631248474,0.3067290484905243,-0.03666527569293976,0.4141101837158203,0.24601568281650543,-0.0054269758984446526,0.43484529852867126,0.20711353421211243,-0.0431535579264164,0.4324636161327362,0.3007567524909973,-0.03177604451775551,0.4200468063354492,0.31145498156547546,-0.013623517006635666,0.3644522428512573,0.24883955717086792,-0.011705867014825344,0.38884395360946655,0.21218451857566833,-0.028857914730906487,0.3934108316898346,0.275286465883255,-0.012012802995741367,0.3841082751750946,0.29240816831588745,0.006021787412464619,high
