landmark_0_x,landmark_0_y,landmark_0_z,landmark_1_x,landmark_1_y,landmark_1_z,landmark_2_x,landmark_2_y,landmark_2_z,landmark_3_x,landmark_3_y,landmark_3_z,landmark_4_x,landmark_4_y,landmark_4_z,landmark_5_x,landmark_5_y,landmark_5_z,landmark_6_x,landmark_6_y,landmark_6_z,landmark_7_x,landmark_7_y,landmark_7_z,landmark_8_x,landmark_8_y,landmark_8_z,landmark_9_x,landmark_9_y,landmark_9_z,landmark_10_x,landmark_10_y,landmark_10_z,landmark_11_x,landmark_11_y,landmark_11_z,landmark_12_x,landmark_12_y,landmark_12_z,landmark_13_x,landmark_13_y,landmark_13_z,landmark_14_x,landmark_14_y,landmark_14_z,landmark_15_x,landmark_15_y,landmark_15_z,landmark_16_x,landmark_16_y,landmark_16_z,landmark_17_x,landmark_17_y,landmark_17_z,landmark_18_x,landmark_18_y,landmark_18_z,landmark_19_x,landmark_19_y,landmark_19_z,landmark_20_x,landmark_20_y,landmark_20_z,class
0.3862118721008301,0.17296923696994781,-2.0032820202686707e-07,0.44015881419181824,0.15943709015846252,-0.019913895055651665,0.49661141633987427,0.11187446117401123,-0.025804268196225166,0.5074410438537598,0.046687379479408264,-0.030572829768061638,0.47040092945098877,0.02156498283147812,-0.03194671496748924,0.4714149832725525,0.03596435859799385,-0.0004786821664310992,0.48336970806121826,0.0036148801445961,-0.021572278812527657,0.47396087646484375,0.054558876901865005,-0.03429289534687996,0.4695078134536743,0.07524532824754715,-0.04013316333293915,0.44025054574012756,0.021715253591537476,0.0007799567538313568,0.4491157531738281,-0.0099257230758667,-0.02179873362183571,0.44136977195739746,0.04751891270279884,-0.028662029653787613,0.43477892875671387,0.06724735349416733,-0.027498535811901093,0.40767788887023926,0.015824206173419952,-0.002174090128391981,0.4142097532749176,-0.015826940536499023,-0.02536064200103283,0.41114380955696106,0.041036851704120636,-0.019087450578808784,0.40551963448524475,0.06290151178836823,-0.008605880662798882,0.37109410762786865,0.015493746846914291,-0.006762006785720587,0.38420313596725464,-0.008018195629119873,-0.018849562853574753,0.3847193121910095,0.03332306444644928,-0.009971149265766144,0.38039320707321167,0.05302389711141586,0.0005238694720901549,high
