landmark_0_x,landmark_0_y,landmark_0_z,landmark_1_x,landmark_1_y,landmark_1_z,landmark_2_x,landmark_2_y,landmark_2_z,landmark_3_x,landmark_3_y,landmark_3_z,landmark_4_x,landmark_4_y,landmark_4_z,landmark_5_x,landmark_5_y,landmark_5_z,landmark_6_x,landmark_6_y,landmark_6_z,landmark_7_x,landmark_7_y,landmark_7_z,landmark_8_x,landmark_8_y,landmark_8_z,landmark_9_x,landmark_9_y,landmark_9_z,landmark_10_x,landmark_10_y,landmark_10_z,landmark_11_x,landmark_11_y,landmark_11_z,landmark_12_x,landmark_12_y,landmark_12_z,landmark_13_x,landmark_13_y,landmark_13_z,landmark_14_x,landmark_14_y,landmark_14_z,landmark_15_x,landmark_15_y,landmark_15_z,landmark_16_x,landmark_16_y,landmark_16_z,landmark_17_x,landmark_17_y,landmark_17_z,landmark_18_x,landmark_18_y,landmark_18_z,landmark_19_x,landmark_19_y,landmark_19_z,landmark_20_x,landmark_20_y,landmark_20_z,class
0.11554141342639923,0.39755839109420776,-3.031848052614805e-07,0.19367508590221405,0.3507038652896881,-0.017922790721058846,0.2520540654659271,0.2709154486656189,-0.019256839528679848,0.24148964881896973,0.18512669205665588,-0.02128162980079651,0.185319185256958,0.1759660243988037,-0.019241511821746826,0.20715899765491486,0.19150201976299286,0.014011065475642681,0.21496587991714478,0.1354195475578308,-0.008884093724191189,0.20698943734169006,0.1953728199005127,-0.023008307442069054,0.203704372048378,0.22996918857097626,-0.029388759285211563,0.1652536690235138,0.18324045836925507,0.012947499752044678,0.16311773657798767,0.13721412420272827,-0.012826014310121536,0.16096585988998413,0.2120475322008133,-0.02133150026202202,0.16151447594165802,0.23910020291805267,-0.019595270976424217,0.12465118616819382,0.18530979752540588,0.006433716043829918,0.11736109852790833,0.14406728744506836,-0.01957489177584648,0.1229591965675354,0.2125139981508255,-0.013445219956338406,0.12560997903347015,0.2377384752035141,-0.0015708375722169876,0.07945345342159271,0.19445960223674774,-0.0019039007602259517,0.07960323244333267,0.15515756607055664,-0.013266663067042828,0.08651100099086761,0.20066413283348083,-0.0018333344487473369,0.08882409334182739,0.2240656465291977,0.011124247685074806,high
