landmark_0_x,landmark_0_y,landmark_0_z,landmark_1_x,landmark_1_y,landmark_1_z,landmark_2_x,landmark_2_y,landmark_2_z,landmark_3_x,landmark_3_y,landmark_3_z,landmark_4_x,landmark_4_y,landmark_4_z,landmark_5_x,landmark_5_y,landmark_5_z,landmark_6_x,landmark_6_y,landmark_6_z,landmark_7_x,landmark_7_y,landmark_7_z,landmark_8_x,landmark_8_y,landmark_8_z,landmark_9_x,landmark_9_y,landmark_9_z,landmark_10_x,landmark_10_y,landmark_10_z,landmark_11_x,landmark_11_y,landmark_11_z,landmark_12_x,landmark_12_y,landmark_12_z,landmark_13_x,landmark_13_y,landmark_13_z,landmark_14_x,landmark_14_y,landmark_14_z,landmark_15_x,landmark_15_y,landmark_15_z,landmark_16_x,landmark_16_y,landmark_16_z,landmark_17_x,landmark_17_y,landmark_17_z,landmark_18_x,landmark_18_y,landmark_18_z,landmark_19_x,landmark_19_y,landmark_19_z,landmark_20_x,landmark_20_y,landmark_20_z,class
0.09411242604255676,0.2553476095199585,-2.697136949336709e-07,0.15841412544250488,0.2331266701221466,-0.021845737472176552,0.20867526531219482,0.16393566131591797,-0.02296488732099533,0.19750913977622986,0.08653008937835693,-0.02177700772881508,0.15419074892997742,0.06663830578327179,-0.015326484106481075,0.176240012049675,0.09826961159706116,0.0033894923981279135,0.1728774458169937,0.05038367956876755,-0.018251929432153702,0.1693509817123413,0.10794911533594131,-0.028130391612648964,0.17274262011051178,0.13247185945510864,-0.03138331323862076,0.13988462090492249,0.08913978189229965,0.006645959336310625,0.13173039257526398,0.04731685668230057,-0.016823390498757362,0.13247360289096832,0.11754900217056274,-0.01990894414484501,0.13610444962978363,0.13388483226299286,-0.01522686518728733,0.10512768477201462,0.08752256631851196,0.0045281220227479935,0.09488698840141296,0.04505007714033127,-0.02323550544679165,0.09952804446220398,0.11519990861415863,-0.013866699300706387,0.10350207984447479,0.135508194565773,0.00039102707523852587,0.06636660546064377,0.09219425916671753,0.000735376903321594,0.0639525055885315,0.05748232454061508,-0.015116573311388493,0.0693856030702591,0.10497403144836426,-0.005115073639899492,0.07247811555862427,0.124849334359169,0.007471847347915173,high
