landmark_0_x,landmark_0_y,landmark_0_z,landmark_1_x,landmark_1_y,landmark_1_z,landmark_2_x,landmark_2_y,landmark_2_z,landmark_3_x,landmark_3_y,landmark_3_z,landmark_4_x,landmark_4_y,landmark_4_z,landmark_5_x,landmark_5_y,landmark_5_z,landmark_6_x,landmark_6_y,landmark_6_z,landmark_7_x,landmark_7_y,landmark_7_z,landmark_8_x,landmark_8_y,landmark_8_z,landmark_9_x,landmark_9_y,landmark_9_z,landmark_10_x,landmark_10_y,landmark_10_z,landmark_11_x,landmark_11_y,landmark_11_z,landmark_12_x,landmark_12_y,landmark_12_z,landmark_13_x,landmark_13_y,landmark_13_z,landmark_14_x,landmark_14_y,landmark_14_z,landmark_15_x,landmark_15_y,landmark_15_z,landmark_16_x,landmark_16_y,landmark_16_z,landmark_17_x,landmark_17_y,landmark_17_z,landmark_18_x,landmark_18_y,landmark_18_z,landmark_19_x,landmark_19_y,landmark_19_z,landmark_20_x,landmark_20_y,landmark_20_z,class
0.09270970523357391,0.33718788623809814,-1.79854851012351e-07,0.14675156772136688,0.3116548955440521,-0.021502789109945297,0.19194495677947998,0.2589658200740814,-0.027085062116384506,0.18329797685146332,0.19386808574199677,-0.030872268602252007,0.14048711955547333,0.18222768604755402,-0.029214954003691673,0.17636656761169434,0.20428547263145447,0.0010314323008060455,0.17830154299736023,0.16103945672512054,-0.02128460258245468,0.16595548391342163,0.2101026177406311,-0.033207423985004425,0.16655279695987701,0.22792714834213257,-0.038708947598934174,0.14562027156352997,0.1932545155286789,0.0022328116465359926,0.14266139268875122,0.1555238664150238,-0.021787986159324646,0.13444894552230835,0.21406690776348114,-0.026432456448674202,0.1370454579591751,0.22417423129081726,-0.023397399112582207,0.11445248126983643,0.1896374523639679,-0.0016164073022082448,0.10706737637519836,0.15236809849739075,-0.02696269378066063,0.10577011853456497,0.2093765288591385,-0.019719423726201057,0.11057356745004654,0.2217438668012619,-0.007817571051418781,0.07966265082359314,0.19101041555404663,-0.0074313306249678135,0.07751625776290894,0.16488294303417206,-0.019363192841410637,0.08097945898771286,0.20241305232048035,-0.010012923739850521,0.08454175293445587,0.2164512574672699,0.0007892633439041674,high
