landmark_0_x,landmark_0_y,landmark_0_z,landmark_1_x,landmark_1_y,landmark_1_z,landmark_2_x,landmark_2_y,landmark_2_z,landmark_3_x,landmark_3_y,landmark_3_z,landmark_4_x,landmark_4_y,landmark_4_z,landmark_5_x,landmark_5_y,landmark_5_z,landmark_6_x,landmark_6_y,landmark_6_z,landmark_7_x,landmark_7_y,landmark_7_z,landmark_8_x,landmark_8_y,landmark_8_z,landmark_9_x,landmark_9_y,landmark_9_z,landmark_10_x,landmark_10_y,landmark_10_z,landmark_11_x,landmark_11_y,landmark_11_z,landmark_12_x,landmark_12_y,landmark_12_z,landmark_13_x,landmark_13_y,landmark_13_z,landmark_14_x,landmark_14_y,landmark_14_z,landmark_15_x,landmark_15_y,landmark_15_z,landmark_16_x,landmark_16_y,landmark_16_z,landmark_17_x,landmark_17_y,landmark_17_z,landmark_18_x,landmark_18_y,landmark_18_z,landmark_19_x,landmark_19_y,landmark_19_z,landmark_20_x,landmark_20_y,landmark_20_z,class
0.10810810327529907,0.28860801458358765,-2.4842154289217433e-07,0.17852897942066193,0.25359296798706055,-0.024128757417201996,0.2364911288022995,0.1852811872959137,-0.028778018429875374,0.22600580751895905,0.10684826970100403,-0.032326970249414444,0.1766776740550995,0.08386947214603424,-0.030846238136291504,0.19900062680244446,0.09814973175525665,0.008064520545303822,0.1970473974943161,0.05446509271860123,-0.01818496361374855,0.19003818929195404,0.1153615266084671,-0.032057542353868484,0.19108249247074127,0.14030112326145172,-0.03740812465548515,0.16036993265151978,0.08683519810438156,0.0103235999122262,0.15073788166046143,0.04847303777933121,-0.018722036853432655,0.15012672543525696,0.1258482038974762,-0.024574628099799156,0.15592320263385773,0.14574681222438812,-0.020130395889282227,0.1221243292093277,0.08684058487415314,0.006296495907008648,0.10939058661460876,0.0493520051240921,-0.026149295270442963,0.11409778892993927,0.12473036348819733,-0.01722240075469017,0.12068430334329605,0.14712846279144287,-0.0016567412531003356,0.07885152846574783,0.09519044309854507,0.00031604061950929463,0.07464390993118286,0.06309185177087784,-0.017532536759972572,0.08100876212120056,0.1134611964225769,-0.006766212172806263,0.08652173727750778,0.13462156057357788,0.007473455276340246,high
