landmark_0_x,landmark_0_y,landmark_0_z,landmark_1_x,landmark_1_y,landmark_1_z,landmark_2_x,landmark_2_y,landmark_2_z,landmark_3_x,landmark_3_y,landmark_3_z,landmark_4_x,landmark_4_y,landmark_4_z,landmark_5_x,landmark_5_y,landmark_5_z,landmark_6_x,landmark_6_y,landmark_6_z,landmark_7_x,landmark_7_y,landmark_7_z,landmark_8_x,landmark_8_y,landmark_8_z,landmark_9_x,landmark_9_y,landmark_9_z,landmark_10_x,landmark_10_y,landmark_10_z,landmark_11_x,landmark_11_y,landmark_11_z,landmark_12_x,landmark_12_y,landmark_12_z,landmark_13_x,landmark_13_y,landmark_13_z,landmark_14_x,landmark_14_y,landmark_14_z,landmark_15_x,landmark_15_y,landmark_15_z,landmark_16_x,landmark_16_y,landmark_16_z,landmark_17_x,landmark_17_y,landmark_17_z,landmark_18_x,landmark_18_y,landmark_18_z,landmark_19_x,landmark_19_y,landmark_19_z,landmark_20_x,landmark_20_y,landmark_20_z,class
0.1776188313961029,0.32368892431259155,-2.0401955680426909e-07,0.2555965483188629,0.2765190303325653,-0.017542246729135513,0.3187394440174103,0.2001577913761139,-0.020510993897914886,0.3161923289299011,0.11723018437623978,-0.024801507592201233,0.2651202082633972,0.09988023340702057,-0.02483547106385231,0.27465927600860596,0.11282853782176971,0.014523751102387905,0.2787196636199951,0.061690591275691986,-0.010470379143953323,0.2767595052719116,0.12705543637275696,-0.025929752737283707,0.27909860014915466,0.1564534455537796,-0.03322082385420799,0.2332392930984497,0.10247190296649933,0.011764573864638805,0.23247981071472168,0.05433611571788788,-0.017618278041481972,0.23240606486797333,0.13184170424938202,-0.027288014069199562,0.23207437992095947,0.15593382716178894,-0.025575079023838043,0.19126783311367035,0.10271254181861877,0.00339702982455492,0.1873556226491928,0.05644197016954422,-0.02749442867934704,0.19297859072685242,0.1313919574022293,-0.020350001752376556,0.19449898600578308,0.15600188076496124,-0.006479380186647177,0.14438900351524353,0.1096700131893158,-0.006569636054337025,0.15012846887111664,0.06751196086406708,-0.021325064823031425,0.15718500316143036,0.12049413472414017,-0.008541436865925789,0.15895938873291016,0.1455734670162201,0.0063050915487110615,high
