landmark_0_x,landmark_0_y,landmark_0_z,landmark_1_x,landmark_1_y,landmark_1_z,landmark_2_x,landmark_2_y,landmark_2_z,landmark_3_x,landmark_3_y,landmark_3_z,landmark_4_x,landmark_4_y,landmark_4_z,landmark_5_x,landmark_5_y,landmark_5_z,landmark_6_x,landmark_6_y,landmark_6_z,landmark_7_x,landmark_7_y,landmark_7_z,landmark_8_x,landmark_8_y,landmark_8_z,landmark_9_x,landmark_9_y,landmark_9_z,landmark_10_x,landmark_10_y,landmark_10_z,landmark_11_x,landmark_11_y,landmark_11_z,landmark_12_x,landmark_12_y,landmark_12_z,landmark_13_x,landmark_13_y,landmark_13_z,landmark_14_x,landmark_14_y,landmark_14_z,landmark_15_x,landmark_15_y,landmark_15_z,landmark_16_x,landmark_16_y,landmark_16_z,landmark_17_x,landmark_17_y,landmark_17_z,landmark_18_x,landmark_18_y,landmark_18_z,landmark_19_x,landmark_19_y,landmark_19_z,landmark_20_x,landmark_20_y,landmark_20_z,class
0.34624233841896057,0.40702688694000244,-3.544846549630165e-07,0.43571969866752625,0.36270976066589355,-0.021882932633161545,0.5159717202186584,0.2787936329841614,-0.029017537832260132,0.5187621712684631,0.17837439477443695,-0.03728988766670227,0.45452773571014404,0.16713297367095947,-0.041370026767253876,0.4656800925731659,0.16796591877937317,0.004797725006937981,0.4842695891857147,0.09593864530324936,-0.023946717381477356,0.47540539503097534,0.16978195309638977,-0.04212022200226784,0.4677877128124237,0.2088407725095749,-0.0512794591486454,0.41858920454978943,0.16051670908927917,0.0015668454580008984,0.4324203133583069,0.10401052981615067,-0.031123735010623932,0.4263600707054138,0.19377313554286957,-0.04252125695347786,0.41902151703834534,0.22509241104125977,-0.0423424057662487,0.37155455350875854,0.16398590803146362,-0.007065585348755121,0.38001319766044617,0.11617208272218704,-0.04110632464289665,0.3825781047344208,0.20003655552864075,-0.03526637703180313,0.37895867228507996,0.2320481240749359,-0.02199908345937729,0.3190073072910309,0.17291148006916046,-0.017535854130983353,0.33598822355270386,0.12545615434646606,-0.033575430512428284,0.3441849648952484,0.18454037606716156,-0.020012930035591125,0.34222739934921265,0.21855568885803223,-0.004765736870467663,high
