landmark_0_x,landmark_0_y,landmark_0_z,landmark_1_x,landmark_1_y,landmark_1_z,landmark_2_x,landmark_2_y,landmark_2_z,landmark_3_x,landmark_3_y,landmark_3_z,landmark_4_x,landmark_4_y,landmark_4_z,landmark_5_x,landmark_5_y,landmark_5_z,landmark_6_x,landmark_6_y,landmark_6_z,landmark_7_x,landmark_7_y,landmark_7_z,landmark_8_x,landmark_8_y,landmark_8_z,landmark_9_x,landmark_9_y,landmark_9_z,landmark_10_x,landmark_10_y,landmark_10_z,landmark_11_x,landmark_11_y,landmark_11_z,landmark_12_x,landmark_12_y,landmark_12_z,landmark_13_x,landmark_13_y,landmark_13_z,landmark_14_x,landmark_14_y,landmark_14_z,landmark_15_x,landmark_15_y,landmark_15_z,landmark_16_x,landmark_16_y,landmark_16_z,landmark_17_x,landmark_17_y,landmark_17_z,landmark_18_x,landmark_18_y,landmark_18_z,landmark_19_x,landmark_19_y,landmark_19_z,landmark_20_x,landmark_20_y,landmark_20_z,class
0.32579997181892395,0.21473228931427002,-1.0608256634236923e-10,0.3767891228199005,0.196114644408226,-0.015419759787619114,0.4292573928833008,0.15220648050308228,-0.019414648413658142,0.4299800992012024,0.09522878378629684,-0.024146638810634613,0.39683496952056885,0.06852637231349945,-0.0279871616512537,0.41249117255210876,0.08924199640750885,0.004625166300684214,0.43281394243240356,0.04316258803009987,-0.011056213639676571,0.4453204572200775,0.045145150274038315,-0.02253447286784649,0.45719802379608154,0.05178907513618469,-0.029246358200907707,0.38189682364463806,0.07395549863576889,0.004042365588247776,0.3891415596008301,0.04081077501177788,-0.017339417710900307,0.3835503160953522,0.0863574743270874,-0.026208912953734398,0.38131481409072876,0.11025780439376831,-0.027023380622267723,0.35112541913986206,0.06871669739484787,5.5229218560270965e-05,0.35462188720703125,0.03714698180556297,-0.02147669531404972,0.3520979881286621,0.08229678124189377,-0.017745113000273705,0.3509393334388733,0.1053762435913086,-0.00970004964619875,0.31669485569000244,0.06906799226999283,-0.005484895780682564,0.32457688450813293,0.04256195202469826,-0.017584098502993584,0.3262939453125,0.07569071650505066,-0.010341241955757141,0.3255653381347656,0.09621728211641312,-0.001579795847646892,high
