landmark_0_x,landmark_0_y,landmark_0_z,landmark_1_x,landmark_1_y,landmark_1_z,landmark_2_x,landmark_2_y,landmark_2_z,landmark_3_x,landmark_3_y,landmark_3_z,landmark_4_x,landmark_4_y,landmark_4_z,landmark_5_x,landmark_5_y,landmark_5_z,landmark_6_x,landmark_6_y,landmark_6_z,landmark_7_x,landmark_7_y,landmark_7_z,landmark_8_x,landmark_8_y,landmark_8_z,landmark_9_x,landmark_9_y,landmark_9_z,landmark_10_x,landmark_10_y,landmark_10_z,landmark_11_x,landmark_11_y,landmark_11_z,landmark_12_x,landmark_12_y,landmark_12_z,landmark_13_x,landmark_13_y,landmark_13_z,landmark_14_x,landmark_14_y,landmark_14_z,landmark_15_x,landmark_15_y,landmark_15_z,landmark_16_x,landmark_16_y,landmark_16_z,landmark_17_x,landmark_17_y,landmark_17_z,landmark_18_x,landmark_18_y,landmark_18_z,landmark_19_x,landmark_19_y,landmark_19_z,landmark_20_x,landmark_20_y,landmark_20_z,class
0.27464693784713745,0.3437905013561249,-1.954653896518721e-07,0.3520137369632721,0.3122352361679077,-0.026173654943704605,0.4247265160083771,0.23127463459968567,-0.030213266611099243,0.4462994635105133,0.15261882543563843,-0.03425665572285652,0.4143015146255493,0.11904710531234741,-0.03295043483376503,0.3852062523365021,0.13979804515838623,0.010399878956377506,0.39322978258132935,0.08240201324224472,-0.017519647255539894,0.3906950354576111,0.1408553272485733,-0.03475521132349968,0.3950323164463043,0.17356355488300323,-0.04244077578186989,0.34578585624694824,0.1270323395729065,0.012176086194813251,0.3453606963157654,0.07701477408409119,-0.01888430304825306,0.34334757924079895,0.14585649967193604,-0.028885092586278915,0.344791054725647,0.17459402978420258,-0.027532018721103668,0.30445975065231323,0.12438254058361053,0.006393220275640488,0.30423468351364136,0.0782904326915741,-0.023514505475759506,0.3062266409397125,0.1446179747581482,-0.016809165477752686,0.30859634280204773,0.17363040149211884,-0.0038302671164274216,0.2612748146057129,0.12791740894317627,-0.0026391304563730955,0.2692407965660095,0.09078675508499146,-0.016263151541352272,0.27314549684524536,0.13461393117904663,-0.006891507655382156,0.2759717106819153,0.15846148133277893,0.004930804017931223,high
