landmark_0_x,landmark_0_y,landmark_0_z,landmark_1_x,landmark_1_y,landmark_1_z,landmark_2_x,landmark_2_y,landmark_2_z,landmark_3_x,landmark_3_y,landmark_3_z,landmark_4_x,landmark_4_y,landmark_4_z,landmark_5_x,landmark_5_y,landmark_5_z,landmark_6_x,landmark_6_y,landmark_6_z,landmark_7_x,landmark_7_y,landmark_7_z,landmark_8_x,landmark_8_y,landmark_8_z,landmark_9_x,landmark_9_y,landmark_9_z,landmark_10_x,landmark_10_y,landmark_10_z,landmark_11_x,landmark_11_y,landmark_11_z,landmark_12_x,landmark_12_y,landmark_12_z,landmark_13_x,landmark_13_y,landmark_13_z,landmark_14_x,landmark_14_y,landmark_14_z,landmark_15_x,landmark_15_y,landmark_15_z,landmark_16_x,landmark_16_y,landmark_16_z,landmark_17_x,landmark_17_y,landmark_17_z,landmark_18_x,landmark_18_y,landmark_18_z,landmark_19_x,landmark_19_y,landmark_19_z,landmark_20_x,landmark_20_y,landmark_20_z,class
0.20157918334007263,0.38079750537872314,-2.545060624470352e-07,0.28474241495132446,0.33978939056396484,-0.01947367750108242,0.3472362756729126,0.25822076201438904,-0.02044082060456276,0.3438403606414795,0.1681155264377594,-0.022733241319656372,0.29214879870414734,0.14887601137161255,-0.02116241678595543,0.2948681712150574,0.17261958122253418,0.018648678436875343,0.309027761220932,0.11311036348342896,-0.004460087511688471,0.3041883111000061,0.17642298340797424,-0.02065289579331875,0.2977798581123352,0.21518197655677795,-0.0278574600815773,0.2510342597961426,0.16111350059509277,0.0184016115963459,0.254332959651947,0.10675065219402313,-0.008243175223469734,0.2541535794734955,0.1818428337574005,-0.020612526684999466,0.25250181555747986,0.215251624584198,-0.020861677825450897,0.20634295046329498,0.1603124737739563,0.012325440533459187,0.20458601415157318,0.10630408674478531,-0.015890682116150856,0.2123013138771057,0.17703939974308014,-0.012771128676831722,0.21348686516284943,0.2114819437265396,-0.001758490689098835,0.15526451170444489,0.16771820187568665,0.0044828131794929504,0.16151104867458344,0.11551009863615036,-0.010844159871339798,0.17178893089294434,0.1637285202741623,-0.0011333312140777707,0.17479033768177032,0.19738951325416565,0.011873730458319187,high
