landmark_0_x,landmark_0_y,landmark_0_z,landmark_1_x,landmark_1_y,landmark_1_z,landmark_2_x,landmark_2_y,landmark_2_z,landmark_3_x,landmark_3_y,landmark_3_z,landmark_4_x,landmark_4_y,landmark_4_z,landmark_5_x,landmark_5_y,landmark_5_z,landmark_6_x,landmark_6_y,landmark_6_z,landmark_7_x,landmark_7_y,landmark_7_z,landmark_8_x,landmark_8_y,landmark_8_z,landmark_9_x,landmark_9_y,landmark_9_z,landmark_10_x,landmark_10_y,landmark_10_z,landmark_11_x,landmark_11_y,landmark_11_z,landmark_12_x,landmark_12_y,landmark_12_z,landmark_13_x,landmark_13_y,landmark_13_z,landmark_14_x,landmark_14_y,landmark_14_z,landmark_15_x,landmark_15_y,landmark_15_z,landmark_16_x,landmark_16_y,landmark_16_z,landmark_17_x,landmark_17_y,landmark_17_z,landmark_18_x,landmark_18_y,landmark_18_z,landmark_19_x,landmark_19_y,landmark_19_z,landmark_20_x,landmark_20_y,landmark_20_z,class
0.13498203456401825,0.3724516034126282,-3.2498113000656303e-07,0.21681706607341766,0.3286961615085602,-0.013530374504625797,0.2799844741821289,0.24684855341911316,-0.010850251652300358,0.2753169536590576,0.1621195375919342,-0.011964318342506886,0.22544264793395996,0.13774535059928894,-0.007997941225767136,0.23227065801620483,0.1590995490550995,0.029309706762433052,0.23286208510398865,0.10005341470241547,0.0016547259874641895,0.22376301884651184,0.1654074788093567,-0.015476245433092117,0.2241409718990326,0.19796864688396454,-0.022994427010416985,0.18762512505054474,0.1453200727701187,0.025264594703912735,0.17666862905025482,0.09784764051437378,-0.00911768339574337,0.1748734414577484,0.1797185242176056,-0.020401470363140106,0.18335171043872833,0.20477621257305145,-0.017739247530698776,0.1447525918483734,0.14375895261764526,0.014253587462008,0.13016033172607422,0.09774913638830185,-0.019882533699274063,0.13561499118804932,0.1742142289876938,-0.01251513697206974,0.14791905879974365,0.19937394559383392,0.003058592788875103,0.09947124123573303,0.15022572875022888,0.0014151379000395536,0.09278514236211777,0.10712461918592453,-0.01372460275888443,0.09930641949176788,0.1561715304851532,-0.001844600890763104,0.11154799163341522,0.18032848834991455,0.013129509054124355,high
