landmark_0_x,landmark_0_y,landmark_0_z,landmark_1_x,landmark_1_y,landmark_1_z,landmark_2_x,landmark_2_y,landmark_2_z,landmark_3_x,landmark_3_y,landmark_3_z,landmark_4_x,landmark_4_y,landmark_4_z,landmark_5_x,landmark_5_y,landmark_5_z,landmark_6_x,landmark_6_y,landmark_6_z,landmark_7_x,landmark_7_y,landmark_7_z,landmark_8_x,landmark_8_y,landmark_8_z,landmark_9_x,landmark_9_y,landmark_9_z,landmark_10_x,landmark_10_y,landmark_10_z,landmark_11_x,landmark_11_y,landmark_11_z,landmark_12_x,landmark_12_y,landmark_12_z,landmark_13_x,landmark_13_y,landmark_13_z,landmark_14_x,landmark_14_y,landmark_14_z,landmark_15_x,landmark_15_y,landmark_15_z,landmark_16_x,landmark_16_y,landmark_16_z,landmark_17_x,landmark_17_y,landmark_17_z,landmark_18_x,landmark_18_y,landmark_18_z,landmark_19_x,landmark_19_y,landmark_19_z,landmark_20_x,landmark_20_y,landmark_20_z,class
0.4081544876098633,0.354859322309494,-1.9077940294209839e-07,0.47900497913360596,0.32693448662757874,-0.025462480261921883,0.550036609172821,0.2547610104084015,-0.032825496047735214,0.5569542050361633,0.1706087291240692,-0.03819064050912857,0.5113061666488647,0.13380877673625946,-0.039543453603982925,0.5084375739097595,0.15077930688858032,-0.003310011699795723,0.5313735008239746,0.1169966384768486,-0.029514985159039497,0.520516574382782,0.1864985078573227,-0.043772440403699875,0.507608950138092,0.20271660387516022,-0.05017080903053284,0.4637514054775238,0.13687318563461304,-0.0020988567266613245,0.48575660586357117,0.09709860384464264,-0.028265809640288353,0.4789651930332184,0.1832202970981598,-0.033431585878133774,0.46736568212509155,0.1999243199825287,-0.03019517846405506,0.41757121682167053,0.1368389129638672,-0.005921033676713705,0.4370689392089844,0.09750819206237793,-0.03692464530467987,0.436043381690979,0.18198838829994202,-0.025231555104255676,0.42452144622802734,0.20227289199829102,-0.009335046634078026,0.365512490272522,0.14466555416584015,-0.011189177632331848,0.3866962790489197,0.1100081205368042,-0.028316045179963112,0.39156830310821533,0.1672736555337906,-0.013227677904069424,0.3843843936920166,0.1872202455997467,0.0031394001562148333,high
