landmark_0_x,landmark_0_y,landmark_0_z,landmark_1_x,landmark_1_y,landmark_1_z,landmark_2_x,landmark_2_y,landmark_2_z,landmark_3_x,landmark_3_y,landmark_3_z,landmark_4_x,landmark_4_y,landmark_4_z,landmark_5_x,landmark_5_y,landmark_5_z,landmark_6_x,landmark_6_y,landmark_6_z,landmark_7_x,landmark_7_y,landmark_7_z,landmark_8_x,landmark_8_y,landmark_8_z,landmark_9_x,landmark_9_y,landmark_9_z,landmark_10_x,landmark_10_y,landmark_10_z,landmark_11_x,landmark_11_y,landmark_11_z,landmark_12_x,landmark_12_y,landmark_12_z,landmark_13_x,landmark_13_y,landmark_13_z,landmark_14_x,landmark_14_y,landmark_14_z,landmark_15_x,landmark_15_y,landmark_15_z,landmark_16_x,landmark_16_y,landmark_16_z,landmark_17_x,landmark_17_y,landmark_17_z,landmark_18_x,landmark_18_y,landmark_18_z,landmark_19_x,landmark_19_y,landmark_19_z,landmark_20_x,landmark_20_y,landmark_20_z,class
0.19020631909370422,0.38371968269348145,-1.617092522110397e-07,0.23756642639636993,0.3618953824043274,-0.015158971771597862,0.2837280333042145,0.31859269738197327,-0.01866954378783703,0.28012168407440186,0.2651783227920532,-0.021846789866685867,0.24332502484321594,0.2536780536174774,-0.021173816174268723,0.26319703459739685,0.2595081925392151,0.005457345861941576,0.2757297158241272,0.22580325603485107,-0.012379566207528114,0.26337823271751404,0.2699872851371765,-0.022012703120708466,0.2572321891784668,0.2851347327232361,-0.026047449558973312,0.23733803629875183,0.24923866987228394,0.00499090226367116,0.24218392372131348,0.22226321697235107,-0.014001176692545414,0.2326892763376236,0.2732175588607788,-0.018936246633529663,0.2298174798488617,0.28192389011383057,-0.016853930428624153,0.2112947553396225,0.2468121349811554,0.0004926287801936269,0.2115345001220703,0.22156569361686707,-0.01826392114162445,0.20791718363761902,0.26996785402297974,-0.011625687591731548,0.20763741433620453,0.27873462438583374,-0.0018337619258090854,0.18105994164943695,0.2487194687128067,-0.0054890611208975315,0.18550148606300354,0.2259649932384491,-0.01229623332619667,0.18575546145439148,0.2599733769893646,-0.0016128598945215344,0.18550756573677063,0.27277350425720215,0.009212315082550049,high
