landmark_0_x,landmark_0_y,landmark_0_z,landmark_1_x,landmark_1_y,landmark_1_z,landmark_2_x,landmark_2_y,landmark_2_z,landmark_3_x,landmark_3_y,landmark_3_z,landmark_4_x,landmark_4_y,landmark_4_z,landmark_5_x,landmark_5_y,landmark_5_z,landmark_6_x,landmark_6_y,landmark_6_z,landmark_7_x,landmark_7_y,landmark_7_z,landmark_8_x,landmark_8_y,landmark_8_z,landmark_9_x,landmark_9_y,landmark_9_z,landmark_10_x,landmark_10_y,landmark_10_z,landmark_11_x,landmark_11_y,landmark_11_z,landmark_12_x,landmark_12_y,landmark_12_z,landmark_13_x,landmark_13_y,landmark_13_z,landmark_14_x,landmark_14_y,landmark_14_z,landmark_15_x,landmark_15_y,landmark_15_z,landmark_16_x,landmark_16_y,landmark_16_z,landmark_17_x,landmark_17_y,landmark_17_z,landmark_18_x,landmark_18_y,landmark_18_z,landmark_19_x,landmark_19_y,landmark_19_z,landmark_20_x,landmark_20_y,landmark_20_z,class
0.12115025520324707,0.3375997841358185,-2.9587226890726015e-07,0.19243337213993073,0.30051904916763306,-0.016019558534026146,0.2516590356826782,0.226418137550354,-0.016549717634916306,0.24472177028656006,0.14868001639842987,-0.01773051731288433,0.19587644934654236,0.13078764081001282,-0.015561014413833618,0.2111852765083313,0.13398058712482452,0.013944422826170921,0.20619115233421326,0.09555872529745102,-0.00985003262758255,0.2052023708820343,0.15429441630840302,-0.025289323180913925,0.20851922035217285,0.18588009476661682,-0.03198997676372528,0.17064060270786285,0.1217053085565567,0.013216039165854454,0.1592356413602829,0.08998087048530579,-0.010382597334682941,0.16220860183238983,0.16402927041053772,-0.01733829267323017,0.1666608452796936,0.18794168531894684,-0.015536653809249401,0.12957748770713806,0.12179897725582123,0.007101011462509632,0.11628067493438721,0.09051063656806946,-0.019554486498236656,0.12447836995124817,0.16257305443286896,-0.013355075381696224,0.13051587343215942,0.18820522725582123,-0.0017825739923864603,0.08359424769878387,0.13225947320461273,-0.00045143795432522893,0.07787243276834488,0.0988038033246994,-0.015455880202353,0.08831749856472015,0.14908406138420105,-0.005667681805789471,0.09600137174129486,0.17475855350494385,0.00688534090295434,high
