landmark_0_x,landmark_0_y,landmark_0_z,landmark_1_x,landmark_1_y,landmark_1_z,landmark_2_x,landmark_2_y,landmark_2_z,landmark_3_x,landmark_3_y,landmark_3_z,landmark_4_x,landmark_4_y,landmark_4_z,landmark_5_x,landmark_5_y,landmark_5_z,landmark_6_x,landmark_6_y,landmark_6_z,landmark_7_x,landmark_7_y,landmark_7_z,landmark_8_x,landmark_8_y,landmark_8_z,landmark_9_x,landmark_9_y,landmark_9_z,landmark_10_x,landmark_10_y,landmark_10_z,landmark_11_x,landmark_11_y,landmark_11_z,landmark_12_x,landmark_12_y,landmark_12_z,landmark_13_x,landmark_13_y,landmark_13_z,landmark_14_x,landmark_14_y,landmark_14_z,landmark_15_x,landmark_15_y,landmark_15_z,landmark_16_x,landmark_16_y,landmark_16_z,landmark_17_x,landmark_17_y,landmark_17_z,landmark_18_x,landmark_18_y,landmark_18_z,landmark_19_x,landmark_19_y,landmark_19_z,landmark_20_x,landmark_20_y,landmark_20_z,class
0.2559078633785248,0.5051417350769043,-3.2556101814407157e-07,0.3364312946796417,0.4492816925048828,-0.018374601379036903,0.39963263273239136,0.3643399775028229,-0.0226429495960474,0.3934211730957031,0.27326667308807373,-0.02861712872982025,0.33328890800476074,0.2598792314529419,-0.029253697022795677,0.34587424993515015,0.2731075882911682,0.014982701279222965,0.3722296953201294,0.21719595789909363,-0.012173212133347988,0.36253634095191956,0.29344987869262695,-0.028015391901135445,0.35080042481422424,0.31979209184646606,-0.03547636419534683,0.30215805768966675,0.2640174329280853,0.010757692158222198,0.3201477527618408,0.21390298008918762,-0.019656121730804443,0.31435415148735046,0.30089303851127625,-0.02920021116733551,0.3048328161239624,0.31687650084495544,-0.027513843029737473,0.25811290740966797,0.26605796813964844,0.0005900398828089237,0.2681131362915039,0.21733446419239044,-0.029712414368987083,0.2724642753601074,0.29810288548469543,-0.02158304676413536,0.2664126753807068,0.3161884844303131,-0.007628686726093292,0.2081950306892395,0.2757023572921753,-0.011355717666447163,0.22369420528411865,0.23045659065246582,-0.02256758324801922,0.2322055697441101,0.28412729501724243,-0.006769448518753052,0.22852104902267456,0.3072763681411743,0.00924266129732132,high
