landmark_0_x,landmark_0_y,landmark_0_z,landmark_1_x,landmark_1_y,landmark_1_z,landmark_2_x,landmark_2_y,landmark_2_z,landmark_3_x,landmark_3_y,landmark_3_z,landmark_4_x,landmark_4_y,landmark_4_z,landmark_5_x,landmark_5_y,landmark_5_z,landmark_6_x,landmark_6_y,landmark_6_z,landmark_7_x,landmark_7_y,landmark_7_z,landmark_8_x,landmark_8_y,landmark_8_z,landmark_9_x,landmark_9_y,landmark_9_z,landmark_10_x,landmark_10_y,landmark_10_z,landmark_11_x,landmark_11_y,landmark_11_z,landmark_12_x,landmark_12_y,landmark_12_z,landmark_13_x,landmark_13_y,landmark_13_z,landmark_14_x,landmark_14_y,landmark_14_z,landmark_15_x,landmark_15_y,landmark_15_z,landmark_16_x,landmark_16_y,landmark_16_z,landmark_17_x,landmark_17_y,landmark_17_z,landmark_18_x,landmark_18_y,landmark_18_z,landmark_19_x,landmark_19_y,landmark_19_z,landmark_20_x,landmark_20_y,landmark_20_z,class
0.09024320542812347,0.36769533157348633,-2.5878563292280887e-07,0.168678417801857,0.3213784694671631,-0.025415265932679176,0.2297261357307434,0.23959650099277496,-0.028909744694828987,0.21305954456329346,0.1499215066432953,-0.03102206438779831,0.15357476472854614,0.14001581072807312,-0.027820950374007225,0.18532899022102356,0.16248959302902222,0.008707397617399693,0.18341997265815735,0.10603339970111847,-0.01616683602333069,0.17734524607658386,0.17116881906986237,-0.029392126947641373,0.18127822875976562,0.20339298248291016,-0.03471732884645462,0.14098548889160156,0.15097388625144958,0.011472627520561218,0.1309167444705963,0.10397782921791077,-0.016488397493958473,0.1308981329202652,0.1851305067539215,-0.022628797218203545,0.13709694147109985,0.20955005288124084,-0.0187417883425951,0.0973351001739502,0.15100380778312683,0.007922317832708359,0.08213086426258087,0.10707589983940125,-0.023326320573687553,0.09052634239196777,0.1854933500289917,-0.01586996763944626,0.09897738695144653,0.21418365836143494,-0.0015679103089496493,0.04886571317911148,0.1598830372095108,0.0022387299686670303,0.039813801646232605,0.11770887672901154,-0.013979575596749783,0.051070474088191986,0.16774146258831024,-0.0036214834544807673,0.06111111491918564,0.19586849212646484,0.00977384578436613,high
