landmark_0_x,landmark_0_y,landmark_0_z,landmark_1_x,landmark_1_y,landmark_1_z,landmark_2_x,landmark_2_y,landmark_2_z,landmark_3_x,landmark_3_y,landmark_3_z,landmark_4_x,landmark_4_y,landmark_4_z,landmark_5_x,landmark_5_y,landmark_5_z,landmark_6_x,landmark_6_y,landmark_6_z,landmark_7_x,landmark_7_y,landmark_7_z,landmark_8_x,landmark_8_y,landmark_8_z,landmark_9_x,landmark_9_y,landmark_9_z,landmark_10_x,landmark_10_y,landmark_10_z,landmark_11_x,landmark_11_y,landmark_11_z,landmark_12_x,landmark_12_y,landmark_12_z,landmark_13_x,landmark_13_y,landmark_13_z,landmark_14_x,landmark_14_y,landmark_14_z,landmark_15_x,landmark_15_y,landmark_15_z,landmark_16_x,landmark_16_y,landmark_16_z,landmark_17_x,landmark_17_y,landmark_17_z,landmark_18_x,landmark_18_y,landmark_18_z,landmark_19_x,landmark_19_y,landmark_19_z,landmark_20_x,landmark_20_y,landmark_20_z,class
0.2974080443382263,0.2293282449245453,-2.052919256811947e-07,0.3498874604701996,0.20413155853748322,-0.016025608405470848,0.3987002968788147,0.15429054200649261,-0.01900980994105339,0.4028041362762451,0.09653494507074356,-0.02204040251672268,0.37338313460350037,0.07187707722187042,-0.021751156076788902,0.37489938735961914,0.08941882103681564,0.005267548840492964,0.3871918320655823,0.05057907477021217,-0.013484063558280468,0.37931323051452637,0.09457457065582275,-0.024896014481782913,0.37652522325515747,0.11479870975017548,-0.02987256459891796,0.3467840552330017,0.08085960149765015,0.005544190760701895,0.35245320200920105,0.04679129645228386,-0.013110615313053131,0.347629576921463,0.09525926411151886,-0.01879620924592018,0.3451743423938751,0.11181142181158066,-0.018132129684090614,0.3185526132583618,0.07932095229625702,0.0013718699337914586,0.32212406396865845,0.0469110906124115,-0.01669331081211567,0.3204652667045593,0.09385834634304047,-0.010583927854895592,0.3183232545852661,0.11092711985111237,-0.0018462722655385733,0.2867613732814789,0.0807492658495903,-0.004613956902176142,0.2946254014968872,0.05232308432459831,-0.011777743697166443,0.29583975672721863,0.08556396514177322,-0.00242558098398149,0.2943064570426941,0.10232776403427124,0.007121669594198465,high
