landmark_0_x,landmark_0_y,landmark_0_z,landmark_1_x,landmark_1_y,landmark_1_z,landmark_2_x,landmark_2_y,landmark_2_z,landmark_3_x,landmark_3_y,landmark_3_z,landmark_4_x,landmark_4_y,landmark_4_z,landmark_5_x,landmark_5_y,landmark_5_z,landmark_6_x,landmark_6_y,landmark_6_z,landmark_7_x,landmark_7_y,landmark_7_z,landmark_8_x,landmark_8_y,landmark_8_z,landmark_9_x,landmark_9_y,landmark_9_z,landmark_10_x,landmark_10_y,landmark_10_z,landmark_11_x,landmark_11_y,landmark_11_z,landmark_12_x,landmark_12_y,landmark_12_z,landmark_13_x,landmark_13_y,landmark_13_z,landmark_14_x,landmark_14_y,landmark_14_z,landmark_15_x,landmark_15_y,landmark_15_z,landmark_16_x,landmark_16_y,landmark_16_z,landmark_17_x,landmark_17_y,landmark_17_z,landmark_18_x,landmark_18_y,landmark_18_z,landmark_19_x,landmark_19_y,landmark_19_z,landmark_20_x,landmark_20_y,landmark_20_z,class
0.31229281425476074,0.5029103755950928,-3.3430782764298783e-07,0.3933798670768738,0.4517832398414612,-0.0230629313737154,0.4648286700248718,0.3666115403175354,-0.029756654053926468,0.46383967995643616,0.27622002363204956,-0.0369730144739151,0.40392744541168213,0.25822752714157104,-0.038363441824913025,0.4114174246788025,0.2703569829463959,0.010313878767192364,0.4455759525299072,0.22511853277683258,-0.017881188541650772,0.4336097538471222,0.3023356795310974,-0.03392163664102554,0.41870278120040894,0.32017239928245544,-0.04203067347407341,0.3686607778072357,0.2600274085998535,0.007672725711017847,0.39397820830345154,0.21658001840114594,-0.02532532438635826,0.38611987233161926,0.30488133430480957,-0.03531946241855621,0.37346965074539185,0.3168414831161499,-0.03351534157991409,0.3258797526359558,0.2609121799468994,-0.00108102906960994,0.3425527513027191,0.2174414098262787,-0.03314593434333801,0.3445916771888733,0.3004048466682434,-0.023741120472550392,0.3348613977432251,0.31598949432373047,-0.008737502619624138,0.2773650884628296,0.2685924470424652,-0.012047224678099155,0.29954949021339417,0.2291535586118698,-0.024434100836515427,0.3053087890148163,0.28492990136146545,-0.008385848253965378,0.29806944727897644,0.304645836353302,0.00794900581240654,high
