landmark_0_x,landmark_0_y,landmark_0_z,landmark_1_x,landmark_1_y,landmark_1_z,landmark_2_x,landmark_2_y,landmark_2_z,landmark_3_x,landmark_3_y,landmark_3_z,landmark_4_x,landmark_4_y,landmark_4_z,landmark_5_x,landmark_5_y,landmark_5_z,landmark_6_x,landmark_6_y,landmark_6_z,landmark_7_x,landmark_7_y,landmark_7_z,landmark_8_x,landmark_8_y,landmark_8_z,landmark_9_x,landmark_9_y,landmark_9_z,landmark_10_x,landmark_10_y,landmark_10_z,landmark_11_x,landmark_11_y,landmark_11_z,landmark_12_x,landmark_12_y,landmark_12_z,landmark_13_x,landmark_13_y,landmark_13_z,landmark_14_x,landmark_14_y,landmark_14_z,landmark_15_x,landmark_15_y,landmark_15_z,landmark_16_x,landmark_16_y,landmark_16_z,landmark_17_x,landmark_17_y,landmark_17_z,landmark_18_x,landmark_18_y,landmark_18_z,landmark_19_x,landmark_19_y,landmark_19_z,landmark_20_x,landmark_20_y,landmark_20_z,class
0.10176029056310654,0.3513191044330597,-1.6378575651287974e-07,0.15514156222343445,0.32679426670074463,-0.021918682381510735,0.19745288789272308,0.2753106653690338,-0.026719531044363976,0.1870959848165512,0.21568945050239563,-0.03011987917125225,0.14557766914367676,0.20601898431777954,-0.028990240767598152,0.1783703863620758,0.20133757591247559,0.006214763969182968,0.16616900265216827,0.1749933958053589,-0.01620309054851532,0.16308343410491943,0.22038540244102478,-0.030781593173742294,0.1702495515346527,0.236534982919693,-0.037736255675554276,0.15007078647613525,0.1891181468963623,0.008349609561264515,0.1309806853532791,0.1677377074956894,-0.01691785454750061,0.1326170712709427,0.22251415252685547,-0.025072727352380753,0.14160911738872528,0.23540917038917542,-0.02326688915491104,0.12155117094516754,0.18733233213424683,0.0050969915464520454,0.10091278702020645,0.16953319311141968,-0.019826045259833336,0.10667861253023148,0.2202402800321579,-0.01631294935941696,0.11692452430725098,0.2320069670677185,-0.0062715536914765835,0.09084682166576385,0.19375747442245483,-0.0005200227606110275,0.08165369182825089,0.17750045657157898,-0.012865018099546432,0.08721473813056946,0.21232488751411438,-0.00642714649438858,0.09502209722995758,0.2269323766231537,0.0033432692289352417,high
