landmark_0_x,landmark_0_y,landmark_0_z,landmark_1_x,landmark_1_y,landmark_1_z,landmark_2_x,landmark_2_y,landmark_2_z,landmark_3_x,landmark_3_y,landmark_3_z,landmark_4_x,landmark_4_y,landmark_4_z,landmark_5_x,landmark_5_y,landmark_5_z,landmark_6_x,landmark_6_y,landmark_6_z,landmark_7_x,landmark_7_y,landmark_7_z,landmark_8_x,landmark_8_y,landmark_8_z,landmark_9_x,landmark_9_y,landmark_9_z,landmark_10_x,landmark_10_y,landmark_10_z,landmark_11_x,landmark_11_y,landmark_11_z,landmark_12_x,landmark_12_y,landmark_12_z,landmark_13_x,landmark_13_y,landmark_13_z,landmark_14_x,landmark_14_y,landmark_14_z,landmark_15_x,landmark_15_y,landmark_15_z,landmark_16_x,landmark_16_y,landmark_16_z,landmark_17_x,landmark_17_y,landmark_17_z,landmark_18_x,landmark_18_y,landmark_18_z,landmark_19_x,landmark_19_y,landmark_19_z,landmark_20_x,landmark_20_y,landmark_20_z,class
0.25758877396583557,0.23866155743598938,-1.466383849901831e-07,0.3115582764148712,0.2113417088985443,-0.014914344064891338,0.35887250304222107,0.16130661964416504,-0.017029177397489548,0.3573303520679474,0.10079650580883026,-0.019651198759675026,0.3218414783477783,0.08889199793338776,-0.019676314666867256,0.32818442583084106,0.09209530800580978,0.009977481327950954,0.33940207958221436,0.052807390689849854,-0.006338173057883978,0.33408042788505554,0.09092670679092407,-0.01774038001894951,0.33013802766799927,0.11470508575439453,-0.02296065352857113,0.3006252348423004,0.08615221083164215,0.01016240008175373,0.3044363856315613,0.05377672612667084,-0.006405354477465153,0.3025946617126465,0.10130773484706879,-0.013143971562385559,0.30025044083595276,0.12294469773769379,-0.0131992157548666,0.27325567603111267,0.08776655793190002,0.006084582768380642,0.27547895908355713,0.057739175856113434,-0.011254758574068546,0.2774292826652527,0.1030518114566803,-0.008010257966816425,0.2754703164100647,0.12536172568798065,-0.0006881594890728593,0.24154013395309448,0.09353074431419373,0.0003539649478625506,0.2505527138710022,0.0623687282204628,-0.007506708614528179,0.2547457814216614,0.09463633596897125,0.00011451630416559055,0.2533593773841858,0.11589168757200241,0.008880808018147945,high
