landmark_0_x,landmark_0_y,landmark_0_z,landmark_1_x,landmark_1_y,landmark_1_z,landmark_2_x,landmark_2_y,landmark_2_z,landmark_3_x,landmark_3_y,landmark_3_z,landmark_4_x,landmark_4_y,landmark_4_z,landmark_5_x,landmark_5_y,landmark_5_z,landmark_6_x,landmark_6_y,landmark_6_z,landmark_7_x,landmark_7_y,landmark_7_z,landmark_8_x,landmark_8_y,landmark_8_z,landmark_9_x,landmark_9_y,landmark_9_z,landmark_10_x,landmark_10_y,landmark_10_z,landmark_11_x,landmark_11_y,landmark_11_z,landmark_12_x,landmark_12_y,landmark_12_z,landmark_13_x,landmark_13_y,landmark_13_z,landmark_14_x,landmark_14_y,landmark_14_z,landmark_15_x,landmark_15_y,landmark_15_z,landmark_16_x,landmark_16_y,landmark_16_z,landmark_17_x,landmark_17_y,landmark_17_z,landmark_18_x,landmark_18_y,landmark_18_z,landmark_19_x,landmark_19_y,landmark_19_z,landmark_20_x,landmark_20_y,landmark_20_z,class
0.1394699513912201,0.2698749005794525,-2.0239642140040814e-07,0.19602373242378235,0.23788990080356598,-0.012945829890668392,0.24210691452026367,0.18245850503444672,-0.014094043523073196,0.23941731452941895,0.12077897787094116,-0.015765702351927757,0.20266729593276978,0.10997074842453003,-0.014653824269771576,0.2139350026845932,0.1284458190202713,0.009590248577296734,0.21842895448207855,0.08572615683078766,-0.005204138811677694,0.21379956603050232,0.1272549331188202,-0.014832714572548866,0.21533973515033722,0.1507691591978073,-0.019789831712841988,0.1847720742225647,0.1198577880859375,0.008826399222016335,0.1817074865102768,0.08235259354114532,-0.008676487021148205,0.17951548099517822,0.13325920701026917,-0.014723255299031734,0.1817156821489334,0.15336208045482635,-0.013899404555559158,0.15638907253742218,0.11872366070747375,0.004432425834238529,0.15067586302757263,0.08340971171855927,-0.013719718903303146,0.1524602174758911,0.1324048489332199,-0.008920267224311829,0.15481245517730713,0.15329504013061523,-0.0003231042646802962,0.12471535056829453,0.12291000783443451,-0.001340664573945105,0.12482034415006638,0.0914452001452446,-0.010035127401351929,0.12847523391246796,0.12565669417381287,-0.0018242031801491976,0.1306854784488678,0.145720437169075,0.007577752228826284,high
