landmark_0_x,landmark_0_y,landmark_0_z,landmark_1_x,landmark_1_y,landmark_1_z,landmark_2_x,landmark_2_y,landmark_2_z,landmark_3_x,landmark_3_y,landmark_3_z,landmark_4_x,landmark_4_y,landmark_4_z,landmark_5_x,landmark_5_y,landmark_5_z,landmark_6_x,landmark_6_y,landmark_6_z,landmark_7_x,landmark_7_y,landmark_7_z,landmark_8_x,landmark_8_y,landmark_8_z,landmark_9_x,landmark_9_y,landmark_9_z,landmark_10_x,landmark_10_y,landmark_10_z,landmark_11_x,landmark_11_y,landmark_11_z,landmark_12_x,landmark_12_y,landmark_12_z,landmark_13_x,landmark_13_y,landmark_13_z,landmark_14_x,landmark_14_y,landmark_14_z,landmark_15_x,landmark_15_y,landmark_15_z,landmark_16_x,landmark_16_y,landmark_16_z,landmark_17_x,landmark_17_y,landmark_17_z,landmark_18_x,landmark_18_y,landmark_18_z,landmark_19_x,landmark_19_y,landmark_19_z,landmark_20_x,landmark_20_y,landmark_20_z,class
0.0977998822927475,0.3481738865375519,-2.406302428425988e-07,0.17222744226455688,0.3118233382701874,-0.02427118644118309,0.23067790269851685,0.23116184771060944,-0.027624012902379036,0.2146490514278412,0.14776115119457245,-0.029935093596577644,0.16260042786598206,0.1270480751991272,-0.027495166286826134,0.19368113577365875,0.1439310610294342,0.01023367140442133,0.18178565800189972,0.09819802641868591,-0.01744643971323967,0.17881998419761658,0.1599700003862381,-0.03383210673928261,0.1855139136314392,0.1924985647201538,-0.04087170213460922,0.14983779191970825,0.13061538338661194,0.011911324225366116,0.13248449563980103,0.09255217760801315,-0.017895478755235672,0.13384661078453064,0.17387935519218445,-0.02588847652077675,0.142001673579216,0.19741010665893555,-0.022937536239624023,0.10677924752235413,0.130552276968956,0.006976372096687555,0.08907583355903625,0.09645204991102219,-0.026364939287304878,0.09589992463588715,0.17532581090927124,-0.018909219652414322,0.10581566393375397,0.19940996170043945,-0.0044755879789590836,0.059801384806632996,0.1407431811094284,-7.966334669617936e-05,0.05269969254732132,0.1099328100681305,-0.018957776948809624,0.060269758105278015,0.16313330829143524,-0.0086854612454772,0.06887654215097427,0.18374280631542206,0.005120944697409868,high
