landmark_0_x,landmark_0_y,landmark_0_z,landmark_1_x,landmark_1_y,landmark_1_z,landmark_2_x,landmark_2_y,landmark_2_z,landmark_3_x,landmark_3_y,landmark_3_z,landmark_4_x,landmark_4_y,landmark_4_z,landmark_5_x,landmark_5_y,landmark_5_z,landmark_6_x,landmark_6_y,landmark_6_z,landmark_7_x,landmark_7_y,landmark_7_z,landmark_8_x,landmark_8_y,landmark_8_z,landmark_9_x,landmark_9_y,landmark_9_z,landmark_10_x,landmark_10_y,landmark_10_z,landmark_11_x,landmark_11_y,landmark_11_z,landmark_12_x,landmark_12_y,landmark_12_z,landmark_13_x,landmark_13_y,landmark_13_z,landmark_14_x,landmark_14_y,landmark_14_z,landmark_15_x,landmark_15_y,landmark_15_z,landmark_16_x,landmark_16_y,landmark_16_z,landmark_17_x,landmark_17_y,landmark_17_z,landmark_18_x,landmark_18_y,landmark_18_z,landmark_19_x,landmark_19_y,landmark_19_z,landmark_20_x,landmark_20_y,landmark_20_z,class
0.3123275339603424,0.40038442611694336,-3.791085418924922e-07,0.3980740010738373,0.35758912563323975,-0.0240547563880682,0.47453033924102783,0.2706620991230011,-0.030268769711256027,0.471251904964447,0.17310521006584167,-0.037056148052215576,0.40928560495376587,0.1588691771030426,-0.03706590458750725,0.4324437379837036,0.17921197414398193,0.00876734871417284,0.4541328549385071,0.10509426891803741,-0.023532217368483543,0.43969058990478516,0.1847303807735443,-0.03846393898129463,0.43040603399276733,0.21432605385780334,-0.04384523630142212,0.3826049566268921,0.16377003490924835,0.007214761804789305,0.3885139226913452,0.11624392867088318,-0.02666555531322956,0.37987127900123596,0.20843331515789032,-0.0318242572247982,0.3768392503261566,0.22070713341236115,-0.02607448771595955,0.33311986923217773,0.16390788555145264,-0.0017831322038546205,0.33204177021980286,0.12322510778903961,-0.03596340864896774,0.33282965421676636,0.2090551108121872,-0.02346893772482872,0.3315897583961487,0.22457528114318848,-0.005759285297244787,0.2786564528942108,0.17244744300842285,-0.013153238222002983,0.28451302647590637,0.13514241576194763,-0.026878854259848595,0.28896093368530273,0.19122332334518433,-0.010593929328024387,0.28840652108192444,0.2103215605020523,0.006660781800746918,high
