landmark_0_x,landmark_0_y,landmark_0_z,landmark_1_x,landmark_1_y,landmark_1_z,landmark_2_x,landmark_2_y,landmark_2_z,landmark_3_x,landmark_3_y,landmark_3_z,landmark_4_x,landmark_4_y,landmark_4_z,landmark_5_x,landmark_5_y,landmark_5_z,landmark_6_x,landmark_6_y,landmark_6_z,landmark_7_x,landmark_7_y,landmark_7_z,landmark_8_x,landmark_8_y,landmark_8_z,landmark_9_x,landmark_9_y,landmark_9_z,landmark_10_x,landmark_10_y,landmark_10_z,landmark_11_x,landmark_11_y,landmark_11_z,landmark_12_x,landmark_12_y,landmark_12_z,landmark_13_x,landmark_13_y,landmark_13_z,landmark_14_x,landmark_14_y,landmark_14_z,landmark_15_x,landmark_15_y,landmark_15_z,landmark_16_x,landmark_16_y,landmark_16_z,landmark_17_x,landmark_17_y,landmark_17_z,landmark_18_x,landmark_18_y,landmark_18_z,landmark_19_x,landmark_19_y,landmark_19_z,landmark_20_x,landmark_20_y,landmark_20_z,class
0.16667768359184265,0.26428815722465515,-1.9837865750105266e-07,0.2224554568529129,0.2297796607017517,-0.018515631556510925,0.2677854001522064,0.1751061975955963,-0.022443987429142,0.26104336977005005,0.11033718287944794,-0.025858376175165176,0.2187897264957428,0.10418899357318878,-0.025341734290122986,0.24067775905132294,0.11836527287960052,0.008060845546424389,0.24483750760555267,0.07772736996412277,-0.009683134965598583,0.23809915781021118,0.12517057359218597,-0.02031008154153824,0.2384718507528305,0.14568732678890228,-0.02524944394826889,0.21096453070640564,0.1119605228304863,0.009440065361559391,0.20795519649982452,0.07727505266666412,-0.009880928322672844,0.2054305225610733,0.13262149691581726,-0.015349578112363815,0.20714353024959564,0.14808779954910278,-0.013672986999154091,0.18162423372268677,0.11288675665855408,0.006199886556714773,0.17517533898353577,0.08106417953968048,-0.013908744789659977,0.17771318554878235,0.1326206475496292,-0.007959526963531971,0.18038633465766907,0.14931060373783112,0.002046112669631839,0.1486855149269104,0.11803280562162399,0.0011566855246201158,0.14920198917388916,0.08858375251293182,-0.006341550033539534,0.15231722593307495,0.12232112884521484,0.0035693806130439043,0.15279680490493774,0.13886763155460358,0.014088925905525684,high
