landmark_0_x,landmark_0_y,landmark_0_z,landmark_1_x,landmark_1_y,landmark_1_z,landmark_2_x,landmark_2_y,landmark_2_z,landmark_3_x,landmark_3_y,landmark_3_z,landmark_4_x,landmark_4_y,landmark_4_z,landmark_5_x,landmark_5_y,landmark_5_z,landmark_6_x,landmark_6_y,landmark_6_z,landmark_7_x,landmark_7_y,landmark_7_z,landmark_8_x,landmark_8_y,landmark_8_z,landmark_9_x,landmark_9_y,landmark_9_z,landmark_10_x,landmark_10_y,landmark_10_z,landmark_11_x,landmark_11_y,landmark_11_z,landmark_12_x,landmark_12_y,landmark_12_z,landmark_13_x,landmark_13_y,landmark_13_z,landmark_14_x,landmark_14_y,landmark_14_z,landmark_15_x,landmark_15_y,landmark_15_z,landmark_16_x,landmark_16_y,landmark_16_z,landmark_17_x,landmark_17_y,landmark_17_z,landmark_18_x,landmark_18_y,landmark_18_z,landmark_19_x,landmark_19_y,landmark_19_z,landmark_20_x,landmark_20_y,landmark_20_z,class
0.29837343096733093,0.36926624178886414,-1.1548474532219188e-07,0.3499169945716858,0.34836751222610474,-0.013522490859031677,0.3984421491622925,0.3060571849346161,-0.016986465081572533,0.4003506898880005,0.25025448203086853,-0.02091703563928604,0.36533379554748535,0.23691633343696594,-0.02191559225320816,0.3690006732940674,0.23847360908985138,0.007364979013800621,0.3824968934059143,0.20359855890274048,-0.009012516587972641,0.3765229284763336,0.24608944356441498,-0.019968008622527122,0.3726677894592285,0.26496949791908264,-0.025094104930758476,0.34373557567596436,0.2301073521375656,0.0067076049745082855,0.3513181805610657,0.2011873424053192,-0.009800516068935394,0.3465878367424011,0.24700435996055603,-0.016150521114468575,0.3427518606185913,0.2604164183139801,-0.01616627909243107,0.3170720338821411,0.2284507006406784,0.002339943777769804,0.32213667035102844,0.20007389783859253,-0.01398672629147768,0.3214721977710724,0.24463769793510437,-0.009420542977750301,0.3192223012447357,0.26045072078704834,-0.0018401758279651403,0.28621742129325867,0.22957804799079895,-0.0034165324177592993,0.29671505093574524,0.20405541360378265,-0.009375737980008125,0.2984536588191986,0.23696288466453552,2.0874202164122835e-05,0.296297550201416,0.2545989453792572,0.009533628821372986,high
