landmark_0_x,landmark_0_y,landmark_0_z,landmark_1_x,landmark_1_y,landmark_1_z,landmark_2_x,landmark_2_y,landmark_2_z,landmark_3_x,landmark_3_y,landmark_3_z,landmark_4_x,landmark_4_y,landmark_4_z,landmark_5_x,landmark_5_y,landmark_5_z,landmark_6_x,landmark_6_y,landmark_6_z,landmark_7_x,landmark_7_y,landmark_7_z,landmark_8_x,landmark_8_y,landmark_8_z,landmark_9_x,landmark_9_y,landmark_9_z,landmark_10_x,landmark_10_y,landmark_10_z,landmark_11_x,landmark_11_y,landmark_11_z,landmark_12_x,landmark_12_y,landmark_12_z,landmark_13_x,landmark_13_y,landmark_13_z,landmark_14_x,landmark_14_y,landmark_14_z,landmark_15_x,landmark_15_y,landmark_15_z,landmark_16_x,landmark_16_y,landmark_16_z,landmark_17_x,landmark_17_y,landmark_17_z,landmark_18_x,landmark_18_y,landmark_18_z,landmark_19_x,landmark_19_y,landmark_19_z,landmark_20_x,landmark_20_y,landmark_20_z,class
0.09219230711460114,0.3427808880805969,-9.520514510086286e-08,0.1455889493227005,0.3090902268886566,-0.017586050555109978,0.1873943954706192,0.25952303409576416,-0.023207036778330803,0.17616383731365204,0.201247438788414,-0.028664687648415565,0.13302265107631683,0.19475409388542175,-0.03010447695851326,0.16678819060325623,0.2042270451784134,0.006605308037251234,0.17140600085258484,0.16668477654457092,-0.013500549830496311,0.16229629516601562,0.20808927714824677,-0.02705252356827259,0.16171734035015106,0.2285909652709961,-0.03388315439224243,0.1357537806034088,0.19384309649467468,0.006154042202979326,0.13582460582256317,0.15858638286590576,-0.015564413741230965,0.1305539309978485,0.2067834436893463,-0.02358805388212204,0.13218030333518982,0.22234009206295013,-0.0232418030500412,0.1052221730351448,0.1916711926460266,0.0012097248109057546,0.10124757140874863,0.15898370742797852,-0.01930561102926731,0.1021713837981224,0.2037419229745865,-0.015614749863743782,0.10529123246669769,0.2182060033082962,-0.006932074204087257,0.07216069102287292,0.19590847194194794,-0.005633642431348562,0.07643071562051773,0.16828538477420807,-0.01302023883908987,0.07997729629278183,0.19713005423545837,-0.004317806102335453,0.08159281313419342,0.21205252408981323,0.0052983397617936134,high
