landmark_0_x,landmark_0_y,landmark_0_z,landmark_1_x,landmark_1_y,landmark_1_z,landmark_2_x,landmark_2_y,landmark_2_z,landmark_3_x,landmark_3_y,landmark_3_z,landmark_4_x,landmark_4_y,landmark_4_z,landmark_5_x,landmark_5_y,landmark_5_z,landmark_6_x,landmark_6_y,landmark_6_z,landmark_7_x,landmark_7_y,landmark_7_z,landmark_8_x,landmark_8_y,landmark_8_z,landmark_9_x,landmark_9_y,landmark_9_z,landmark_10_x,landmark_10_y,landmark_10_z,landmark_11_x,landmark_11_y,landmark_11_z,landmark_12_x,landmark_12_y,landmark_12_z,landmark_13_x,landmark_13_y,landmark_13_z,landmark_14_x,landmark_14_y,landmark_14_z,landmark_15_x,landmark_15_y,landmark_15_z,landmark_16_x,landmark_16_y,landmark_16_z,landmark_17_x,landmark_17_y,landmark_17_z,landmark_18_x,landmark_18_y,landmark_18_z,landmark_19_x,landmark_19_y,landmark_19_z,landmark_20_x,landmark_20_y,landmark_20_z,class
0.3501740097999573,0.20408529043197632,-1.466204224698231e-07,0.4006320536136627,0.18893685936927795,-0.01724253036081791,0.45289677381515503,0.14563608169555664,-0.02259228006005287,0.4630688726902008,0.09039037674665451,-0.028357485309243202,0.44196662306785583,0.055349305272102356,-0.03190227225422859,0.43769270181655884,0.07157491892576218,0.0001993140031117946,0.45566314458847046,0.03333500400185585,-0.02446797490119934,0.4509812295436859,0.06863629072904587,-0.04017329588532448,0.44583559036254883,0.09788666665554047,-0.046441830694675446,0.4066328704357147,0.057068295776844025,-7.859606739657465e-06,0.4152029752731323,0.031173963099718094,-0.024499697610735893,0.40677788853645325,0.08207496255636215,-0.03318154439330101,0.40152835845947266,0.1073090136051178,-0.033274393528699875,0.3742777109146118,0.05300775170326233,-0.004804382566362619,0.37991467118263245,0.027505848556756973,-0.03053184784948826,0.3757036030292511,0.07874520868062973,-0.02689717523753643,0.3729396462440491,0.10326768457889557,-0.017859574407339096,0.33828580379486084,0.0543425977230072,-0.010983283631503582,0.3486948013305664,0.030827775597572327,-0.02625696174800396,0.3490317165851593,0.07037878036499023,-0.019074978306889534,0.34807145595550537,0.09229482710361481,-0.009197857230901718,high
