landmark_0_x,landmark_0_y,landmark_0_z,landmark_1_x,landmark_1_y,landmark_1_z,landmark_2_x,landmark_2_y,landmark_2_z,landmark_3_x,landmark_3_y,landmark_3_z,landmark_4_x,landmark_4_y,landmark_4_z,landmark_5_x,landmark_5_y,landmark_5_z,landmark_6_x,landmark_6_y,landmark_6_z,landmark_7_x,landmark_7_y,landmark_7_z,landmark_8_x,landmark_8_y,landmark_8_z,landmark_9_x,landmark_9_y,landmark_9_z,landmark_10_x,landmark_10_y,landmark_10_z,landmark_11_x,landmark_11_y,landmark_11_z,landmark_12_x,landmark_12_y,landmark_12_z,landmark_13_x,landmark_13_y,landmark_13_z,landmark_14_x,landmark_14_y,landmark_14_z,landmark_15_x,landmark_15_y,landmark_15_z,landmark_16_x,landmark_16_y,landmark_16_z,landmark_17_x,landmark_17_y,landmark_17_z,landmark_18_x,landmark_18_y,landmark_18_z,landmark_19_x,landmark_19_y,landmark_19_z,landmark_20_x,landmark_20_y,landmark_20_z,class
0.6726943254470825,0.8571675419807434,1.6867184315927375e-09,0.6458848714828491,0.8531153798103333,-0.011061277240514755,0.6230388283729553,0.8454468846321106,-0.0205954909324646,0.6070378422737122,0.8398575782775879,-0.02905897982418537,0.5941526293754578,0.8316338062286377,-0.03750281035900116,0.642494797706604,0.8242329359054565,-0.022278280928730965,0.640439510345459,0.8106998801231384,-0.03643647953867912,0.6372446417808533,0.8089630007743835,-0.047188300639390945,0.6334835886955261,0.809761643409729,-0.05458240583539009,0.6607213020324707,0.8238053321838379,-0.024455813691020012,0.65771484375,0.8091472387313843,-0.03697047382593155,0.6555227041244507,0.8040251731872559,-0.0441255047917366,0.6529862880706787,0.8010990023612976,-0.05023226514458656,0.6779881119728088,0.8285219669342041,-0.027458222582936287,0.6778075695037842,0.8135413527488708,-0.04093670845031738,0.6788162589073181,0.8078102469444275,-0.04353630170226097,0.6784552931785583,0.8041861653327942,-0.04545449838042259,0.6944200396537781,0.8378495573997498,-0.031065771356225014,0.6975966095924377,0.8261143565177917,-0.042862389236688614,0.6989964842796326,0.8201113939285278,-0.044359806925058365,0.6979277729988098,0.816011369228363,-0.04539487883448601,mi
