landmark_0_x,landmark_0_y,landmark_0_z,landmark_1_x,landmark_1_y,landmark_1_z,landmark_2_x,landmark_2_y,landmark_2_z,landmark_3_x,landmark_3_y,landmark_3_z,landmark_4_x,landmark_4_y,landmark_4_z,landmark_5_x,landmark_5_y,landmark_5_z,landmark_6_x,landmark_6_y,landmark_6_z,landmark_7_x,landmark_7_y,landmark_7_z,landmark_8_x,landmark_8_y,landmark_8_z,landmark_9_x,landmark_9_y,landmark_9_z,landmark_10_x,landmark_10_y,landmark_10_z,landmark_11_x,landmark_11_y,landmark_11_z,landmark_12_x,landmark_12_y,landmark_12_z,landmark_13_x,landmark_13_y,landmark_13_z,landmark_14_x,landmark_14_y,landmark_14_z,landmark_15_x,landmark_15_y,landmark_15_z,landmark_16_x,landmark_16_y,landmark_16_z,landmark_17_x,landmark_17_y,landmark_17_z,landmark_18_x,landmark_18_y,landmark_18_z,landmark_19_x,landmark_19_y,landmark_19_z,landmark_20_x,landmark_20_y,landmark_20_z,class
0.9008687138557434,0.648746907711029,-2.1027268815032585e-08,0.8714779615402222,0.6339747905731201,-0.012143829837441444,0.8459711670875549,0.6144137382507324,-0.02221108041703701,0.8293076753616333,0.597456157207489,-0.031160008162260056,0.8188172578811646,0.5782961845397949,-0.03926811367273331,0.8637431263923645,0.5662202835083008,-0.01831737905740738,0.8613772988319397,0.5620501637458801,-0.03133690357208252,0.8650922775268555,0.5683762431144714,-0.0418664775788784,0.8707417249679565,0.5753186345100403,-0.04844800755381584,0.8910360336303711,0.5644490122795105,-0.019497480243444443,0.8945716619491577,0.5656633973121643,-0.02934049628674984,0.9007343649864197,0.5674988031387329,-0.03758780658245087,0.9084799885749817,0.5703138113021851,-0.04402061551809311,0.9153345227241516,0.5719073414802551,-0.021549571305513382,0.9218433499336243,0.5688498616218567,-0.034641917794942856,0.9291451573371887,0.5678466558456421,-0.03970346227288246,0.9357885718345642,0.5683322548866272,-0.042456481605768204,0.9352201223373413,0.5852004289627075,-0.02413155324757099,0.945977509021759,0.5783860683441162,-0.037017252296209335,0.9552103281021118,0.5796664953231812,-0.03925754874944687,0.9626656174659729,0.5815351009368896,-0.03917180374264717,mi
