landmark_0_x,landmark_0_y,landmark_0_z,landmark_1_x,landmark_1_y,landmark_1_z,landmark_2_x,landmark_2_y,landmark_2_z,landmark_3_x,landmark_3_y,landmark_3_z,landmark_4_x,landmark_4_y,landmark_4_z,landmark_5_x,landmark_5_y,landmark_5_z,landmark_6_x,landmark_6_y,landmark_6_z,landmark_7_x,landmark_7_y,landmark_7_z,landmark_8_x,landmark_8_y,landmark_8_z,landmark_9_x,landmark_9_y,landmark_9_z,landmark_10_x,landmark_10_y,landmark_10_z,landmark_11_x,landmark_11_y,landmark_11_z,landmark_12_x,landmark_12_y,landmark_12_z,landmark_13_x,landmark_13_y,landmark_13_z,landmark_14_x,landmark_14_y,landmark_14_z,landmark_15_x,landmark_15_y,landmark_15_z,landmark_16_x,landmark_16_y,landmark_16_z,landmark_17_x,landmark_17_y,landmark_17_z,landmark_18_x,landmark_18_y,landmark_18_z,landmark_19_x,landmark_19_y,landmark_19_z,landmark_20_x,landmark_20_y,landmark_20_z,class
0.7168357372283936,0.6971818208694458,1.6246146117282478e-07,0.6618484854698181,0.6862199306488037,-0.02421124279499054,0.6206495761871338,0.6612609028816223,-0.044008441269397736,0.5945421457290649,0.6415340304374695,-0.061447300016880035,0.572384238243103,0.6177781820297241,-0.08041520416736603,0.6601437330245972,0.6264481544494629,-0.053239718079566956,0.6522515416145325,0.6049918532371521,-0.0822526291012764,0.6484066247940063,0.5924491882324219,-0.10424292087554932,0.6435042023658752,0.5766278505325317,-0.12088415026664734,0.6952702403068542,0.6326095461845398,-0.05843720585107803,0.6921063661575317,0.6043263673782349,-0.08591697365045547,0.6881995797157288,0.5869223475456238,-0.10295510292053223,0.6830535531044006,0.5665709376335144,-0.11825476586818695,0.7294282913208008,0.6478952765464783,-0.06510675698518753,0.7305464744567871,0.6222984194755554,-0.0939449816942215,0.730610191822052,0.6032692193984985,-0.10378008335828781,0.7275360226631165,0.5819438695907593,-0.1123989149928093,0.761326253414154,0.6719799041748047,-0.07297848165035248,0.7707852125167847,0.6497937440872192,-0.09845493733882904,0.7736335396766663,0.6329838633537292,-0.10541647672653198,0.7716257572174072,0.6131175756454468,-0.11205495893955231,mi
