landmark_0_x,landmark_0_y,landmark_0_z,landmark_1_x,landmark_1_y,landmark_1_z,landmark_2_x,landmark_2_y,landmark_2_z,landmark_3_x,landmark_3_y,landmark_3_z,landmark_4_x,landmark_4_y,landmark_4_z,landmark_5_x,landmark_5_y,landmark_5_z,landmark_6_x,landmark_6_y,landmark_6_z,landmark_7_x,landmark_7_y,landmark_7_z,landmark_8_x,landmark_8_y,landmark_8_z,landmark_9_x,landmark_9_y,landmark_9_z,landmark_10_x,landmark_10_y,landmark_10_z,landmark_11_x,landmark_11_y,landmark_11_z,landmark_12_x,landmark_12_y,landmark_12_z,landmark_13_x,landmark_13_y,landmark_13_z,landmark_14_x,landmark_14_y,landmark_14_z,landmark_15_x,landmark_15_y,landmark_15_z,landmark_16_x,landmark_16_y,landmark_16_z,landmark_17_x,landmark_17_y,landmark_17_z,landmark_18_x,landmark_18_y,landmark_18_z,landmark_19_x,landmark_19_y,landmark_19_z,landmark_20_x,landmark_20_y,landmark_20_z,class
0.6342256665229797,0.7932949662208557,-1.6948096970281767e-07,0.606310248374939,0.8036489486694336,-0.010188448242843151,0.577099621295929,0.7997403740882874,-0.014670651406049728,0.5567669868469238,0.7937577366828918,-0.01853998191654682,0.5385989546775818,0.7908061742782593,-0.021522246301174164,0.5784024000167847,0.7641358375549316,-0.00910557247698307,0.5762511491775513,0.7896639108657837,-0.021924510598182678,0.5825313925743103,0.7987512946128845,-0.030412878841161728,0.5832018852233887,0.7955079078674316,-0.03533606231212616,0.5971643924713135,0.7526220083236694,-0.01062161847949028,0.5951523184776306,0.7810652256011963,-0.02235269546508789,0.6013537645339966,0.7923675775527954,-0.026598790660500526,0.6025627255439758,0.7895265221595764,-0.028554225340485573,0.617188036441803,0.7471446394920349,-0.013940476812422276,0.6163387894630432,0.7731446027755737,-0.027646472677588463,0.6231241226196289,0.7851153016090393,-0.025773975998163223,0.6254749298095703,0.7832217812538147,-0.022182881832122803,0.6360493302345276,0.7465255856513977,-0.018165258690714836,0.6355244517326355,0.7634944319725037,-0.027768969535827637,0.6402876973152161,0.7758620381355286,-0.024881424382328987,0.6435513496398926,0.7774505615234375,-0.02075372263789177,mi
