landmark_0_x,landmark_0_y,landmark_0_z,landmark_1_x,landmark_1_y,landmark_1_z,landmark_2_x,landmark_2_y,landmark_2_z,landmark_3_x,landmark_3_y,landmark_3_z,landmark_4_x,landmark_4_y,landmark_4_z,landmark_5_x,landmark_5_y,landmark_5_z,landmark_6_x,landmark_6_y,landmark_6_z,landmark_7_x,landmark_7_y,landmark_7_z,landmark_8_x,landmark_8_y,landmark_8_z,landmark_9_x,landmark_9_y,landmark_9_z,landmark_10_x,landmark_10_y,landmark_10_z,landmark_11_x,landmark_11_y,landmark_11_z,landmark_12_x,landmark_12_y,landmark_12_z,landmark_13_x,landmark_13_y,landmark_13_z,landmark_14_x,landmark_14_y,landmark_14_z,landmark_15_x,landmark_15_y,landmark_15_z,landmark_16_x,landmark_16_y,landmark_16_z,landmark_17_x,landmark_17_y,landmark_17_z,landmark_18_x,landmark_18_y,landmark_18_z,landmark_19_x,landmark_19_y,landmark_19_z,landmark_20_x,landmark_20_y,landmark_20_z,class
0.6840813159942627,0.8411766290664673,-2.7415785552875604e-07,0.6337705254554749,0.8279219269752502,-0.011651694774627686,0.5951907634735107,0.8089633584022522,-0.021310828626155853,0.5703588128089905,0.7981502413749695,-0.030770018696784973,0.5467445850372314,0.7934580445289612,-0.039186906069517136,0.6087801456451416,0.7471565008163452,-0.016547389328479767,0.6016614437103271,0.7887347936630249,-0.03808289021253586,0.5992268323898315,0.8039528131484985,-0.05653758719563484,0.5980299711227417,0.8065857887268066,-0.06856900453567505,0.6430149674415588,0.7417802810668945,-0.021611610427498817,0.635631799697876,0.7996431589126587,-0.036878157407045364,0.6320175528526306,0.8099235892295837,-0.04621697589755058,0.6306807994842529,0.8058671951293945,-0.05382128432393074,0.6765918731689453,0.7517808079719543,-0.028776168823242188,0.6683719158172607,0.8101662397384644,-0.04492663964629173,0.6664726138114929,0.8201104998588562,-0.04561212286353111,0.6657288670539856,0.8139188885688782,-0.04554513096809387,0.7054076790809631,0.7708221077919006,-0.03773418068885803,0.6999009251594543,0.819133460521698,-0.050074681639671326,0.6947838664054871,0.8306005597114563,-0.04974398761987686,0.6919171214103699,0.8279110193252563,-0.048389680683612823,mi
