landmark_0_x,landmark_0_y,landmark_0_z,landmark_1_x,landmark_1_y,landmark_1_z,landmark_2_x,landmark_2_y,landmark_2_z,landmark_3_x,landmark_3_y,landmark_3_z,landmark_4_x,landmark_4_y,landmark_4_z,landmark_5_x,landmark_5_y,landmark_5_z,landmark_6_x,landmark_6_y,landmark_6_z,landmark_7_x,landmark_7_y,landmark_7_z,landmark_8_x,landmark_8_y,landmark_8_z,landmark_9_x,landmark_9_y,landmark_9_z,landmark_10_x,landmark_10_y,landmark_10_z,landmark_11_x,landmark_11_y,landmark_11_z,landmark_12_x,landmark_12_y,landmark_12_z,landmark_13_x,landmark_13_y,landmark_13_z,landmark_14_x,landmark_14_y,landmark_14_z,landmark_15_x,landmark_15_y,landmark_15_z,landmark_16_x,landmark_16_y,landmark_16_z,landmark_17_x,landmark_17_y,landmark_17_z,landmark_18_x,landmark_18_y,landmark_18_z,landmark_19_x,landmark_19_y,landmark_19_z,landmark_20_x,landmark_20_y,landmark_20_z,class
0.7449415922164917,0.3067433536052704,2.9372912990766054e-07,0.7018377184867859,0.3046318292617798,-0.01556129939854145,0.6702640652656555,0.2924831509590149,-0.02841753512620926,0.6461951732635498,0.2767947018146515,-0.03933217376470566,0.6222833395004272,0.2637859284877777,-0.05022117868065834,0.7003737688064575,0.2955593764781952,-0.036787401884794235,0.6922166347503662,0.26659300923347473,-0.056534525007009506,0.6921414732933044,0.2434971183538437,-0.06889762729406357,0.6945351362228394,0.2245180606842041,-0.07756590098142624,0.7355484962463379,0.29054757952690125,-0.040773771703243256,0.7317749261856079,0.2526077926158905,-0.058091871440410614,0.7277237772941589,0.2268429696559906,-0.0660451352596283,0.7248302698135376,0.20864567160606384,-0.07357509434223175,0.7678854465484619,0.29009974002838135,-0.04536782577633858,0.770807147026062,0.25893673300743103,-0.06476493924856186,0.766538143157959,0.2353142350912094,-0.06779824942350388,0.7609368562698364,0.21607822179794312,-0.07078950107097626,0.7969411015510559,0.29125550389289856,-0.05059952288866043,0.8128088116645813,0.27575716376304626,-0.06877492368221283,0.8126510977745056,0.26113975048065186,-0.07119932770729065,0.8085561394691467,0.24798299372196198,-0.07314498722553253,mi
