landmark_0_x,landmark_0_y,landmark_0_z,landmark_1_x,landmark_1_y,landmark_1_z,landmark_2_x,landmark_2_y,landmark_2_z,landmark_3_x,landmark_3_y,landmark_3_z,landmark_4_x,landmark_4_y,landmark_4_z,landmark_5_x,landmark_5_y,landmark_5_z,landmark_6_x,landmark_6_y,landmark_6_z,landmark_7_x,landmark_7_y,landmark_7_z,landmark_8_x,landmark_8_y,landmark_8_z,landmark_9_x,landmark_9_y,landmark_9_z,landmark_10_x,landmark_10_y,landmark_10_z,landmark_11_x,landmark_11_y,landmark_11_z,landmark_12_x,landmark_12_y,landmark_12_z,landmark_13_x,landmark_13_y,landmark_13_z,landmark_14_x,landmark_14_y,landmark_14_z,landmark_15_x,landmark_15_y,landmark_15_z,landmark_16_x,landmark_16_y,landmark_16_z,landmark_17_x,landmark_17_y,landmark_17_z,landmark_18_x,landmark_18_y,landmark_18_z,landmark_19_x,landmark_19_y,landmark_19_z,landmark_20_x,landmark_20_y,landmark_20_z,class
0.7963625192642212,0.5638375878334045,-3.43748723707904e-07,0.7414771914482117,0.5657259821891785,-0.025827769190073013,0.6955400109291077,0.5536113977432251,-0.04119845852255821,0.6655202507972717,0.5437899231910706,-0.0530444011092186,0.6359999775886536,0.5322191119194031,-0.06162559241056442,0.7041612863540649,0.4750623106956482,-0.03753228858113289,0.7082455158233643,0.5478413105010986,-0.062354352325201035,0.7183757424354553,0.564841628074646,-0.07750140875577927,0.7227085828781128,0.5494105815887451,-0.08756452798843384,0.7504289150238037,0.4595310688018799,-0.03863032907247543,0.758752167224884,0.5494772791862488,-0.05879126489162445,0.7611565589904785,0.5651680827140808,-0.06514783203601837,0.7595992684364319,0.5499870181083679,-0.07009366154670715,0.7952479124069214,0.46260160207748413,-0.04216646030545235,0.8051376342773438,0.5506762266159058,-0.06623230129480362,0.804421067237854,0.5695414543151855,-0.06243795156478882,0.8010385632514954,0.5550079345703125,-0.057661693543195724,0.8349324464797974,0.47489088773727417,-0.04856123775243759,0.8443535566329956,0.543316125869751,-0.06790013611316681,0.8418159484863281,0.5650842785835266,-0.0658634677529335,0.8400922417640686,0.5611903071403503,-0.06154148280620575,mi
