landmark_0_x,landmark_0_y,landmark_0_z,landmark_1_x,landmark_1_y,landmark_1_z,landmark_2_x,landmark_2_y,landmark_2_z,landmark_3_x,landmark_3_y,landmark_3_z,landmark_4_x,landmark_4_y,landmark_4_z,landmark_5_x,landmark_5_y,landmark_5_z,landmark_6_x,landmark_6_y,landmark_6_z,landmark_7_x,landmark_7_y,landmark_7_z,landmark_8_x,landmark_8_y,landmark_8_z,landmark_9_x,landmark_9_y,landmark_9_z,landmark_10_x,landmark_10_y,landmark_10_z,landmark_11_x,landmark_11_y,landmark_11_z,landmark_12_x,landmark_12_y,landmark_12_z,landmark_13_x,landmark_13_y,landmark_13_z,landmark_14_x,landmark_14_y,landmark_14_z,landmark_15_x,landmark_15_y,landmark_15_z,landmark_16_x,landmark_16_y,landmark_16_z,landmark_17_x,landmark_17_y,landmark_17_z,landmark_18_x,landmark_18_y,landmark_18_z,landmark_19_x,landmark_19_y,landmark_19_z,landmark_20_x,landmark_20_y,landmark_20_z,class
0.6322592496871948,0.7431952357292175,8.141851992604643e-08,0.5963009595870972,0.7451988458633423,-0.010878694243729115,0.5663294196128845,0.7369949221611023,-0.019389644265174866,0.5443163514137268,0.7272169589996338,-0.02693057991564274,0.5227404236793518,0.7209504246711731,-0.03510596975684166,0.580897867679596,0.7097598314285278,-0.023043829947710037,0.5688641667366028,0.7002495527267456,-0.03984227403998375,0.5622485876083374,0.6972585320472717,-0.05227799713611603,0.5561308264732361,0.6937803626060486,-0.06120234355330467,0.5984775424003601,0.7063579559326172,-0.026727646589279175,0.5853030681610107,0.6991117596626282,-0.04183714836835861,0.5790999531745911,0.6935718059539795,-0.051592666655778885,0.5724803805351257,0.6870772242546082,-0.05962022766470909,0.6186437010765076,0.7091723084449768,-0.03130532428622246,0.6061338782310486,0.7036181092262268,-0.047398682683706284,0.6014252305030823,0.6958326697349548,-0.05284133553504944,0.5952011942863464,0.6877752542495728,-0.05665517970919609,0.6381773352622986,0.7174748778343201,-0.03635650873184204,0.6327307224273682,0.712661623954773,-0.052056584507226944,0.6279942393302917,0.7087987661361694,-0.05656701326370239,0.6225450038909912,0.7042542695999146,-0.059324976056814194,mi
