landmark_0_x,landmark_0_y,landmark_0_z,landmark_1_x,landmark_1_y,landmark_1_z,landmark_2_x,landmark_2_y,landmark_2_z,landmark_3_x,landmark_3_y,landmark_3_z,landmark_4_x,landmark_4_y,landmark_4_z,landmark_5_x,landmark_5_y,landmark_5_z,landmark_6_x,landmark_6_y,landmark_6_z,landmark_7_x,landmark_7_y,landmark_7_z,landmark_8_x,landmark_8_y,landmark_8_z,landmark_9_x,landmark_9_y,landmark_9_z,landmark_10_x,landmark_10_y,landmark_10_z,landmark_11_x,landmark_11_y,landmark_11_z,landmark_12_x,landmark_12_y,landmark_12_z,landmark_13_x,landmark_13_y,landmark_13_z,landmark_14_x,landmark_14_y,landmark_14_z,landmark_15_x,landmark_15_y,landmark_15_z,landmark_16_x,landmark_16_y,landmark_16_z,landmark_17_x,landmark_17_y,landmark_17_z,landmark_18_x,landmark_18_y,landmark_18_z,landmark_19_x,landmark_19_y,landmark_19_z,landmark_20_x,landmark_20_y,landmark_20_z,class
0.9032889604568481,0.7073430418968201,-2.734383883762348e-07,0.8757423162460327,0.7006430625915527,-0.014836769551038742,0.8497329950332642,0.6846125721931458,-0.02526962384581566,0.8321061134338379,0.6728350520133972,-0.034182820469141006,0.8261094689369202,0.6673669815063477,-0.04152165725827217,0.8585384488105774,0.6200282573699951,-0.019220011308789253,0.8713283538818359,0.6665011644363403,-0.036687448620796204,0.8745548129081726,0.6916580200195312,-0.04836615175008774,0.8717467784881592,0.6968609094619751,-0.054864607751369476,0.886121928691864,0.6167843341827393,-0.020290933549404144,0.8968440294265747,0.6658844947814941,-0.03473987802863121,0.8982256054878235,0.693458080291748,-0.03859711438417435,0.8975234031677246,0.703396737575531,-0.03960755839943886,0.9114402532577515,0.6241230964660645,-0.022985147312283516,0.9206041097640991,0.6703953742980957,-0.03900011628866196,0.921725332736969,0.694867730140686,-0.0363892987370491,0.9206777215003967,0.7046191096305847,-0.03136654943227768,0.9331145882606506,0.6363533139228821,-0.027066199108958244,0.9418100714683533,0.6682048439979553,-0.03648475930094719,0.9421120285987854,0.6871139407157898,-0.032225389033555984,0.9419177174568176,0.6943180561065674,-0.0263085775077343,mi
