landmark_0_x,landmark_0_y,landmark_0_z,landmark_1_x,landmark_1_y,landmark_1_z,landmark_2_x,landmark_2_y,landmark_2_z,landmark_3_x,landmark_3_y,landmark_3_z,landmark_4_x,landmark_4_y,landmark_4_z,landmark_5_x,landmark_5_y,landmark_5_z,landmark_6_x,landmark_6_y,landmark_6_z,landmark_7_x,landmark_7_y,landmark_7_z,landmark_8_x,landmark_8_y,landmark_8_z,landmark_9_x,landmark_9_y,landmark_9_z,landmark_10_x,landmark_10_y,landmark_10_z,landmark_11_x,landmark_11_y,landmark_11_z,landmark_12_x,landmark_12_y,landmark_12_z,landmark_13_x,landmark_13_y,landmark_13_z,landmark_14_x,landmark_14_y,landmark_14_z,landmark_15_x,landmark_15_y,landmark_15_z,landmark_16_x,landmark_16_y,landmark_16_z,landmark_17_x,landmark_17_y,landmark_17_z,landmark_18_x,landmark_18_y,landmark_18_z,landmark_19_x,landmark_19_y,landmark_19_z,landmark_20_x,landmark_20_y,landmark_20_z,class
0.8545942306518555,0.38066717982292175,1.3157419687104266e-07,0.8093053698539734,0.3655034601688385,-0.02004789374768734,0.7723478078842163,0.3393919765949249,-0.03704266622662544,0.7525081634521484,0.3175961375236511,-0.05148732289671898,0.7472000122070312,0.2990814745426178,-0.06579731404781342,0.8064491748809814,0.3246012330055237,-0.044961877167224884,0.7979063987731934,0.30766013264656067,-0.06677915155887604,0.8047887682914734,0.29506081342697144,-0.08044265955686569,0.8136004209518433,0.27751216292381287,-0.09008582681417465,0.844022810459137,0.3285420835018158,-0.04721725359559059,0.8440666794776917,0.30635780096054077,-0.06491527706384659,0.8483015894889832,0.2864954471588135,-0.07107403874397278,0.8526411652565002,0.26625144481658936,-0.07744688540697098,0.8764551281929016,0.33987417817115784,-0.05070875585079193,0.8798287510871887,0.32220521569252014,-0.07021450996398926,0.8833228349685669,0.29833024740219116,-0.0721091628074646,0.8847458958625793,0.27333250641822815,-0.07398459315299988,0.9047020673751831,0.3563178777694702,-0.055419549345970154,0.9153370261192322,0.3369404375553131,-0.07141430675983429,0.9184756875038147,0.32082685828208923,-0.0726451426744461,0.9171581864356995,0.3032703995704651,-0.0742279589176178,mi
