landmark_0_x,landmark_0_y,landmark_0_z,landmark_1_x,landmark_1_y,landmark_1_z,landmark_2_x,landmark_2_y,landmark_2_z,landmark_3_x,landmark_3_y,landmark_3_z,landmark_4_x,landmark_4_y,landmark_4_z,landmark_5_x,landmark_5_y,landmark_5_z,landmark_6_x,landmark_6_y,landmark_6_z,landmark_7_x,landmark_7_y,landmark_7_z,landmark_8_x,landmark_8_y,landmark_8_z,landmark_9_x,landmark_9_y,landmark_9_z,landmark_10_x,landmark_10_y,landmark_10_z,landmark_11_x,landmark_11_y,landmark_11_z,landmark_12_x,landmark_12_y,landmark_12_z,landmark_13_x,landmark_13_y,landmark_13_z,landmark_14_x,landmark_14_y,landmark_14_z,landmark_15_x,landmark_15_y,landmark_15_z,landmark_16_x,landmark_16_y,landmark_16_z,landmark_17_x,landmark_17_y,landmark_17_z,landmark_18_x,landmark_18_y,landmark_18_z,landmark_19_x,landmark_19_y,landmark_19_z,landmark_20_x,landmark_20_y,landmark_20_z,class
0.7945730686187744,0.6198864579200745,-3.386691957985022e-07,0.7366893887519836,0.6193428039550781,-0.02452162466943264,0.6906079053878784,0.6082441806793213,-0.04146773740649223,0.661106288433075,0.6006442308425903,-0.05608991160988808,0.6356176733970642,0.5913933515548706,-0.06842796504497528,0.7046681046485901,0.5244555473327637,-0.036042649298906326,0.7075180411338806,0.5857336521148682,-0.06250153481960297,0.713062584400177,0.6062047481536865,-0.08051268011331558,0.7142713069915771,0.5998821258544922,-0.0923914983868599,0.7507200241088867,0.5110329389572144,-0.0389917753636837,0.7570598125457764,0.5905066132545471,-0.059569764882326126,0.7565280199050903,0.6090338230133057,-0.06852932274341583,0.7535338401794434,0.5983593463897705,-0.07576417922973633,0.7956559062004089,0.5178860425949097,-0.04455740004777908,0.8025898337364197,0.6020662784576416,-0.06870929896831512,0.8001134395599365,0.6207083463668823,-0.06818322092294693,0.7955880165100098,0.6091325283050537,-0.06613995879888535,0.8349270820617676,0.5345925688743591,-0.052833933383226395,0.8412292003631592,0.5998498201370239,-0.0714840516448021,0.8368442058563232,0.6203057765960693,-0.07014370709657669,0.8334571719169617,0.6184585690498352,-0.06706275045871735,mi
