landmark_0_x,landmark_0_y,landmark_0_z,landmark_1_x,landmark_1_y,landmark_1_z,landmark_2_x,landmark_2_y,landmark_2_z,landmark_3_x,landmark_3_y,landmark_3_z,landmark_4_x,landmark_4_y,landmark_4_z,landmark_5_x,landmark_5_y,landmark_5_z,landmark_6_x,landmark_6_y,landmark_6_z,landmark_7_x,landmark_7_y,landmark_7_z,landmark_8_x,landmark_8_y,landmark_8_z,landmark_9_x,landmark_9_y,landmark_9_z,landmark_10_x,landmark_10_y,landmark_10_z,landmark_11_x,landmark_11_y,landmark_11_z,landmark_12_x,landmark_12_y,landmark_12_z,landmark_13_x,landmark_13_y,landmark_13_z,landmark_14_x,landmark_14_y,landmark_14_z,landmark_15_x,landmark_15_y,landmark_15_z,landmark_16_x,landmark_16_y,landmark_16_z,landmark_17_x,landmark_17_y,landmark_17_z,landmark_18_x,landmark_18_y,landmark_18_z,landmark_19_x,landmark_19_y,landmark_19_z,landmark_20_x,landmark_20_y,landmark_20_z,class
0.6951699256896973,0.8343266248703003,-3.855868726532208e-07,0.6430618166923523,0.8243159055709839,-0.02098635770380497,0.6001993417739868,0.8018541932106018,-0.03164594992995262,0.5728123784065247,0.7915576696395874,-0.04076353833079338,0.5494599938392639,0.7865367531776428,-0.0469437837600708,0.6171699166297913,0.7327561378479004,-0.021841930225491524,0.6119614839553833,0.7863709926605225,-0.0471440851688385,0.6146000027656555,0.8109226822853088,-0.06430122256278992,0.6168680191040039,0.8081153035163879,-0.07436911761760712,0.6580403447151184,0.72320556640625,-0.023429011926054955,0.6545238494873047,0.8100374341011047,-0.04401795566082001,0.6531237959861755,0.8270418643951416,-0.05066828429698944,0.6523154973983765,0.812131941318512,-0.05387375131249428,0.6972529888153076,0.7330549955368042,-0.028710853308439255,0.6909991502761841,0.821320652961731,-0.05031060427427292,0.6869980096817017,0.8329740762710571,-0.04772565886378288,0.684655487537384,0.8161386847496033,-0.04281555116176605,0.7293991446495056,0.7516752481460571,-0.03682808205485344,0.7238571643829346,0.8252291083335876,-0.05251498892903328,0.7167574167251587,0.8369622826576233,-0.05190550908446312,0.7135987877845764,0.8259040713310242,-0.048366401344537735,mi
