landmark_0_x,landmark_0_y,landmark_0_z,landmark_1_x,landmark_1_y,landmark_1_z,landmark_2_x,landmark_2_y,landmark_2_z,landmark_3_x,landmark_3_y,landmark_3_z,landmark_4_x,landmark_4_y,landmark_4_z,landmark_5_x,landmark_5_y,landmark_5_z,landmark_6_x,landmark_6_y,landmark_6_z,landmark_7_x,landmark_7_y,landmark_7_z,landmark_8_x,landmark_8_y,landmark_8_z,landmark_9_x,landmark_9_y,landmark_9_z,landmark_10_x,landmark_10_y,landmark_10_z,landmark_11_x,landmark_11_y,landmark_11_z,landmark_12_x,landmark_12_y,landmark_12_z,landmark_13_x,landmark_13_y,landmark_13_z,landmark_14_x,landmark_14_y,landmark_14_z,landmark_15_x,landmark_15_y,landmark_15_z,landmark_16_x,landmark_16_y,landmark_16_z,landmark_17_x,landmark_17_y,landmark_17_z,landmark_18_x,landmark_18_y,landmark_18_z,landmark_19_x,landmark_19_y,landmark_19_z,landmark_20_x,landmark_20_y,landmark_20_z,class
0.6320677995681763,0.36249059438705444,2.435784836052335e-07,0.5775821805000305,0.3765484094619751,-0.012609350495040417,0.5278221368789673,0.35918593406677246,-0.027210427448153496,0.49390262365341187,0.33638396859169006,-0.040643852204084396,0.4697718024253845,0.312383234500885,-0.05534609034657478,0.5286855697631836,0.3337928056716919,-0.04278276115655899,0.5047137141227722,0.3068651854991913,-0.07048942893743515,0.4976678192615509,0.29175740480422974,-0.08875557780265808,0.49193254113197327,0.2773779630661011,-0.10154250264167786,0.5525214672088623,0.32692503929138184,-0.05162748321890831,0.529083251953125,0.28923097252845764,-0.07963099330663681,0.5173263549804688,0.27055713534355164,-0.0934009924530983,0.5097852945327759,0.25661250948905945,-0.10356822609901428,0.5835312008857727,0.3234312832355499,-0.061338841915130615,0.5663385391235352,0.279635488986969,-0.09046762436628342,0.5548813939094543,0.2571896016597748,-0.10056743025779724,0.5436870455741882,0.2384001910686493,-0.10742156952619553,0.6202592849731445,0.32292625308036804,-0.07099803537130356,0.6129613518714905,0.2825922667980194,-0.09822971373796463,0.6068719625473022,0.2585664987564087,-0.10755985975265503,0.5989076495170593,0.23986995220184326,-0.11355900764465332,mi
