landmark_0_x,landmark_0_y,landmark_0_z,landmark_1_x,landmark_1_y,landmark_1_z,landmark_2_x,landmark_2_y,landmark_2_z,landmark_3_x,landmark_3_y,landmark_3_z,landmark_4_x,landmark_4_y,landmark_4_z,landmark_5_x,landmark_5_y,landmark_5_z,landmark_6_x,landmark_6_y,landmark_6_z,landmark_7_x,landmark_7_y,landmark_7_z,landmark_8_x,landmark_8_y,landmark_8_z,landmark_9_x,landmark_9_y,landmark_9_z,landmark_10_x,landmark_10_y,landmark_10_z,landmark_11_x,landmark_11_y,landmark_11_z,landmark_12_x,landmark_12_y,landmark_12_z,landmark_13_x,landmark_13_y,landmark_13_z,landmark_14_x,landmark_14_y,landmark_14_z,landmark_15_x,landmark_15_y,landmark_15_z,landmark_16_x,landmark_16_y,landmark_16_z,landmark_17_x,landmark_17_y,landmark_17_z,landmark_18_x,landmark_18_y,landmark_18_z,landmark_19_x,landmark_19_y,landmark_19_z,landmark_20_x,landmark_20_y,landmark_20_z,class
0.7762985229492188,0.5735586285591125,1.4399221015537478e-07,0.7248390913009644,0.5726216435432434,-0.0168154276907444,0.6839625835418701,0.5621353983879089,-0.03135039284825325,0.6563860774040222,0.5516018867492676,-0.04482265189290047,0.6298332810401917,0.5417654514312744,-0.05898202583193779,0.7108271718025208,0.5225586295127869,-0.03370444476604462,0.7037830352783203,0.5057957768440247,-0.057130198925733566,0.7036346197128296,0.4959653913974762,-0.07507558912038803,0.7030012011528015,0.48038822412490845,-0.08877556771039963,0.7440224289894104,0.5160549283027649,-0.03985567018389702,0.7387189865112305,0.49229639768600464,-0.06058346852660179,0.737476110458374,0.47776883840560913,-0.07363921403884888,0.7355526089668274,0.4584493041038513,-0.08552736788988113,0.7762660980224609,0.5200250744819641,-0.047652650624513626,0.7730154395103455,0.49783241748809814,-0.0705820694565773,0.771773636341095,0.48572495579719543,-0.07650583237409592,0.7671586275100708,0.4705947935581207,-0.08159837126731873,0.8061999082565308,0.5341246128082275,-0.05649974197149277,0.8102768659591675,0.5166589021682739,-0.07673642039299011,0.8075103759765625,0.5100172162055969,-0.08052640408277512,0.8001211285591125,0.5026305317878723,-0.08403314650058746,mi
