landmark_0_x,landmark_0_y,landmark_0_z,landmark_1_x,landmark_1_y,landmark_1_z,landmark_2_x,landmark_2_y,landmark_2_z,landmark_3_x,landmark_3_y,landmark_3_z,landmark_4_x,landmark_4_y,landmark_4_z,landmark_5_x,landmark_5_y,landmark_5_z,landmark_6_x,landmark_6_y,landmark_6_z,landmark_7_x,landmark_7_y,landmark_7_z,landmark_8_x,landmark_8_y,landmark_8_z,landmark_9_x,landmark_9_y,landmark_9_z,landmark_10_x,landmark_10_y,landmark_10_z,landmark_11_x,landmark_11_y,landmark_11_z,landmark_12_x,landmark_12_y,landmark_12_z,landmark_13_x,landmark_13_y,landmark_13_z,landmark_14_x,landmark_14_y,landmark_14_z,landmark_15_x,landmark_15_y,landmark_15_z,landmark_16_x,landmark_16_y,landmark_16_z,landmark_17_x,landmark_17_y,landmark_17_z,landmark_18_x,landmark_18_y,landmark_18_z,landmark_19_x,landmark_19_y,landmark_19_z,landmark_20_x,landmark_20_y,landmark_20_z,class
0.6240108013153076,0.42139849066734314,-1.0526348859229984e-07,0.5651746988296509,0.42852744460105896,-0.020153645426034927,0.5209946632385254,0.420281320810318,-0.03979949280619621,0.49032697081565857,0.4058966636657715,-0.05819682776927948,0.4592561721801758,0.3869312107563019,-0.07704031467437744,0.5370232462882996,0.3753584027290344,-0.05454547703266144,0.5222962498664856,0.36782628297805786,-0.08467491716146469,0.5179474353790283,0.36726659536361694,-0.10555151104927063,0.5135605335235596,0.3619021773338318,-0.12048118561506271,0.5780348777770996,0.3787148594856262,-0.06307940930128098,0.5621663928031921,0.3765736520290375,-0.09077063947916031,0.5529017448425293,0.36616769433021545,-0.1047985702753067,0.5453258752822876,0.35341745615005493,-0.11798988282680511,0.6187781095504761,0.3870006501674652,-0.07279224693775177,0.6136454343795776,0.3848089873790741,-0.1051526591181755,0.6105455756187439,0.37255117297172546,-0.1135488897562027,0.6049983501434326,0.35699522495269775,-0.12014171481132507,0.6594201922416687,0.39824479818344116,-0.08340341597795486,0.6672055721282959,0.3890704810619354,-0.11506149917840958,0.669455349445343,0.38154104351997375,-0.1227831169962883,0.6657885909080505,0.3710193336009979,-0.12794245779514313,mi
