landmark_0_x,landmark_0_y,landmark_0_z,landmark_1_x,landmark_1_y,landmark_1_z,landmark_2_x,landmark_2_y,landmark_2_z,landmark_3_x,landmark_3_y,landmark_3_z,landmark_4_x,landmark_4_y,landmark_4_z,landmark_5_x,landmark_5_y,landmark_5_z,landmark_6_x,landmark_6_y,landmark_6_z,landmark_7_x,landmark_7_y,landmark_7_z,landmark_8_x,landmark_8_y,landmark_8_z,landmark_9_x,landmark_9_y,landmark_9_z,landmark_10_x,landmark_10_y,landmark_10_z,landmark_11_x,landmark_11_y,landmark_11_z,landmark_12_x,landmark_12_y,landmark_12_z,landmark_13_x,landmark_13_y,landmark_13_z,landmark_14_x,landmark_14_y,landmark_14_z,landmark_15_x,landmark_15_y,landmark_15_z,landmark_16_x,landmark_16_y,landmark_16_z,landmark_17_x,landmark_17_y,landmark_17_z,landmark_18_x,landmark_18_y,landmark_18_z,landmark_19_x,landmark_19_y,landmark_19_z,landmark_20_x,landmark_20_y,landmark_20_z,class
0.6833673715591431,0.8618428707122803,-2.3576941998726397e-07,0.6454727053642273,0.8513481020927429,-0.010835373774170876,0.6169784665107727,0.83897465467453,-0.01969902403652668,0.5986135005950928,0.831038773059845,-0.02819945476949215,0.5807269811630249,0.8250731229782104,-0.03590366616845131,0.6339207887649536,0.7869479060173035,-0.014577808789908886,0.6276606321334839,0.8235820531845093,-0.03127911686897278,0.6247376203536987,0.8363091945648193,-0.045937955379486084,0.6225923895835876,0.8377797603607178,-0.055630866438150406,0.6619342565536499,0.7842890620231628,-0.018116861581802368,0.6565132737159729,0.8320403695106506,-0.029244326055049896,0.6520619988441467,0.841327428817749,-0.03654269501566887,0.6495809555053711,0.8379456400871277,-0.04258394241333008,0.6885850429534912,0.7944518327713013,-0.023278135806322098,0.6830936670303345,0.839979350566864,-0.035736531019210815,0.6791324019432068,0.8459821939468384,-0.036240361630916595,0.6767188906669617,0.838444173336029,-0.03611159697175026,0.7113335132598877,0.8120442628860474,-0.0299600288271904,0.7096897959709167,0.847247838973999,-0.03987124189734459,0.7059429287910461,0.853388786315918,-0.03925950452685356,0.7043027877807617,0.847924530506134,-0.037722472101449966,mi
