landmark_0_x,landmark_0_y,landmark_0_z,landmark_1_x,landmark_1_y,landmark_1_z,landmark_2_x,landmark_2_y,landmark_2_z,landmark_3_x,landmark_3_y,landmark_3_z,landmark_4_x,landmark_4_y,landmark_4_z,landmark_5_x,landmark_5_y,landmark_5_z,landmark_6_x,landmark_6_y,landmark_6_z,landmark_7_x,landmark_7_y,landmark_7_z,landmark_8_x,landmark_8_y,landmark_8_z,landmark_9_x,landmark_9_y,landmark_9_z,landmark_10_x,landmark_10_y,landmark_10_z,landmark_11_x,landmark_11_y,landmark_11_z,landmark_12_x,landmark_12_y,landmark_12_z,landmark_13_x,landmark_13_y,landmark_13_z,landmark_14_x,landmark_14_y,landmark_14_z,landmark_15_x,landmark_15_y,landmark_15_z,landmark_16_x,landmark_16_y,landmark_16_z,landmark_17_x,landmark_17_y,landmark_17_z,landmark_18_x,landmark_18_y,landmark_18_z,landmark_19_x,landmark_19_y,landmark_19_z,landmark_20_x,landmark_20_y,landmark_20_z,class
0.672321081161499,0.8626852631568909,-2.9286334779499157e-07,0.6319586634635925,0.853598952293396,-0.013043683022260666,0.5996729135513306,0.839838981628418,-0.023258602246642113,0.5775578022003174,0.8326080441474915,-0.032694607973098755,0.5564159154891968,0.8291298151016235,-0.04116977006196976,0.6155747175216675,0.7822585701942444,-0.019150758162140846,0.6110714077949524,0.8155888319015503,-0.03939375653862953,0.6091644167900085,0.8315393924713135,-0.0557890459895134,0.6076604127883911,0.8345932364463806,-0.06631872057914734,0.6459347605705261,0.7777727842330933,-0.02284884639084339,0.6402121782302856,0.8264700770378113,-0.03755633905529976,0.6356014609336853,0.8412798643112183,-0.04541800171136856,0.6316401362419128,0.8397941589355469,-0.05165877565741539,0.6753776669502258,0.7873620390892029,-0.02848661318421364,0.6691365838050842,0.8359798192977905,-0.04424559697508812,0.6650371551513672,0.8470743894577026,-0.044629987329244614,0.6605008840560913,0.8426291942596436,-0.04424019902944565,0.7009953260421753,0.8045647740364075,-0.03577842190861702,0.6990644931793213,0.8460824489593506,-0.0480230413377285,0.6953372359275818,0.8567187786102295,-0.047660522162914276,0.691604733467102,0.8543143272399902,-0.04624117910861969,mi
