landmark_0_x,landmark_0_y,landmark_0_z,landmark_1_x,landmark_1_y,landmark_1_z,landmark_2_x,landmark_2_y,landmark_2_z,landmark_3_x,landmark_3_y,landmark_3_z,landmark_4_x,landmark_4_y,landmark_4_z,landmark_5_x,landmark_5_y,landmark_5_z,landmark_6_x,landmark_6_y,landmark_6_z,landmark_7_x,landmark_7_y,landmark_7_z,landmark_8_x,landmark_8_y,landmark_8_z,landmark_9_x,landmark_9_y,landmark_9_z,landmark_10_x,landmark_10_y,landmark_10_z,landmark_11_x,landmark_11_y,landmark_11_z,landmark_12_x,landmark_12_y,landmark_12_z,landmark_13_x,landmark_13_y,landmark_13_z,landmark_14_x,landmark_14_y,landmark_14_z,landmark_15_x,landmark_15_y,landmark_15_z,landmark_16_x,landmark_16_y,landmark_16_z,landmark_17_x,landmark_17_y,landmark_17_z,landmark_18_x,landmark_18_y,landmark_18_z,landmark_19_x,landmark_19_y,landmark_19_z,landmark_20_x,landmark_20_y,landmark_20_z,class
0.6935834884643555,0.8364543318748474,-3.5777819107352116e-07,0.642141580581665,0.8257086277008057,-0.01844421960413456,0.6014771461486816,0.8045212626457214,-0.028895597904920578,0.5752400755882263,0.7919706702232361,-0.03796544671058655,0.5505796670913696,0.7860984206199646,-0.04487842693924904,0.6143118143081665,0.7378785610198975,-0.019924674183130264,0.6105470061302185,0.7951275110244751,-0.043162234127521515,0.614578366279602,0.8152908086776733,-0.06022302433848381,0.6167445778846741,0.8095555305480957,-0.07049115002155304,0.6536614298820496,0.7293906807899475,-0.022046487778425217,0.651805579662323,0.8086062669754028,-0.039942484349012375,0.6533970832824707,0.8249232172966003,-0.0466311015188694,0.6539406180381775,0.8144717216491699,-0.05049532279372215,0.6918021440505981,0.7368189692497253,-0.027233270928263664,0.6880215406417847,0.8164113759994507,-0.04674163833260536,0.6875265836715698,0.8285982012748718,-0.044610776007175446,0.686920702457428,0.8156447410583496,-0.04038221761584282,0.7252302765846252,0.7513925433158875,-0.03483910486102104,0.7207286357879639,0.8169783353805542,-0.04792115092277527,0.7155461311340332,0.8326889276504517,-0.045519422739744186,0.7137183547019958,0.8281223177909851,-0.041109904646873474,mi
