landmark_0_x,landmark_0_y,landmark_0_z,landmark_1_x,landmark_1_y,landmark_1_z,landmark_2_x,landmark_2_y,landmark_2_z,landmark_3_x,landmark_3_y,landmark_3_z,landmark_4_x,landmark_4_y,landmark_4_z,landmark_5_x,landmark_5_y,landmark_5_z,landmark_6_x,landmark_6_y,landmark_6_z,landmark_7_x,landmark_7_y,landmark_7_z,landmark_8_x,landmark_8_y,landmark_8_z,landmark_9_x,landmark_9_y,landmark_9_z,landmark_10_x,landmark_10_y,landmark_10_z,landmark_11_x,landmark_11_y,landmark_11_z,landmark_12_x,landmark_12_y,landmark_12_z,landmark_13_x,landmark_13_y,landmark_13_z,landmark_14_x,landmark_14_y,landmark_14_z,landmark_15_x,landmark_15_y,landmark_15_z,landmark_16_x,landmark_16_y,landmark_16_z,landmark_17_x,landmark_17_y,landmark_17_z,landmark_18_x,landmark_18_y,landmark_18_z,landmark_19_x,landmark_19_y,landmark_19_z,landmark_20_x,landmark_20_y,landmark_20_z,class
0.8395183682441711,0.712800145149231,7.688151271167953e-08,0.8096259236335754,0.6976820826530457,-0.012248428538441658,0.7880072593688965,0.67664635181427,-0.02343619056046009,0.7760739922523499,0.6592895984649658,-0.03340240567922592,0.767922043800354,0.643833339214325,-0.043570611625909805,0.8136073350906372,0.6563721895217896,-0.026888731867074966,0.8111128807067871,0.6397839784622192,-0.04256781190633774,0.8132120370864868,0.6352070569992065,-0.05358931049704552,0.8166391253471375,0.6290683746337891,-0.06103258207440376,0.8358145952224731,0.6623635292053223,-0.02948065660893917,0.838359534740448,0.6415271759033203,-0.04168405011296272,0.8421506285667419,0.6293376088142395,-0.04755282402038574,0.8470169901847839,0.617932140827179,-0.052948154509067535,0.8557010293006897,0.6743559241294861,-0.033025190234184265,0.8597008585929871,0.6538209915161133,-0.046367939561605453,0.8639659285545349,0.6410576105117798,-0.04831429943442345,0.8674747347831726,0.6281365156173706,-0.049950845539569855,0.8738178610801697,0.690833330154419,-0.03730269521474838,0.8805460333824158,0.6729734539985657,-0.048399366438388824,0.8835465312004089,0.6636874675750732,-0.04897880554199219,0.8844181299209595,0.6545578241348267,-0.04955487325787544,mi
