landmark_0_x,landmark_0_y,landmark_0_z,landmark_1_x,landmark_1_y,landmark_1_z,landmark_2_x,landmark_2_y,landmark_2_z,landmark_3_x,landmark_3_y,landmark_3_z,landmark_4_x,landmark_4_y,landmark_4_z,landmark_5_x,landmark_5_y,landmark_5_z,landmark_6_x,landmark_6_y,landmark_6_z,landmark_7_x,landmark_7_y,landmark_7_z,landmark_8_x,landmark_8_y,landmark_8_z,landmark_9_x,landmark_9_y,landmark_9_z,landmark_10_x,landmark_10_y,landmark_10_z,landmark_11_x,landmark_11_y,landmark_11_z,landmark_12_x,landmark_12_y,landmark_12_z,landmark_13_x,landmark_13_y,landmark_13_z,landmark_14_x,landmark_14_y,landmark_14_z,landmark_15_x,landmark_15_y,landmark_15_z,landmark_16_x,landmark_16_y,landmark_16_z,landmark_17_x,landmark_17_y,landmark_17_z,landmark_18_x,landmark_18_y,landmark_18_z,landmark_19_x,landmark_19_y,landmark_19_z,landmark_20_x,landmark_20_y,landmark_20_z,class
0.6854609251022339,0.8563529253005981,4.4955189792972305e-08,0.6590340733528137,0.8515409231185913,-0.012452080845832825,0.6375750303268433,0.8450478911399841,-0.023475049063563347,0.6239954829216003,0.8382230401039124,-0.03331905975937843,0.6163492798805237,0.8293768167495728,-0.04320753738284111,0.6576736569404602,0.822334349155426,-0.02346763387322426,0.6617311239242554,0.8096994161605835,-0.03657208010554314,0.664567768573761,0.8083627223968506,-0.04631955549120903,0.6675310730934143,0.8067532181739807,-0.05306876078248024,0.6776523590087891,0.8247973322868347,-0.025004206225275993,0.6834097504615784,0.8105540871620178,-0.03521519899368286,0.6890583038330078,0.8046476244926453,-0.04059698432683945,0.6952534914016724,0.7984598278999329,-0.04570183530449867,0.6943495273590088,0.8314542770385742,-0.02743040956556797,0.7001078128814697,0.8174796104431152,-0.03824561461806297,0.7049585580825806,0.8110792636871338,-0.039079464972019196,0.7087355852127075,0.8036347031593323,-0.04028093442320824,0.7077263593673706,0.841977059841156,-0.03077680617570877,0.7153887748718262,0.8330982327461243,-0.038735926151275635,0.7194713950157166,0.828444242477417,-0.03759124130010605,0.7216140627861023,0.8223660588264465,-0.03727222606539726,mi
