landmark_0_x,landmark_0_y,landmark_0_z,landmark_1_x,landmark_1_y,landmark_1_z,landmark_2_x,landmark_2_y,landmark_2_z,landmark_3_x,landmark_3_y,landmark_3_z,landmark_4_x,landmark_4_y,landmark_4_z,landmark_5_x,landmark_5_y,landmark_5_z,landmark_6_x,landmark_6_y,landmark_6_z,landmark_7_x,landmark_7_y,landmark_7_z,landmark_8_x,landmark_8_y,landmark_8_z,landmark_9_x,landmark_9_y,landmark_9_z,landmark_10_x,landmark_10_y,landmark_10_z,landmark_11_x,landmark_11_y,landmark_11_z,landmark_12_x,landmark_12_y,landmark_12_z,landmark_13_x,landmark_13_y,landmark_13_z,landmark_14_x,landmark_14_y,landmark_14_z,landmark_15_x,landmark_15_y,landmark_15_z,landmark_16_x,landmark_16_y,landmark_16_z,landmark_17_x,landmark_17_y,landmark_17_z,landmark_18_x,landmark_18_y,landmark_18_z,landmark_19_x,landmark_19_y,landmark_19_z,landmark_20_x,landmark_20_y,landmark_20_z,class
0.6442817449569702,0.8181959390640259,-1.5829262167699198e-07,0.6086834669113159,0.8211816549301147,-0.0063537051901221275,0.5805128216743469,0.8159459233283997,-0.010498160496354103,0.5627630949020386,0.8107059001922607,-0.014932667836546898,0.5450431108474731,0.8071625828742981,-0.018825747072696686,0.5907701849937439,0.7828165292739868,-0.005999522749334574,0.5875402688980103,0.8073049783706665,-0.01580885425209999,0.5899344682693481,0.8182309865951538,-0.02491806633770466,0.5893492102622986,0.8175698518753052,-0.03145269677042961,0.6145289540290833,0.7749016880989075,-0.009694211184978485,0.6106483936309814,0.8034698367118835,-0.015698162838816643,0.6098250150680542,0.8128435015678406,-0.020242715254426003,0.608130693435669,0.8097541332244873,-0.024654801934957504,0.6382573843002319,0.7764373421669006,-0.01463678665459156,0.6353992223739624,0.799942135810852,-0.0226291511207819,0.633671760559082,0.808093786239624,-0.02145458199083805,0.631860077381134,0.8061128854751587,-0.020572224631905556,0.6596677303314209,0.7842608690261841,-0.020462853834033012,0.6603283882141113,0.7999048829078674,-0.026981327682733536,0.6574063301086426,0.8092648983001709,-0.024347545579075813,0.6548365354537964,0.8123748898506165,-0.021787796169519424,mi
