landmark_0_x,landmark_0_y,landmark_0_z,landmark_1_x,landmark_1_y,landmark_1_z,landmark_2_x,landmark_2_y,landmark_2_z,landmark_3_x,landmark_3_y,landmark_3_z,landmark_4_x,landmark_4_y,landmark_4_z,landmark_5_x,landmark_5_y,landmark_5_z,landmark_6_x,landmark_6_y,landmark_6_z,landmark_7_x,landmark_7_y,landmark_7_z,landmark_8_x,landmark_8_y,landmark_8_z,landmark_9_x,landmark_9_y,landmark_9_z,landmark_10_x,landmark_10_y,landmark_10_z,landmark_11_x,landmark_11_y,landmark_11_z,landmark_12_x,landmark_12_y,landmark_12_z,landmark_13_x,landmark_13_y,landmark_13_z,landmark_14_x,landmark_14_y,landmark_14_z,landmark_15_x,landmark_15_y,landmark_15_z,landmark_16_x,landmark_16_y,landmark_16_z,landmark_17_x,landmark_17_y,landmark_17_z,landmark_18_x,landmark_18_y,landmark_18_z,landmark_19_x,landmark_19_y,landmark_19_z,landmark_20_x,landmark_20_y,landmark_20_z,class
0.846171498298645,0.8682432770729065,-1.2058239917678293e-07,0.8264526128768921,0.8622204661369324,-0.012709306553006172,0.8109756708145142,0.846905529499054,-0.02195906639099121,0.7999838590621948,0.8368654251098633,-0.02982569858431816,0.7899961471557617,0.8386381268501282,-0.036641351878643036,0.8183794021606445,0.8041380047798157,-0.018409570679068565,0.8259968757629395,0.8325806856155396,-0.031905196607112885,0.8297504186630249,0.845956563949585,-0.040478214621543884,0.8292482495307922,0.8447481393814087,-0.04550304636359215,0.8397276997566223,0.804490864276886,-0.019117657095193863,0.8464141488075256,0.8344666957855225,-0.031015515327453613,0.8476794362068176,0.8477587103843689,-0.03568195551633835,0.8475497961044312,0.8475340604782104,-0.03810591250658035,0.8589933514595032,0.8130142092704773,-0.02086278796195984,0.8657386898994446,0.8386770486831665,-0.03501423820853233,0.8672699928283691,0.8512123823165894,-0.035907864570617676,0.8677148818969727,0.8518973588943481,-0.034414924681186676,0.8746916651725769,0.8258044719696045,-0.02357376739382744,0.8831800222396851,0.8429751396179199,-0.03471934422850609,0.8885532021522522,0.8515974283218384,-0.0348040834069252,0.8937973976135254,0.8524588346481323,-0.03260742500424385,mi
