landmark_0_x,landmark_0_y,landmark_0_z,landmark_1_x,landmark_1_y,landmark_1_z,landmark_2_x,landmark_2_y,landmark_2_z,landmark_3_x,landmark_3_y,landmark_3_z,landmark_4_x,landmark_4_y,landmark_4_z,landmark_5_x,landmark_5_y,landmark_5_z,landmark_6_x,landmark_6_y,landmark_6_z,landmark_7_x,landmark_7_y,landmark_7_z,landmark_8_x,landmark_8_y,landmark_8_z,landmark_9_x,landmark_9_y,landmark_9_z,landmark_10_x,landmark_10_y,landmark_10_z,landmark_11_x,landmark_11_y,landmark_11_z,landmark_12_x,landmark_12_y,landmark_12_z,landmark_13_x,landmark_13_y,landmark_13_z,landmark_14_x,landmark_14_y,landmark_14_z,landmark_15_x,landmark_15_y,landmark_15_z,landmark_16_x,landmark_16_y,landmark_16_z,landmark_17_x,landmark_17_y,landmark_17_z,landmark_18_x,landmark_18_y,landmark_18_z,landmark_19_x,landmark_19_y,landmark_19_z,landmark_20_x,landmark_20_y,landmark_20_z,class
0.7358717918395996,0.857371985912323,-4.454795430319791e-07,0.6814041137695312,0.8717332482337952,-0.028174234554171562,0.6328639388084412,0.8686048984527588,-0.046725884079933167,0.60451340675354,0.863187313079834,-0.061721332371234894,0.5853762030601501,0.8513484001159668,-0.07438917458057404,0.6519305109977722,0.7835509181022644,-0.043109118938446045,0.660110592842102,0.863055944442749,-0.06644707173109055,0.6640572547912598,0.8836703896522522,-0.08291082084178925,0.6673150062561035,0.8753410577774048,-0.09509280323982239,0.7007384896278381,0.7653047442436218,-0.043504610657691956,0.7085096836090088,0.866677463054657,-0.059941817075014114,0.708599865436554,0.8793787360191345,-0.06649943441152573,0.7121041417121887,0.8654035925865173,-0.07421652972698212,0.746872067451477,0.7679933309555054,-0.046022895723581314,0.7531968951225281,0.8668136596679688,-0.06628924608230591,0.7534409165382385,0.879564642906189,-0.0637449324131012,0.7572164535522461,0.8642834424972534,-0.06231329217553139,0.7870009541511536,0.779725193977356,-0.05182623490691185,0.79205721616745,0.8578578233718872,-0.06897582858800888,0.789677619934082,0.8767276406288147,-0.06786197423934937,0.790721595287323,0.8719944357872009,-0.06617008149623871,mi
