landmark_0_x,landmark_0_y,landmark_0_z,landmark_1_x,landmark_1_y,landmark_1_z,landmark_2_x,landmark_2_y,landmark_2_z,landmark_3_x,landmark_3_y,landmark_3_z,landmark_4_x,landmark_4_y,landmark_4_z,landmark_5_x,landmark_5_y,landmark_5_z,landmark_6_x,landmark_6_y,landmark_6_z,landmark_7_x,landmark_7_y,landmark_7_z,landmark_8_x,landmark_8_y,landmark_8_z,landmark_9_x,landmark_9_y,landmark_9_z,landmark_10_x,landmark_10_y,landmark_10_z,landmark_11_x,landmark_11_y,landmark_11_z,landmark_12_x,landmark_12_y,landmark_12_z,landmark_13_x,landmark_13_y,landmark_13_z,landmark_14_x,landmark_14_y,landmark_14_z,landmark_15_x,landmark_15_y,landmark_15_z,landmark_16_x,landmark_16_y,landmark_16_z,landmark_17_x,landmark_17_y,landmark_17_z,landmark_18_x,landmark_18_y,landmark_18_z,landmark_19_x,landmark_19_y,landmark_19_z,landmark_20_x,landmark_20_y,landmark_20_z,class
0.7266931533813477,0.5885686874389648,7.455764006181198e-08,0.6857792139053345,0.5953282713890076,-0.015324089676141739,0.6519498229026794,0.5892081260681152,-0.029146401211619377,0.6275913715362549,0.583601713180542,-0.04153258726000786,0.6040607690811157,0.5802770256996155,-0.05469755828380585,0.6753703355789185,0.5540589690208435,-0.03340679779648781,0.6673905253410339,0.5417871475219727,-0.053207989782094955,0.663480281829834,0.5395345091819763,-0.06862446665763855,0.6609811186790466,0.5355890393257141,-0.08024267852306366,0.7017531991004944,0.5472795963287354,-0.038076721131801605,0.694532036781311,0.5294650793075562,-0.05522797256708145,0.6915774345397949,0.5219062566757202,-0.06607291847467422,0.6905056834220886,0.514984130859375,-0.07661614567041397,0.7265962362289429,0.5506516098976135,-0.04374779760837555,0.7226794362068176,0.5313349962234497,-0.06285510957241058,0.7210707664489746,0.5240545272827148,-0.06810270994901657,0.7195736169815063,0.5173816084861755,-0.0734383836388588,0.750206470489502,0.5628936290740967,-0.05017998814582825,0.7544523477554321,0.5481536388397217,-0.06793580204248428,0.7561629414558411,0.542401134967804,-0.07120336592197418,0.7553819417953491,0.5390284657478333,-0.0744670107960701,mi
