landmark_0_x,landmark_0_y,landmark_0_z,landmark_1_x,landmark_1_y,landmark_1_z,landmark_2_x,landmark_2_y,landmark_2_z,landmark_3_x,landmark_3_y,landmark_3_z,landmark_4_x,landmark_4_y,landmark_4_z,landmark_5_x,landmark_5_y,landmark_5_z,landmark_6_x,landmark_6_y,landmark_6_z,landmark_7_x,landmark_7_y,landmark_7_z,landmark_8_x,landmark_8_y,landmark_8_z,landmark_9_x,landmark_9_y,landmark_9_z,landmark_10_x,landmark_10_y,landmark_10_z,landmark_11_x,landmark_11_y,landmark_11_z,landmark_12_x,landmark_12_y,landmark_12_z,landmark_13_x,landmark_13_y,landmark_13_z,landmark_14_x,landmark_14_y,landmark_14_z,landmark_15_x,landmark_15_y,landmark_15_z,landmark_16_x,landmark_16_y,landmark_16_z,landmark_17_x,landmark_17_y,landmark_17_z,landmark_18_x,landmark_18_y,landmark_18_z,landmark_19_x,landmark_19_y,landmark_19_z,landmark_20_x,landmark_20_y,landmark_20_z,class
0.7341158390045166,0.36894938349723816,5.2723574839319554e-08,0.6759231090545654,0.3585101068019867,-0.017674392089247704,0.6252212524414062,0.3295080363750458,-0.030831556767225266,0.5869619846343994,0.3059275448322296,-0.04226440191268921,0.5522969961166382,0.2853837013244629,-0.054837826639413834,0.6553407907485962,0.29234108328819275,-0.03965971618890762,0.636497974395752,0.2674466371536255,-0.06282375752925873,0.6218485832214355,0.26147589087486267,-0.08016430586576462,0.6071485280990601,0.2541632354259491,-0.09455163776874542,0.6882158517837524,0.2865822911262512,-0.045484911650419235,0.6647992134094238,0.2629414200782776,-0.07019542902708054,0.6490656137466431,0.258503794670105,-0.08794849365949631,0.633093535900116,0.2543463408946991,-0.10325844585895538,0.7247521281242371,0.29196634888648987,-0.051910847425460815,0.7028875946998596,0.26432231068611145,-0.07921018451452255,0.6875409483909607,0.2570783495903015,-0.09121339023113251,0.6726676225662231,0.25328385829925537,-0.10038446635007858,0.761121392250061,0.30603379011154175,-0.058424144983291626,0.7521036863327026,0.2916095554828644,-0.08666376024484634,0.740941047668457,0.28483977913856506,-0.09703554958105087,0.7284572124481201,0.2809775173664093,-0.10397613793611526,mi
