landmark_0_x,landmark_0_y,landmark_0_z,landmark_1_x,landmark_1_y,landmark_1_z,landmark_2_x,landmark_2_y,landmark_2_z,landmark_3_x,landmark_3_y,landmark_3_z,landmark_4_x,landmark_4_y,landmark_4_z,landmark_5_x,landmark_5_y,landmark_5_z,landmark_6_x,landmark_6_y,landmark_6_z,landmark_7_x,landmark_7_y,landmark_7_z,landmark_8_x,landmark_8_y,landmark_8_z,landmark_9_x,landmark_9_y,landmark_9_z,landmark_10_x,landmark_10_y,landmark_10_z,landmark_11_x,landmark_11_y,landmark_11_z,landmark_12_x,landmark_12_y,landmark_12_z,landmark_13_x,landmark_13_y,landmark_13_z,landmark_14_x,landmark_14_y,landmark_14_z,landmark_15_x,landmark_15_y,landmark_15_z,landmark_16_x,landmark_16_y,landmark_16_z,landmark_17_x,landmark_17_y,landmark_17_z,landmark_18_x,landmark_18_y,landmark_18_z,landmark_19_x,landmark_19_y,landmark_19_z,landmark_20_x,landmark_20_y,landmark_20_z,class
0.8396854400634766,0.35266467928886414,8.50896881843255e-08,0.7898450493812561,0.3402172923088074,-0.017314868047833443,0.7535155415534973,0.3127697706222534,-0.032611701637506485,0.7322216033935547,0.28962376713752747,-0.04656222462654114,0.7119547724723816,0.27812984585762024,-0.0607914961874485,0.7896600961685181,0.27804622054100037,-0.03612448647618294,0.7864577770233154,0.25914788246154785,-0.05594417825341225,0.7932136058807373,0.2544420659542084,-0.06983198970556259,0.8021138906478882,0.24414490163326263,-0.08013548702001572,0.8279842138290405,0.2824237644672394,-0.040703512728214264,0.8285766839981079,0.26128077507019043,-0.05725628882646561,0.8305202722549438,0.25075703859329224,-0.06453707069158554,0.8339664936065674,0.2391490340232849,-0.07181892544031143,0.8612203598022461,0.2964009642601013,-0.0466933511197567,0.8679369688034058,0.27736425399780273,-0.06623423099517822,0.869914710521698,0.26303181052207947,-0.06887839734554291,0.869722306728363,0.24739930033683777,-0.07146109640598297,0.8902918100357056,0.3173334002494812,-0.05374392867088318,0.9022680521011353,0.3010631501674652,-0.07071138918399811,0.9041623473167419,0.29271650314331055,-0.07179701328277588,0.9012241363525391,0.2829442024230957,-0.07308939099311829,mi
