landmark_0_x,landmark_0_y,landmark_0_z,landmark_1_x,landmark_1_y,landmark_1_z,landmark_2_x,landmark_2_y,landmark_2_z,landmark_3_x,landmark_3_y,landmark_3_z,landmark_4_x,landmark_4_y,landmark_4_z,landmark_5_x,landmark_5_y,landmark_5_z,landmark_6_x,landmark_6_y,landmark_6_z,landmark_7_x,landmark_7_y,landmark_7_z,landmark_8_x,landmark_8_y,landmark_8_z,landmark_9_x,landmark_9_y,landmark_9_z,landmark_10_x,landmark_10_y,landmark_10_z,landmark_11_x,landmark_11_y,landmark_11_z,landmark_12_x,landmark_12_y,landmark_12_z,landmark_13_x,landmark_13_y,landmark_13_z,landmark_14_x,landmark_14_y,landmark_14_z,landmark_15_x,landmark_15_y,landmark_15_z,landmark_16_x,landmark_16_y,landmark_16_z,landmark_17_x,landmark_17_y,landmark_17_z,landmark_18_x,landmark_18_y,landmark_18_z,landmark_19_x,landmark_19_y,landmark_19_z,landmark_20_x,landmark_20_y,landmark_20_z,class
0.8935067057609558,0.7354274392127991,-7.711804528298671e-08,0.8692999482154846,0.7329469323158264,-0.015373531728982925,0.8480058312416077,0.7263337969779968,-0.02756384387612343,0.835593581199646,0.7248035073280334,-0.03835548087954521,0.829454779624939,0.7300502061843872,-0.048206984996795654,0.8575977087020874,0.6782322525978088,-0.023756373673677444,0.8731687068939209,0.7224692702293396,-0.03993832692503929,0.8828774690628052,0.7328976392745972,-0.05123487859964371,0.8910965323448181,0.7237780094146729,-0.05894208326935768,0.8854323625564575,0.6761932373046875,-0.02521459572017193,0.8996867537498474,0.7289009690284729,-0.03889983519911766,0.9087408185005188,0.7374482750892639,-0.04422689229249954,0.9181585907936096,0.7276217937469482,-0.04805485159158707,0.9096609950065613,0.6830068826675415,-0.028003353625535965,0.9214106202125549,0.7300664186477661,-0.04410750791430473,0.9308468103408813,0.7380503416061401,-0.04479023814201355,0.9402381777763367,0.7288138270378113,-0.043550044298172,0.9295589327812195,0.6931095719337463,-0.032290562987327576,0.938979983329773,0.7267536520957947,-0.04446345195174217,0.947877824306488,0.7359901070594788,-0.04412119835615158,0.9581133127212524,0.7311739325523376,-0.04205136373639107,mi
