landmark_0_x,landmark_0_y,landmark_0_z,landmark_1_x,landmark_1_y,landmark_1_z,landmark_2_x,landmark_2_y,landmark_2_z,landmark_3_x,landmark_3_y,landmark_3_z,landmark_4_x,landmark_4_y,landmark_4_z,landmark_5_x,landmark_5_y,landmark_5_z,landmark_6_x,landmark_6_y,landmark_6_z,landmark_7_x,landmark_7_y,landmark_7_z,landmark_8_x,landmark_8_y,landmark_8_z,landmark_9_x,landmark_9_y,landmark_9_z,landmark_10_x,landmark_10_y,landmark_10_z,landmark_11_x,landmark_11_y,landmark_11_z,landmark_12_x,landmark_12_y,landmark_12_z,landmark_13_x,landmark_13_y,landmark_13_z,landmark_14_x,landmark_14_y,landmark_14_z,landmark_15_x,landmark_15_y,landmark_15_z,landmark_16_x,landmark_16_y,landmark_16_z,landmark_17_x,landmark_17_y,landmark_17_z,landmark_18_x,landmark_18_y,landmark_18_z,landmark_19_x,landmark_19_y,landmark_19_z,landmark_20_x,landmark_20_y,landmark_20_z,class
0.8243700861930847,0.7753151655197144,2.820423894434043e-09,0.8005502223968506,0.7620751261711121,-0.011259088292717934,0.7795751094818115,0.7586014866828918,-0.02405831217765808,0.763583242893219,0.765836775302887,-0.03718815743923187,0.7526450157165527,0.7735676169395447,-0.05224950984120369,0.790895402431488,0.772258460521698,-0.02682594023644924,0.7937732934951782,0.7729502320289612,-0.0391257219016552,0.7977760434150696,0.7691611647605896,-0.04918248578906059,0.8039594292640686,0.7623470425605774,-0.05688636004924774,0.8094107508659363,0.7849724292755127,-0.02990942820906639,0.8181106448173523,0.7782787680625916,-0.03780123218894005,0.8263331055641174,0.7701640129089355,-0.0438741035759449,0.8355386853218079,0.7587102055549622,-0.051383864134550095,0.8282098770141602,0.7935504913330078,-0.033384084701538086,0.8370306491851807,0.7885798215866089,-0.04138587415218353,0.8443454504013062,0.780120849609375,-0.04455212876200676,0.8514392375946045,0.7671451568603516,-0.04852285236120224,0.8448320627212524,0.8002226948738098,-0.03805353865027428,0.8541955947875977,0.7955300807952881,-0.042666226625442505,0.8599879145622253,0.790982186794281,-0.04164161533117294,0.8645583391189575,0.782957911491394,-0.043001439422369,mi
