landmark_0_x,landmark_0_y,landmark_0_z,landmark_1_x,landmark_1_y,landmark_1_z,landmark_2_x,landmark_2_y,landmark_2_z,landmark_3_x,landmark_3_y,landmark_3_z,landmark_4_x,landmark_4_y,landmark_4_z,landmark_5_x,landmark_5_y,landmark_5_z,landmark_6_x,landmark_6_y,landmark_6_z,landmark_7_x,landmark_7_y,landmark_7_z,landmark_8_x,landmark_8_y,landmark_8_z,landmark_9_x,landmark_9_y,landmark_9_z,landmark_10_x,landmark_10_y,landmark_10_z,landmark_11_x,landmark_11_y,landmark_11_z,landmark_12_x,landmark_12_y,landmark_12_z,landmark_13_x,landmark_13_y,landmark_13_z,landmark_14_x,landmark_14_y,landmark_14_z,landmark_15_x,landmark_15_y,landmark_15_z,landmark_16_x,landmark_16_y,landmark_16_z,landmark_17_x,landmark_17_y,landmark_17_z,landmark_18_x,landmark_18_y,landmark_18_z,landmark_19_x,landmark_19_y,landmark_19_z,landmark_20_x,landmark_20_y,landmark_20_z,class
0.7491126656532288,0.8074285984039307,-4.0814521184984187e-07,0.681079089641571,0.8016736507415771,-0.019425705075263977,0.6326380968093872,0.7768526077270508,-0.03338552638888359,0.6036619544029236,0.7624536752700806,-0.04725385457277298,0.5743067860603333,0.7470052242279053,-0.058462128043174744,0.6634587049484253,0.681962788105011,-0.02381868101656437,0.6336175203323364,0.7351266145706177,-0.05365520343184471,0.6406250596046448,0.7663041949272156,-0.07337991893291473,0.6484783291816711,0.7631973624229431,-0.08481987565755844,0.7046462297439575,0.6759908199310303,-0.029940903186798096,0.6761568784713745,0.7344813346862793,-0.054401472210884094,0.6759426593780518,0.7675522565841675,-0.06154223158955574,0.679833173751831,0.7568708658218384,-0.06502675265073776,0.7472466230392456,0.6889173984527588,-0.03966487944126129,0.7247516512870789,0.7403767108917236,-0.06477971374988556,0.7245573401451111,0.7756131291389465,-0.05778853967785835,0.7295855283737183,0.7650821805000305,-0.050378598272800446,0.7866421937942505,0.7128016948699951,-0.05205243453383446,0.7753646373748779,0.7564699053764343,-0.06719809770584106,0.7691464424133301,0.7831637263298035,-0.06053118407726288,0.7716161012649536,0.7764948010444641,-0.05359356477856636,mi
