landmark_0_x,landmark_0_y,landmark_0_z,landmark_1_x,landmark_1_y,landmark_1_z,landmark_2_x,landmark_2_y,landmark_2_z,landmark_3_x,landmark_3_y,landmark_3_z,landmark_4_x,landmark_4_y,landmark_4_z,landmark_5_x,landmark_5_y,landmark_5_z,landmark_6_x,landmark_6_y,landmark_6_z,landmark_7_x,landmark_7_y,landmark_7_z,landmark_8_x,landmark_8_y,landmark_8_z,landmark_9_x,landmark_9_y,landmark_9_z,landmark_10_x,landmark_10_y,landmark_10_z,landmark_11_x,landmark_11_y,landmark_11_z,landmark_12_x,landmark_12_y,landmark_12_z,landmark_13_x,landmark_13_y,landmark_13_z,landmark_14_x,landmark_14_y,landmark_14_z,landmark_15_x,landmark_15_y,landmark_15_z,landmark_16_x,landmark_16_y,landmark_16_z,landmark_17_x,landmark_17_y,landmark_17_z,landmark_18_x,landmark_18_y,landmark_18_z,landmark_19_x,landmark_19_y,landmark_19_z,landmark_20_x,landmark_20_y,landmark_20_z,class
0.7433706521987915,0.807516872882843,-3.361158178449841e-07,0.6833087205886841,0.8141615986824036,-0.023210937157273293,0.6367675065994263,0.8102601766586304,-0.041928548365831375,0.6087164878845215,0.8094309568405151,-0.05963166430592537,0.5828065872192383,0.7994927167892456,-0.07545217871665955,0.6574037075042725,0.7385995388031006,-0.04030483216047287,0.6614177823066711,0.7935069799423218,-0.07084664702415466,0.6670244336128235,0.8108490705490112,-0.09200737625360489,0.6738272309303284,0.8014179468154907,-0.10617604106664658,0.7063513994216919,0.7202869057655334,-0.04593886807560921,0.7181328535079956,0.8022646903991699,-0.07038601487874985,0.717814028263092,0.8194145560264587,-0.07992781698703766,0.7182129621505737,0.8008608818054199,-0.08795434236526489,0.7521393895149231,0.7230674028396606,-0.05431942269206047,0.7644102573394775,0.8098795413970947,-0.08239256590604782,0.7629239559173584,0.8305782675743103,-0.08046718686819077,0.7609071135520935,0.8119957447052002,-0.07785125821828842,0.7917699813842773,0.7362090349197388,-0.06542374193668365,0.8003681302070618,0.8069505095481873,-0.08601181954145432,0.796600341796875,0.8298751711845398,-0.08321715891361237,0.7945092916488647,0.8238458037376404,-0.07995376735925674,mi
