landmark_0_x,landmark_0_y,landmark_0_z,landmark_1_x,landmark_1_y,landmark_1_z,landmark_2_x,landmark_2_y,landmark_2_z,landmark_3_x,landmark_3_y,landmark_3_z,landmark_4_x,landmark_4_y,landmark_4_z,landmark_5_x,landmark_5_y,landmark_5_z,landmark_6_x,landmark_6_y,landmark_6_z,landmark_7_x,landmark_7_y,landmark_7_z,landmark_8_x,landmark_8_y,landmark_8_z,landmark_9_x,landmark_9_y,landmark_9_z,landmark_10_x,landmark_10_y,landmark_10_z,landmark_11_x,landmark_11_y,landmark_11_z,landmark_12_x,landmark_12_y,landmark_12_z,landmark_13_x,landmark_13_y,landmark_13_z,landmark_14_x,landmark_14_y,landmark_14_z,landmark_15_x,landmark_15_y,landmark_15_z,landmark_16_x,landmark_16_y,landmark_16_z,landmark_17_x,landmark_17_y,landmark_17_z,landmark_18_x,landmark_18_y,landmark_18_z,landmark_19_x,landmark_19_y,landmark_19_z,landmark_20_x,landmark_20_y,landmark_20_z,class
0.8787780404090881,0.8406821489334106,-5.7826483157441544e-08,0.8566577434539795,0.8322505950927734,-0.011989627033472061,0.8386535048484802,0.8191968202590942,-0.022283226251602173,0.8273097276687622,0.8127100467681885,-0.03185553848743439,0.8224093914031982,0.817328155040741,-0.041283778846263885,0.8501689434051514,0.7795669436454773,-0.020229022949934006,0.8533548712730408,0.8006376624107361,-0.03560531884431839,0.8605250716209412,0.8107008337974548,-0.04646388068795204,0.8667715787887573,0.8110507130622864,-0.05270026996731758,0.8731440305709839,0.7827643752098083,-0.02243257872760296,0.8786277174949646,0.8055483102798462,-0.035828184336423874,0.8867674469947815,0.81430584192276,-0.04238389432430267,0.895751953125,0.8157320022583008,-0.045813750475645065,0.8926885724067688,0.7944159507751465,-0.025545675307512283,0.9001630544662476,0.8143250942230225,-0.04146387428045273,0.9108966588973999,0.8212659955024719,-0.04510160908102989,0.9204781651496887,0.8217450380325317,-0.04493122175335884,0.9081850647926331,0.8101924657821655,-0.02936328761279583,0.9172133803367615,0.8234050869941711,-0.04232150316238403,0.927769660949707,0.8296847343444824,-0.043514933437108994,0.9384018182754517,0.8319353461265564,-0.04178955405950546,mi
