landmark_0_x,landmark_0_y,landmark_0_z,landmark_1_x,landmark_1_y,landmark_1_z,landmark_2_x,landmark_2_y,landmark_2_z,landmark_3_x,landmark_3_y,landmark_3_z,landmark_4_x,landmark_4_y,landmark_4_z,landmark_5_x,landmark_5_y,landmark_5_z,landmark_6_x,landmark_6_y,landmark_6_z,landmark_7_x,landmark_7_y,landmark_7_z,landmark_8_x,landmark_8_y,landmark_8_z,landmark_9_x,landmark_9_y,landmark_9_z,landmark_10_x,landmark_10_y,landmark_10_z,landmark_11_x,landmark_11_y,landmark_11_z,landmark_12_x,landmark_12_y,landmark_12_z,landmark_13_x,landmark_13_y,landmark_13_z,landmark_14_x,landmark_14_y,landmark_14_z,landmark_15_x,landmark_15_y,landmark_15_z,landmark_16_x,landmark_16_y,landmark_16_z,landmark_17_x,landmark_17_y,landmark_17_z,landmark_18_x,landmark_18_y,landmark_18_z,landmark_19_x,landmark_19_y,landmark_19_z,landmark_20_x,landmark_20_y,landmark_20_z,class
0.8682716488838196,0.8351377248764038,-6.474694913549683e-08,0.8477535843849182,0.8247352242469788,-0.011760747991502285,0.8327158093452454,0.8110268115997314,-0.022462109103798866,0.8309876918792725,0.8085030913352966,-0.03235794976353645,0.835762083530426,0.808868408203125,-0.042077016085386276,0.8442898392677307,0.7808952331542969,-0.02678786963224411,0.851395845413208,0.8093719482421875,-0.03673015907406807,0.854324996471405,0.8189613819122314,-0.04255286976695061,0.8563319444656372,0.821720540523529,-0.04717117175459862,0.8680103421211243,0.7810094952583313,-0.028096558526158333,0.8807206749916077,0.8141984343528748,-0.03502681478857994,0.8874581456184387,0.821549117565155,-0.03843449801206589,0.8941069841384888,0.8257758617401123,-0.04302123934030533,0.8886674046516418,0.7908507585525513,-0.029358576983213425,0.9028364419937134,0.8192628026008606,-0.038382284343242645,0.9098964333534241,0.8280919790267944,-0.040750958025455475,0.9170129299163818,0.8315067887306213,-0.04332999885082245,0.9048495292663574,0.8072758316993713,-0.03163783252239227,0.9206652045249939,0.8266119956970215,-0.039903853088617325,0.9320967197418213,0.8345127105712891,-0.04123200848698616,0.9437766671180725,0.8395501971244812,-0.042294878512620926,mi
