landmark_0_x,landmark_0_y,landmark_0_z,landmark_1_x,landmark_1_y,landmark_1_z,landmark_2_x,landmark_2_y,landmark_2_z,landmark_3_x,landmark_3_y,landmark_3_z,landmark_4_x,landmark_4_y,landmark_4_z,landmark_5_x,landmark_5_y,landmark_5_z,landmark_6_x,landmark_6_y,landmark_6_z,landmark_7_x,landmark_7_y,landmark_7_z,landmark_8_x,landmark_8_y,landmark_8_z,landmark_9_x,landmark_9_y,landmark_9_z,landmark_10_x,landmark_10_y,landmark_10_z,landmark_11_x,landmark_11_y,landmark_11_z,landmark_12_x,landmark_12_y,landmark_12_z,landmark_13_x,landmark_13_y,landmark_13_z,landmark_14_x,landmark_14_y,landmark_14_z,landmark_15_x,landmark_15_y,landmark_15_z,landmark_16_x,landmark_16_y,landmark_16_z,landmark_17_x,landmark_17_y,landmark_17_z,landmark_18_x,landmark_18_y,landmark_18_z,landmark_19_x,landmark_19_y,landmark_19_z,landmark_20_x,landmark_20_y,landmark_20_z,class
0.7745323777198792,0.7964028120040894,5.335687802698885e-08,0.75296950340271,0.7899699211120605,-0.018739856779575348,0.736096203327179,0.7881227135658264,-0.036767370998859406,0.720689594745636,0.7933306694030762,-0.052854232490062714,0.7102903127670288,0.8007172346115112,-0.07076049596071243,0.7498999238014221,0.791143536567688,-0.04432882368564606,0.7539063096046448,0.796549916267395,-0.0621943436563015,0.7596638798713684,0.7934775352478027,-0.07519745826721191,0.7651918530464172,0.7871569395065308,-0.08435522019863129,0.7678692936897278,0.7996286749839783,-0.04337351769208908,0.7791699767112732,0.7986714243888855,-0.056987978518009186,0.7875427007675171,0.7938117384910583,-0.06516066193580627,0.7956112027168274,0.7849815487861633,-0.07352934777736664,0.7848784327507019,0.8077247142791748,-0.04243945702910423,0.7968984246253967,0.8096140027046204,-0.05377909541130066,0.8038966059684753,0.806709885597229,-0.05897466465830803,0.8097671270370483,0.799463152885437,-0.06414688378572464,0.7981598973274231,0.815524697303772,-0.0428498201072216,0.8094386458396912,0.8196344375610352,-0.04922148585319519,0.8158900141716003,0.8204136490821838,-0.05064164102077484,0.820671796798706,0.8178955316543579,-0.053684841841459274,mi
