landmark_0_x,landmark_0_y,landmark_0_z,landmark_1_x,landmark_1_y,landmark_1_z,landmark_2_x,landmark_2_y,landmark_2_z,landmark_3_x,landmark_3_y,landmark_3_z,landmark_4_x,landmark_4_y,landmark_4_z,landmark_5_x,landmark_5_y,landmark_5_z,landmark_6_x,landmark_6_y,landmark_6_z,landmark_7_x,landmark_7_y,landmark_7_z,landmark_8_x,landmark_8_y,landmark_8_z,landmark_9_x,landmark_9_y,landmark_9_z,landmark_10_x,landmark_10_y,landmark_10_z,landmark_11_x,landmark_11_y,landmark_11_z,landmark_12_x,landmark_12_y,landmark_12_z,landmark_13_x,landmark_13_y,landmark_13_z,landmark_14_x,landmark_14_y,landmark_14_z,landmark_15_x,landmark_15_y,landmark_15_z,landmark_16_x,landmark_16_y,landmark_16_z,landmark_17_x,landmark_17_y,landmark_17_z,landmark_18_x,landmark_18_y,landmark_18_z,landmark_19_x,landmark_19_y,landmark_19_z,landmark_20_x,landmark_20_y,landmark_20_z,class
0.7535962462425232,0.7377443909645081,-4.648767344406224e-07,0.7060655951499939,0.737178385257721,-0.02801452949643135,0.660391092300415,0.7099212408065796,-0.04610429331660271,0.6308518052101135,0.6990575790405273,-0.060967639088630676,0.5997017621994019,0.6885273456573486,-0.07344990223646164,0.6765198707580566,0.6297851800918579,-0.04756704717874527,0.6733580231666565,0.6725578904151917,-0.08159703761339188,0.6703662872314453,0.7125328183174133,-0.10172851383686066,0.6691529154777527,0.723768949508667,-0.11411380767822266,0.7209793329238892,0.6124735474586487,-0.050799090415239334,0.7199053168296814,0.6706044673919678,-0.08165167272090912,0.7118474841117859,0.708717942237854,-0.09054934978485107,0.7111501693725586,0.7105980515480042,-0.0952698141336441,0.7645413875579834,0.6194012761116028,-0.05689696595072746,0.7653404474258423,0.6920679211616516,-0.08600965142250061,0.7630971074104309,0.7383060455322266,-0.07976949959993362,0.7663989663124084,0.7411671876907349,-0.07338692992925644,0.8030294179916382,0.6386134624481201,-0.0663803219795227,0.8044624924659729,0.7107007503509521,-0.08846305310726166,0.801901638507843,0.7461832761764526,-0.08552954345941544,0.8045719861984253,0.7463176250457764,-0.08105594664812088,mi
