landmark_0_x,landmark_0_y,landmark_0_z,landmark_1_x,landmark_1_y,landmark_1_z,landmark_2_x,landmark_2_y,landmark_2_z,landmark_3_x,landmark_3_y,landmark_3_z,landmark_4_x,landmark_4_y,landmark_4_z,landmark_5_x,landmark_5_y,landmark_5_z,landmark_6_x,landmark_6_y,landmark_6_z,landmark_7_x,landmark_7_y,landmark_7_z,landmark_8_x,landmark_8_y,landmark_8_z,landmark_9_x,landmark_9_y,landmark_9_z,landmark_10_x,landmark_10_y,landmark_10_z,landmark_11_x,landmark_11_y,landmark_11_z,landmark_12_x,landmark_12_y,landmark_12_z,landmark_13_x,landmark_13_y,landmark_13_z,landmark_14_x,landmark_14_y,landmark_14_z,landmark_15_x,landmark_15_y,landmark_15_z,landmark_16_x,landmark_16_y,landmark_16_z,landmark_17_x,landmark_17_y,landmark_17_z,landmark_18_x,landmark_18_y,landmark_18_z,landmark_19_x,landmark_19_y,landmark_19_z,landmark_20_x,landmark_20_y,landmark_20_z,class
0.7805522084236145,0.5105869770050049,1.7401771401637234e-07,0.7267533540725708,0.5019113421440125,-0.013944472186267376,0.6857699155807495,0.4799201488494873,-0.02555815689265728,0.6600823402404785,0.4569214880466461,-0.036433253437280655,0.6348077654838562,0.44363677501678467,-0.04802180081605911,0.717140793800354,0.4623725414276123,-0.03064892627298832,0.7059122920036316,0.43357402086257935,-0.049102552235126495,0.7029613256454468,0.4152640700340271,-0.061833228915929794,0.7022451162338257,0.39492565393447876,-0.07152380049228668,0.7549653649330139,0.45805883407592773,-0.03630409017205238,0.7473085522651672,0.4222426414489746,-0.05048190429806709,0.7428169846534729,0.39597561955451965,-0.05805789679288864,0.7396529316902161,0.36957067251205444,-0.06641151010990143,0.7918607592582703,0.4627026915550232,-0.04322276636958122,0.7894368767738342,0.43153610825538635,-0.06070570647716522,0.7865707278251648,0.40615448355674744,-0.06378350406885147,0.7817356586456299,0.379117876291275,-0.06750153750181198,0.8273814916610718,0.47351935505867004,-0.05100955441594124,0.8338825702667236,0.45021137595176697,-0.06681981682777405,0.8322696089744568,0.4311799108982086,-0.06859423965215683,0.8274263739585876,0.4081535339355469,-0.07119007408618927,mi
