landmark_0_x,landmark_0_y,landmark_0_z,landmark_1_x,landmark_1_y,landmark_1_z,landmark_2_x,landmark_2_y,landmark_2_z,landmark_3_x,landmark_3_y,landmark_3_z,landmark_4_x,landmark_4_y,landmark_4_z,landmark_5_x,landmark_5_y,landmark_5_z,landmark_6_x,landmark_6_y,landmark_6_z,landmark_7_x,landmark_7_y,landmark_7_z,landmark_8_x,landmark_8_y,landmark_8_z,landmark_9_x,landmark_9_y,landmark_9_z,landmark_10_x,landmark_10_y,landmark_10_z,landmark_11_x,landmark_11_y,landmark_11_z,landmark_12_x,landmark_12_y,landmark_12_z,landmark_13_x,landmark_13_y,landmark_13_z,landmark_14_x,landmark_14_y,landmark_14_z,landmark_15_x,landmark_15_y,landmark_15_z,landmark_16_x,landmark_16_y,landmark_16_z,landmark_17_x,landmark_17_y,landmark_17_z,landmark_18_x,landmark_18_y,landmark_18_z,landmark_19_x,landmark_19_y,landmark_19_z,landmark_20_x,landmark_20_y,landmark_20_z,class
0.7945164442062378,0.5955556035041809,2.404112251497281e-07,0.744888186454773,0.5942903757095337,-0.02457311563193798,0.7028886079788208,0.5851922631263733,-0.04475419223308563,0.6752883195877075,0.5749674439430237,-0.06183221936225891,0.6541786193847656,0.5648927092552185,-0.07890025526285172,0.7355456352233887,0.5547053217887878,-0.053213052451610565,0.7287377119064331,0.5348633527755737,-0.08099806308746338,0.736288845539093,0.5188167095184326,-0.10018976032733917,0.7462875247001648,0.49864959716796875,-0.1139347180724144,0.7753450274467468,0.5459848642349243,-0.05630097910761833,0.7735634446144104,0.5196652412414551,-0.0806320533156395,0.7763163447380066,0.49542051553726196,-0.09205709397792816,0.7807319760322571,0.4729265570640564,-0.1026536077260971,0.8113889098167419,0.5483385920524597,-0.06088486686348915,0.81101393699646,0.5238804817199707,-0.0866486206650734,0.8136681318283081,0.5010753273963928,-0.09083239734172821,0.814936637878418,0.4800416827201843,-0.09452911466360092,0.841717004776001,0.5586283802986145,-0.06700918078422546,0.8495073318481445,0.5409244894981384,-0.088521309196949,0.8500767946243286,0.5289657115936279,-0.09092608094215393,0.8480185270309448,0.5171173810958862,-0.09338145703077316,mi
