landmark_0_x,landmark_0_y,landmark_0_z,landmark_1_x,landmark_1_y,landmark_1_z,landmark_2_x,landmark_2_y,landmark_2_z,landmark_3_x,landmark_3_y,landmark_3_z,landmark_4_x,landmark_4_y,landmark_4_z,landmark_5_x,landmark_5_y,landmark_5_z,landmark_6_x,landmark_6_y,landmark_6_z,landmark_7_x,landmark_7_y,landmark_7_z,landmark_8_x,landmark_8_y,landmark_8_z,landmark_9_x,landmark_9_y,landmark_9_z,landmark_10_x,landmark_10_y,landmark_10_z,landmark_11_x,landmark_11_y,landmark_11_z,landmark_12_x,landmark_12_y,landmark_12_z,landmark_13_x,landmark_13_y,landmark_13_z,landmark_14_x,landmark_14_y,landmark_14_z,landmark_15_x,landmark_15_y,landmark_15_z,landmark_16_x,landmark_16_y,landmark_16_z,landmark_17_x,landmark_17_y,landmark_17_z,landmark_18_x,landmark_18_y,landmark_18_z,landmark_19_x,landmark_19_y,landmark_19_z,landmark_20_x,landmark_20_y,landmark_20_z,class
0.7285574674606323,0.8715200424194336,-2.20719527987967e-07,0.6950913667678833,0.8719167113304138,-0.013067741878330708,0.6678069829940796,0.8652640581130981,-0.0221844669431448,0.6509791612625122,0.8602715730667114,-0.02992723323404789,0.6349973678588867,0.8596393465995789,-0.03653961420059204,0.6775429844856262,0.8123669028282166,-0.01753341406583786,0.6787988543510437,0.8609412908554077,-0.03251111879944801,0.6861621737480164,0.8704793453216553,-0.045065686106681824,0.6928197145462036,0.8623484373092651,-0.05325230211019516,0.7061030864715576,0.8066644668579102,-0.01908457837998867,0.707528829574585,0.8631063103675842,-0.02782335691154003,0.710337221622467,0.8678525686264038,-0.032049134373664856,0.7137664556503296,0.8582490086555481,-0.03597995638847351,0.7327369451522827,0.8135672807693481,-0.02214873395860195,0.7319035530090332,0.8670123815536499,-0.032105784863233566,0.731633186340332,0.8706983923912048,-0.03032848984003067,0.7323086857795715,0.8593817353248596,-0.028766758739948273,0.7560328245162964,0.8257354497909546,-0.026977088302373886,0.7544559240341187,0.8710897564888,-0.03426787257194519,0.7515691518783569,0.8759220242500305,-0.032189276069402695,0.7511782646179199,0.8679537177085876,-0.029747072607278824,mi
