landmark_0_x,landmark_0_y,landmark_0_z,landmark_1_x,landmark_1_y,landmark_1_z,landmark_2_x,landmark_2_y,landmark_2_z,landmark_3_x,landmark_3_y,landmark_3_z,landmark_4_x,landmark_4_y,landmark_4_z,landmark_5_x,landmark_5_y,landmark_5_z,landmark_6_x,landmark_6_y,landmark_6_z,landmark_7_x,landmark_7_y,landmark_7_z,landmark_8_x,landmark_8_y,landmark_8_z,landmark_9_x,landmark_9_y,landmark_9_z,landmark_10_x,landmark_10_y,landmark_10_z,landmark_11_x,landmark_11_y,landmark_11_z,landmark_12_x,landmark_12_y,landmark_12_z,landmark_13_x,landmark_13_y,landmark_13_z,landmark_14_x,landmark_14_y,landmark_14_z,landmark_15_x,landmark_15_y,landmark_15_z,landmark_16_x,landmark_16_y,landmark_16_z,landmark_17_x,landmark_17_y,landmark_17_z,landmark_18_x,landmark_18_y,landmark_18_z,landmark_19_x,landmark_19_y,landmark_19_z,landmark_20_x,landmark_20_y,landmark_20_z,class
0.635120689868927,0.7914808988571167,-1.492005736736246e-07,0.6012200713157654,0.7943181991577148,-0.0039038974791765213,0.5729866027832031,0.7882789373397827,-0.007757124491035938,0.552916944026947,0.781883955001831,-0.012554967775940895,0.5360085368156433,0.7804443836212158,-0.017435574904084206,0.5793760418891907,0.7519708275794983,-0.00252379453741014,0.5696194171905518,0.7589775919914246,-0.014040176756680012,0.5643278360366821,0.7685038447380066,-0.025092942640185356,0.5585395693778992,0.7777922749519348,-0.03219718486070633,0.5957996845245361,0.7413951754570007,-0.006551928818225861,0.5866730809211731,0.7540820837020874,-0.015438479371368885,0.5828699469566345,0.7648591995239258,-0.021872395649552345,0.5802127122879028,0.77386873960495,-0.026483064517378807,0.6144480109214783,0.7372899651527405,-0.01187141053378582,0.6084851622581482,0.7514057159423828,-0.021075045689940453,0.6075345873832703,0.7599709033966064,-0.022043919190764427,0.6062674522399902,0.7662723660469055,-0.022093774750828743,0.6342676281929016,0.7403095960617065,-0.017826413735747337,0.6315966844558716,0.7510568499565125,-0.02557675912976265,0.6301754713058472,0.7595261335372925,-0.02525930106639862,0.6287425756454468,0.7664535641670227,-0.024059996008872986,mi
