landmark_0_x,landmark_0_y,landmark_0_z,landmark_1_x,landmark_1_y,landmark_1_z,landmark_2_x,landmark_2_y,landmark_2_z,landmark_3_x,landmark_3_y,landmark_3_z,landmark_4_x,landmark_4_y,landmark_4_z,landmark_5_x,landmark_5_y,landmark_5_z,landmark_6_x,landmark_6_y,landmark_6_z,landmark_7_x,landmark_7_y,landmark_7_z,landmark_8_x,landmark_8_y,landmark_8_z,landmark_9_x,landmark_9_y,landmark_9_z,landmark_10_x,landmark_10_y,landmark_10_z,landmark_11_x,landmark_11_y,landmark_11_z,landmark_12_x,landmark_12_y,landmark_12_z,landmark_13_x,landmark_13_y,landmark_13_z,landmark_14_x,landmark_14_y,landmark_14_z,landmark_15_x,landmark_15_y,landmark_15_z,landmark_16_x,landmark_16_y,landmark_16_z,landmark_17_x,landmark_17_y,landmark_17_z,landmark_18_x,landmark_18_y,landmark_18_z,landmark_19_x,landmark_19_y,landmark_19_z,landmark_20_x,landmark_20_y,landmark_20_z,class
0.8651261329650879,0.6177985072135925,2.6523452323345964e-09,0.836510956287384,0.5979272723197937,-0.009451860561966896,0.8148463368415833,0.5712020993232727,-0.01822568289935589,0.7991799712181091,0.5535600781440735,-0.02727827988564968,0.7849248647689819,0.5440764427185059,-0.03605886921286583,0.8408212661743164,0.529466986656189,-0.010707155801355839,0.8471068739891052,0.5101656317710876,-0.020506883040070534,0.8474966287612915,0.5121588110923767,-0.028562715277075768,0.8477115035057068,0.5146241188049316,-0.03439228981733322,0.8635311722755432,0.5344730615615845,-0.013909065164625645,0.8690531849861145,0.5019668340682983,-0.02266761288046837,0.8695749640464783,0.5045536756515503,-0.02770392969250679,0.8704017996788025,0.5110374093055725,-0.03092757798731327,0.8830220699310303,0.5471716523170471,-0.018545515835285187,0.8890393972396851,0.520028829574585,-0.02679341472685337,0.8891650438308716,0.5256064534187317,-0.027068952098488808,0.8889621496200562,0.5303083658218384,-0.02703876979649067,0.8998788595199585,0.5664591789245605,-0.024173691868782043,0.9067075252532959,0.5527238845825195,-0.029674334451556206,0.9056462049484253,0.5570535659790039,-0.027997799217700958,0.9037367105484009,0.5608543753623962,-0.026617614552378654,mi
