landmark_0_x,landmark_0_y,landmark_0_z,landmark_1_x,landmark_1_y,landmark_1_z,landmark_2_x,landmark_2_y,landmark_2_z,landmark_3_x,landmark_3_y,landmark_3_z,landmark_4_x,landmark_4_y,landmark_4_z,landmark_5_x,landmark_5_y,landmark_5_z,landmark_6_x,landmark_6_y,landmark_6_z,landmark_7_x,landmark_7_y,landmark_7_z,landmark_8_x,landmark_8_y,landmark_8_z,landmark_9_x,landmark_9_y,landmark_9_z,landmark_10_x,landmark_10_y,landmark_10_z,landmark_11_x,landmark_11_y,landmark_11_z,landmark_12_x,landmark_12_y,landmark_12_z,landmark_13_x,landmark_13_y,landmark_13_z,landmark_14_x,landmark_14_y,landmark_14_z,landmark_15_x,landmark_15_y,landmark_15_z,landmark_16_x,landmark_16_y,landmark_16_z,landmark_17_x,landmark_17_y,landmark_17_z,landmark_18_x,landmark_18_y,landmark_18_z,landmark_19_x,landmark_19_y,landmark_19_z,landmark_20_x,landmark_20_y,landmark_20_z,class
0.7438517808914185,0.29631054401397705,2.633502163007506e-07,0.697577953338623,0.2978125214576721,-0.017268681898713112,0.6608603596687317,0.2809199094772339,-0.02931409887969494,0.6360715627670288,0.26080214977264404,-0.039436616003513336,0.6118838787078857,0.24468325078487396,-0.049790091812610626,0.6921280026435852,0.263428270816803,-0.034622423350811005,0.6781872510910034,0.2329295575618744,-0.053649965673685074,0.6774104833602905,0.21396192908287048,-0.06600877642631531,0.6789251565933228,0.20129169523715973,-0.07437362521886826,0.7260764837265015,0.2583199739456177,-0.03800610825419426,0.717022716999054,0.2259148210287094,-0.05394618585705757,0.7116471529006958,0.1987781524658203,-0.06244192272424698,0.7085692286491394,0.1812496781349182,-0.07032295316457748,0.758252739906311,0.2635706067085266,-0.042676687240600586,0.7573133707046509,0.2368968427181244,-0.06159358099102974,0.7515597939491272,0.2116186022758484,-0.06699315458536148,0.7447975873947144,0.19176971912384033,-0.07162148505449295,0.7879472970962524,0.2740279734134674,-0.048037536442279816,0.7993301153182983,0.25354689359664917,-0.06763869524002075,0.7988633513450623,0.2379889339208603,-0.0717368870973587,0.7938387989997864,0.2265411615371704,-0.07466375082731247,mi
