landmark_0_x,landmark_0_y,landmark_0_z,landmark_1_x,landmark_1_y,landmark_1_z,landmark_2_x,landmark_2_y,landmark_2_z,landmark_3_x,landmark_3_y,landmark_3_z,landmark_4_x,landmark_4_y,landmark_4_z,landmark_5_x,landmark_5_y,landmark_5_z,landmark_6_x,landmark_6_y,landmark_6_z,landmark_7_x,landmark_7_y,landmark_7_z,landmark_8_x,landmark_8_y,landmark_8_z,landmark_9_x,landmark_9_y,landmark_9_z,landmark_10_x,landmark_10_y,landmark_10_z,landmark_11_x,landmark_11_y,landmark_11_z,landmark_12_x,landmark_12_y,landmark_12_z,landmark_13_x,landmark_13_y,landmark_13_z,landmark_14_x,landmark_14_y,landmark_14_z,landmark_15_x,landmark_15_y,landmark_15_z,landmark_16_x,landmark_16_y,landmark_16_z,landmark_17_x,landmark_17_y,landmark_17_z,landmark_18_x,landmark_18_y,landmark_18_z,landmark_19_x,landmark_19_y,landmark_19_z,landmark_20_x,landmark_20_y,landmark_20_z,class
0.6906539797782898,0.8974038362503052,-4.5011907445768884e-07,0.6386041641235352,0.8995383381843567,-0.025746898725628853,0.5950421690940857,0.8793249726295471,-0.03976108506321907,0.5708034634590149,0.8696495294570923,-0.051271453499794006,0.5476762056350708,0.8534865975379944,-0.05963307246565819,0.6163522005081177,0.8006324768066406,-0.0331890732049942,0.6202883720397949,0.8549278974533081,-0.05885045602917671,0.6259429454803467,0.8908289670944214,-0.07417131215333939,0.627510666847229,0.8926113843917847,-0.08356284350156784,0.6628521084785461,0.787160336971283,-0.03439057990908623,0.6674219965934753,0.8564237356185913,-0.05392124503850937,0.6658880114555359,0.8872901797294617,-0.05856708064675331,0.6638507843017578,0.8797165751457214,-0.06178102269768715,0.7070024609565735,0.7947900891304016,-0.03879128769040108,0.7100182175636292,0.8649876713752747,-0.060472022742033005,0.7076811194419861,0.8973866701126099,-0.05434316396713257,0.7062287330627441,0.8895683288574219,-0.048813387751579285,0.7454659342765808,0.8119013905525208,-0.046210650354623795,0.747994065284729,0.8721343278884888,-0.06142503023147583,0.7429569363594055,0.8988044857978821,-0.05659933760762215,0.7414520978927612,0.8958304524421692,-0.05135675147175789,mi
