landmark_0_x,landmark_0_y,landmark_0_z,landmark_1_x,landmark_1_y,landmark_1_z,landmark_2_x,landmark_2_y,landmark_2_z,landmark_3_x,landmark_3_y,landmark_3_z,landmark_4_x,landmark_4_y,landmark_4_z,landmark_5_x,landmark_5_y,landmark_5_z,landmark_6_x,landmark_6_y,landmark_6_z,landmark_7_x,landmark_7_y,landmark_7_z,landmark_8_x,landmark_8_y,landmark_8_z,landmark_9_x,landmark_9_y,landmark_9_z,landmark_10_x,landmark_10_y,landmark_10_z,landmark_11_x,landmark_11_y,landmark_11_z,landmark_12_x,landmark_12_y,landmark_12_z,landmark_13_x,landmark_13_y,landmark_13_z,landmark_14_x,landmark_14_y,landmark_14_z,landmark_15_x,landmark_15_y,landmark_15_z,landmark_16_x,landmark_16_y,landmark_16_z,landmark_17_x,landmark_17_y,landmark_17_z,landmark_18_x,landmark_18_y,landmark_18_z,landmark_19_x,landmark_19_y,landmark_19_z,landmark_20_x,landmark_20_y,landmark_20_z,class
0.9092994928359985,0.714099109172821,-2.1043500453288289e-07,0.8821312785148621,0.7085073590278625,-0.01604170724749565,0.8558655381202698,0.6930723190307617,-0.026787705719470978,0.8369958996772766,0.6849890351295471,-0.03569918870925903,0.8271743059158325,0.6848673224449158,-0.042476680129766464,0.8650792837142944,0.6342170238494873,-0.019144313409924507,0.8725486993789673,0.6905072927474976,-0.03557814285159111,0.8791752457618713,0.710102379322052,-0.04681263118982315,0.8798518776893616,0.6990970969200134,-0.05397916957736015,0.8927195072174072,0.6341030597686768,-0.020304840058088303,0.8971079587936401,0.6932144165039062,-0.03363820165395737,0.9013463258743286,0.712601900100708,-0.037986647337675095,0.9016163349151611,0.7024149894714355,-0.040288712829351425,0.9185430407524109,0.6439744830131531,-0.023122712969779968,0.9217632412910461,0.6936676502227783,-0.03907100111246109,0.925292432308197,0.7108580470085144,-0.03701348602771759,0.9258325695991516,0.7033153772354126,-0.033151913434267044,0.9402887225151062,0.6568853855133057,-0.027494249865412712,0.945655107498169,0.6897454261779785,-0.03806483745574951,0.9489327669143677,0.7021951079368591,-0.03508153557777405,0.9524945616722107,0.6975732445716858,-0.030481666326522827,mi
