landmark_0_x,landmark_0_y,landmark_0_z,landmark_1_x,landmark_1_y,landmark_1_z,landmark_2_x,landmark_2_y,landmark_2_z,landmark_3_x,landmark_3_y,landmark_3_z,landmark_4_x,landmark_4_y,landmark_4_z,landmark_5_x,landmark_5_y,landmark_5_z,landmark_6_x,landmark_6_y,landmark_6_z,landmark_7_x,landmark_7_y,landmark_7_z,landmark_8_x,landmark_8_y,landmark_8_z,landmark_9_x,landmark_9_y,landmark_9_z,landmark_10_x,landmark_10_y,landmark_10_z,landmark_11_x,landmark_11_y,landmark_11_z,landmark_12_x,landmark_12_y,landmark_12_z,landmark_13_x,landmark_13_y,landmark_13_z,landmark_14_x,landmark_14_y,landmark_14_z,landmark_15_x,landmark_15_y,landmark_15_z,landmark_16_x,landmark_16_y,landmark_16_z,landmark_17_x,landmark_17_y,landmark_17_z,landmark_18_x,landmark_18_y,landmark_18_z,landmark_19_x,landmark_19_y,landmark_19_z,landmark_20_x,landmark_20_y,landmark_20_z,class
0.8184000849723816,0.7853351831436157,5.352977439088136e-08,0.7982960939407349,0.7794786095619202,-0.02194751612842083,0.7852837443351746,0.7671505212783813,-0.03780263662338257,0.7775553464889526,0.7589815258979797,-0.05093882977962494,0.7712485790252686,0.752733588218689,-0.06426657736301422,0.8158313035964966,0.7621697187423706,-0.03562338277697563,0.8238149285316467,0.7508466839790344,-0.04918300360441208,0.8319030404090881,0.7442697882652283,-0.058661699295043945,0.8403450846672058,0.7372913956642151,-0.06561088562011719,0.834970235824585,0.770132303237915,-0.031991444528102875,0.8462576270103455,0.7540810108184814,-0.04212072864174843,0.8546074628829956,0.7449103593826294,-0.047664158046245575,0.8619050979614258,0.7352789640426636,-0.05338847637176514,0.8488787412643433,0.7791293263435364,-0.02948174811899662,0.8611241579055786,0.7669690251350403,-0.0383448489010334,0.8689417243003845,0.7589784860610962,-0.04178114980459213,0.8752101063728333,0.7503012418746948,-0.045121245086193085,0.8576477766036987,0.7883162498474121,-0.02882971055805683,0.8707569241523743,0.7807969450950623,-0.03459318354725838,0.8797847628593445,0.7750024199485779,-0.03655671328306198,0.8874555826187134,0.768223226070404,-0.03916577994823456,mi
