landmark_0_x,landmark_0_y,landmark_0_z,landmark_1_x,landmark_1_y,landmark_1_z,landmark_2_x,landmark_2_y,landmark_2_z,landmark_3_x,landmark_3_y,landmark_3_z,landmark_4_x,landmark_4_y,landmark_4_z,landmark_5_x,landmark_5_y,landmark_5_z,landmark_6_x,landmark_6_y,landmark_6_z,landmark_7_x,landmark_7_y,landmark_7_z,landmark_8_x,landmark_8_y,landmark_8_z,landmark_9_x,landmark_9_y,landmark_9_z,landmark_10_x,landmark_10_y,landmark_10_z,landmark_11_x,landmark_11_y,landmark_11_z,landmark_12_x,landmark_12_y,landmark_12_z,landmark_13_x,landmark_13_y,landmark_13_z,landmark_14_x,landmark_14_y,landmark_14_z,landmark_15_x,landmark_15_y,landmark_15_z,landmark_16_x,landmark_16_y,landmark_16_z,landmark_17_x,landmark_17_y,landmark_17_z,landmark_18_x,landmark_18_y,landmark_18_z,landmark_19_x,landmark_19_y,landmark_19_z,landmark_20_x,landmark_20_y,landmark_20_z,class
0.673058807849884,0.6562687158584595,-3.002686810305022e-07,0.6144676804542542,0.6551551222801208,-0.019608864560723305,0.5715780258178711,0.6371021270751953,-0.0327572226524353,0.5446440577507019,0.6197243332862854,-0.04410773143172264,0.5216283798217773,0.5993621945381165,-0.05347727984189987,0.5905946493148804,0.5661896467208862,-0.029170140624046326,0.5818870663642883,0.6054351329803467,-0.05205554887652397,0.5909217596054077,0.6251784563064575,-0.06788216531276703,0.5948457717895508,0.6233965754508972,-0.07842867821455002,0.6324965953826904,0.5552493333816528,-0.032908715307712555,0.6251584887504578,0.6008890271186829,-0.05157945677638054,0.6281312108039856,0.6235559582710266,-0.05894860252737999,0.629534125328064,0.622465193271637,-0.06457623839378357,0.6748285889625549,0.5620185136795044,-0.03889745473861694,0.6730770468711853,0.6041180491447449,-0.06156719848513603,0.6727166175842285,0.6291033625602722,-0.05948622152209282,0.6703677177429199,0.6283729672431946,-0.05646825209259987,0.7142125964164734,0.5790926814079285,-0.046671248972415924,0.7179494500160217,0.6096847057342529,-0.06535973399877548,0.713249683380127,0.6354721784591675,-0.06263542175292969,0.7085824012756348,0.6429951190948486,-0.05849103257060051,mi
