landmark_0_x,landmark_0_y,landmark_0_z,landmark_1_x,landmark_1_y,landmark_1_z,landmark_2_x,landmark_2_y,landmark_2_z,landmark_3_x,landmark_3_y,landmark_3_z,landmark_4_x,landmark_4_y,landmark_4_z,landmark_5_x,landmark_5_y,landmark_5_z,landmark_6_x,landmark_6_y,landmark_6_z,landmark_7_x,landmark_7_y,landmark_7_z,landmark_8_x,landmark_8_y,landmark_8_z,landmark_9_x,landmark_9_y,landmark_9_z,landmark_10_x,landmark_10_y,landmark_10_z,landmark_11_x,landmark_11_y,landmark_11_z,landmark_12_x,landmark_12_y,landmark_12_z,landmark_13_x,landmark_13_y,landmark_13_z,landmark_14_x,landmark_14_y,landmark_14_z,landmark_15_x,landmark_15_y,landmark_15_z,landmark_16_x,landmark_16_y,landmark_16_z,landmark_17_x,landmark_17_y,landmark_17_z,landmark_18_x,landmark_18_y,landmark_18_z,landmark_19_x,landmark_19_y,landmark_19_z,landmark_20_x,landmark_20_y,landmark_20_z,class
0.7326427102088928,0.8117597103118896,-4.2665789123930153e-07,0.6859474182128906,0.8148086071014404,-0.027609024196863174,0.6438711881637573,0.8068231344223022,-0.0456734374165535,0.6151452660560608,0.8082738518714905,-0.0599789135158062,0.5859353542327881,0.8088974356651306,-0.07144530862569809,0.6622823476791382,0.7382179498672485,-0.046868011355400085,0.6563315391540527,0.8146907687187195,-0.07585281878709793,0.658375084400177,0.835572361946106,-0.0951671376824379,0.6609862446784973,0.8326808214187622,-0.10727434605360031,0.709415078163147,0.72258061170578,-0.047124218195676804,0.7079319953918457,0.8282846808433533,-0.06677864491939545,0.7070408463478088,0.8321398496627808,-0.07202626019716263,0.7079867124557495,0.8131710886955261,-0.07705847173929214,0.754346489906311,0.7287108302116394,-0.049822233617305756,0.750788688659668,0.8367050886154175,-0.06927035748958588,0.7508795857429504,0.8396914005279541,-0.06186583265662193,0.7527788281440735,0.8172677755355835,-0.05616014450788498,0.7917817831039429,0.7454537153244019,-0.0562480166554451,0.7882747054100037,0.8373850584030151,-0.0732826292514801,0.7869120240211487,0.8415729403495789,-0.07095970958471298,0.7896820306777954,0.8194206953048706,-0.06710024923086166,mi
