landmark_0_x,landmark_0_y,landmark_0_z,landmark_1_x,landmark_1_y,landmark_1_z,landmark_2_x,landmark_2_y,landmark_2_z,landmark_3_x,landmark_3_y,landmark_3_z,landmark_4_x,landmark_4_y,landmark_4_z,landmark_5_x,landmark_5_y,landmark_5_z,landmark_6_x,landmark_6_y,landmark_6_z,landmark_7_x,landmark_7_y,landmark_7_z,landmark_8_x,landmark_8_y,landmark_8_z,landmark_9_x,landmark_9_y,landmark_9_z,landmark_10_x,landmark_10_y,landmark_10_z,landmark_11_x,landmark_11_y,landmark_11_z,landmark_12_x,landmark_12_y,landmark_12_z,landmark_13_x,landmark_13_y,landmark_13_z,landmark_14_x,landmark_14_y,landmark_14_z,landmark_15_x,landmark_15_y,landmark_15_z,landmark_16_x,landmark_16_y,landmark_16_z,landmark_17_x,landmark_17_y,landmark_17_z,landmark_18_x,landmark_18_y,landmark_18_z,landmark_19_x,landmark_19_y,landmark_19_z,landmark_20_x,landmark_20_y,landmark_20_z,class
0.8105725049972534,0.5642300844192505,4.794583219336346e-08,0.7656189203262329,0.5582130551338196,-0.01674570143222809,0.7351117730140686,0.5376690626144409,-0.03273624926805496,0.7187140583992004,0.5220696330070496,-0.04768464341759682,0.6984413862228394,0.512820839881897,-0.06348946690559387,0.7710483074188232,0.5036754608154297,-0.03588055819272995,0.7710564136505127,0.4842837154865265,-0.0567767508327961,0.7715219855308533,0.48384004831314087,-0.07155478000640869,0.7724183797836304,0.4789169728755951,-0.08184874057769775,0.8032617568969727,0.5077493190765381,-0.04071188345551491,0.8087450861930847,0.4813317358493805,-0.05659838020801544,0.8128373026847839,0.46986305713653564,-0.0647445097565651,0.8179851770401001,0.4547204077243805,-0.07308173179626465,0.8312605023384094,0.5185309052467346,-0.04701345041394234,0.8403562903404236,0.4928176701068878,-0.06490276753902435,0.8480322957038879,0.48117494583129883,-0.06787455081939697,0.8528499603271484,0.4638711214065552,-0.07127385586500168,0.8555620908737183,0.5348290205001831,-0.05452090874314308,0.8705557584762573,0.5139918327331543,-0.06844566762447357,0.8791966438293457,0.5061916708946228,-0.06867967545986176,0.8835866451263428,0.4935879111289978,-0.07025972008705139,mi
