landmark_0_x,landmark_0_y,landmark_0_z,landmark_1_x,landmark_1_y,landmark_1_z,landmark_2_x,landmark_2_y,landmark_2_z,landmark_3_x,landmark_3_y,landmark_3_z,landmark_4_x,landmark_4_y,landmark_4_z,landmark_5_x,landmark_5_y,landmark_5_z,landmark_6_x,landmark_6_y,landmark_6_z,landmark_7_x,landmark_7_y,landmark_7_z,landmark_8_x,landmark_8_y,landmark_8_z,landmark_9_x,landmark_9_y,landmark_9_z,landmark_10_x,landmark_10_y,landmark_10_z,landmark_11_x,landmark_11_y,landmark_11_z,landmark_12_x,landmark_12_y,landmark_12_z,landmark_13_x,landmark_13_y,landmark_13_z,landmark_14_x,landmark_14_y,landmark_14_z,landmark_15_x,landmark_15_y,landmark_15_z,landmark_16_x,landmark_16_y,landmark_16_z,landmark_17_x,landmark_17_y,landmark_17_z,landmark_18_x,landmark_18_y,landmark_18_z,landmark_19_x,landmark_19_y,landmark_19_z,landmark_20_x,landmark_20_y,landmark_20_z,class
0.8037583231925964,0.8740083575248718,-1.6325211049661448e-07,0.7751843333244324,0.8755874037742615,-0.013771269470453262,0.7506796717643738,0.8703087568283081,-0.02221299707889557,0.7339800000190735,0.8652061820030212,-0.028982745483517647,0.7170388698577881,0.8645039796829224,-0.03414996340870857,0.7558417916297913,0.8222995400428772,-0.015874532982707024,0.7552542090415955,0.8734522461891174,-0.030447790399193764,0.7621563673019409,0.8753776550292969,-0.04169866442680359,0.7672739624977112,0.861518919467926,-0.04855834320187569,0.7814095616340637,0.8167312145233154,-0.01623021438717842,0.7819759249687195,0.878947913646698,-0.026466935873031616,0.7877998352050781,0.8771496415138245,-0.030663874000310898,0.7912359237670898,0.8636101484298706,-0.03359532728791237,0.8060178160667419,0.8221787810325623,-0.018351096659898758,0.8050663471221924,0.8808181285858154,-0.029842816293239594,0.8079666495323181,0.8807621002197266,-0.02863786742091179,0.809425950050354,0.8692455887794495,-0.026441145688295364,0.8279648423194885,0.8332716226577759,-0.022195611149072647,0.8266817331314087,0.8810759782791138,-0.03136714920401573,0.8264470100402832,0.8849095106124878,-0.03096158243715763,0.8272887468338013,0.8773288130760193,-0.028864726424217224,mi
