landmark_0_x,landmark_0_y,landmark_0_z,landmark_1_x,landmark_1_y,landmark_1_z,landmark_2_x,landmark_2_y,landmark_2_z,landmark_3_x,landmark_3_y,landmark_3_z,landmark_4_x,landmark_4_y,landmark_4_z,landmark_5_x,landmark_5_y,landmark_5_z,landmark_6_x,landmark_6_y,landmark_6_z,landmark_7_x,landmark_7_y,landmark_7_z,landmark_8_x,landmark_8_y,landmark_8_z,landmark_9_x,landmark_9_y,landmark_9_z,landmark_10_x,landmark_10_y,landmark_10_z,landmark_11_x,landmark_11_y,landmark_11_z,landmark_12_x,landmark_12_y,landmark_12_z,landmark_13_x,landmark_13_y,landmark_13_z,landmark_14_x,landmark_14_y,landmark_14_z,landmark_15_x,landmark_15_y,landmark_15_z,landmark_16_x,landmark_16_y,landmark_16_z,landmark_17_x,landmark_17_y,landmark_17_z,landmark_18_x,landmark_18_y,landmark_18_z,landmark_19_x,landmark_19_y,landmark_19_z,landmark_20_x,landmark_20_y,landmark_20_z,class
0.6222412586212158,0.7467543482780457,-3.2875600908255365e-08,0.5878698229789734,0.7552462220191956,-0.005603770725429058,0.5608336925506592,0.7480820417404175,-0.011451972648501396,0.542026698589325,0.7384403944015503,-0.017606480047106743,0.5228080153465271,0.7310107946395874,-0.024295492097735405,0.5753286480903625,0.7189726233482361,-0.01626078598201275,0.56156325340271,0.7114776968955994,-0.030512532219290733,0.5589989423751831,0.7185927033424377,-0.04057112708687782,0.5590937733650208,0.7260220050811768,-0.047658130526542664,0.5935823917388916,0.712773859500885,-0.022529982030391693,0.5818142294883728,0.7043895721435547,-0.03554137423634529,0.5768737196922302,0.7090342044830322,-0.042859144508838654,0.5739161968231201,0.7129722237586975,-0.048994965851306915,0.614388108253479,0.7145254611968994,-0.02979442849755287,0.604857861995697,0.7053418159484863,-0.04372556135058403,0.5999550223350525,0.704494297504425,-0.04819956794381142,0.594592809677124,0.7023454308509827,-0.05194618180394173,0.6351090669631958,0.7233548760414124,-0.03712020069360733,0.6331366896629333,0.7173197865486145,-0.051591791212558746,0.6290504336357117,0.7156173586845398,-0.05605880171060562,0.622869610786438,0.7133208513259888,-0.05922667309641838,mi
