landmark_0_x,landmark_0_y,landmark_0_z,landmark_1_x,landmark_1_y,landmark_1_z,landmark_2_x,landmark_2_y,landmark_2_z,landmark_3_x,landmark_3_y,landmark_3_z,landmark_4_x,landmark_4_y,landmark_4_z,landmark_5_x,landmark_5_y,landmark_5_z,landmark_6_x,landmark_6_y,landmark_6_z,landmark_7_x,landmark_7_y,landmark_7_z,landmark_8_x,landmark_8_y,landmark_8_z,landmark_9_x,landmark_9_y,landmark_9_z,landmark_10_x,landmark_10_y,landmark_10_z,landmark_11_x,landmark_11_y,landmark_11_z,landmark_12_x,landmark_12_y,landmark_12_z,landmark_13_x,landmark_13_y,landmark_13_z,landmark_14_x,landmark_14_y,landmark_14_z,landmark_15_x,landmark_15_y,landmark_15_z,landmark_16_x,landmark_16_y,landmark_16_z,landmark_17_x,landmark_17_y,landmark_17_z,landmark_18_x,landmark_18_y,landmark_18_z,landmark_19_x,landmark_19_y,landmark_19_z,landmark_20_x,landmark_20_y,landmark_20_z,class
0.8507647514343262,0.41951316595077515,2.2045902881018264e-07,0.8112107515335083,0.406095415353775,-0.013765058480203152,0.7812961339950562,0.378064900636673,-0.023809313774108887,0.7680754065513611,0.3506651818752289,-0.03244202584028244,0.7574637532234192,0.3253326416015625,-0.0414016917347908,0.8125666379928589,0.34430480003356934,-0.022376803681254387,0.8160333037376404,0.3121127188205719,-0.034740328788757324,0.8209425210952759,0.29152950644493103,-0.04385168105363846,0.8262020349502563,0.269670695066452,-0.05137732997536659,0.8447954654693604,0.3467669188976288,-0.026177003979682922,0.8508119583129883,0.3062211275100708,-0.03567550703883171,0.8552358150482178,0.28026407957077026,-0.04214420169591904,0.858281672000885,0.25427162647247314,-0.04895844683051109,0.8714007139205933,0.35859623551368713,-0.03144705295562744,0.8798401951789856,0.32110434770584106,-0.04494142532348633,0.8851447701454163,0.29564356803894043,-0.049215659499168396,0.8873376250267029,0.2691054344177246,-0.05312936753034592,0.894179105758667,0.3769444525241852,-0.03740536794066429,0.9056574106216431,0.35139328241348267,-0.05136169120669365,0.9117283225059509,0.3347354233264923,-0.05396436154842377,0.9139662384986877,0.3157539963722229,-0.05623882636427879,mi
