landmark_0_x,landmark_0_y,landmark_0_z,landmark_1_x,landmark_1_y,landmark_1_z,landmark_2_x,landmark_2_y,landmark_2_z,landmark_3_x,landmark_3_y,landmark_3_z,landmark_4_x,landmark_4_y,landmark_4_z,landmark_5_x,landmark_5_y,landmark_5_z,landmark_6_x,landmark_6_y,landmark_6_z,landmark_7_x,landmark_7_y,landmark_7_z,landmark_8_x,landmark_8_y,landmark_8_z,landmark_9_x,landmark_9_y,landmark_9_z,landmark_10_x,landmark_10_y,landmark_10_z,landmark_11_x,landmark_11_y,landmark_11_z,landmark_12_x,landmark_12_y,landmark_12_z,landmark_13_x,landmark_13_y,landmark_13_z,landmark_14_x,landmark_14_y,landmark_14_z,landmark_15_x,landmark_15_y,landmark_15_z,landmark_16_x,landmark_16_y,landmark_16_z,landmark_17_x,landmark_17_y,landmark_17_z,landmark_18_x,landmark_18_y,landmark_18_z,landmark_19_x,landmark_19_y,landmark_19_z,landmark_20_x,landmark_20_y,landmark_20_z,class
0.8303662538528442,0.8559721112251282,1.4747027599071316e-08,0.8061672449111938,0.8396381139755249,-0.013147936202585697,0.7906911969184875,0.8124459981918335,-0.021717777475714684,0.7888236045837402,0.7890350818634033,-0.029652966186404228,0.7850469350814819,0.771151602268219,-0.037046920508146286,0.8193820118904114,0.7627103924751282,-0.012130296789109707,0.8266267776489258,0.7302700877189636,-0.021838588640093803,0.8295623064041138,0.7217841148376465,-0.030449017882347107,0.8322986364364624,0.7136294841766357,-0.03653459995985031,0.8376176357269287,0.7689195275306702,-0.013127396814525127,0.846100389957428,0.7371403574943542,-0.0202331580221653,0.8467500805854797,0.7289706468582153,-0.02530403435230255,0.8470733165740967,0.7209859490394592,-0.02958851121366024,0.853053629398346,0.7799440026283264,-0.016023019328713417,0.8620519042015076,0.7524757385253906,-0.022431714460253716,0.8600919246673584,0.7481926679611206,-0.021531563252210617,0.8582801818847656,0.743171751499176,-0.021408813074231148,0.8674237728118896,0.7951081991195679,-0.020714126527309418,0.8746999502182007,0.7708390951156616,-0.02504219114780426,0.8722747564315796,0.7689549326896667,-0.022024400532245636,0.8686444759368896,0.7688041925430298,-0.01988876983523369,mi
