landmark_0_x,landmark_0_y,landmark_0_z,landmark_1_x,landmark_1_y,landmark_1_z,landmark_2_x,landmark_2_y,landmark_2_z,landmark_3_x,landmark_3_y,landmark_3_z,landmark_4_x,landmark_4_y,landmark_4_z,landmark_5_x,landmark_5_y,landmark_5_z,landmark_6_x,landmark_6_y,landmark_6_z,landmark_7_x,landmark_7_y,landmark_7_z,landmark_8_x,landmark_8_y,landmark_8_z,landmark_9_x,landmark_9_y,landmark_9_z,landmark_10_x,landmark_10_y,landmark_10_z,landmark_11_x,landmark_11_y,landmark_11_z,landmark_12_x,landmark_12_y,landmark_12_z,landmark_13_x,landmark_13_y,landmark_13_z,landmark_14_x,landmark_14_y,landmark_14_z,landmark_15_x,landmark_15_y,landmark_15_z,landmark_16_x,landmark_16_y,landmark_16_z,landmark_17_x,landmark_17_y,landmark_17_z,landmark_18_x,landmark_18_y,landmark_18_z,landmark_19_x,landmark_19_y,landmark_19_z,landmark_20_x,landmark_20_y,landmark_20_z,class
0.7404701113700867,0.6546487808227539,-4.023328301627771e-07,0.6917319893836975,0.6389465928077698,-0.015996865928173065,0.6534016132354736,0.6059377193450928,-0.026694489642977715,0.6595218777656555,0.5720226764678955,-0.03614119812846184,0.6905264854431152,0.567229151725769,-0.042016662657260895,0.671187162399292,0.49677324295043945,-0.012703970074653625,0.6898288130760193,0.5237919688224792,-0.03309980407357216,0.6940496563911438,0.5639033913612366,-0.045426782220602036,0.6886528730392456,0.5674454569816589,-0.05365767702460289,0.7042626142501831,0.49116480350494385,-0.016143454238772392,0.7217859029769897,0.5295347571372986,-0.036749936640262604,0.722070574760437,0.5714322924613953,-0.04127231240272522,0.716139018535614,0.5710979104042053,-0.04154130816459656,0.7364459037780762,0.4976983666419983,-0.022753041237592697,0.7541394233703613,0.5363035202026367,-0.039939578622579575,0.7504438161849976,0.5727035403251648,-0.0338934026658535,0.7416000962257385,0.5718486309051514,-0.027159053832292557,0.7673485279083252,0.5141549110412598,-0.032032888382673264,0.7806615829467773,0.5379722714424133,-0.04151158034801483,0.7762489318847656,0.5705239176750183,-0.03596293926239014,0.7683821320533752,0.5741499662399292,-0.02934602089226246,do
