landmark_0_x,landmark_0_y,landmark_0_z,landmark_1_x,landmark_1_y,landmark_1_z,landmark_2_x,landmark_2_y,landmark_2_z,landmark_3_x,landmark_3_y,landmark_3_z,landmark_4_x,landmark_4_y,landmark_4_z,landmark_5_x,landmark_5_y,landmark_5_z,landmark_6_x,landmark_6_y,landmark_6_z,landmark_7_x,landmark_7_y,landmark_7_z,landmark_8_x,landmark_8_y,landmark_8_z,landmark_9_x,landmark_9_y,landmark_9_z,landmark_10_x,landmark_10_y,landmark_10_z,landmark_11_x,landmark_11_y,landmark_11_z,landmark_12_x,landmark_12_y,landmark_12_z,landmark_13_x,landmark_13_y,landmark_13_z,landmark_14_x,landmark_14_y,landmark_14_z,landmark_15_x,landmark_15_y,landmark_15_z,landmark_16_x,landmark_16_y,landmark_16_z,landmark_17_x,landmark_17_y,landmark_17_z,landmark_18_x,landmark_18_y,landmark_18_z,landmark_19_x,landmark_19_y,landmark_19_z,landmark_20_x,landmark_20_y,landmark_20_z,class
0.8187503218650818,0.4548569917678833,-3.285141758624377e-07,0.7508332133293152,0.41999486088752747,-0.023282477632164955,0.6945644617080688,0.35487768054008484,-0.04082772880792618,0.7007149457931519,0.28705930709838867,-0.060123980045318604,0.7493647336959839,0.2707058787345886,-0.07761318236589432,0.7348030805587769,0.24074596166610718,-0.011395055800676346,0.731964111328125,0.18125906586647034,-0.04669269546866417,0.7241618633270264,0.18674996495246887,-0.06992592662572861,0.7137287259101868,0.19470253586769104,-0.08265553414821625,0.7839756011962891,0.23802217841148376,-0.01856411062180996,0.7807745337486267,0.19044190645217896,-0.0587746798992157,0.7746622562408447,0.25239548087120056,-0.06901382654905319,0.7707816958427429,0.28687766194343567,-0.0660191997885704,0.8297631740570068,0.24833089113235474,-0.031906481832265854,0.8256939053535461,0.2116396129131317,-0.06981171667575836,0.8154457807540894,0.27336081862449646,-0.06263891607522964,0.8101822137832642,0.30716463923454285,-0.04729998856782913,0.8753302097320557,0.27104508876800537,-0.04794120416045189,0.8676278591156006,0.22877083718776703,-0.06808990240097046,0.8544994592666626,0.2743688225746155,-0.05698517709970474,0.8486441969871521,0.3066973388195038,-0.042865313589572906,do
