landmark_0_x,landmark_0_y,landmark_0_z,landmark_1_x,landmark_1_y,landmark_1_z,landmark_2_x,landmark_2_y,landmark_2_z,landmark_3_x,landmark_3_y,landmark_3_z,landmark_4_x,landmark_4_y,landmark_4_z,landmark_5_x,landmark_5_y,landmark_5_z,landmark_6_x,landmark_6_y,landmark_6_z,landmark_7_x,landmark_7_y,landmark_7_z,landmark_8_x,landmark_8_y,landmark_8_z,landmark_9_x,landmark_9_y,landmark_9_z,landmark_10_x,landmark_10_y,landmark_10_z,landmark_11_x,landmark_11_y,landmark_11_z,landmark_12_x,landmark_12_y,landmark_12_z,landmark_13_x,landmark_13_y,landmark_13_z,landmark_14_x,landmark_14_y,landmark_14_z,landmark_15_x,landmark_15_y,landmark_15_z,landmark_16_x,landmark_16_y,landmark_16_z,landmark_17_x,landmark_17_y,landmark_17_z,landmark_18_x,landmark_18_y,landmark_18_z,landmark_19_x,landmark_19_y,landmark_19_z,landmark_20_x,landmark_20_y,landmark_20_z,class
0.6535884141921997,0.4966351389884949,-2.459678398736287e-07,0.5971615314483643,0.4647921323776245,-0.024004507809877396,0.5426251888275146,0.42728644609451294,-0.038708001375198364,0.5176568031311035,0.3866099417209625,-0.05276833474636078,0.5479453206062317,0.35883575677871704,-0.06127246469259262,0.564719021320343,0.31895911693573,-0.0002644897613208741,0.5510237216949463,0.31881678104400635,-0.02810727059841156,0.5605663657188416,0.3635283410549164,-0.04397186264395714,0.5689705014228821,0.3740687370300293,-0.0512704961001873,0.6026949882507324,0.30590197443962097,-0.0008965061279013753,0.5889744758605957,0.30657196044921875,-0.029190003871917725,0.5952497124671936,0.36481475830078125,-0.033557213842868805,0.6032665371894836,0.37443411350250244,-0.028389476239681244,0.6411550045013428,0.3081713914871216,-0.00812810380011797,0.6284608244895935,0.3184008300304413,-0.032306939363479614,0.6293302178382874,0.3695709705352783,-0.022270992398262024,0.6344572901725769,0.37408018112182617,-0.007823210209608078,0.6779518127441406,0.32209232449531555,-0.01862100511789322,0.6652240753173828,0.32293811440467834,-0.026593754068017006,0.6607919335365295,0.36083853244781494,-0.015277966856956482,0.6640698909759521,0.3689040541648865,-0.0025184203404933214,do
