landmark_0_x,landmark_0_y,landmark_0_z,landmark_1_x,landmark_1_y,landmark_1_z,landmark_2_x,landmark_2_y,landmark_2_z,landmark_3_x,landmark_3_y,landmark_3_z,landmark_4_x,landmark_4_y,landmark_4_z,landmark_5_x,landmark_5_y,landmark_5_z,landmark_6_x,landmark_6_y,landmark_6_z,landmark_7_x,landmark_7_y,landmark_7_z,landmark_8_x,landmark_8_y,landmark_8_z,landmark_9_x,landmark_9_y,landmark_9_z,landmark_10_x,landmark_10_y,landmark_10_z,landmark_11_x,landmark_11_y,landmark_11_z,landmark_12_x,landmark_12_y,landmark_12_z,landmark_13_x,landmark_13_y,landmark_13_z,landmark_14_x,landmark_14_y,landmark_14_z,landmark_15_x,landmark_15_y,landmark_15_z,landmark_16_x,landmark_16_y,landmark_16_z,landmark_17_x,landmark_17_y,landmark_17_z,landmark_18_x,landmark_18_y,landmark_18_z,landmark_19_x,landmark_19_y,landmark_19_z,landmark_20_x,landmark_20_y,landmark_20_z,class
0.6928226947784424,0.34224241971969604,-4.327530405134894e-07,0.6348843574523926,0.32768750190734863,-0.013364764861762524,0.5818679332733154,0.28650566935539246,-0.022943343967199326,0.5747517943382263,0.23704446852207184,-0.033364180475473404,0.6136143207550049,0.23255956172943115,-0.040603552013635635,0.6226333975791931,0.18514801561832428,-0.00564740551635623,0.6064410209655762,0.17100870609283447,-0.029076620936393738,0.612140953540802,0.22235673666000366,-0.040238168090581894,0.6182042360305786,0.23083196580410004,-0.04586077481508255,0.6574349403381348,0.1764565110206604,-0.01091675367206335,0.6393488645553589,0.1746566891670227,-0.035126302391290665,0.6465155482292175,0.22936579585075378,-0.03501381352543831,0.6584301590919495,0.23393449187278748,-0.028650475665926933,0.6909481883049011,0.17758294939994812,-0.02050764672458172,0.6756750345230103,0.18314465880393982,-0.04252985864877701,0.6796254515647888,0.2338923066854477,-0.03116263635456562,0.6883494853973389,0.23751768469810486,-0.01761854998767376,0.7255033850669861,0.18866825103759766,-0.032098133116960526,0.7090796828269958,0.1844569593667984,-0.0416400209069252,0.7105575799942017,0.22431211173534393,-0.030460216104984283,0.7193577289581299,0.2321304827928543,-0.018661126494407654,do
