landmark_0_x,landmark_0_y,landmark_0_z,landmark_1_x,landmark_1_y,landmark_1_z,landmark_2_x,landmark_2_y,landmark_2_z,landmark_3_x,landmark_3_y,landmark_3_z,landmark_4_x,landmark_4_y,landmark_4_z,landmark_5_x,landmark_5_y,landmark_5_z,landmark_6_x,landmark_6_y,landmark_6_z,landmark_7_x,landmark_7_y,landmark_7_z,landmark_8_x,landmark_8_y,landmark_8_z,landmark_9_x,landmark_9_y,landmark_9_z,landmark_10_x,landmark_10_y,landmark_10_z,landmark_11_x,landmark_11_y,landmark_11_z,landmark_12_x,landmark_12_y,landmark_12_z,landmark_13_x,landmark_13_y,landmark_13_z,landmark_14_x,landmark_14_y,landmark_14_z,landmark_15_x,landmark_15_y,landmark_15_z,landmark_16_x,landmark_16_y,landmark_16_z,landmark_17_x,landmark_17_y,landmark_17_z,landmark_18_x,landmark_18_y,landmark_18_z,landmark_19_x,landmark_19_y,landmark_19_z,landmark_20_x,landmark_20_y,landmark_20_z,class
0.8640887141227722,0.8069359064102173,-5.470506039273459e-07,0.7954049706459045,0.7823045253753662,-0.030478989705443382,0.7328227162361145,0.7339131832122803,-0.051813673228025436,0.7233226299285889,0.6896836161613464,-0.06880433112382889,0.7684839367866516,0.6768195629119873,-0.07826633751392365,0.7733047604560852,0.5596964359283447,-0.03021661750972271,0.781297504901886,0.6229792833328247,-0.05687117576599121,0.7874217629432678,0.6802189946174622,-0.06888685375452042,0.7813292145729065,0.6694531440734863,-0.07743838429450989,0.8278022408485413,0.5451786518096924,-0.031111424788832664,0.839583694934845,0.635553777217865,-0.057485561817884445,0.8398852348327637,0.6918116211891174,-0.06052538752555847,0.8326390385627747,0.6748263835906982,-0.05992190167307854,0.8814944624900818,0.5544026494026184,-0.036113496869802475,0.8916082978248596,0.6445516347885132,-0.0588681660592556,0.8861237168312073,0.6918810606002808,-0.048160407692193985,0.8786492943763733,0.6711695194244385,-0.03871738910675049,0.9305251836776733,0.5780802965164185,-0.04526233300566673,0.932475209236145,0.6377838253974915,-0.05724755674600601,0.9263806343078613,0.6807172298431396,-0.04933278635144234,0.9229714870452881,0.6696972846984863,-0.04068344831466675,do
