landmark_0_x,landmark_0_y,landmark_0_z,landmark_1_x,landmark_1_y,landmark_1_z,landmark_2_x,landmark_2_y,landmark_2_z,landmark_3_x,landmark_3_y,landmark_3_z,landmark_4_x,landmark_4_y,landmark_4_z,landmark_5_x,landmark_5_y,landmark_5_z,landmark_6_x,landmark_6_y,landmark_6_z,landmark_7_x,landmark_7_y,landmark_7_z,landmark_8_x,landmark_8_y,landmark_8_z,landmark_9_x,landmark_9_y,landmark_9_z,landmark_10_x,landmark_10_y,landmark_10_z,landmark_11_x,landmark_11_y,landmark_11_z,landmark_12_x,landmark_12_y,landmark_12_z,landmark_13_x,landmark_13_y,landmark_13_z,landmark_14_x,landmark_14_y,landmark_14_z,landmark_15_x,landmark_15_y,landmark_15_z,landmark_16_x,landmark_16_y,landmark_16_z,landmark_17_x,landmark_17_y,landmark_17_z,landmark_18_x,landmark_18_y,landmark_18_z,landmark_19_x,landmark_19_y,landmark_19_z,landmark_20_x,landmark_20_y,landmark_20_z,class
0.8422534465789795,0.475227028131485,-3.470634339919343e-07,0.7950201034545898,0.46001487970352173,-0.025822225958108902,0.755129873752594,0.4307361841201782,-0.045886822044849396,0.7561715245246887,0.3967527151107788,-0.06269002705812454,0.7828269004821777,0.37332144379615784,-0.07474493235349655,0.7774598002433777,0.3060930371284485,-0.02830629236996174,0.7952576875686646,0.31912708282470703,-0.055455923080444336,0.799680769443512,0.36580735445022583,-0.07235020399093628,0.794343888759613,0.3786903917789459,-0.08256661146879196,0.818708062171936,0.3006365895271301,-0.029488997533917427,0.8324249982833862,0.3130806088447571,-0.05493221804499626,0.8333393335342407,0.3624127209186554,-0.06171036511659622,0.8280879259109497,0.37403127551078796,-0.06267185509204865,0.8576979041099548,0.3082464337348938,-0.03423827514052391,0.868800938129425,0.3271216154098511,-0.05392478033900261,0.8665927052497864,0.369411438703537,-0.045778222382068634,0.8604991436004639,0.37496304512023926,-0.03741598501801491,0.8923152685165405,0.3264666199684143,-0.042120449244976044,0.8985301852226257,0.3388447165489197,-0.05178575590252876,0.8962585926055908,0.37299275398254395,-0.04246705025434494,0.8935366272926331,0.37763309478759766,-0.033018555492162704,do
