landmark_0_x,landmark_0_y,landmark_0_z,landmark_1_x,landmark_1_y,landmark_1_z,landmark_2_x,landmark_2_y,landmark_2_z,landmark_3_x,landmark_3_y,landmark_3_z,landmark_4_x,landmark_4_y,landmark_4_z,landmark_5_x,landmark_5_y,landmark_5_z,landmark_6_x,landmark_6_y,landmark_6_z,landmark_7_x,landmark_7_y,landmark_7_z,landmark_8_x,landmark_8_y,landmark_8_z,landmark_9_x,landmark_9_y,landmark_9_z,landmark_10_x,landmark_10_y,landmark_10_z,landmark_11_x,landmark_11_y,landmark_11_z,landmark_12_x,landmark_12_y,landmark_12_z,landmark_13_x,landmark_13_y,landmark_13_z,landmark_14_x,landmark_14_y,landmark_14_z,landmark_15_x,landmark_15_y,landmark_15_z,landmark_16_x,landmark_16_y,landmark_16_z,landmark_17_x,landmark_17_y,landmark_17_z,landmark_18_x,landmark_18_y,landmark_18_z,landmark_19_x,landmark_19_y,landmark_19_z,landmark_20_x,landmark_20_y,landmark_20_z,class
0.7055625915527344,0.7365525960922241,-6.785218715776864e-07,0.6245519518852234,0.7195773124694824,-0.05036528408527374,0.5453165769577026,0.667285680770874,-0.08056720346212387,0.5072730779647827,0.6141175031661987,-0.10486718267202377,0.5434003472328186,0.574889063835144,-0.11894144862890244,0.5765106678009033,0.4377257823944092,-0.037291206419467926,0.5573902130126953,0.5321063995361328,-0.08186206221580505,0.574787974357605,0.601080596446991,-0.10416145622730255,0.5833929181098938,0.5829648375511169,-0.11741621047258377,0.6372983455657959,0.4178510010242462,-0.03475978597998619,0.6180624961853027,0.5354351997375488,-0.079060859978199,0.6290439367294312,0.6079186797142029,-0.08512520790100098,0.63531094789505,0.5830697417259216,-0.08238736540079117,0.699244499206543,0.4310849606990814,-0.04083651304244995,0.6768829822540283,0.5449872016906738,-0.08342394232749939,0.6802778244018555,0.6110888719558716,-0.07072586566209793,0.6844717860221863,0.587774932384491,-0.05478560924530029,0.7572464346885681,0.4592732787132263,-0.05318395048379898,0.737609326839447,0.5429672598838806,-0.07649445533752441,0.7339982986450195,0.5931528210639954,-0.0688692256808281,0.7365781664848328,0.5775614976882935,-0.05754054710268974,do
