landmark_0_x,landmark_0_y,landmark_0_z,landmark_1_x,landmark_1_y,landmark_1_z,landmark_2_x,landmark_2_y,landmark_2_z,landmark_3_x,landmark_3_y,landmark_3_z,landmark_4_x,landmark_4_y,landmark_4_z,landmark_5_x,landmark_5_y,landmark_5_z,landmark_6_x,landmark_6_y,landmark_6_z,landmark_7_x,landmark_7_y,landmark_7_z,landmark_8_x,landmark_8_y,landmark_8_z,landmark_9_x,landmark_9_y,landmark_9_z,landmark_10_x,landmark_10_y,landmark_10_z,landmark_11_x,landmark_11_y,landmark_11_z,landmark_12_x,landmark_12_y,landmark_12_z,landmark_13_x,landmark_13_y,landmark_13_z,landmark_14_x,landmark_14_y,landmark_14_z,landmark_15_x,landmark_15_y,landmark_15_z,landmark_16_x,landmark_16_y,landmark_16_z,landmark_17_x,landmark_17_y,landmark_17_z,landmark_18_x,landmark_18_y,landmark_18_z,landmark_19_x,landmark_19_y,landmark_19_z,landmark_20_x,landmark_20_y,landmark_20_z,class
0.8295223712921143,0.3943282961845398,-6.193198487380869e-07,0.7543452978134155,0.3595292568206787,-0.025375600904226303,0.6920775771141052,0.2830285429954529,-0.039195287972688675,0.7006990313529968,0.2118171751499176,-0.05411316081881523,0.7591831684112549,0.21299132704734802,-0.0638953447341919,0.7355979084968567,0.17094933986663818,-0.007143363822251558,0.7350336313247681,0.12390328198671341,-0.04607202485203743,0.7389806509017944,0.1936270147562027,-0.06581903994083405,0.7348663806915283,0.2160845845937729,-0.07444045692682266,0.7875227332115173,0.16259141266345978,-0.011243650689721107,0.7867420315742493,0.12818042933940887,-0.052377793937921524,0.7914987206459045,0.2103177011013031,-0.05884159728884697,0.7885099649429321,0.22994598746299744,-0.05250117927789688,0.8372890949249268,0.16389355063438416,-0.022788621485233307,0.8365008234977722,0.13859467208385468,-0.06131261587142944,0.8354920744895935,0.21414121985435486,-0.05153738707304001,0.8305036425590515,0.2368483990430832,-0.033535659313201904,0.8852959871292114,0.1758379340171814,-0.03717398643493652,0.8807430863380432,0.1382617950439453,-0.05373154208064079,0.875112771987915,0.1948624551296234,-0.04073759913444519,0.872468888759613,0.22132441401481628,-0.024887070059776306,do
