landmark_0_x,landmark_0_y,landmark_0_z,landmark_1_x,landmark_1_y,landmark_1_z,landmark_2_x,landmark_2_y,landmark_2_z,landmark_3_x,landmark_3_y,landmark_3_z,landmark_4_x,landmark_4_y,landmark_4_z,landmark_5_x,landmark_5_y,landmark_5_z,landmark_6_x,landmark_6_y,landmark_6_z,landmark_7_x,landmark_7_y,landmark_7_z,landmark_8_x,landmark_8_y,landmark_8_z,landmark_9_x,landmark_9_y,landmark_9_z,landmark_10_x,landmark_10_y,landmark_10_z,landmark_11_x,landmark_11_y,landmark_11_z,landmark_12_x,landmark_12_y,landmark_12_z,landmark_13_x,landmark_13_y,landmark_13_z,landmark_14_x,landmark_14_y,landmark_14_z,landmark_15_x,landmark_15_y,landmark_15_z,landmark_16_x,landmark_16_y,landmark_16_z,landmark_17_x,landmark_17_y,landmark_17_z,landmark_18_x,landmark_18_y,landmark_18_z,landmark_19_x,landmark_19_y,landmark_19_z,landmark_20_x,landmark_20_y,landmark_20_z,class
0.8278706669807434,0.8578197360038757,-3.470181013653928e-07,0.7808312773704529,0.85597163438797,-0.027100300416350365,0.740585446357727,0.8382341861724854,-0.04597378522157669,0.7290643453598022,0.8236966729164124,-0.06092905253171921,0.7413816452026367,0.8147408962249756,-0.07138130813837051,0.7601029872894287,0.7065288424491882,-0.028642497956752777,0.7700812816619873,0.7619272470474243,-0.04978330805897713,0.7763601541519165,0.7983378767967224,-0.06169771030545235,0.776162326335907,0.7841460704803467,-0.07043853402137756,0.7953734993934631,0.6978181600570679,-0.027524562552571297,0.8060786724090576,0.7601585984230042,-0.048383694142103195,0.806972324848175,0.7955493330955505,-0.052619196474552155,0.8035937547683716,0.7820004224777222,-0.05412617325782776,0.8295726776123047,0.7036767601966858,-0.029619548469781876,0.8377377390861511,0.7650293111801147,-0.047359634190797806,0.8346605896949768,0.7956838011741638,-0.04172118753194809,0.8297998905181885,0.7818790078163147,-0.036670833826065063,0.8606595993041992,0.7173294425010681,-0.035044267773628235,0.8633227944374084,0.763839602470398,-0.04467057064175606,0.8601285815238953,0.7917541861534119,-0.04092411696910858,0.8570681214332581,0.783089280128479,-0.03658974915742874,do
