landmark_0_x,landmark_0_y,landmark_0_z,landmark_1_x,landmark_1_y,landmark_1_z,landmark_2_x,landmark_2_y,landmark_2_z,landmark_3_x,landmark_3_y,landmark_3_z,landmark_4_x,landmark_4_y,landmark_4_z,landmark_5_x,landmark_5_y,landmark_5_z,landmark_6_x,landmark_6_y,landmark_6_z,landmark_7_x,landmark_7_y,landmark_7_z,landmark_8_x,landmark_8_y,landmark_8_z,landmark_9_x,landmark_9_y,landmark_9_z,landmark_10_x,landmark_10_y,landmark_10_z,landmark_11_x,landmark_11_y,landmark_11_z,landmark_12_x,landmark_12_y,landmark_12_z,landmark_13_x,landmark_13_y,landmark_13_z,landmark_14_x,landmark_14_y,landmark_14_z,landmark_15_x,landmark_15_y,landmark_15_z,landmark_16_x,landmark_16_y,landmark_16_z,landmark_17_x,landmark_17_y,landmark_17_z,landmark_18_x,landmark_18_y,landmark_18_z,landmark_19_x,landmark_19_y,landmark_19_z,landmark_20_x,landmark_20_y,landmark_20_z,class
0.8683745861053467,0.7363987565040588,-3.8550609815501957e-07,0.8233339190483093,0.7246379256248474,-0.021421421319246292,0.7842090129852295,0.6922813653945923,-0.036922354251146317,0.7874852418899536,0.6651115417480469,-0.049193479120731354,0.8200421929359436,0.6553612351417542,-0.05632853880524635,0.8010836243629456,0.5669830441474915,-0.02072974108159542,0.8163473010063171,0.6100668907165527,-0.043360378593206406,0.8189164400100708,0.6491190195083618,-0.056599605828523636,0.813186764717102,0.6435033679008484,-0.0658009722828865,0.8362976908683777,0.5592859983444214,-0.023078830912709236,0.8518194556236267,0.6117175817489624,-0.04403303936123848,0.8520240187644958,0.6513463854789734,-0.04840512201189995,0.8465180397033691,0.6398059129714966,-0.04944897070527077,0.871650218963623,0.566832423210144,-0.028725894168019295,0.885084331035614,0.6200280785560608,-0.045343585312366486,0.881568193435669,0.6543950438499451,-0.03742899000644684,0.8750789165496826,0.6417664289474487,-0.03063136711716652,0.904572606086731,0.5844777822494507,-0.03766492009162903,0.9100516438484192,0.622893750667572,-0.04668909311294556,0.907625138759613,0.6533433198928833,-0.03999146819114685,0.9047639966011047,0.6471794843673706,-0.032962873578071594,do
