landmark_0_x,landmark_0_y,landmark_0_z,landmark_1_x,landmark_1_y,landmark_1_z,landmark_2_x,landmark_2_y,landmark_2_z,landmark_3_x,landmark_3_y,landmark_3_z,landmark_4_x,landmark_4_y,landmark_4_z,landmark_5_x,landmark_5_y,landmark_5_z,landmark_6_x,landmark_6_y,landmark_6_z,landmark_7_x,landmark_7_y,landmark_7_z,landmark_8_x,landmark_8_y,landmark_8_z,landmark_9_x,landmark_9_y,landmark_9_z,landmark_10_x,landmark_10_y,landmark_10_z,landmark_11_x,landmark_11_y,landmark_11_z,landmark_12_x,landmark_12_y,landmark_12_z,landmark_13_x,landmark_13_y,landmark_13_z,landmark_14_x,landmark_14_y,landmark_14_z,landmark_15_x,landmark_15_y,landmark_15_z,landmark_16_x,landmark_16_y,landmark_16_z,landmark_17_x,landmark_17_y,landmark_17_z,landmark_18_x,landmark_18_y,landmark_18_z,landmark_19_x,landmark_19_y,landmark_19_z,landmark_20_x,landmark_20_y,landmark_20_z,class
0.6697341203689575,0.6504675149917603,-3.5574734624788107e-07,0.617591917514801,0.6383788585662842,-0.019730186089873314,0.56975257396698,0.6028668284416199,-0.030713414773344994,0.5586729645729065,0.5649240612983704,-0.04002811759710312,0.5877628922462463,0.5593042373657227,-0.04531817138195038,0.5957596302032471,0.49178045988082886,-0.007604011334478855,0.5848759412765503,0.5175091028213501,-0.027140585705637932,0.5948821306228638,0.5594608783721924,-0.038453854620456696,0.60020512342453,0.5580575466156006,-0.04531651362776756,0.629466712474823,0.4783550500869751,-0.00819254107773304,0.6191967129707336,0.5202154517173767,-0.026539629325270653,0.6273453831672668,0.562475860118866,-0.028528302907943726,0.6321030259132385,0.5586310625076294,-0.026095978915691376,0.6622746586799622,0.481740802526474,-0.013123700395226479,0.6542302370071411,0.5250702500343323,-0.029785193502902985,0.6563643217086792,0.560965359210968,-0.02240249328315258,0.6584360599517822,0.5548230409622192,-0.01365744136273861,0.6937176585197449,0.49458128213882446,-0.021015649661421776,0.6850253343582153,0.5250428915023804,-0.027812836691737175,0.6852020025253296,0.5530505776405334,-0.02123008295893669,0.6876409649848938,0.5511777997016907,-0.013695459812879562,do
