landmark_0_x,landmark_0_y,landmark_0_z,landmark_1_x,landmark_1_y,landmark_1_z,landmark_2_x,landmark_2_y,landmark_2_z,landmark_3_x,landmark_3_y,landmark_3_z,landmark_4_x,landmark_4_y,landmark_4_z,landmark_5_x,landmark_5_y,landmark_5_z,landmark_6_x,landmark_6_y,landmark_6_z,landmark_7_x,landmark_7_y,landmark_7_z,landmark_8_x,landmark_8_y,landmark_8_z,landmark_9_x,landmark_9_y,landmark_9_z,landmark_10_x,landmark_10_y,landmark_10_z,landmark_11_x,landmark_11_y,landmark_11_z,landmark_12_x,landmark_12_y,landmark_12_z,landmark_13_x,landmark_13_y,landmark_13_z,landmark_14_x,landmark_14_y,landmark_14_z,landmark_15_x,landmark_15_y,landmark_15_z,landmark_16_x,landmark_16_y,landmark_16_z,landmark_17_x,landmark_17_y,landmark_17_z,landmark_18_x,landmark_18_y,landmark_18_z,landmark_19_x,landmark_19_y,landmark_19_z,landmark_20_x,landmark_20_y,landmark_20_z,class
0.7760751843452454,0.549538791179657,-3.7915290818091307e-07,0.7107692956924438,0.521127462387085,-0.01504986546933651,0.658295750617981,0.47267958521842957,-0.025220578536391258,0.6568763852119446,0.41339853405952454,-0.03626660257577896,0.6997909545898438,0.40762418508529663,-0.04442564770579338,0.6904066801071167,0.3717620372772217,-0.005146176554262638,0.6878297328948975,0.34629204869270325,-0.02737608551979065,0.6915326714515686,0.3871029317378998,-0.041437648236751556,0.692370593547821,0.40985798835754395,-0.04899924620985985,0.731730043888092,0.36014920473098755,-0.00970263872295618,0.7316451668739319,0.34333354234695435,-0.03268205001950264,0.7348219752311707,0.39547932147979736,-0.03786075860261917,0.7357691526412964,0.42543062567710876,-0.035686738789081573,0.7708979249000549,0.3608836233615875,-0.01823670044541359,0.771995484828949,0.35218241810798645,-0.0392710343003273,0.7704240083694458,0.40033867955207825,-0.033414341509342194,0.7682600021362305,0.4299596846103668,-0.023208003491163254,0.8088904023170471,0.3741452395915985,-0.028970511630177498,0.8090351819992065,0.35107871890068054,-0.039064016193151474,0.8034431338310242,0.3893038034439087,-0.03038150817155838,0.8001523613929749,0.4184897840023041,-0.020030710846185684,do
