landmark_0_x,landmark_0_y,landmark_0_z,landmark_1_x,landmark_1_y,landmark_1_z,landmark_2_x,landmark_2_y,landmark_2_z,landmark_3_x,landmark_3_y,landmark_3_z,landmark_4_x,landmark_4_y,landmark_4_z,landmark_5_x,landmark_5_y,landmark_5_z,landmark_6_x,landmark_6_y,landmark_6_z,landmark_7_x,landmark_7_y,landmark_7_z,landmark_8_x,landmark_8_y,landmark_8_z,landmark_9_x,landmark_9_y,landmark_9_z,landmark_10_x,landmark_10_y,landmark_10_z,landmark_11_x,landmark_11_y,landmark_11_z,landmark_12_x,landmark_12_y,landmark_12_z,landmark_13_x,landmark_13_y,landmark_13_z,landmark_14_x,landmark_14_y,landmark_14_z,landmark_15_x,landmark_15_y,landmark_15_z,landmark_16_x,landmark_16_y,landmark_16_z,landmark_17_x,landmark_17_y,landmark_17_z,landmark_18_x,landmark_18_y,landmark_18_z,landmark_19_x,landmark_19_y,landmark_19_z,landmark_20_x,landmark_20_y,landmark_20_z,class
0.776067316532135,0.3485243320465088,-4.1617764168222493e-07,0.6960394382476807,0.3279396593570709,-0.03305560350418091,0.6208953261375427,0.2683090567588806,-0.052108123898506165,0.6155151724815369,0.18843668699264526,-0.07034418731927872,0.6711899042129517,0.16489198803901672,-0.08233671635389328,0.6495068669319153,0.13517269492149353,-0.011489598080515862,0.6548157334327698,0.09843691438436508,-0.059728048741817474,0.6673774123191833,0.16896046698093414,-0.08905480802059174,0.6677287817001343,0.19917921721935272,-0.10319850593805313,0.6992785334587097,0.11418985575437546,-0.014998289756476879,0.7115483283996582,0.09186697751283646,-0.06312831491231918,0.7218442559242249,0.1753443479537964,-0.07427135854959488,0.7175883650779724,0.2004832774400711,-0.07037370651960373,0.7482711672782898,0.10908235609531403,-0.027498623356223106,0.7648255825042725,0.10203948616981506,-0.07030648738145828,0.7671329975128174,0.1757992058992386,-0.060726460069417953,0.7570390701293945,0.19577358663082123,-0.042996086180210114,0.7960657477378845,0.11883042007684708,-0.04427283629775047,0.8097047805786133,0.11002536863088608,-0.06481286138296127,0.8071866035461426,0.1702117621898651,-0.052596740424633026,0.7970759868621826,0.19172826409339905,-0.03683819621801376,do
