landmark_0_x,landmark_0_y,landmark_0_z,landmark_1_x,landmark_1_y,landmark_1_z,landmark_2_x,landmark_2_y,landmark_2_z,landmark_3_x,landmark_3_y,landmark_3_z,landmark_4_x,landmark_4_y,landmark_4_z,landmark_5_x,landmark_5_y,landmark_5_z,landmark_6_x,landmark_6_y,landmark_6_z,landmark_7_x,landmark_7_y,landmark_7_z,landmark_8_x,landmark_8_y,landmark_8_z,landmark_9_x,landmark_9_y,landmark_9_z,landmark_10_x,landmark_10_y,landmark_10_z,landmark_11_x,landmark_11_y,landmark_11_z,landmark_12_x,landmark_12_y,landmark_12_z,landmark_13_x,landmark_13_y,landmark_13_z,landmark_14_x,landmark_14_y,landmark_14_z,landmark_15_x,landmark_15_y,landmark_15_z,landmark_16_x,landmark_16_y,landmark_16_z,landmark_17_x,landmark_17_y,landmark_17_z,landmark_18_x,landmark_18_y,landmark_18_z,landmark_19_x,landmark_19_y,landmark_19_z,landmark_20_x,landmark_20_y,landmark_20_z,class
0.7396527528762817,0.6377798914909363,-6.345474048430333e-07,0.6413124799728394,0.6180335879325867,-0.03393000364303589,0.5528302192687988,0.5537325143814087,-0.05288342386484146,0.5349056720733643,0.48404017090797424,-0.06985153257846832,0.5932692289352417,0.4753985106945038,-0.07941374182701111,0.6087281703948975,0.35131609439849854,-0.010066255927085876,0.5729241967201233,0.4016302824020386,-0.04533911496400833,0.5952252149581909,0.47763580083847046,-0.0662810429930687,0.6102672219276428,0.4739686846733093,-0.0794505774974823,0.6660222411155701,0.32422274351119995,-0.012606427073478699,0.6314963698387146,0.3991810083389282,-0.045751411467790604,0.6507043242454529,0.48110857605934143,-0.04755306988954544,0.6650949716567993,0.4743216037750244,-0.04200976714491844,0.723648190498352,0.331696093082428,-0.023663995787501335,0.6945436596870422,0.409808874130249,-0.05387190356850624,0.7014589309692383,0.482618510723114,-0.0383283793926239,0.7112537026405334,0.47333231568336487,-0.021144475787878036,0.7798731327056885,0.35665279626846313,-0.040362197905778885,0.7530432343482971,0.41705071926116943,-0.05178089439868927,0.7512627840042114,0.47207358479499817,-0.0395854189991951,0.7589125037193298,0.4694022834300995,-0.026512647047638893,do
