landmark_0_x,landmark_0_y,landmark_0_z,landmark_1_x,landmark_1_y,landmark_1_z,landmark_2_x,landmark_2_y,landmark_2_z,landmark_3_x,landmark_3_y,landmark_3_z,landmark_4_x,landmark_4_y,landmark_4_z,landmark_5_x,landmark_5_y,landmark_5_z,landmark_6_x,landmark_6_y,landmark_6_z,landmark_7_x,landmark_7_y,landmark_7_z,landmark_8_x,landmark_8_y,landmark_8_z,landmark_9_x,landmark_9_y,landmark_9_z,landmark_10_x,landmark_10_y,landmark_10_z,landmark_11_x,landmark_11_y,landmark_11_z,landmark_12_x,landmark_12_y,landmark_12_z,landmark_13_x,landmark_13_y,landmark_13_z,landmark_14_x,landmark_14_y,landmark_14_z,landmark_15_x,landmark_15_y,landmark_15_z,landmark_16_x,landmark_16_y,landmark_16_z,landmark_17_x,landmark_17_y,landmark_17_z,landmark_18_x,landmark_18_y,landmark_18_z,landmark_19_x,landmark_19_y,landmark_19_z,landmark_20_x,landmark_20_y,landmark_20_z,class
0.709400475025177,0.33581387996673584,-3.60674079047385e-07,0.6537802815437317,0.3189217448234558,-0.012282860465347767,0.6020298600196838,0.2778407335281372,-0.021451806649565697,0.594290018081665,0.228921577334404,-0.032053884118795395,0.6312744617462158,0.2209920883178711,-0.041066549718379974,0.6391968131065369,0.18194963037967682,-0.0035347214434295893,0.6285262703895569,0.15360677242279053,-0.02429736964404583,0.6223419904708862,0.17315933108329773,-0.03761455789208412,0.6198195815086365,0.18878653645515442,-0.04466008022427559,0.6747836470603943,0.1697378158569336,-0.008547293953597546,0.6681527495384216,0.16625642776489258,-0.031178658828139305,0.6700419783592224,0.21185439825057983,-0.036279015243053436,0.6766282320022583,0.23436342179775238,-0.03360459581017494,0.7099925875663757,0.16995564103126526,-0.017075665295124054,0.7042514681816101,0.17665155231952667,-0.03601257503032684,0.703819751739502,0.21976500749588013,-0.029527366161346436,0.7089489698410034,0.23934924602508545,-0.0195553507655859,0.7452555298805237,0.18046480417251587,-0.02778659760951996,0.7386626601219177,0.1802394539117813,-0.03585412725806236,0.7349898815155029,0.2163282334804535,-0.02741137333214283,0.7392593622207642,0.2328900545835495,-0.01773430034518242,do
