landmark_0_x,landmark_0_y,landmark_0_z,landmark_1_x,landmark_1_y,landmark_1_z,landmark_2_x,landmark_2_y,landmark_2_z,landmark_3_x,landmark_3_y,landmark_3_z,landmark_4_x,landmark_4_y,landmark_4_z,landmark_5_x,landmark_5_y,landmark_5_z,landmark_6_x,landmark_6_y,landmark_6_z,landmark_7_x,landmark_7_y,landmark_7_z,landmark_8_x,landmark_8_y,landmark_8_z,landmark_9_x,landmark_9_y,landmark_9_z,landmark_10_x,landmark_10_y,landmark_10_z,landmark_11_x,landmark_11_y,landmark_11_z,landmark_12_x,landmark_12_y,landmark_12_z,landmark_13_x,landmark_13_y,landmark_13_z,landmark_14_x,landmark_14_y,landmark_14_z,landmark_15_x,landmark_15_y,landmark_15_z,landmark_16_x,landmark_16_y,landmark_16_z,landmark_17_x,landmark_17_y,landmark_17_z,landmark_18_x,landmark_18_y,landmark_18_z,landmark_19_x,landmark_19_y,landmark_19_z,landmark_20_x,landmark_20_y,landmark_20_z,class
0.8625032305717468,0.8047197461128235,-3.345511458974215e-07,0.818089485168457,0.7968239784240723,-0.018617834895849228,0.7791293859481812,0.7775553464889526,-0.032251182943582535,0.7805094718933105,0.761273980140686,-0.04325565695762634,0.8078705072402954,0.7554921507835388,-0.0505029521882534,0.7953686714172363,0.6657499670982361,-0.024449201300740242,0.8019680380821228,0.7020362615585327,-0.041301168501377106,0.807204008102417,0.7256051898002625,-0.05070392042398453,0.8062910437583923,0.7192793488502502,-0.057807255536317825,0.8314304351806641,0.651862621307373,-0.0254350733011961,0.8430732488632202,0.7199073433876038,-0.03984591364860535,0.8438752293586731,0.7469428777694702,-0.04227995499968529,0.8401589393615723,0.736981987953186,-0.04376533254981041,0.8663416504859924,0.655544638633728,-0.028551561757922173,0.8781154751777649,0.7284409999847412,-0.0393502451479435,0.8749269843101501,0.7484737038612366,-0.03324480354785919,0.8698819279670715,0.7349553108215332,-0.02916393056511879,0.8977707028388977,0.6691736578941345,-0.034758035093545914,0.9026579856872559,0.7229299545288086,-0.04261701926589012,0.9011425971984863,0.7421696782112122,-0.039037276059389114,0.8991367816925049,0.7338201403617859,-0.03462745621800423,do
