landmark_0_x,landmark_0_y,landmark_0_z,landmark_1_x,landmark_1_y,landmark_1_z,landmark_2_x,landmark_2_y,landmark_2_z,landmark_3_x,landmark_3_y,landmark_3_z,landmark_4_x,landmark_4_y,landmark_4_z,landmark_5_x,landmark_5_y,landmark_5_z,landmark_6_x,landmark_6_y,landmark_6_z,landmark_7_x,landmark_7_y,landmark_7_z,landmark_8_x,landmark_8_y,landmark_8_z,landmark_9_x,landmark_9_y,landmark_9_z,landmark_10_x,landmark_10_y,landmark_10_z,landmark_11_x,landmark_11_y,landmark_11_z,landmark_12_x,landmark_12_y,landmark_12_z,landmark_13_x,landmark_13_y,landmark_13_z,landmark_14_x,landmark_14_y,landmark_14_z,landmark_15_x,landmark_15_y,landmark_15_z,landmark_16_x,landmark_16_y,landmark_16_z,landmark_17_x,landmark_17_y,landmark_17_z,landmark_18_x,landmark_18_y,landmark_18_z,landmark_19_x,landmark_19_y,landmark_19_z,landmark_20_x,landmark_20_y,landmark_20_z,class
0.83881676197052,0.3668016195297241,-2.1761918844731554e-07,0.7801675200462341,0.33277517557144165,-0.020319897681474686,0.7397839426994324,0.28663331270217896,-0.03553866595029831,0.7510104179382324,0.24181148409843445,-0.05104074254631996,0.7861229777336121,0.24472445249557495,-0.06395985186100006,0.7809265851974487,0.20753730833530426,-0.01443822868168354,0.7983987331390381,0.17699886858463287,-0.04299492388963699,0.8032960891723633,0.21698856353759766,-0.06244603544473648,0.7996311783790588,0.25791284441947937,-0.07070133835077286,0.8181635141372681,0.20044316351413727,-0.015379413031041622,0.8313329815864563,0.17468076944351196,-0.04269279167056084,0.8365237712860107,0.22170230746269226,-0.053614962846040726,0.8321651220321655,0.2640123665332794,-0.05435255169868469,0.8506750464439392,0.20102974772453308,-0.020319106057286263,0.8602735996246338,0.1773969978094101,-0.04337379336357117,0.8610727787017822,0.219682514667511,-0.043297044932842255,0.854141354560852,0.2591482102870941,-0.03577512130141258,0.8775115013122559,0.20863288640975952,-0.02726070210337639,0.8836822509765625,0.1746339201927185,-0.038681648671627045,0.8800633549690247,0.20270797610282898,-0.033157650381326675,0.8733071088790894,0.2320968359708786,-0.02416541799902916,do
