landmark_0_x,landmark_0_y,landmark_0_z,landmark_1_x,landmark_1_y,landmark_1_z,landmark_2_x,landmark_2_y,landmark_2_z,landmark_3_x,landmark_3_y,landmark_3_z,landmark_4_x,landmark_4_y,landmark_4_z,landmark_5_x,landmark_5_y,landmark_5_z,landmark_6_x,landmark_6_y,landmark_6_z,landmark_7_x,landmark_7_y,landmark_7_z,landmark_8_x,landmark_8_y,landmark_8_z,landmark_9_x,landmark_9_y,landmark_9_z,landmark_10_x,landmark_10_y,landmark_10_z,landmark_11_x,landmark_11_y,landmark_11_z,landmark_12_x,landmark_12_y,landmark_12_z,landmark_13_x,landmark_13_y,landmark_13_z,landmark_14_x,landmark_14_y,landmark_14_z,landmark_15_x,landmark_15_y,landmark_15_z,landmark_16_x,landmark_16_y,landmark_16_z,landmark_17_x,landmark_17_y,landmark_17_z,landmark_18_x,landmark_18_y,landmark_18_z,landmark_19_x,landmark_19_y,landmark_19_z,landmark_20_x,landmark_20_y,landmark_20_z,class
0.8184363842010498,0.6538165211677551,-7.66819823638798e-07,0.7373255491256714,0.632625162601471,-0.042964786291122437,0.6577050089836121,0.5677870512008667,-0.06420890241861343,0.6472769379615784,0.4997166395187378,-0.08053702116012573,0.7031377553939819,0.4843289852142334,-0.08776179701089859,0.6994894742965698,0.37513840198516846,-0.03011113405227661,0.6957365274429321,0.41312071681022644,-0.06399659067392349,0.7103173136711121,0.4906061887741089,-0.07580790668725967,0.711975634098053,0.4937867522239685,-0.08333352953195572,0.7628741264343262,0.3445359766483307,-0.0279561635106802,0.7583848237991333,0.41873839497566223,-0.06541169434785843,0.7666517496109009,0.5112792253494263,-0.06717222929000854,0.7672361135482788,0.50506591796875,-0.061848968267440796,0.8248093724250793,0.34835198521614075,-0.03327922150492668,0.8203285932540894,0.43000853061676025,-0.07152988016605377,0.8163924217224121,0.5108627676963806,-0.05966215953230858,0.8123689889907837,0.5004700422286987,-0.04442733898758888,0.8838865756988525,0.37235647439956665,-0.04384073615074158,0.875627338886261,0.4290771484375,-0.06596523523330688,0.8643786311149597,0.49001142382621765,-0.05934922397136688,0.8568878173828125,0.4874380826950073,-0.04931250587105751,do
