landmark_0_x,landmark_0_y,landmark_0_z,landmark_1_x,landmark_1_y,landmark_1_z,landmark_2_x,landmark_2_y,landmark_2_z,landmark_3_x,landmark_3_y,landmark_3_z,landmark_4_x,landmark_4_y,landmark_4_z,landmark_5_x,landmark_5_y,landmark_5_z,landmark_6_x,landmark_6_y,landmark_6_z,landmark_7_x,landmark_7_y,landmark_7_z,landmark_8_x,landmark_8_y,landmark_8_z,landmark_9_x,landmark_9_y,landmark_9_z,landmark_10_x,landmark_10_y,landmark_10_z,landmark_11_x,landmark_11_y,landmark_11_z,landmark_12_x,landmark_12_y,landmark_12_z,landmark_13_x,landmark_13_y,landmark_13_z,landmark_14_x,landmark_14_y,landmark_14_z,landmark_15_x,landmark_15_y,landmark_15_z,landmark_16_x,landmark_16_y,landmark_16_z,landmark_17_x,landmark_17_y,landmark_17_z,landmark_18_x,landmark_18_y,landmark_18_z,landmark_19_x,landmark_19_y,landmark_19_z,landmark_20_x,landmark_20_y,landmark_20_z,class
0.7476841807365417,0.8785603046417236,-4.200753664918011e-07,0.7012779116630554,0.872395396232605,-0.02376786805689335,0.6599799394607544,0.8513519763946533,-0.040366895496845245,0.6494535207748413,0.8228751420974731,-0.05321463197469711,0.6663762331008911,0.803492546081543,-0.061225879937410355,0.6728904843330383,0.7164440155029297,-0.02537938393652439,0.686018168926239,0.766650915145874,-0.04392465949058533,0.6935740113258362,0.8115098476409912,-0.05284784734249115,0.6923570036888123,0.8088953495025635,-0.05882697179913521,0.7102501392364502,0.7084464430809021,-0.024681437760591507,0.7217230796813965,0.7720955610275269,-0.04216690734028816,0.7233458757400513,0.814174473285675,-0.044044479727745056,0.7202135324478149,0.809060275554657,-0.04397601634263992,0.7455921769142151,0.7146428823471069,-0.026803774759173393,0.7540503144264221,0.7757000923156738,-0.04217822104692459,0.7518256902694702,0.8094788193702698,-0.034911200404167175,0.7473569512367249,0.8027607202529907,-0.028656119480729103,0.7784240245819092,0.729038417339325,-0.03195757046341896,0.7816345691680908,0.7691513895988464,-0.04075416177511215,0.7768989205360413,0.8007379174232483,-0.03506438806653023,0.7709413766860962,0.8009630441665649,-0.02860158123075962,do
