landmark_0_x,landmark_0_y,landmark_0_z,landmark_1_x,landmark_1_y,landmark_1_z,landmark_2_x,landmark_2_y,landmark_2_z,landmark_3_x,landmark_3_y,landmark_3_z,landmark_4_x,landmark_4_y,landmark_4_z,landmark_5_x,landmark_5_y,landmark_5_z,landmark_6_x,landmark_6_y,landmark_6_z,landmark_7_x,landmark_7_y,landmark_7_z,landmark_8_x,landmark_8_y,landmark_8_z,landmark_9_x,landmark_9_y,landmark_9_z,landmark_10_x,landmark_10_y,landmark_10_z,landmark_11_x,landmark_11_y,landmark_11_z,landmark_12_x,landmark_12_y,landmark_12_z,landmark_13_x,landmark_13_y,landmark_13_z,landmark_14_x,landmark_14_y,landmark_14_z,landmark_15_x,landmark_15_y,landmark_15_z,landmark_16_x,landmark_16_y,landmark_16_z,landmark_17_x,landmark_17_y,landmark_17_z,landmark_18_x,landmark_18_y,landmark_18_z,landmark_19_x,landmark_19_y,landmark_19_z,landmark_20_x,landmark_20_y,landmark_20_z,class
0.8126599192619324,0.5672504901885986,-4.144893637203495e-07,0.7612488865852356,0.5459994077682495,-0.024333354085683823,0.7189429998397827,0.5078945159912109,-0.04081013798713684,0.7281304001808167,0.4678027629852295,-0.0532555878162384,0.7632958889007568,0.4562937617301941,-0.05993671715259552,0.7436224818229675,0.3810722827911377,-0.025858808308839798,0.7696135640144348,0.41325855255126953,-0.04734769091010094,0.768317699432373,0.4583454430103302,-0.058186791837215424,0.7568539977073669,0.4583207070827484,-0.06655976921319962,0.7833635807037354,0.37019863724708557,-0.02664588764309883,0.8067119717597961,0.4137839078903198,-0.04650135710835457,0.8037985563278198,0.45988112688064575,-0.049769509583711624,0.7935564517974854,0.4537420868873596,-0.05129675194621086,0.8212192058563232,0.37659135460853577,-0.03069397620856762,0.8427814245223999,0.4236527681350708,-0.04741845652461052,0.8346797227859497,0.463016539812088,-0.040472887456417084,0.8201650977134705,0.4556771218776703,-0.035407014191150665,0.8569365739822388,0.39653727412223816,-0.03812199831008911,0.8702264428138733,0.42915764451026917,-0.04980763792991638,0.8618360757827759,0.4635859727859497,-0.04563061147928238,0.848240852355957,0.4638309180736542,-0.04077775031328201,do
