landmark_0_x,landmark_0_y,landmark_0_z,landmark_1_x,landmark_1_y,landmark_1_z,landmark_2_x,landmark_2_y,landmark_2_z,landmark_3_x,landmark_3_y,landmark_3_z,landmark_4_x,landmark_4_y,landmark_4_z,landmark_5_x,landmark_5_y,landmark_5_z,landmark_6_x,landmark_6_y,landmark_6_z,landmark_7_x,landmark_7_y,landmark_7_z,landmark_8_x,landmark_8_y,landmark_8_z,landmark_9_x,landmark_9_y,landmark_9_z,landmark_10_x,landmark_10_y,landmark_10_z,landmark_11_x,landmark_11_y,landmark_11_z,landmark_12_x,landmark_12_y,landmark_12_z,landmark_13_x,landmark_13_y,landmark_13_z,landmark_14_x,landmark_14_y,landmark_14_z,landmark_15_x,landmark_15_y,landmark_15_z,landmark_16_x,landmark_16_y,landmark_16_z,landmark_17_x,landmark_17_y,landmark_17_z,landmark_18_x,landmark_18_y,landmark_18_z,landmark_19_x,landmark_19_y,landmark_19_z,landmark_20_x,landmark_20_y,landmark_20_z,class
0.6954183578491211,0.8334526419639587,-8.474572155137139e-07,0.6214529275894165,0.8160203695297241,-0.044331807643175125,0.5470246076583862,0.7739182114601135,-0.07376318424940109,0.5091732740402222,0.7251395583152771,-0.0995059683918953,0.5457771420478821,0.6942008137702942,-0.11643406748771667,0.5712438821792603,0.566430926322937,-0.034998584538698196,0.5556629300117493,0.6118308305740356,-0.0782167986035347,0.5700160264968872,0.6893928647041321,-0.09904101490974426,0.5789361596107483,0.7091702222824097,-0.10870883613824844,0.6317496299743652,0.5429677963256836,-0.032851334661245346,0.618812620639801,0.634598433971405,-0.07178683578968048,0.6260682344436646,0.706017255783081,-0.07880314439535141,0.6287899017333984,0.7041865587234497,-0.07738645374774933,0.6917567849159241,0.5495433211326599,-0.03842369467020035,0.6815767884254456,0.6483911275863647,-0.07574398815631866,0.6814188361167908,0.7101773619651794,-0.06735935062170029,0.6814358234405518,0.7033891081809998,-0.054654210805892944,0.748367965221405,0.5715721845626831,-0.04939083755016327,0.738235354423523,0.6400983333587646,-0.06886857002973557,0.7315348386764526,0.6900408267974854,-0.06178629398345947,0.7280750274658203,0.6910132169723511,-0.05097496509552002,do
