landmark_0_x,landmark_0_y,landmark_0_z,landmark_1_x,landmark_1_y,landmark_1_z,landmark_2_x,landmark_2_y,landmark_2_z,landmark_3_x,landmark_3_y,landmark_3_z,landmark_4_x,landmark_4_y,landmark_4_z,landmark_5_x,landmark_5_y,landmark_5_z,landmark_6_x,landmark_6_y,landmark_6_z,landmark_7_x,landmark_7_y,landmark_7_z,landmark_8_x,landmark_8_y,landmark_8_z,landmark_9_x,landmark_9_y,landmark_9_z,landmark_10_x,landmark_10_y,landmark_10_z,landmark_11_x,landmark_11_y,landmark_11_z,landmark_12_x,landmark_12_y,landmark_12_z,landmark_13_x,landmark_13_y,landmark_13_z,landmark_14_x,landmark_14_y,landmark_14_z,landmark_15_x,landmark_15_y,landmark_15_z,landmark_16_x,landmark_16_y,landmark_16_z,landmark_17_x,landmark_17_y,landmark_17_z,landmark_18_x,landmark_18_y,landmark_18_z,landmark_19_x,landmark_19_y,landmark_19_z,landmark_20_x,landmark_20_y,landmark_20_z,class
0.9034276604652405,0.6775227189064026,2.3146643002291967e-07,0.8304314017295837,0.6289793848991394,-0.017662376165390015,0.7773058414459229,0.5608341693878174,-0.03196430578827858,0.7600455284118652,0.492074579000473,-0.0428367555141449,0.7655047178268433,0.4353233575820923,-0.0525430291891098,0.8154472708702087,0.5192405581474304,-0.03707384318113327,0.8040949702262878,0.4576264023780823,-0.0598985031247139,0.7971764206886292,0.414551705121994,-0.07498292624950409,0.7891233563423157,0.3756876289844513,-0.08464004099369049,0.864010751247406,0.4987202286720276,-0.0377277210354805,0.858820915222168,0.4377363920211792,-0.05424235016107559,0.8542718887329102,0.40020525455474854,-0.059396207332611084,0.8499295115470886,0.363538920879364,-0.06333420425653458,0.9106863141059875,0.48538756370544434,-0.03941483423113823,0.9075232148170471,0.4267638921737671,-0.05342531204223633,0.9006980061531067,0.39389729499816895,-0.046628788113594055,0.8943299651145935,0.35844796895980835,-0.04153379425406456,0.9541433453559875,0.4796207547187805,-0.04277101904153824,0.951180100440979,0.42227718234062195,-0.053738828748464584,0.9474203586578369,0.40348854660987854,-0.046060483902692795,0.9447504281997681,0.3838573098182678,-0.03851563483476639,do
