landmark_0_x,landmark_0_y,landmark_0_z,landmark_1_x,landmark_1_y,landmark_1_z,landmark_2_x,landmark_2_y,landmark_2_z,landmark_3_x,landmark_3_y,landmark_3_z,landmark_4_x,landmark_4_y,landmark_4_z,landmark_5_x,landmark_5_y,landmark_5_z,landmark_6_x,landmark_6_y,landmark_6_z,landmark_7_x,landmark_7_y,landmark_7_z,landmark_8_x,landmark_8_y,landmark_8_z,landmark_9_x,landmark_9_y,landmark_9_z,landmark_10_x,landmark_10_y,landmark_10_z,landmark_11_x,landmark_11_y,landmark_11_z,landmark_12_x,landmark_12_y,landmark_12_z,landmark_13_x,landmark_13_y,landmark_13_z,landmark_14_x,landmark_14_y,landmark_14_z,landmark_15_x,landmark_15_y,landmark_15_z,landmark_16_x,landmark_16_y,landmark_16_z,landmark_17_x,landmark_17_y,landmark_17_z,landmark_18_x,landmark_18_y,landmark_18_z,landmark_19_x,landmark_19_y,landmark_19_z,landmark_20_x,landmark_20_y,landmark_20_z,class
0.8191260695457458,0.6549781560897827,-7.72029920881323e-07,0.7361658811569214,0.6339800953865051,-0.04389425367116928,0.6558099985122681,0.5656659007072449,-0.06527643650770187,0.6462889909744263,0.4973083436489105,-0.08162125945091248,0.7049853205680847,0.4842410683631897,-0.08872666954994202,0.7015314102172852,0.3746955692768097,-0.029855238273739815,0.6954082250595093,0.4125518202781677,-0.0636332705616951,0.7089444994926453,0.49382004141807556,-0.0748116672039032,0.7106850743293762,0.49584725499153137,-0.08209294080734253,0.7647734880447388,0.3451453745365143,-0.027730077505111694,0.7560676336288452,0.41369327902793884,-0.06564809381961823,0.7641809582710266,0.5095325708389282,-0.06662992388010025,0.765392541885376,0.5020543932914734,-0.06050006300210953,0.8264607191085815,0.3498963713645935,-0.033270370215177536,0.8172799944877625,0.4253714084625244,-0.07207504659891129,0.8133046627044678,0.5104420781135559,-0.058642249554395676,0.810538649559021,0.49936994910240173,-0.042039722204208374,0.8852062225341797,0.3745169937610626,-0.044129036366939545,0.873683750629425,0.425762414932251,-0.0657959133386612,0.8625257611274719,0.4880604147911072,-0.05767611041665077,0.8568129539489746,0.48575928807258606,-0.046593114733695984,do
