landmark_0_x,landmark_0_y,landmark_0_z,landmark_1_x,landmark_1_y,landmark_1_z,landmark_2_x,landmark_2_y,landmark_2_z,landmark_3_x,landmark_3_y,landmark_3_z,landmark_4_x,landmark_4_y,landmark_4_z,landmark_5_x,landmark_5_y,landmark_5_z,landmark_6_x,landmark_6_y,landmark_6_z,landmark_7_x,landmark_7_y,landmark_7_z,landmark_8_x,landmark_8_y,landmark_8_z,landmark_9_x,landmark_9_y,landmark_9_z,landmark_10_x,landmark_10_y,landmark_10_z,landmark_11_x,landmark_11_y,landmark_11_z,landmark_12_x,landmark_12_y,landmark_12_z,landmark_13_x,landmark_13_y,landmark_13_z,landmark_14_x,landmark_14_y,landmark_14_z,landmark_15_x,landmark_15_y,landmark_15_z,landmark_16_x,landmark_16_y,landmark_16_z,landmark_17_x,landmark_17_y,landmark_17_z,landmark_18_x,landmark_18_y,landmark_18_z,landmark_19_x,landmark_19_y,landmark_19_z,landmark_20_x,landmark_20_y,landmark_20_z,class
0.6549614071846008,0.8655292987823486,-3.523192617649329e-07,0.6037829518318176,0.8604140281677246,-0.02573905512690544,0.5564754605293274,0.8429752588272095,-0.04417954385280609,0.5320414900779724,0.8151465058326721,-0.059131745249032974,0.5532418489456177,0.7986268401145935,-0.06879439949989319,0.5695841312408447,0.7017633318901062,-0.023267395794391632,0.5634119510650635,0.7588950991630554,-0.043592605739831924,0.5739600658416748,0.7969608902931213,-0.05341905355453491,0.5794878602027893,0.7866009473800659,-0.0596817210316658,0.6084510087966919,0.6928883790969849,-0.022196762263774872,0.6019192934036255,0.7706469297409058,-0.04164864867925644,0.6086560487747192,0.8047853112220764,-0.04365170747041702,0.6127691864967346,0.7910137176513672,-0.04265371337532997,0.6467798948287964,0.7002494931221008,-0.02465403638780117,0.6396886110305786,0.7746998071670532,-0.04225507378578186,0.64175945520401,0.8050041198730469,-0.034085679799318314,0.6446646451950073,0.7913399338722229,-0.02598729357123375,0.6829323768615723,0.7167024612426758,-0.030450474470853806,0.673432469367981,0.7710272669792175,-0.038902025669813156,0.6740151047706604,0.7962865233421326,-0.032949771732091904,0.677737295627594,0.7870097756385803,-0.026015372946858406,do
