landmark_0_x,landmark_0_y,landmark_0_z,landmark_1_x,landmark_1_y,landmark_1_z,landmark_2_x,landmark_2_y,landmark_2_z,landmark_3_x,landmark_3_y,landmark_3_z,landmark_4_x,landmark_4_y,landmark_4_z,landmark_5_x,landmark_5_y,landmark_5_z,landmark_6_x,landmark_6_y,landmark_6_z,landmark_7_x,landmark_7_y,landmark_7_z,landmark_8_x,landmark_8_y,landmark_8_z,landmark_9_x,landmark_9_y,landmark_9_z,landmark_10_x,landmark_10_y,landmark_10_z,landmark_11_x,landmark_11_y,landmark_11_z,landmark_12_x,landmark_12_y,landmark_12_z,landmark_13_x,landmark_13_y,landmark_13_z,landmark_14_x,landmark_14_y,landmark_14_z,landmark_15_x,landmark_15_y,landmark_15_z,landmark_16_x,landmark_16_y,landmark_16_z,landmark_17_x,landmark_17_y,landmark_17_z,landmark_18_x,landmark_18_y,landmark_18_z,landmark_19_x,landmark_19_y,landmark_19_z,landmark_20_x,landmark_20_y,landmark_20_z,class
0.7932394742965698,0.599791407585144,-5.14621035563323e-07,0.7324641942977905,0.5843669176101685,-0.03805788978934288,0.6758518218994141,0.534084677696228,-0.0611114539206028,0.6693735122680664,0.48805755376815796,-0.07840022444725037,0.7146615982055664,0.4789452850818634,-0.08801531046628952,0.7129251956939697,0.368274450302124,-0.03177713602781296,0.7205846905708313,0.4272408187389374,-0.05936659127473831,0.7215271592140198,0.48071226477622986,-0.07220831513404846,0.7169610261917114,0.46433648467063904,-0.08203228563070297,0.7638040781021118,0.3537791967391968,-0.02927909605205059,0.773044764995575,0.43166157603263855,-0.058411046862602234,0.7688984870910645,0.48776158690452576,-0.06211826205253601,0.7634681463241577,0.46683362126350403,-0.06127961724996567,0.8125751614570618,0.36449897289276123,-0.032246183604002,0.8203423023223877,0.4415382742881775,-0.05830793082714081,0.8105488419532776,0.48879629373550415,-0.049404896795749664,0.8034605383872986,0.4682651460170746,-0.04035639762878418,0.8586364388465881,0.3885820806026459,-0.040042694658041,0.8607395887374878,0.4424561560153961,-0.056159548461437225,0.8518038988113403,0.481930673122406,-0.05240751802921295,0.8452348709106445,0.4703574776649475,-0.04653900861740112,do
