landmark_0_x,landmark_0_y,landmark_0_z,landmark_1_x,landmark_1_y,landmark_1_z,landmark_2_x,landmark_2_y,landmark_2_z,landmark_3_x,landmark_3_y,landmark_3_z,landmark_4_x,landmark_4_y,landmark_4_z,landmark_5_x,landmark_5_y,landmark_5_z,landmark_6_x,landmark_6_y,landmark_6_z,landmark_7_x,landmark_7_y,landmark_7_z,landmark_8_x,landmark_8_y,landmark_8_z,landmark_9_x,landmark_9_y,landmark_9_z,landmark_10_x,landmark_10_y,landmark_10_z,landmark_11_x,landmark_11_y,landmark_11_z,landmark_12_x,landmark_12_y,landmark_12_z,landmark_13_x,landmark_13_y,landmark_13_z,landmark_14_x,landmark_14_y,landmark_14_z,landmark_15_x,landmark_15_y,landmark_15_z,landmark_16_x,landmark_16_y,landmark_16_z,landmark_17_x,landmark_17_y,landmark_17_z,landmark_18_x,landmark_18_y,landmark_18_z,landmark_19_x,landmark_19_y,landmark_19_z,landmark_20_x,landmark_20_y,landmark_20_z,class
0.6565856337547302,0.5401926040649414,-2.668580236786511e-07,0.6039846539497375,0.5151458978652954,-0.02229173667728901,0.5532948970794678,0.48169174790382385,-0.037821538746356964,0.523939847946167,0.4517720937728882,-0.053796567022800446,0.5372989773750305,0.4180060625076294,-0.06517978757619858,0.5668174028396606,0.37793678045272827,-0.002459947019815445,0.5500633716583252,0.3609311580657959,-0.035654179751873016,0.5543327331542969,0.4058707058429718,-0.055184654891490936,0.5622996687889099,0.4324544072151184,-0.06298793852329254,0.6026127338409424,0.364909827709198,-0.004944342654198408,0.5879501104354858,0.3436806797981262,-0.03857851028442383,0.5929870009422302,0.4068279266357422,-0.0460163839161396,0.6022925972938538,0.42814016342163086,-0.041143666952848434,0.6395179629325867,0.3634146451950073,-0.013964594341814518,0.6273036599159241,0.34790343046188354,-0.04383610188961029,0.6294652223587036,0.40403908491134644,-0.034796182066202164,0.6360198259353638,0.41818761825561523,-0.019304607063531876,0.6762024164199829,0.37242239713668823,-0.02558232843875885,0.6659528017044067,0.35325372219085693,-0.039077311754226685,0.6627265810966492,0.394582062959671,-0.027632800862193108,0.6656416058540344,0.40893200039863586,-0.013384588062763214,do
