landmark_0_x,landmark_0_y,landmark_0_z,landmark_1_x,landmark_1_y,landmark_1_z,landmark_2_x,landmark_2_y,landmark_2_z,landmark_3_x,landmark_3_y,landmark_3_z,landmark_4_x,landmark_4_y,landmark_4_z,landmark_5_x,landmark_5_y,landmark_5_z,landmark_6_x,landmark_6_y,landmark_6_z,landmark_7_x,landmark_7_y,landmark_7_z,landmark_8_x,landmark_8_y,landmark_8_z,landmark_9_x,landmark_9_y,landmark_9_z,landmark_10_x,landmark_10_y,landmark_10_z,landmark_11_x,landmark_11_y,landmark_11_z,landmark_12_x,landmark_12_y,landmark_12_z,landmark_13_x,landmark_13_y,landmark_13_z,landmark_14_x,landmark_14_y,landmark_14_z,landmark_15_x,landmark_15_y,landmark_15_z,landmark_16_x,landmark_16_y,landmark_16_z,landmark_17_x,landmark_17_y,landmark_17_z,landmark_18_x,landmark_18_y,landmark_18_z,landmark_19_x,landmark_19_y,landmark_19_z,landmark_20_x,landmark_20_y,landmark_20_z,class
0.7974728941917419,0.6048758625984192,-5.307510377861036e-07,0.7326741218566895,0.591194748878479,-0.04039740562438965,0.6741428971290588,0.542505145072937,-0.06504736095666885,0.6670677065849304,0.49535071849823,-0.08330696076154709,0.7123978137969971,0.4833720922470093,-0.09384248405694962,0.7115322351455688,0.36424633860588074,-0.03537857532501221,0.7216101884841919,0.4339015781879425,-0.06348695605993271,0.7229538559913635,0.48931649327278137,-0.07639442384243011,0.7180378437042236,0.4736000597476959,-0.08607286959886551,0.7664791345596313,0.35067880153656006,-0.03266003727912903,0.7758386731147766,0.43558579683303833,-0.06212234869599342,0.771776556968689,0.4919140338897705,-0.06568253040313721,0.767360508441925,0.47148650884628296,-0.06480143964290619,0.8186177611351013,0.362871378660202,-0.03536127507686615,0.8247038125991821,0.444406121969223,-0.06245295703411102,0.8154267072677612,0.49240708351135254,-0.05317969247698784,0.8098710775375366,0.4712288975715637,-0.0436372272670269,0.86711585521698,0.38863253593444824,-0.04298558086156845,0.8667392730712891,0.4452822506427765,-0.059100307524204254,0.8578861951828003,0.48670485615730286,-0.05401971936225891,0.8529402017593384,0.4752177894115448,-0.047026365995407104,do
