landmark_0_x,landmark_0_y,landmark_0_z,landmark_1_x,landmark_1_y,landmark_1_z,landmark_2_x,landmark_2_y,landmark_2_z,landmark_3_x,landmark_3_y,landmark_3_z,landmark_4_x,landmark_4_y,landmark_4_z,landmark_5_x,landmark_5_y,landmark_5_z,landmark_6_x,landmark_6_y,landmark_6_z,landmark_7_x,landmark_7_y,landmark_7_z,landmark_8_x,landmark_8_y,landmark_8_z,landmark_9_x,landmark_9_y,landmark_9_z,landmark_10_x,landmark_10_y,landmark_10_z,landmark_11_x,landmark_11_y,landmark_11_z,landmark_12_x,landmark_12_y,landmark_12_z,landmark_13_x,landmark_13_y,landmark_13_z,landmark_14_x,landmark_14_y,landmark_14_z,landmark_15_x,landmark_15_y,landmark_15_z,landmark_16_x,landmark_16_y,landmark_16_z,landmark_17_x,landmark_17_y,landmark_17_z,landmark_18_x,landmark_18_y,landmark_18_z,landmark_19_x,landmark_19_y,landmark_19_z,landmark_20_x,landmark_20_y,landmark_20_z,class
0.8135621547698975,0.3555770516395569,-5.5745164218024e-07,0.7326394319534302,0.3260688781738281,-0.029388414695858955,0.6631650328636169,0.25447091460227966,-0.04484301805496216,0.6653007864952087,0.17271938920021057,-0.06118561699986458,0.7239924073219299,0.16346564888954163,-0.07094695419073105,0.7064710259437561,0.1370411515235901,-0.005196495447307825,0.7001174688339233,0.08269967138767242,-0.04728874936699867,0.7054823040962219,0.15938833355903625,-0.06761572510004044,0.7074110507965088,0.18063238263130188,-0.0761713832616806,0.7600023150444031,0.12756505608558655,-0.009052339941263199,0.7550541758537292,0.0819418877363205,-0.05383644625544548,0.7574611306190491,0.17637582123279572,-0.05753328651189804,0.760030210018158,0.19675226509571075,-0.04744058474898338,0.8102867007255554,0.130931556224823,-0.022057676687836647,0.8053168058395386,0.09810350835323334,-0.06557828933000565,0.8003619909286499,0.1831616461277008,-0.05298324674367905,0.8000213503837585,0.20527738332748413,-0.030777761712670326,0.861763596534729,0.14748801290988922,-0.038421373814344406,0.8525257110595703,0.1024974137544632,-0.05827588587999344,0.8427227735519409,0.1608029007911682,-0.044337425380945206,0.839856743812561,0.19029846787452698,-0.026715869084000587,do
