landmark_0_x,landmark_0_y,landmark_0_z,landmark_1_x,landmark_1_y,landmark_1_z,landmark_2_x,landmark_2_y,landmark_2_z,landmark_3_x,landmark_3_y,landmark_3_z,landmark_4_x,landmark_4_y,landmark_4_z,landmark_5_x,landmark_5_y,landmark_5_z,landmark_6_x,landmark_6_y,landmark_6_z,landmark_7_x,landmark_7_y,landmark_7_z,landmark_8_x,landmark_8_y,landmark_8_z,landmark_9_x,landmark_9_y,landmark_9_z,landmark_10_x,landmark_10_y,landmark_10_z,landmark_11_x,landmark_11_y,landmark_11_z,landmark_12_x,landmark_12_y,landmark_12_z,landmark_13_x,landmark_13_y,landmark_13_z,landmark_14_x,landmark_14_y,landmark_14_z,landmark_15_x,landmark_15_y,landmark_15_z,landmark_16_x,landmark_16_y,landmark_16_z,landmark_17_x,landmark_17_y,landmark_17_z,landmark_18_x,landmark_18_y,landmark_18_z,landmark_19_x,landmark_19_y,landmark_19_z,landmark_20_x,landmark_20_y,landmark_20_z,class
0.7505454421043396,0.5650731325149536,-3.874499441280932e-07,0.6928586959838867,0.5441535711288452,-0.01584933139383793,0.64484041929245,0.5051985383033752,-0.026437915861606598,0.6415460109710693,0.4578673541545868,-0.03716926649212837,0.6784749031066895,0.44909390807151794,-0.044368404895067215,0.6772667765617371,0.3881722092628479,-0.002161709126085043,0.6708855032920837,0.3935994505882263,-0.02489534020423889,0.6753814220428467,0.435787171125412,-0.04018419235944748,0.6784214377403259,0.4476436376571655,-0.04869813099503517,0.7154350876808167,0.3787524402141571,-0.006336361635476351,0.7088063955307007,0.3928556442260742,-0.02822326309978962,0.7108319401741028,0.44544798135757446,-0.032731812447309494,0.7155794501304626,0.4622839689254761,-0.03017677739262581,0.7524771094322205,0.38489583134651184,-0.015040711499750614,0.7460469007492065,0.4025409519672394,-0.03439683839678764,0.7433696389198303,0.4501133859157562,-0.02699262835085392,0.7460507154464722,0.4645214378833771,-0.01628524251282215,0.7890300750732422,0.40318652987480164,-0.02636822685599327,0.7796684503555298,0.4060819745063782,-0.03478458151221275,0.7733778357505798,0.44278281927108765,-0.025830786675214767,0.7745556235313416,0.4575915038585663,-0.01536701712757349,do
