landmark_0_x,landmark_0_y,landmark_0_z,landmark_1_x,landmark_1_y,landmark_1_z,landmark_2_x,landmark_2_y,landmark_2_z,landmark_3_x,landmark_3_y,landmark_3_z,landmark_4_x,landmark_4_y,landmark_4_z,landmark_5_x,landmark_5_y,landmark_5_z,landmark_6_x,landmark_6_y,landmark_6_z,landmark_7_x,landmark_7_y,landmark_7_z,landmark_8_x,landmark_8_y,landmark_8_z,landmark_9_x,landmark_9_y,landmark_9_z,landmark_10_x,landmark_10_y,landmark_10_z,landmark_11_x,landmark_11_y,landmark_11_z,landmark_12_x,landmark_12_y,landmark_12_z,landmark_13_x,landmark_13_y,landmark_13_z,landmark_14_x,landmark_14_y,landmark_14_z,landmark_15_x,landmark_15_y,landmark_15_z,landmark_16_x,landmark_16_y,landmark_16_z,landmark_17_x,landmark_17_y,landmark_17_z,landmark_18_x,landmark_18_y,landmark_18_z,landmark_19_x,landmark_19_y,landmark_19_z,landmark_20_x,landmark_20_y,landmark_20_z,class
0.6484172940254211,0.45395511388778687,-3.671358683732251e-07,0.5923071503639221,0.4349692463874817,-0.024628575891256332,0.5392436981201172,0.4014393389225006,-0.04027920588850975,0.5182985067367554,0.3623758852481842,-0.05437648668885231,0.5470424294471741,0.3399605453014374,-0.06269024312496185,0.55890953540802,0.27883923053741455,-0.010425555519759655,0.5518181920051575,0.28759801387786865,-0.03646088019013405,0.5658184289932251,0.3383612036705017,-0.04994191229343414,0.5723315477371216,0.34971901774406433,-0.05711890012025833,0.5987643599510193,0.2615213990211487,-0.011270114220678806,0.5897886753082275,0.2844693064689636,-0.03805786743760109,0.6004648208618164,0.3433608412742615,-0.04167989641427994,0.6039565205574036,0.3497692048549652,-0.038046497851610184,0.6388846039772034,0.26193487644195557,-0.017563899978995323,0.6299630403518677,0.2957126498222351,-0.04051678627729416,0.634093701839447,0.34685197472572327,-0.030601345002651215,0.635028064250946,0.3459748327732086,-0.018544888123869896,0.6765092611312866,0.27350157499313354,-0.02718355506658554,0.6648209691047668,0.3009241819381714,-0.03584572672843933,0.6646901369094849,0.3388712406158447,-0.026376480236649513,0.6668701171875,0.3382223844528198,-0.016274740919470787,do
