landmark_0_x,landmark_0_y,landmark_0_z,landmark_1_x,landmark_1_y,landmark_1_z,landmark_2_x,landmark_2_y,landmark_2_z,landmark_3_x,landmark_3_y,landmark_3_z,landmark_4_x,landmark_4_y,landmark_4_z,landmark_5_x,landmark_5_y,landmark_5_z,landmark_6_x,landmark_6_y,landmark_6_z,landmark_7_x,landmark_7_y,landmark_7_z,landmark_8_x,landmark_8_y,landmark_8_z,landmark_9_x,landmark_9_y,landmark_9_z,landmark_10_x,landmark_10_y,landmark_10_z,landmark_11_x,landmark_11_y,landmark_11_z,landmark_12_x,landmark_12_y,landmark_12_z,landmark_13_x,landmark_13_y,landmark_13_z,landmark_14_x,landmark_14_y,landmark_14_z,landmark_15_x,landmark_15_y,landmark_15_z,landmark_16_x,landmark_16_y,landmark_16_z,landmark_17_x,landmark_17_y,landmark_17_z,landmark_18_x,landmark_18_y,landmark_18_z,landmark_19_x,landmark_19_y,landmark_19_z,landmark_20_x,landmark_20_y,landmark_20_z,class
0.7691112756729126,0.3347180485725403,-3.430219237543497e-07,0.7135881781578064,0.3168071508407593,-0.016370829194784164,0.6677018404006958,0.2658464014530182,-0.026278793811798096,0.673413872718811,0.21504931151866913,-0.036783747375011444,0.7145649194717407,0.2174626588821411,-0.04491274431347847,0.7054585218429565,0.17806600034236908,-0.009090064093470573,0.7102813720703125,0.13665327429771423,-0.03513496369123459,0.7077071666717529,0.1750451922416687,-0.05135856941342354,0.7048786282539368,0.20521198213100433,-0.05885494872927666,0.7427367568016052,0.17587390542030334,-0.012085460126399994,0.7465837001800537,0.14755836129188538,-0.0370737686753273,0.7431976795196533,0.1951441764831543,-0.04233977198600769,0.7413212060928345,0.22601166367530823,-0.03944815322756767,0.7776113152503967,0.18434029817581177,-0.019402438774704933,0.7811844348907471,0.16484111547470093,-0.040100228041410446,0.7750584483146667,0.20840750634670258,-0.034258678555488586,0.7698218822479248,0.2376062273979187,-0.024322982877492905,0.8102266788482666,0.20350497961044312,-0.02897406928241253,0.8124580979347229,0.1796385794878006,-0.0383177250623703,0.804019570350647,0.21448956429958344,-0.030416591092944145,0.7986778616905212,0.23920094966888428,-0.021145373582839966,do
