landmark_0_x,landmark_0_y,landmark_0_z,landmark_1_x,landmark_1_y,landmark_1_z,landmark_2_x,landmark_2_y,landmark_2_z,landmark_3_x,landmark_3_y,landmark_3_z,landmark_4_x,landmark_4_y,landmark_4_z,landmark_5_x,landmark_5_y,landmark_5_z,landmark_6_x,landmark_6_y,landmark_6_z,landmark_7_x,landmark_7_y,landmark_7_z,landmark_8_x,landmark_8_y,landmark_8_z,landmark_9_x,landmark_9_y,landmark_9_z,landmark_10_x,landmark_10_y,landmark_10_z,landmark_11_x,landmark_11_y,landmark_11_z,landmark_12_x,landmark_12_y,landmark_12_z,landmark_13_x,landmark_13_y,landmark_13_z,landmark_14_x,landmark_14_y,landmark_14_z,landmark_15_x,landmark_15_y,landmark_15_z,landmark_16_x,landmark_16_y,landmark_16_z,landmark_17_x,landmark_17_y,landmark_17_z,landmark_18_x,landmark_18_y,landmark_18_z,landmark_19_x,landmark_19_y,landmark_19_z,landmark_20_x,landmark_20_y,landmark_20_z,class
0.8237433433532715,0.33319544792175293,-5.292622518027201e-07,0.7427447438240051,0.3059017062187195,-0.03203589469194412,0.6697580814361572,0.23261034488677979,-0.04725760221481323,0.6676526069641113,0.15547627210617065,-0.061929814517498016,0.7271188497543335,0.13868440687656403,-0.06942891329526901,0.7158966064453125,0.10085870325565338,-0.007212874945253134,0.7109119892120361,0.060263365507125854,-0.04478622227907181,0.714951753616333,0.13994799554347992,-0.062002427875995636,0.7160035371780396,0.1529625803232193,-0.07018189132213593,0.7703002691268921,0.08705411851406097,-0.009825918823480606,0.7643990516662598,0.05648467689752579,-0.049515433609485626,0.7696557641029358,0.14712519943714142,-0.05092398822307587,0.7768264412879944,0.15478239953517914,-0.041196059435606,0.8218501806259155,0.08750925213098526,-0.021401353180408478,0.8183923363685608,0.06971712410449982,-0.05760810896754265,0.8181656002998352,0.14905062317848206,-0.04097048565745354,0.8229666352272034,0.15649069845676422,-0.01941673457622528,0.8739778995513916,0.10003573447465897,-0.03732386231422424,0.8661253452301025,0.07076454162597656,-0.050957564264535904,0.859614372253418,0.1304132342338562,-0.034320589154958725,0.8612899780273438,0.14823119342327118,-0.01687149703502655,do
