landmark_0_x,landmark_0_y,landmark_0_z,landmark_1_x,landmark_1_y,landmark_1_z,landmark_2_x,landmark_2_y,landmark_2_z,landmark_3_x,landmark_3_y,landmark_3_z,landmark_4_x,landmark_4_y,landmark_4_z,landmark_5_x,landmark_5_y,landmark_5_z,landmark_6_x,landmark_6_y,landmark_6_z,landmark_7_x,landmark_7_y,landmark_7_z,landmark_8_x,landmark_8_y,landmark_8_z,landmark_9_x,landmark_9_y,landmark_9_z,landmark_10_x,landmark_10_y,landmark_10_z,landmark_11_x,landmark_11_y,landmark_11_z,landmark_12_x,landmark_12_y,landmark_12_z,landmark_13_x,landmark_13_y,landmark_13_z,landmark_14_x,landmark_14_y,landmark_14_z,landmark_15_x,landmark_15_y,landmark_15_z,landmark_16_x,landmark_16_y,landmark_16_z,landmark_17_x,landmark_17_y,landmark_17_z,landmark_18_x,landmark_18_y,landmark_18_z,landmark_19_x,landmark_19_y,landmark_19_z,landmark_20_x,landmark_20_y,landmark_20_z,class
0.8688300848007202,0.7070987224578857,-3.8146950487316644e-07,0.8285104036331177,0.6918466091156006,-0.029473895207047462,0.789647102355957,0.6600503325462341,-0.049395907670259476,0.7913649082183838,0.6267486810684204,-0.06480594724416733,0.8201064467430115,0.6162402033805847,-0.07409359514713287,0.812999963760376,0.54156494140625,-0.031864047050476074,0.8201634287834167,0.5731943249702454,-0.053469300270080566,0.8226829171180725,0.6155599355697632,-0.06253787875175476,0.8218901753425598,0.6114728450775146,-0.06929853558540344,0.8486282825469971,0.5319525003433228,-0.030064549297094345,0.859434187412262,0.5820105671882629,-0.0510285459458828,0.8567123413085938,0.6238111257553101,-0.053835973143577576,0.8523682355880737,0.6122918128967285,-0.05473952740430832,0.88276207447052,0.5401431322097778,-0.031798917800188065,0.8941799402236938,0.5915873646736145,-0.05076860636472702,0.8866082429885864,0.6270129084587097,-0.044544849544763565,0.8797611594200134,0.6142812967300415,-0.03946976736187935,0.915205717086792,0.5587036609649658,-0.037040021270513535,0.9202178716659546,0.5962037444114685,-0.0500963032245636,0.9128488898277283,0.6259745359420776,-0.04749045521020889,0.9068604111671448,0.620011568069458,-0.04381222650408745,do
