landmark_0_x,landmark_0_y,landmark_0_z,landmark_1_x,landmark_1_y,landmark_1_z,landmark_2_x,landmark_2_y,landmark_2_z,landmark_3_x,landmark_3_y,landmark_3_z,landmark_4_x,landmark_4_y,landmark_4_z,landmark_5_x,landmark_5_y,landmark_5_z,landmark_6_x,landmark_6_y,landmark_6_z,landmark_7_x,landmark_7_y,landmark_7_z,landmark_8_x,landmark_8_y,landmark_8_z,landmark_9_x,landmark_9_y,landmark_9_z,landmark_10_x,landmark_10_y,landmark_10_z,landmark_11_x,landmark_11_y,landmark_11_z,landmark_12_x,landmark_12_y,landmark_12_z,landmark_13_x,landmark_13_y,landmark_13_z,landmark_14_x,landmark_14_y,landmark_14_z,landmark_15_x,landmark_15_y,landmark_15_z,landmark_16_x,landmark_16_y,landmark_16_z,landmark_17_x,landmark_17_y,landmark_17_z,landmark_18_x,landmark_18_y,landmark_18_z,landmark_19_x,landmark_19_y,landmark_19_z,landmark_20_x,landmark_20_y,landmark_20_z,class
0.8039609789848328,0.35313865542411804,-3.3775623364817875e-07,0.7469422817230225,0.32182198762893677,-0.022578127682209015,0.7032500505447388,0.27118802070617676,-0.03839056193828583,0.7105794548988342,0.22100526094436646,-0.05448688939213753,0.7519163489341736,0.22014793753623962,-0.06663177907466888,0.7435422539710999,0.17647869884967804,-0.012847633101046085,0.7642273306846619,0.1484190672636032,-0.04348079487681389,0.7589539289474487,0.19563588500022888,-0.06169933080673218,0.7487528324127197,0.2265079915523529,-0.06955801695585251,0.782606840133667,0.17268355190753937,-0.014036467298865318,0.7958627939224243,0.15838775038719177,-0.04215642809867859,0.7910017967224121,0.2124146968126297,-0.04825000837445259,0.7854733467102051,0.23867273330688477,-0.04604557529091835,0.8179030418395996,0.179715096950531,-0.020658589899539948,0.8296138048171997,0.16263416409492493,-0.047516435384750366,0.8213530778884888,0.21178731322288513,-0.04232918843626976,0.8132817149162292,0.24164578318595886,-0.030983159318566322,0.8502989411354065,0.19575682282447815,-0.029769936576485634,0.8625358939170837,0.16223347187042236,-0.043553173542022705,0.8506747484207153,0.1973431408405304,-0.035926494747400284,0.8384287357330322,0.22725576162338257,-0.02526063099503517,do
