landmark_0_x,landmark_0_y,landmark_0_z,landmark_1_x,landmark_1_y,landmark_1_z,landmark_2_x,landmark_2_y,landmark_2_z,landmark_3_x,landmark_3_y,landmark_3_z,landmark_4_x,landmark_4_y,landmark_4_z,landmark_5_x,landmark_5_y,landmark_5_z,landmark_6_x,landmark_6_y,landmark_6_z,landmark_7_x,landmark_7_y,landmark_7_z,landmark_8_x,landmark_8_y,landmark_8_z,landmark_9_x,landmark_9_y,landmark_9_z,landmark_10_x,landmark_10_y,landmark_10_z,landmark_11_x,landmark_11_y,landmark_11_z,landmark_12_x,landmark_12_y,landmark_12_z,landmark_13_x,landmark_13_y,landmark_13_z,landmark_14_x,landmark_14_y,landmark_14_z,landmark_15_x,landmark_15_y,landmark_15_z,landmark_16_x,landmark_16_y,landmark_16_z,landmark_17_x,landmark_17_y,landmark_17_z,landmark_18_x,landmark_18_y,landmark_18_z,landmark_19_x,landmark_19_y,landmark_19_z,landmark_20_x,landmark_20_y,landmark_20_z,class
0.8135040402412415,0.6474732756614685,-7.012271794337721e-07,0.7278520464897156,0.6264523267745972,-0.03549806773662567,0.6506033539772034,0.5634847283363342,-0.05511806905269623,0.6462351679801941,0.49501359462738037,-0.07125946879386902,0.6999508142471313,0.48694759607315063,-0.0802147164940834,0.6924477219581604,0.37507468461990356,-0.025290124118328094,0.6923078298568726,0.40614956617355347,-0.056457895785570145,0.7075825929641724,0.48036694526672363,-0.07023696601390839,0.7093035578727722,0.4903603792190552,-0.07896611094474792,0.7547717690467834,0.348844438791275,-0.02585022523999214,0.7543370723724365,0.408825546503067,-0.05708234757184982,0.764771580696106,0.49520596861839294,-0.05871005728840828,0.7658059597015381,0.49992939829826355,-0.054529186338186264,0.8161767721176147,0.3540331721305847,-0.032722752541303635,0.8146311044692993,0.4140891432762146,-0.06424564868211746,0.8139755129814148,0.4907940626144409,-0.05087744817137718,0.8114523887634277,0.490350604057312,-0.035769782960414886,0.8752532005310059,0.3793162703514099,-0.04420268535614014,0.8699398040771484,0.41124427318573,-0.06047112122178078,0.8630456924438477,0.46951422095298767,-0.04898770898580551,0.8593129515647888,0.47507962584495544,-0.03618324175477028,do
