landmark_0_x,landmark_0_y,landmark_0_z,landmark_1_x,landmark_1_y,landmark_1_z,landmark_2_x,landmark_2_y,landmark_2_z,landmark_3_x,landmark_3_y,landmark_3_z,landmark_4_x,landmark_4_y,landmark_4_z,landmark_5_x,landmark_5_y,landmark_5_z,landmark_6_x,landmark_6_y,landmark_6_z,landmark_7_x,landmark_7_y,landmark_7_z,landmark_8_x,landmark_8_y,landmark_8_z,landmark_9_x,landmark_9_y,landmark_9_z,landmark_10_x,landmark_10_y,landmark_10_z,landmark_11_x,landmark_11_y,landmark_11_z,landmark_12_x,landmark_12_y,landmark_12_z,landmark_13_x,landmark_13_y,landmark_13_z,landmark_14_x,landmark_14_y,landmark_14_z,landmark_15_x,landmark_15_y,landmark_15_z,landmark_16_x,landmark_16_y,landmark_16_z,landmark_17_x,landmark_17_y,landmark_17_z,landmark_18_x,landmark_18_y,landmark_18_z,landmark_19_x,landmark_19_y,landmark_19_z,landmark_20_x,landmark_20_y,landmark_20_z,class
0.7249915599822998,0.34462815523147583,-5.264514584268909e-07,0.6437828540802002,0.3254207670688629,-0.025944000110030174,0.5656394958496094,0.26794540882110596,-0.041801318526268005,0.550066351890564,0.1899305135011673,-0.058735184371471405,0.6068878173828125,0.17216655611991882,-0.06999069452285767,0.6044367551803589,0.14485463500022888,-0.007485538255423307,0.5896468162536621,0.09042448550462723,-0.04652446135878563,0.600547194480896,0.16093678772449493,-0.06693756580352783,0.6053780913352966,0.1853371560573578,-0.07625450938940048,0.6559535264968872,0.12886576354503632,-0.012427819892764091,0.6428245902061462,0.08277437835931778,-0.051590126007795334,0.6548013091087341,0.16531887650489807,-0.055268578231334686,0.6613134145736694,0.18804112076759338,-0.047947365790605545,0.7056367993354797,0.1246892511844635,-0.02507217600941658,0.696795642375946,0.08240426331758499,-0.061259981244802475,0.7007145881652832,0.15953122079372406,-0.047257572412490845,0.7023253440856934,0.18704979121685028,-0.027682380750775337,0.7555531859397888,0.13429388403892517,-0.041030146181583405,0.7448127269744873,0.08834487199783325,-0.056121714413166046,0.739962100982666,0.14783260226249695,-0.04079344496130943,0.7382904291152954,0.1815132349729538,-0.02450239285826683,do
