landmark_0_x,landmark_0_y,landmark_0_z,landmark_1_x,landmark_1_y,landmark_1_z,landmark_2_x,landmark_2_y,landmark_2_z,landmark_3_x,landmark_3_y,landmark_3_z,landmark_4_x,landmark_4_y,landmark_4_z,landmark_5_x,landmark_5_y,landmark_5_z,landmark_6_x,landmark_6_y,landmark_6_z,landmark_7_x,landmark_7_y,landmark_7_z,landmark_8_x,landmark_8_y,landmark_8_z,landmark_9_x,landmark_9_y,landmark_9_z,landmark_10_x,landmark_10_y,landmark_10_z,landmark_11_x,landmark_11_y,landmark_11_z,landmark_12_x,landmark_12_y,landmark_12_z,landmark_13_x,landmark_13_y,landmark_13_z,landmark_14_x,landmark_14_y,landmark_14_z,landmark_15_x,landmark_15_y,landmark_15_z,landmark_16_x,landmark_16_y,landmark_16_z,landmark_17_x,landmark_17_y,landmark_17_z,landmark_18_x,landmark_18_y,landmark_18_z,landmark_19_x,landmark_19_y,landmark_19_z,landmark_20_x,landmark_20_y,landmark_20_z,class
0.7119585275650024,0.34718677401542664,-5.681615675712237e-07,0.6332972645759583,0.3278672695159912,-0.028231091797351837,0.5540521144866943,0.2665671706199646,-0.04039083048701286,0.5386326909065247,0.18978744745254517,-0.052703339606523514,0.5932641625404358,0.1642875373363495,-0.0577792152762413,0.5935261845588684,0.13825644552707672,-0.002873370423913002,0.5790213346481323,0.09918702393770218,-0.03694092854857445,0.592833399772644,0.17335733771324158,-0.05068031698465347,0.5975545644760132,0.18286891281604767,-0.05736016109585762,0.6460691690444946,0.12258891761302948,-0.005635452922433615,0.6323763728141785,0.0922723338007927,-0.04394826292991638,0.6447215676307678,0.18310390412807465,-0.04427849128842354,0.6509327292442322,0.18430106341838837,-0.034551408141851425,0.6966807842254639,0.12014277279376984,-0.016832632943987846,0.6871694326400757,0.09655913710594177,-0.05533893033862114,0.6902495622634888,0.18066313862800598,-0.04012085869908333,0.6931252479553223,0.18507838249206543,-0.019222432747483253,0.7480055093765259,0.12896372377872467,-0.031454361975193024,0.7363181710243225,0.09836628288030624,-0.04891789332032204,0.7310131788253784,0.15924283862113953,-0.03502979502081871,0.7313483953475952,0.17381450533866882,-0.01935618184506893,do
