landmark_0_x,landmark_0_y,landmark_0_z,landmark_1_x,landmark_1_y,landmark_1_z,landmark_2_x,landmark_2_y,landmark_2_z,landmark_3_x,landmark_3_y,landmark_3_z,landmark_4_x,landmark_4_y,landmark_4_z,landmark_5_x,landmark_5_y,landmark_5_z,landmark_6_x,landmark_6_y,landmark_6_z,landmark_7_x,landmark_7_y,landmark_7_z,landmark_8_x,landmark_8_y,landmark_8_z,landmark_9_x,landmark_9_y,landmark_9_z,landmark_10_x,landmark_10_y,landmark_10_z,landmark_11_x,landmark_11_y,landmark_11_z,landmark_12_x,landmark_12_y,landmark_12_z,landmark_13_x,landmark_13_y,landmark_13_z,landmark_14_x,landmark_14_y,landmark_14_z,landmark_15_x,landmark_15_y,landmark_15_z,landmark_16_x,landmark_16_y,landmark_16_z,landmark_17_x,landmark_17_y,landmark_17_z,landmark_18_x,landmark_18_y,landmark_18_z,landmark_19_x,landmark_19_y,landmark_19_z,landmark_20_x,landmark_20_y,landmark_20_z,class
0.8406059145927429,0.547968864440918,-3.7298124766493856e-07,0.7908259630203247,0.5188893675804138,-0.02179996483027935,0.7539165616035461,0.47958576679229736,-0.03915563225746155,0.7688745856285095,0.4454617500305176,-0.054585471749305725,0.8085110187530518,0.44440603256225586,-0.06566819548606873,0.7807703614234924,0.3738304078578949,-0.0246749185025692,0.8047805428504944,0.37707388401031494,-0.052717387676239014,0.8026421666145325,0.4208733141422272,-0.06800535321235657,0.7916551828384399,0.43761929869651794,-0.07641394436359406,0.8218445181846619,0.37066489458084106,-0.027773572131991386,0.842229425907135,0.3852437138557434,-0.05571446567773819,0.8374396562576294,0.43548694252967834,-0.06141771003603935,0.8263912796974182,0.44543540477752686,-0.06073318421840668,0.8597001433372498,0.3794589638710022,-0.03455832228064537,0.8775733113288879,0.3945656716823578,-0.05645165592432022,0.8716176748275757,0.43522170186042786,-0.04845888912677765,0.8609980940818787,0.44153785705566406,-0.03884189575910568,0.8933636546134949,0.3981958329677582,-0.04427250847220421,0.905240535736084,0.40183237195014954,-0.0548790879547596,0.9000285863876343,0.4347579777240753,-0.04589901864528656,0.8935448527336121,0.4419154226779938,-0.036083873361349106,do
