landmark_0_x,landmark_0_y,landmark_0_z,landmark_1_x,landmark_1_y,landmark_1_z,landmark_2_x,landmark_2_y,landmark_2_z,landmark_3_x,landmark_3_y,landmark_3_z,landmark_4_x,landmark_4_y,landmark_4_z,landmark_5_x,landmark_5_y,landmark_5_z,landmark_6_x,landmark_6_y,landmark_6_z,landmark_7_x,landmark_7_y,landmark_7_z,landmark_8_x,landmark_8_y,landmark_8_z,landmark_9_x,landmark_9_y,landmark_9_z,landmark_10_x,landmark_10_y,landmark_10_z,landmark_11_x,landmark_11_y,landmark_11_z,landmark_12_x,landmark_12_y,landmark_12_z,landmark_13_x,landmark_13_y,landmark_13_z,landmark_14_x,landmark_14_y,landmark_14_z,landmark_15_x,landmark_15_y,landmark_15_z,landmark_16_x,landmark_16_y,landmark_16_z,landmark_17_x,landmark_17_y,landmark_17_z,landmark_18_x,landmark_18_y,landmark_18_z,landmark_19_x,landmark_19_y,landmark_19_z,landmark_20_x,landmark_20_y,landmark_20_z,class
0.7289415597915649,0.6117231249809265,-4.008983864878246e-07,0.6778073906898499,0.5944567918777466,-0.01683199219405651,0.6326088905334473,0.5585344433784485,-0.026888638734817505,0.6256018280982971,0.5183708071708679,-0.035744212567806244,0.6571477055549622,0.5157403349876404,-0.04055764153599739,0.6565202474594116,0.449160635471344,-0.0068807536736130714,0.6530619263648987,0.47337666153907776,-0.025243276730179787,0.6603633165359497,0.5141611099243164,-0.03528410196304321,0.660484790802002,0.5165424346923828,-0.04133889451622963,0.690723717212677,0.4387655258178711,-0.009131037630140781,0.6883285641670227,0.4774385094642639,-0.02760874107480049,0.6932869553565979,0.5228119492530823,-0.029797546565532684,0.6931037902832031,0.5256544351577759,-0.027558082714676857,0.7243955135345459,0.4439319968223572,-0.015208269469439983,0.7227468490600586,0.4835442006587982,-0.03245837986469269,0.7222183346748352,0.5243040919303894,-0.025383947417140007,0.7200238704681396,0.5262751579284668,-0.016709525138139725,0.7566015720367432,0.4592607915401459,-0.023966001346707344,0.7533100247383118,0.4827914834022522,-0.03208594024181366,0.749298095703125,0.5159785151481628,-0.025560785084962845,0.7467774152755737,0.521047830581665,-0.01791520230472088,do
