landmark_0_x,landmark_0_y,landmark_0_z,landmark_1_x,landmark_1_y,landmark_1_z,landmark_2_x,landmark_2_y,landmark_2_z,landmark_3_x,landmark_3_y,landmark_3_z,landmark_4_x,landmark_4_y,landmark_4_z,landmark_5_x,landmark_5_y,landmark_5_z,landmark_6_x,landmark_6_y,landmark_6_z,landmark_7_x,landmark_7_y,landmark_7_z,landmark_8_x,landmark_8_y,landmark_8_z,landmark_9_x,landmark_9_y,landmark_9_z,landmark_10_x,landmark_10_y,landmark_10_z,landmark_11_x,landmark_11_y,landmark_11_z,landmark_12_x,landmark_12_y,landmark_12_z,landmark_13_x,landmark_13_y,landmark_13_z,landmark_14_x,landmark_14_y,landmark_14_z,landmark_15_x,landmark_15_y,landmark_15_z,landmark_16_x,landmark_16_y,landmark_16_z,landmark_17_x,landmark_17_y,landmark_17_z,landmark_18_x,landmark_18_y,landmark_18_z,landmark_19_x,landmark_19_y,landmark_19_z,landmark_20_x,landmark_20_y,landmark_20_z,class
0.8689867258071899,0.6997699737548828,-3.564116468623979e-07,0.818117618560791,0.6776918172836304,-0.01957465149462223,0.7790427803993225,0.6435871720314026,-0.0336175337433815,0.7834067940711975,0.6090932488441467,-0.045434385538101196,0.8154345750808716,0.6016356348991394,-0.05231129378080368,0.806042492389679,0.5333021879196167,-0.016837548464536667,0.8096970915794373,0.5667933225631714,-0.03617685288190842,0.8159192800521851,0.6062817573547363,-0.04487207904458046,0.8133900761604309,0.602392315864563,-0.05066241696476936,0.8413294553756714,0.5243895649909973,-0.018354274332523346,0.8464359641075134,0.5726953744888306,-0.03822699561715126,0.8495069146156311,0.6144902110099792,-0.04026345908641815,0.8469195365905762,0.6077265739440918,-0.03894846886396408,0.8750758171081543,0.5291560292243958,-0.02313011698424816,0.8809781074523926,0.5801517367362976,-0.03985279053449631,0.8784105181694031,0.6162710785865784,-0.031531769782304764,0.8738433718681335,0.6068265438079834,-0.023603588342666626,0.9068451523780823,0.5450842976570129,-0.030844880267977715,0.9100462198257446,0.5786967873573303,-0.039431843906641006,0.9063408374786377,0.6092633008956909,-0.033107925206422806,0.9028559923171997,0.6051333546638489,-0.026107797399163246,do
