landmark_0_x,landmark_0_y,landmark_0_z,landmark_1_x,landmark_1_y,landmark_1_z,landmark_2_x,landmark_2_y,landmark_2_z,landmark_3_x,landmark_3_y,landmark_3_z,landmark_4_x,landmark_4_y,landmark_4_z,landmark_5_x,landmark_5_y,landmark_5_z,landmark_6_x,landmark_6_y,landmark_6_z,landmark_7_x,landmark_7_y,landmark_7_z,landmark_8_x,landmark_8_y,landmark_8_z,landmark_9_x,landmark_9_y,landmark_9_z,landmark_10_x,landmark_10_y,landmark_10_z,landmark_11_x,landmark_11_y,landmark_11_z,landmark_12_x,landmark_12_y,landmark_12_z,landmark_13_x,landmark_13_y,landmark_13_z,landmark_14_x,landmark_14_y,landmark_14_z,landmark_15_x,landmark_15_y,landmark_15_z,landmark_16_x,landmark_16_y,landmark_16_z,landmark_17_x,landmark_17_y,landmark_17_z,landmark_18_x,landmark_18_y,landmark_18_z,landmark_19_x,landmark_19_y,landmark_19_z,landmark_20_x,landmark_20_y,landmark_20_z,class
0.20977477729320526,0.875881552696228,-1.8596604434151232e-07,0.24920693039894104,0.8501982688903809,-0.015518934465944767,0.29010531306266785,0.806018054485321,-0.01955241709947586,0.29631662368774414,0.7639493942260742,-0.02300037257373333,0.26934289932250977,0.7625064849853516,-0.02252889610826969,0.25967293977737427,0.7374383211135864,0.005311190616339445,0.27560949325561523,0.716866672039032,-0.008293744176626205,0.26835837960243225,0.7612445950508118,-0.016168154776096344,0.26305854320526123,0.7678227424621582,-0.02020745724439621,0.23780710995197296,0.733569860458374,0.006210820283740759,0.24940802156925201,0.7182255983352661,-0.007965723052620888,0.24455226957798004,0.7654887437820435,-0.01090608537197113,0.2394716441631317,0.7686365842819214,-0.009398684836924076,0.21597394347190857,0.7358837127685547,0.0032079711090773344,0.22347918152809143,0.7183730602264404,-0.010868151672184467,0.22189149260520935,0.7620550394058228,-0.004447226878255606,0.21761468052864075,0.7701032161712646,0.003461554180830717,0.19216391444206238,0.7406620383262634,-0.0015496016712859273,0.20208770036697388,0.7214207053184509,-0.005366215482354164,0.2018473893404007,0.7529274225234985,0.0039389352314174175,0.19779670238494873,0.7649023532867432,0.012600609101355076,low
