landmark_0_x,landmark_0_y,landmark_0_z,landmark_1_x,landmark_1_y,landmark_1_z,landmark_2_x,landmark_2_y,landmark_2_z,landmark_3_x,landmark_3_y,landmark_3_z,landmark_4_x,landmark_4_y,landmark_4_z,landmark_5_x,landmark_5_y,landmark_5_z,landmark_6_x,landmark_6_y,landmark_6_z,landmark_7_x,landmark_7_y,landmark_7_z,landmark_8_x,landmark_8_y,landmark_8_z,landmark_9_x,landmark_9_y,landmark_9_z,landmark_10_x,landmark_10_y,landmark_10_z,landmark_11_x,landmark_11_y,landmark_11_z,landmark_12_x,landmark_12_y,landmark_12_z,landmark_13_x,landmark_13_y,landmark_13_z,landmark_14_x,landmark_14_y,landmark_14_z,landmark_15_x,landmark_15_y,landmark_15_z,landmark_16_x,landmark_16_y,landmark_16_z,landmark_17_x,landmark_17_y,landmark_17_z,landmark_18_x,landmark_18_y,landmark_18_z,landmark_19_x,landmark_19_y,landmark_19_z,landmark_20_x,landmark_20_y,landmark_20_z,class
0.08589379489421844,0.8602287173271179,-2.3297806706068513e-07,0.13375023007392883,0.8369917869567871,-0.023982536047697067,0.17981863021850586,0.7714991569519043,-0.031388502568006516,0.18038257956504822,0.7076383829116821,-0.03614762797951698,0.14225012063980103,0.703029215335846,-0.03553980588912964,0.13581712543964386,0.6857326030731201,-0.006696487311273813,0.1351846605539322,0.6509001851081848,-0.026223760098218918,0.13586455583572388,0.7112535834312439,-0.03444815054535866,0.13844327628612518,0.7264572978019714,-0.037619441747665405,0.10333964973688126,0.6853646039962769,-0.0035627158358693123,0.1003737673163414,0.6547009348869324,-0.02426452748477459,0.10517767071723938,0.7219908237457275,-0.024192843586206436,0.10559715330600739,0.7307168841362,-0.018664689734578133,0.07188867032527924,0.6928568482398987,-0.00507345050573349,0.06655438989400864,0.6594434380531311,-0.026765605434775352,0.07663095742464066,0.7209333777427673,-0.014572390355169773,0.07864497601985931,0.7349575161933899,-0.0007865735096856952,0.038553208112716675,0.7042966485023499,-0.008861900307238102,0.040626272559165955,0.6744126677513123,-0.019312558695673943,0.050234392285346985,0.7171750664710999,-0.007467073854058981,0.05222085118293762,0.7337576150894165,0.004881133325397968,low
