landmark_0_x,landmark_0_y,landmark_0_z,landmark_1_x,landmark_1_y,landmark_1_z,landmark_2_x,landmark_2_y,landmark_2_z,landmark_3_x,landmark_3_y,landmark_3_z,landmark_4_x,landmark_4_y,landmark_4_z,landmark_5_x,landmark_5_y,landmark_5_z,landmark_6_x,landmark_6_y,landmark_6_z,landmark_7_x,landmark_7_y,landmark_7_z,landmark_8_x,landmark_8_y,landmark_8_z,landmark_9_x,landmark_9_y,landmark_9_z,landmark_10_x,landmark_10_y,landmark_10_z,landmark_11_x,landmark_11_y,landmark_11_z,landmark_12_x,landmark_12_y,landmark_12_z,landmark_13_x,landmark_13_y,landmark_13_z,landmark_14_x,landmark_14_y,landmark_14_z,landmark_15_x,landmark_15_y,landmark_15_z,landmark_16_x,landmark_16_y,landmark_16_z,landmark_17_x,landmark_17_y,landmark_17_z,landmark_18_x,landmark_18_y,landmark_18_z,landmark_19_x,landmark_19_y,landmark_19_z,landmark_20_x,landmark_20_y,landmark_20_z,class
0.0959470197558403,0.8743968605995178,-4.673197384619243e-09,0.1260663866996765,0.8600161075592041,-0.018804116174578667,0.14915798604488373,0.8307410478591919,-0.028022656217217445,0.1333548128604889,0.7998897433280945,-0.03576447442173958,0.10581908375024796,0.7947633862495422,-0.040539953857660294,0.14365935325622559,0.781442403793335,-0.008618823252618313,0.13890837132930756,0.7659934163093567,-0.029400557279586792,0.1250433772802353,0.7861899733543396,-0.04087990149855614,0.11973753571510315,0.7955412864685059,-0.04608837887644768,0.11975085735321045,0.7716677188873291,-0.007957614958286285,0.10959178954362869,0.7612343430519104,-0.030715035274624825,0.10472352802753448,0.79239821434021,-0.03686463087797165,0.10946260392665863,0.8020192384719849,-0.03539319708943367,0.09758050739765167,0.7715203166007996,-0.011150512844324112,0.08224155753850937,0.7671412229537964,-0.032922957092523575,0.08514850586652756,0.8018178343772888,-0.03101106360554695,0.09596401453018188,0.8121464848518372,-0.023943746462464333,0.07715659588575363,0.7783560752868652,-0.016112403944134712,0.06605333834886551,0.7759325504302979,-0.027874475345015526,0.07044895738363266,0.7995873689651489,-0.024862464517354965,0.08121456205844879,0.8089014291763306,-0.019072400406003,low
