landmark_0_x,landmark_0_y,landmark_0_z,landmark_1_x,landmark_1_y,landmark_1_z,landmark_2_x,landmark_2_y,landmark_2_z,landmark_3_x,landmark_3_y,landmark_3_z,landmark_4_x,landmark_4_y,landmark_4_z,landmark_5_x,landmark_5_y,landmark_5_z,landmark_6_x,landmark_6_y,landmark_6_z,landmark_7_x,landmark_7_y,landmark_7_z,landmark_8_x,landmark_8_y,landmark_8_z,landmark_9_x,landmark_9_y,landmark_9_z,landmark_10_x,landmark_10_y,landmark_10_z,landmark_11_x,landmark_11_y,landmark_11_z,landmark_12_x,landmark_12_y,landmark_12_z,landmark_13_x,landmark_13_y,landmark_13_z,landmark_14_x,landmark_14_y,landmark_14_z,landmark_15_x,landmark_15_y,landmark_15_z,landmark_16_x,landmark_16_y,landmark_16_z,landmark_17_x,landmark_17_y,landmark_17_z,landmark_18_x,landmark_18_y,landmark_18_z,landmark_19_x,landmark_19_y,landmark_19_z,landmark_20_x,landmark_20_y,landmark_20_z,class
0.13448511064052582,0.838270366191864,-1.2628893841792888e-07,0.16560912132263184,0.8217694163322449,-0.009152154438197613,0.19432054460048676,0.7868397235870361,-0.010330872610211372,0.1970139741897583,0.7520091533660889,-0.011277999728918076,0.17559914290905,0.749413251876831,-0.010325795039534569,0.17065578699111938,0.7422741651535034,0.0028045980725437403,0.17156599462032318,0.718656063079834,-0.006421001628041267,0.16989123821258545,0.7459136843681335,-0.012075643986463547,0.17082451283931732,0.7601756453514099,-0.014743905514478683,0.15209314227104187,0.7396893501281738,0.00318186660297215,0.15059271454811096,0.717747151851654,-0.0071874321438372135,0.15094470977783203,0.7506458163261414,-0.009825743734836578,0.1513255387544632,0.7644916772842407,-0.008650515228509903,0.1338818371295929,0.7416906356811523,0.0012546852231025696,0.13076071441173553,0.7195116877555847,-0.009054173715412617,0.1341944932937622,0.748769998550415,-0.006211076397448778,0.13499654829502106,0.7631999254226685,-0.0013062302023172379,0.11460220813751221,0.7467908263206482,-0.0016257398528978229,0.11305412650108337,0.725448489189148,-0.006834133993834257,0.1177046075463295,0.7449229955673218,-0.002868844196200371,0.120221808552742,0.7578304409980774,0.0020382448565214872,low
