landmark_0_x,landmark_0_y,landmark_0_z,landmark_1_x,landmark_1_y,landmark_1_z,landmark_2_x,landmark_2_y,landmark_2_z,landmark_3_x,landmark_3_y,landmark_3_z,landmark_4_x,landmark_4_y,landmark_4_z,landmark_5_x,landmark_5_y,landmark_5_z,landmark_6_x,landmark_6_y,landmark_6_z,landmark_7_x,landmark_7_y,landmark_7_z,landmark_8_x,landmark_8_y,landmark_8_z,landmark_9_x,landmark_9_y,landmark_9_z,landmark_10_x,landmark_10_y,landmark_10_z,landmark_11_x,landmark_11_y,landmark_11_z,landmark_12_x,landmark_12_y,landmark_12_z,landmark_13_x,landmark_13_y,landmark_13_z,landmark_14_x,landmark_14_y,landmark_14_z,landmark_15_x,landmark_15_y,landmark_15_z,landmark_16_x,landmark_16_y,landmark_16_z,landmark_17_x,landmark_17_y,landmark_17_z,landmark_18_x,landmark_18_y,landmark_18_z,landmark_19_x,landmark_19_y,landmark_19_z,landmark_20_x,landmark_20_y,landmark_20_z,class
0.3943230211734772,0.8070437908172607,-3.2210269296228944e-07,0.46496936678886414,0.7919965982437134,-0.017205379903316498,0.5316115021705627,0.7400711178779602,-0.023408526554703712,0.5607072114944458,0.6809492111206055,-0.029707426205277443,0.534697413444519,0.6620771288871765,-0.03184342756867409,0.49829813838005066,0.6208562254905701,-0.003346748184412718,0.5279356241226196,0.5989259481430054,-0.020472589880228043,0.514498770236969,0.6585338115692139,-0.028333060443401337,0.4987219572067261,0.6697781682014465,-0.03292778879404068,0.4642695188522339,0.6121742129325867,-0.006354780402034521,0.49416211247444153,0.5926762223243713,-0.026280662044882774,0.48349568247795105,0.6627376675605774,-0.02950095944106579,0.46662336587905884,0.6694424152374268,-0.02817053720355034,0.42990636825561523,0.6144998669624329,-0.012722921557724476,0.45918428897857666,0.5884590148925781,-0.03515277057886124,0.4558088183403015,0.655083954334259,-0.025235896930098534,0.4394027292728424,0.6684848070144653,-0.01393195055425167,0.3934008777141571,0.6240839958190918,-0.020659495145082474,0.42720091342926025,0.5970973968505859,-0.03332497179508209,0.4293938875198364,0.6436254978179932,-0.021147076040506363,0.41522520780563354,0.6600388884544373,-0.009142477065324783,low
