landmark_0_x,landmark_0_y,landmark_0_z,landmark_1_x,landmark_1_y,landmark_1_z,landmark_2_x,landmark_2_y,landmark_2_z,landmark_3_x,landmark_3_y,landmark_3_z,landmark_4_x,landmark_4_y,landmark_4_z,landmark_5_x,landmark_5_y,landmark_5_z,landmark_6_x,landmark_6_y,landmark_6_z,landmark_7_x,landmark_7_y,landmark_7_z,landmark_8_x,landmark_8_y,landmark_8_z,landmark_9_x,landmark_9_y,landmark_9_z,landmark_10_x,landmark_10_y,landmark_10_z,landmark_11_x,landmark_11_y,landmark_11_z,landmark_12_x,landmark_12_y,landmark_12_z,landmark_13_x,landmark_13_y,landmark_13_z,landmark_14_x,landmark_14_y,landmark_14_z,landmark_15_x,landmark_15_y,landmark_15_z,landmark_16_x,landmark_16_y,landmark_16_z,landmark_17_x,landmark_17_y,landmark_17_z,landmark_18_x,landmark_18_y,landmark_18_z,landmark_19_x,landmark_19_y,landmark_19_z,landmark_20_x,landmark_20_y,landmark_20_z,class
0.4243130683898926,0.8318055868148804,-4.1369995074092003e-07,0.5009604096412659,0.8171678781509399,-0.021215125918388367,0.5791217088699341,0.7474784851074219,-0.028162509202957153,0.6052189469337463,0.6789378523826599,-0.03475072234869003,0.5705851316452026,0.6589422225952148,-0.03552835434675217,0.5410574078559875,0.6184093356132507,-0.0041930037550628185,0.5711488723754883,0.589550256729126,-0.026402022689580917,0.5551779866218567,0.6636973023414612,-0.03669316694140434,0.5380634069442749,0.6780063509941101,-0.042751215398311615,0.501284658908844,0.607149600982666,-0.0074203177355229855,0.5328972339630127,0.5853084325790405,-0.03192413970828056,0.5215702056884766,0.6681836843490601,-0.03575659543275833,0.5045870542526245,0.6701266765594482,-0.034246135503053665,0.4606805443763733,0.6104851961135864,-0.015175225213170052,0.4927418828010559,0.5832792520523071,-0.04219278693199158,0.4898891746997833,0.661263108253479,-0.030498646199703217,0.4732303023338318,0.6676050424575806,-0.017806503921747208,0.41858476400375366,0.6228100657463074,-0.025000369176268578,0.4543554484844208,0.5986440181732178,-0.040135834366083145,0.45588716864585876,0.6524056196212769,-0.026681136339902878,0.4393768906593323,0.6628389358520508,-0.013883665204048157,low
