landmark_0_x,landmark_0_y,landmark_0_z,landmark_1_x,landmark_1_y,landmark_1_z,landmark_2_x,landmark_2_y,landmark_2_z,landmark_3_x,landmark_3_y,landmark_3_z,landmark_4_x,landmark_4_y,landmark_4_z,landmark_5_x,landmark_5_y,landmark_5_z,landmark_6_x,landmark_6_y,landmark_6_z,landmark_7_x,landmark_7_y,landmark_7_z,landmark_8_x,landmark_8_y,landmark_8_z,landmark_9_x,landmark_9_y,landmark_9_z,landmark_10_x,landmark_10_y,landmark_10_z,landmark_11_x,landmark_11_y,landmark_11_z,landmark_12_x,landmark_12_y,landmark_12_z,landmark_13_x,landmark_13_y,landmark_13_z,landmark_14_x,landmark_14_y,landmark_14_z,landmark_15_x,landmark_15_y,landmark_15_z,landmark_16_x,landmark_16_y,landmark_16_z,landmark_17_x,landmark_17_y,landmark_17_z,landmark_18_x,landmark_18_y,landmark_18_z,landmark_19_x,landmark_19_y,landmark_19_z,landmark_20_x,landmark_20_y,landmark_20_z,class
0.13697177171707153,0.8886249661445618,-1.7710789279590244e-07,0.17318972945213318,0.865378737449646,-0.020174704492092133,0.21201738715171814,0.8180069923400879,-0.02756657637655735,0.2109616994857788,0.7728245258331299,-0.0329042449593544,0.18043562769889832,0.773657500743866,-0.03370311111211777,0.17495672404766083,0.7584447860717773,-0.005435139872133732,0.18144282698631287,0.7287309169769287,-0.022596027702093124,0.18015235662460327,0.7748921513557434,-0.03081240877509117,0.17800091207027435,0.7834580540657043,-0.03457414731383324,0.1502344012260437,0.7578151822090149,-0.0025747879408299923,0.15364141762256622,0.7336267828941345,-0.019917897880077362,0.1559455394744873,0.7845657467842102,-0.021841032430529594,0.15251612663269043,0.7866739630699158,-0.019360993057489395,0.12661463022232056,0.7624241709709167,-0.003620272036641836,0.12634333968162537,0.7360687851905823,-0.02050088159739971,0.1321805715560913,0.7816570997238159,-0.011926415376365185,0.1301831305027008,0.7870362997055054,-0.002368358662351966,0.10110838711261749,0.7688748240470886,-0.006627105176448822,0.10505136847496033,0.744966447353363,-0.013063197024166584,0.11003059893846512,0.7758827805519104,-0.003557866672053933,0.10770327597856522,0.7853714227676392,0.005494965706020594,low
