landmark_0_x,landmark_0_y,landmark_0_z,landmark_1_x,landmark_1_y,landmark_1_z,landmark_2_x,landmark_2_y,landmark_2_z,landmark_3_x,landmark_3_y,landmark_3_z,landmark_4_x,landmark_4_y,landmark_4_z,landmark_5_x,landmark_5_y,landmark_5_z,landmark_6_x,landmark_6_y,landmark_6_z,landmark_7_x,landmark_7_y,landmark_7_z,landmark_8_x,landmark_8_y,landmark_8_z,landmark_9_x,landmark_9_y,landmark_9_z,landmark_10_x,landmark_10_y,landmark_10_z,landmark_11_x,landmark_11_y,landmark_11_z,landmark_12_x,landmark_12_y,landmark_12_z,landmark_13_x,landmark_13_y,landmark_13_z,landmark_14_x,landmark_14_y,landmark_14_z,landmark_15_x,landmark_15_y,landmark_15_z,landmark_16_x,landmark_16_y,landmark_16_z,landmark_17_x,landmark_17_y,landmark_17_z,landmark_18_x,landmark_18_y,landmark_18_z,landmark_19_x,landmark_19_y,landmark_19_z,landmark_20_x,landmark_20_y,landmark_20_z,class
0.35111361742019653,0.8661007881164551,-3.1704541925137164e-07,0.41304588317871094,0.8538260459899902,-0.02309822104871273,0.47756803035736084,0.8003137707710266,-0.032734986394643784,0.4992784559726715,0.7406560778617859,-0.04127850756049156,0.4676392674446106,0.7219284176826477,-0.04545413330197334,0.4401340186595917,0.6815823316574097,-0.008649592287838459,0.46490535140037537,0.6595693826675415,-0.0314757376909256,0.4530050754547119,0.7221164703369141,-0.04259727522730827,0.4399619400501251,0.7394242882728577,-0.047641754150390625,0.40416595339775085,0.676374077796936,-0.009113580919802189,0.4280897378921509,0.6607637405395508,-0.033625636249780655,0.42010822892189026,0.7352290749549866,-0.03774382174015045,0.40701836347579956,0.7453194856643677,-0.035036154091358185,0.3684768080711365,0.6826540231704712,-0.013702888041734695,0.3918335437774658,0.662065863609314,-0.0399925634264946,0.39100906252861023,0.7334705591201782,-0.02944950945675373,0.3792411684989929,0.7490736842155457,-0.01586979441344738,0.33100810647010803,0.6963369846343994,-0.020255330950021744,0.35793066024780273,0.6731613874435425,-0.03439880162477493,0.3617863059043884,0.7209998369216919,-0.021921779960393906,0.3519462049007416,0.7371265292167664,-0.008487669751048088,low
