landmark_0_x,landmark_0_y,landmark_0_z,landmark_1_x,landmark_1_y,landmark_1_z,landmark_2_x,landmark_2_y,landmark_2_z,landmark_3_x,landmark_3_y,landmark_3_z,landmark_4_x,landmark_4_y,landmark_4_z,landmark_5_x,landmark_5_y,landmark_5_z,landmark_6_x,landmark_6_y,landmark_6_z,landmark_7_x,landmark_7_y,landmark_7_z,landmark_8_x,landmark_8_y,landmark_8_z,landmark_9_x,landmark_9_y,landmark_9_z,landmark_10_x,landmark_10_y,landmark_10_z,landmark_11_x,landmark_11_y,landmark_11_z,landmark_12_x,landmark_12_y,landmark_12_z,landmark_13_x,landmark_13_y,landmark_13_z,landmark_14_x,landmark_14_y,landmark_14_z,landmark_15_x,landmark_15_y,landmark_15_z,landmark_16_x,landmark_16_y,landmark_16_z,landmark_17_x,landmark_17_y,landmark_17_z,landmark_18_x,landmark_18_y,landmark_18_z,landmark_19_x,landmark_19_y,landmark_19_z,landmark_20_x,landmark_20_y,landmark_20_z,class
0.19779103994369507,0.8101010322570801,-3.433116262385738e-07,0.27230867743492126,0.7687091827392578,-0.023562001064419746,0.34616249799728394,0.699009358882904,-0.03430377319455147,0.3631556034088135,0.6183168888092041,-0.045415185391902924,0.3100103735923767,0.6020578145980835,-0.05135339871048927,0.2937758266925812,0.5761508941650391,0.00035222855512984097,0.31527280807495117,0.5205791592597961,-0.02797010913491249,0.30806398391723633,0.5975589752197266,-0.046246469020843506,0.2985098361968994,0.6247344613075256,-0.055565498769283295,0.2527715563774109,0.569360613822937,-0.002504785545170307,0.2684144973754883,0.5155682563781738,-0.03209223598241806,0.266417920589447,0.602412760257721,-0.04188567399978638,0.25651684403419495,0.6253283023834229,-0.041601166129112244,0.21230538189411163,0.5742291212081909,-0.010548276826739311,0.22296202182769775,0.5189600586891174,-0.037101756781339645,0.22956393659114838,0.5971993207931519,-0.025910042226314545,0.22294199466705322,0.624686062335968,-0.011265840381383896,0.16800561547279358,0.5868809819221497,-0.021378522738814354,0.18176844716072083,0.5324751734733582,-0.03210783749818802,0.1929081827402115,0.585289478302002,-0.015836790204048157,0.19126953184604645,0.6172212362289429,0.00036654481664299965,low
