landmark_0_x,landmark_0_y,landmark_0_z,landmark_1_x,landmark_1_y,landmark_1_z,landmark_2_x,landmark_2_y,landmark_2_z,landmark_3_x,landmark_3_y,landmark_3_z,landmark_4_x,landmark_4_y,landmark_4_z,landmark_5_x,landmark_5_y,landmark_5_z,landmark_6_x,landmark_6_y,landmark_6_z,landmark_7_x,landmark_7_y,landmark_7_z,landmark_8_x,landmark_8_y,landmark_8_z,landmark_9_x,landmark_9_y,landmark_9_z,landmark_10_x,landmark_10_y,landmark_10_z,landmark_11_x,landmark_11_y,landmark_11_z,landmark_12_x,landmark_12_y,landmark_12_z,landmark_13_x,landmark_13_y,landmark_13_z,landmark_14_x,landmark_14_y,landmark_14_z,landmark_15_x,landmark_15_y,landmark_15_z,landmark_16_x,landmark_16_y,landmark_16_z,landmark_17_x,landmark_17_y,landmark_17_z,landmark_18_x,landmark_18_y,landmark_18_z,landmark_19_x,landmark_19_y,landmark_19_z,landmark_20_x,landmark_20_y,landmark_20_z,class
0.0278165303170681,0.7974187731742859,-2.3681850791490433e-07,0.09536756575107574,0.77021324634552,-0.02735072933137417,0.16288888454437256,0.7052024602890015,-0.034541480243206024,0.16823559999465942,0.6260533928871155,-0.04010343551635742,0.11643694341182709,0.6194822192192078,-0.04068918898701668,0.10881403088569641,0.5951268672943115,0.005100996233522892,0.11992452293634415,0.5432867407798767,-0.01940857619047165,0.11687576770782471,0.6071084141731262,-0.03514593467116356,0.11303222924470901,0.6384500861167908,-0.04155918210744858,0.07070716470479965,0.5863877534866333,0.00846091564744711,0.07445556670427322,0.5380905866622925,-0.018810193985700607,0.07582451403141022,0.6138976216316223,-0.029027651995420456,0.07085829973220825,0.6475003957748413,-0.027571674436330795,0.03395868092775345,0.5868732333183289,0.006042595952749252,0.03343372046947479,0.5424888134002686,-0.019959576427936554,0.03956170380115509,0.6115059852600098,-0.014766613021492958,0.03572903200984001,0.6466760039329529,-0.0026123959105461836,-0.00599139928817749,0.5937514305114746,0.000980995362624526,0.00023993849754333496,0.5531285405158997,-0.010456673800945282,0.005948401987552643,0.6029559969902039,-6.152920832391828e-05,0.0037588700652122498,0.6361508965492249,0.012965166941285133,low
