landmark_0_x,landmark_0_y,landmark_0_z,landmark_1_x,landmark_1_y,landmark_1_z,landmark_2_x,landmark_2_y,landmark_2_z,landmark_3_x,landmark_3_y,landmark_3_z,landmark_4_x,landmark_4_y,landmark_4_z,landmark_5_x,landmark_5_y,landmark_5_z,landmark_6_x,landmark_6_y,landmark_6_z,landmark_7_x,landmark_7_y,landmark_7_z,landmark_8_x,landmark_8_y,landmark_8_z,landmark_9_x,landmark_9_y,landmark_9_z,landmark_10_x,landmark_10_y,landmark_10_z,landmark_11_x,landmark_11_y,landmark_11_z,landmark_12_x,landmark_12_y,landmark_12_z,landmark_13_x,landmark_13_y,landmark_13_z,landmark_14_x,landmark_14_y,landmark_14_z,landmark_15_x,landmark_15_y,landmark_15_z,landmark_16_x,landmark_16_y,landmark_16_z,landmark_17_x,landmark_17_y,landmark_17_z,landmark_18_x,landmark_18_y,landmark_18_z,landmark_19_x,landmark_19_y,landmark_19_z,landmark_20_x,landmark_20_y,landmark_20_z,class
0.27226874232292175,0.8886272311210632,-1.262756796904796e-07,0.30529630184173584,0.8671458959579468,-0.0069652460515499115,0.33354440331459045,0.8335294723510742,-0.008986267261207104,0.34025004506111145,0.7991057634353638,-0.012134775519371033,0.31944677233695984,0.7958183884620667,-0.013407532125711441,0.30329763889312744,0.7848333120346069,0.007309751585125923,0.31736791133880615,0.7636299133300781,-0.0027075239922851324,0.31557559967041016,0.7948620319366455,-0.010464987717568874,0.3089093267917633,0.8082235455513,-0.014482914470136166,0.2872084081172943,0.7834209203720093,0.005419190973043442,0.2995361089706421,0.7614796757698059,-0.00609974330291152,0.29976797103881836,0.7967908382415771,-0.011308196000754833,0.2927168011665344,0.8119913339614868,-0.011664234101772308,0.27030012011528015,0.7856711149215698,0.0012614669976755977,0.2810819149017334,0.7620941996574402,-0.008702733553946018,0.2855975031852722,0.7927335500717163,-0.006303494796156883,0.28057870268821716,0.8086736798286438,-0.0014977394603192806,0.2511504292488098,0.791205108165741,-0.0038316540885716677,0.26512283086776733,0.7675779461860657,-0.00748204393312335,0.27099597454071045,0.7878203392028809,-0.0019210062455385923,0.26833629608154297,0.8030291795730591,0.0039489311166107655,low
