landmark_0_x,landmark_0_y,landmark_0_z,landmark_1_x,landmark_1_y,landmark_1_z,landmark_2_x,landmark_2_y,landmark_2_z,landmark_3_x,landmark_3_y,landmark_3_z,landmark_4_x,landmark_4_y,landmark_4_z,landmark_5_x,landmark_5_y,landmark_5_z,landmark_6_x,landmark_6_y,landmark_6_z,landmark_7_x,landmark_7_y,landmark_7_z,landmark_8_x,landmark_8_y,landmark_8_z,landmark_9_x,landmark_9_y,landmark_9_z,landmark_10_x,landmark_10_y,landmark_10_z,landmark_11_x,landmark_11_y,landmark_11_z,landmark_12_x,landmark_12_y,landmark_12_z,landmark_13_x,landmark_13_y,landmark_13_z,landmark_14_x,landmark_14_y,landmark_14_z,landmark_15_x,landmark_15_y,landmark_15_z,landmark_16_x,landmark_16_y,landmark_16_z,landmark_17_x,landmark_17_y,landmark_17_z,landmark_18_x,landmark_18_y,landmark_18_z,landmark_19_x,landmark_19_y,landmark_19_z,landmark_20_x,landmark_20_y,landmark_20_z,class
0.2237587571144104,0.8968595266342163,-1.810065271001804e-07,0.255353718996048,0.8812729120254517,-0.01005480159074068,0.2846323847770691,0.84764564037323,-0.011719570495188236,0.2911059558391571,0.8102217316627502,-0.013991151005029678,0.2700074315071106,0.8040210008621216,-0.013330115005373955,0.2653513550758362,0.8032271862030029,0.007411959581077099,0.27200138568878174,0.7725879549980164,-0.005191108211874962,0.2671625018119812,0.8069133758544922,-0.012094001285731792,0.26391762495040894,0.8209229707717896,-0.014497900381684303,0.2474796622991562,0.7955353260040283,0.007379456423223019,0.2523179352283478,0.7679497599601746,-0.006708354689180851,0.24814417958259583,0.8077590465545654,-0.010103998705744743,0.2452230155467987,0.8177473545074463,-0.007767044939100742,0.22936119139194489,0.7918635606765747,0.0041608200408518314,0.23291520774364471,0.7638764381408691,-0.009516681544482708,0.2314489781856537,0.8011848330497742,-0.004865351133048534,0.22945766150951385,0.8137913942337036,0.003039438044652343,0.2092665582895279,0.7904431819915771,-0.00023894222977105528,0.2166675478219986,0.7659173607826233,-0.005211466923356056,0.21688711643218994,0.7891930937767029,0.001469608978368342,0.215193971991539,0.801480233669281,0.00903276540338993,low
