landmark_0_x,landmark_0_y,landmark_0_z,landmark_1_x,landmark_1_y,landmark_1_z,landmark_2_x,landmark_2_y,landmark_2_z,landmark_3_x,landmark_3_y,landmark_3_z,landmark_4_x,landmark_4_y,landmark_4_z,landmark_5_x,landmark_5_y,landmark_5_z,landmark_6_x,landmark_6_y,landmark_6_z,landmark_7_x,landmark_7_y,landmark_7_z,landmark_8_x,landmark_8_y,landmark_8_z,landmark_9_x,landmark_9_y,landmark_9_z,landmark_10_x,landmark_10_y,landmark_10_z,landmark_11_x,landmark_11_y,landmark_11_z,landmark_12_x,landmark_12_y,landmark_12_z,landmark_13_x,landmark_13_y,landmark_13_z,landmark_14_x,landmark_14_y,landmark_14_z,landmark_15_x,landmark_15_y,landmark_15_z,landmark_16_x,landmark_16_y,landmark_16_z,landmark_17_x,landmark_17_y,landmark_17_z,landmark_18_x,landmark_18_y,landmark_18_z,landmark_19_x,landmark_19_y,landmark_19_z,landmark_20_x,landmark_20_y,landmark_20_z,class
0.15695537626743317,0.8372170925140381,4.867317215939693e-08,0.1855698823928833,0.8128565549850464,-0.007388497702777386,0.20441186428070068,0.7827204465866089,-0.009583939798176289,0.19432944059371948,0.7575890421867371,-0.012907502241432667,0.17298032343387604,0.7551174759864807,-0.015841618180274963,0.18563219904899597,0.7535867094993591,0.008096587844192982,0.1877078264951706,0.7315221428871155,-0.000912897230591625,0.18606658279895782,0.7336862087249756,-0.010500638745725155,0.1862991601228714,0.7400802373886108,-0.016471071168780327,0.16771948337554932,0.749668538570404,0.007391058374196291,0.16733430325984955,0.7290926575660706,-0.0027733962051570415,0.16704630851745605,0.7364407777786255,-0.012338674627244473,0.17018134891986847,0.7452155947685242,-0.016646966338157654,0.1508369743824005,0.7512227892875671,0.004583353642374277,0.14923769235610962,0.7299378514289856,-0.005062282085418701,0.15183086693286896,0.7366278171539307,-0.008725984953343868,0.1575649231672287,0.7445703744888306,-0.008446285501122475,0.13419875502586365,0.7576442956924438,0.0009140527108684182,0.13566932082176208,0.7387360334396362,-0.00393642857670784,0.13901354372501373,0.7429763078689575,-0.0028079526964575052,0.14401400089263916,0.7501494884490967,-0.00034535941085778177,low
