landmark_0_x,landmark_0_y,landmark_0_z,landmark_1_x,landmark_1_y,landmark_1_z,landmark_2_x,landmark_2_y,landmark_2_z,landmark_3_x,landmark_3_y,landmark_3_z,landmark_4_x,landmark_4_y,landmark_4_z,landmark_5_x,landmark_5_y,landmark_5_z,landmark_6_x,landmark_6_y,landmark_6_z,landmark_7_x,landmark_7_y,landmark_7_z,landmark_8_x,landmark_8_y,landmark_8_z,landmark_9_x,landmark_9_y,landmark_9_z,landmark_10_x,landmark_10_y,landmark_10_z,landmark_11_x,landmark_11_y,landmark_11_z,landmark_12_x,landmark_12_y,landmark_12_z,landmark_13_x,landmark_13_y,landmark_13_z,landmark_14_x,landmark_14_y,landmark_14_z,landmark_15_x,landmark_15_y,landmark_15_z,landmark_16_x,landmark_16_y,landmark_16_z,landmark_17_x,landmark_17_y,landmark_17_z,landmark_18_x,landmark_18_y,landmark_18_z,landmark_19_x,landmark_19_y,landmark_19_z,landmark_20_x,landmark_20_y,landmark_20_z,class
0.011467523872852325,0.7848486304283142,-2.038816973026769e-07,0.0793708935379982,0.7619706392288208,-0.025919761508703232,0.15045443177223206,0.7030353546142578,-0.0322272889316082,0.15753230452537537,0.6243382096290588,-0.037136010825634,0.10837338864803314,0.6054465770721436,-0.03727753460407257,0.09972328692674637,0.594267725944519,0.007890616543591022,0.12413571774959564,0.5545379519462585,-0.015475011430680752,0.11786206811666489,0.6152982711791992,-0.028460701927542686,0.10661503672599792,0.6419513821601868,-0.03299315273761749,0.06337636709213257,0.5789943933486938,0.010198964737355709,0.08825774490833282,0.5328472256660461,-0.01767732948064804,0.08460129052400589,0.612910270690918,-0.027561398223042488,0.07110115885734558,0.6438167691230774,-0.02511775493621826,0.02594182640314102,0.5745059847831726,0.00693710520863533,0.04304321110248566,0.5329261422157288,-0.0249429140239954,0.04481663182377815,0.6134621500968933,-0.020214535295963287,0.0330834686756134,0.6475520730018616,-0.006248698569834232,-0.01758633553981781,0.5775181651115417,0.0020347482059150934,0.0025091469287872314,0.5402020215988159,-0.01479154173284769,0.007312104105949402,0.596510112285614,-0.0043381149880588055,-0.0013000592589378357,0.6263064742088318,0.009797746315598488,low
