landmark_0_x,landmark_0_y,landmark_0_z,landmark_1_x,landmark_1_y,landmark_1_z,landmark_2_x,landmark_2_y,landmark_2_z,landmark_3_x,landmark_3_y,landmark_3_z,landmark_4_x,landmark_4_y,landmark_4_z,landmark_5_x,landmark_5_y,landmark_5_z,landmark_6_x,landmark_6_y,landmark_6_z,landmark_7_x,landmark_7_y,landmark_7_z,landmark_8_x,landmark_8_y,landmark_8_z,landmark_9_x,landmark_9_y,landmark_9_z,landmark_10_x,landmark_10_y,landmark_10_z,landmark_11_x,landmark_11_y,landmark_11_z,landmark_12_x,landmark_12_y,landmark_12_z,landmark_13_x,landmark_13_y,landmark_13_z,landmark_14_x,landmark_14_y,landmark_14_z,landmark_15_x,landmark_15_y,landmark_15_z,landmark_16_x,landmark_16_y,landmark_16_z,landmark_17_x,landmark_17_y,landmark_17_z,landmark_18_x,landmark_18_y,landmark_18_z,landmark_19_x,landmark_19_y,landmark_19_z,landmark_20_x,landmark_20_y,landmark_20_z,class
0.11735381931066513,0.8539875149726868,-2.800150014081737e-07,0.16743753850460052,0.8211485147476196,-0.020993297919631004,0.21933262050151825,0.7506421208381653,-0.025274228304624557,0.2200087606906891,0.6916507482528687,-0.02811403013765812,0.1804959625005722,0.6960455179214478,-0.025221485644578934,0.1679253876209259,0.6716046333312988,0.004395992029458284,0.1856624335050583,0.6351670622825623,-0.015397457405924797,0.18426568806171417,0.6984962821006775,-0.025220729410648346,0.17953479290008545,0.7103822827339172,-0.029788285493850708,0.1380651593208313,0.6687573194503784,0.006038540508598089,0.14876295626163483,0.6408716440200806,-0.016847757622599602,0.1506822556257248,0.7097216844558716,-0.021199341863393784,0.14693164825439453,0.7150096893310547,-0.01766013167798519,0.10992701351642609,0.6746840476989746,0.0027284559328109026,0.11388606578111649,0.6482329368591309,-0.019039977341890335,0.12134851515293121,0.7104290127754211,-0.00963740237057209,0.12118858844041824,0.7190949320793152,0.0028552585281431675,0.07874742150306702,0.6856609582901001,-0.002776417648419738,0.0872926265001297,0.6615570187568665,-0.010334002785384655,0.09365420043468475,0.7039669752120972,0.0018911617808043957,0.09381483495235443,0.7174943685531616,0.014349577017128468,low
