landmark_0_x,landmark_0_y,landmark_0_z,landmark_1_x,landmark_1_y,landmark_1_z,landmark_2_x,landmark_2_y,landmark_2_z,landmark_3_x,landmark_3_y,landmark_3_z,landmark_4_x,landmark_4_y,landmark_4_z,landmark_5_x,landmark_5_y,landmark_5_z,landmark_6_x,landmark_6_y,landmark_6_z,landmark_7_x,landmark_7_y,landmark_7_z,landmark_8_x,landmark_8_y,landmark_8_z,landmark_9_x,landmark_9_y,landmark_9_z,landmark_10_x,landmark_10_y,landmark_10_z,landmark_11_x,landmark_11_y,landmark_11_z,landmark_12_x,landmark_12_y,landmark_12_z,landmark_13_x,landmark_13_y,landmark_13_z,landmark_14_x,landmark_14_y,landmark_14_z,landmark_15_x,landmark_15_y,landmark_15_z,landmark_16_x,landmark_16_y,landmark_16_z,landmark_17_x,landmark_17_y,landmark_17_z,landmark_18_x,landmark_18_y,landmark_18_z,landmark_19_x,landmark_19_y,landmark_19_z,landmark_20_x,landmark_20_y,landmark_20_z,class
0.10507568717002869,0.8583588600158691,-2.90512929268516e-07,0.16006511449813843,0.8190232515335083,-0.02052626758813858,0.20588085055351257,0.7558614015579224,-0.025513162836432457,0.20044472813606262,0.6960498094558716,-0.030427929013967514,0.15997949242591858,0.7017345428466797,-0.030032575130462646,0.14938509464263916,0.6866208910942078,0.00782949011772871,0.16622811555862427,0.6454963684082031,-0.012465366162359715,0.1622096598148346,0.7088700532913208,-0.022587014362215996,0.15570378303527832,0.7225444316864014,-0.02755701169371605,0.11963318288326263,0.6833555698394775,0.008419004268944263,0.132769376039505,0.6458569169044495,-0.017939066514372826,0.13030213117599487,0.7152607440948486,-0.024756701663136482,0.12243626266717911,0.7273603677749634,-0.022120539098978043,0.09193915873765945,0.6869267821311951,0.003838491626083851,0.09892082214355469,0.6506328582763672,-0.02023390866816044,0.1025424525141716,0.7108936905860901,-0.012983608059585094,0.09813728928565979,0.7257596254348755,-0.0010882108472287655,0.06143444776535034,0.6964781284332275,-0.0030454646330326796,0.07236473262310028,0.6644872426986694,-0.012004396878182888,0.0760393738746643,0.7027222514152527,-0.0018592638662084937,0.07304626703262329,0.7206056118011475,0.009105135686695576,low
