landmark_0_x,landmark_0_y,landmark_0_z,landmark_1_x,landmark_1_y,landmark_1_z,landmark_2_x,landmark_2_y,landmark_2_z,landmark_3_x,landmark_3_y,landmark_3_z,landmark_4_x,landmark_4_y,landmark_4_z,landmark_5_x,landmark_5_y,landmark_5_z,landmark_6_x,landmark_6_y,landmark_6_z,landmark_7_x,landmark_7_y,landmark_7_z,landmark_8_x,landmark_8_y,landmark_8_z,landmark_9_x,landmark_9_y,landmark_9_z,landmark_10_x,landmark_10_y,landmark_10_z,landmark_11_x,landmark_11_y,landmark_11_z,landmark_12_x,landmark_12_y,landmark_12_z,landmark_13_x,landmark_13_y,landmark_13_z,landmark_14_x,landmark_14_y,landmark_14_z,landmark_15_x,landmark_15_y,landmark_15_z,landmark_16_x,landmark_16_y,landmark_16_z,landmark_17_x,landmark_17_y,landmark_17_z,landmark_18_x,landmark_18_y,landmark_18_z,landmark_19_x,landmark_19_y,landmark_19_z,landmark_20_x,landmark_20_y,landmark_20_z,class
0.13562940061092377,0.8145401477813721,-3.161719916988659e-07,0.20339319109916687,0.7998644113540649,-0.03978985920548439,0.2798999547958374,0.7324915528297424,-0.05690755322575569,0.2974989414215088,0.6473093032836914,-0.07049353420734406,0.2479831427335739,0.6241190433502197,-0.07699373364448547,0.23267993330955505,0.5880846381187439,-0.01501969713717699,0.24093732237815857,0.5390762686729431,-0.04718656837940216,0.23209966719150543,0.6155952215194702,-0.06090785190463066,0.22626450657844543,0.638899028301239,-0.065471351146698,0.18549582362174988,0.5789816379547119,-0.009117555804550648,0.1902513951063156,0.5414865016937256,-0.04077652841806412,0.18713267147541046,0.6382285952568054,-0.0414658784866333,0.18381823599338531,0.6435042023658752,-0.0336003378033638,0.14002875983715057,0.5832393765449524,-0.010553045198321342,0.14039002358913422,0.5459713339805603,-0.043679848313331604,0.14598533511161804,0.6316298842430115,-0.02755214273929596,0.14347191154956818,0.6422286033630371,-0.00830557569861412,0.09159145504236221,0.5930684208869934,-0.015697741881012917,0.09870897978544235,0.5625429153442383,-0.03171169012784958,0.10703882575035095,0.6198344826698303,-0.01600560173392296,0.10499029606580734,0.6345033645629883,0.0009190222481265664,low
