landmark_0_x,landmark_0_y,landmark_0_z,landmark_1_x,landmark_1_y,landmark_1_z,landmark_2_x,landmark_2_y,landmark_2_z,landmark_3_x,landmark_3_y,landmark_3_z,landmark_4_x,landmark_4_y,landmark_4_z,landmark_5_x,landmark_5_y,landmark_5_z,landmark_6_x,landmark_6_y,landmark_6_z,landmark_7_x,landmark_7_y,landmark_7_z,landmark_8_x,landmark_8_y,landmark_8_z,landmark_9_x,landmark_9_y,landmark_9_z,landmark_10_x,landmark_10_y,landmark_10_z,landmark_11_x,landmark_11_y,landmark_11_z,landmark_12_x,landmark_12_y,landmark_12_z,landmark_13_x,landmark_13_y,landmark_13_z,landmark_14_x,landmark_14_y,landmark_14_z,landmark_15_x,landmark_15_y,landmark_15_z,landmark_16_x,landmark_16_y,landmark_16_z,landmark_17_x,landmark_17_y,landmark_17_z,landmark_18_x,landmark_18_y,landmark_18_z,landmark_19_x,landmark_19_y,landmark_19_z,landmark_20_x,landmark_20_y,landmark_20_z,class
0.24164703488349915,0.8804872632026672,-1.7940638485924865e-07,0.2846309542655945,0.8586961030960083,-0.013915347866714,0.32720401883125305,0.8126897215843201,-0.017183512449264526,0.33967921137809753,0.7676780223846436,-0.02013208344578743,0.3111041188240051,0.7651496529579163,-0.0193888358771801,0.29564034938812256,0.7372643351554871,0.0038336575962603092,0.3073665499687195,0.7154064178466797,-0.010168170556426048,0.3008131980895996,0.7618694305419922,-0.018497170880436897,0.2960704565048218,0.7728651762008667,-0.022884154692292213,0.273304283618927,0.7350190877914429,0.00325548043474555,0.28043484687805176,0.7163711786270142,-0.012450004927814007,0.2773289382457733,0.7644957900047302,-0.016033627092838287,0.27378520369529724,0.771573007106781,-0.014672497287392616,0.2505328953266144,0.7394837141036987,-0.0008779002237133682,0.25458866357803345,0.7195631861686707,-0.014482301659882069,0.2565872073173523,0.7620580792427063,-0.0078556127846241,0.2555793225765228,0.7719820141792297,0.00010716347605921328,0.2263544201850891,0.7480173707008362,-0.0068535152822732925,0.23303979635238647,0.7283059358596802,-0.010649538598954678,0.23567703366279602,0.7574043869972229,-0.0017836865736171603,0.2349381148815155,0.7703196406364441,0.006568127777427435,low
