landmark_0_x,landmark_0_y,landmark_0_z,landmark_1_x,landmark_1_y,landmark_1_z,landmark_2_x,landmark_2_y,landmark_2_z,landmark_3_x,landmark_3_y,landmark_3_z,landmark_4_x,landmark_4_y,landmark_4_z,landmark_5_x,landmark_5_y,landmark_5_z,landmark_6_x,landmark_6_y,landmark_6_z,landmark_7_x,landmark_7_y,landmark_7_z,landmark_8_x,landmark_8_y,landmark_8_z,landmark_9_x,landmark_9_y,landmark_9_z,landmark_10_x,landmark_10_y,landmark_10_z,landmark_11_x,landmark_11_y,landmark_11_z,landmark_12_x,landmark_12_y,landmark_12_z,landmark_13_x,landmark_13_y,landmark_13_z,landmark_14_x,landmark_14_y,landmark_14_z,landmark_15_x,landmark_15_y,landmark_15_z,landmark_16_x,landmark_16_y,landmark_16_z,landmark_17_x,landmark_17_y,landmark_17_z,landmark_18_x,landmark_18_y,landmark_18_z,landmark_19_x,landmark_19_y,landmark_19_z,landmark_20_x,landmark_20_y,landmark_20_z,class
0.15842269361019135,0.8709781169891357,5.9443905797706975e-08,0.1903003603219986,0.838076651096344,-0.010392646305263042,0.21660242974758148,0.8027519583702087,-0.01539927814155817,0.20242944359779358,0.773082435131073,-0.021474167704582214,0.17457818984985352,0.7828289866447449,-0.026571184396743774,0.18866203725337982,0.7589949369430542,0.006298832129687071,0.19283407926559448,0.7258041501045227,-0.006911783944815397,0.194695383310318,0.7392957210540771,-0.019121725112199783,0.19580349326133728,0.7544453144073486,-0.02549707517027855,0.16765843331813812,0.7568473815917969,0.0049865576438605785,0.16944512724876404,0.7236698269844055,-0.007727842312306166,0.17452026903629303,0.7388085126876831,-0.01851072534918785,0.18013814091682434,0.7530324459075928,-0.022766754031181335,0.1475299596786499,0.7602488994598389,0.000991897308267653,0.1471986025571823,0.7312419414520264,-0.009408443234860897,0.15581409633159637,0.7413776516914368,-0.01390205230563879,0.16391992568969727,0.7522722482681274,-0.013702703639864922,0.12602290511131287,0.770056962966919,-0.004293311387300491,0.12485963106155396,0.7419156432151794,-0.007977079600095749,0.13517269492149353,0.7445414662361145,-0.006089720409363508,0.14555750787258148,0.7538648843765259,-0.0029761483892798424,low
