landmark_0_x,landmark_0_y,landmark_0_z,landmark_1_x,landmark_1_y,landmark_1_z,landmark_2_x,landmark_2_y,landmark_2_z,landmark_3_x,landmark_3_y,landmark_3_z,landmark_4_x,landmark_4_y,landmark_4_z,landmark_5_x,landmark_5_y,landmark_5_z,landmark_6_x,landmark_6_y,landmark_6_z,landmark_7_x,landmark_7_y,landmark_7_z,landmark_8_x,landmark_8_y,landmark_8_z,landmark_9_x,landmark_9_y,landmark_9_z,landmark_10_x,landmark_10_y,landmark_10_z,landmark_11_x,landmark_11_y,landmark_11_z,landmark_12_x,landmark_12_y,landmark_12_z,landmark_13_x,landmark_13_y,landmark_13_z,landmark_14_x,landmark_14_y,landmark_14_z,landmark_15_x,landmark_15_y,landmark_15_z,landmark_16_x,landmark_16_y,landmark_16_z,landmark_17_x,landmark_17_y,landmark_17_z,landmark_18_x,landmark_18_y,landmark_18_z,landmark_19_x,landmark_19_y,landmark_19_z,landmark_20_x,landmark_20_y,landmark_20_z,class
0.30255404114723206,0.8887618780136108,-1.4073356169319595e-07,0.33598628640174866,0.8703569769859314,-0.0068610371090471745,0.36470097303390503,0.8358651399612427,-0.008608290925621986,0.3708122968673706,0.7991223931312561,-0.011370139196515083,0.35141444206237793,0.7930297255516052,-0.012673254124820232,0.3391391634941101,0.7853193283081055,0.005486728623509407,0.3504880368709564,0.7580777406692505,-0.0039564501494169235,0.34995514154434204,0.7856218218803406,-0.01173388585448265,0.34494680166244507,0.8026776909828186,-0.0157769825309515,0.32266560196876526,0.7822550535202026,0.00414832029491663,0.33024197816848755,0.7571784257888794,-0.005599585361778736,0.3311994671821594,0.7889086604118347,-0.011089213192462921,0.32609957456588745,0.8054903745651245,-0.012232373468577862,0.3053475618362427,0.7834033966064453,0.0008781473734416068,0.31103983521461487,0.7570817470550537,-0.008270371705293655,0.316471129655838,0.7860537171363831,-0.006609444040805101,0.3134327828884125,0.8045983910560608,-0.002599149476736784,0.2852221131324768,0.7881993055343628,-0.0032379853073507547,0.29410216212272644,0.7635606527328491,-0.008057146333158016,0.30150359869003296,0.7832475900650024,-0.0034767480101436377,0.3007012903690338,0.8003548383712769,0.0019599769730120897,low
