landmark_0_x,landmark_0_y,landmark_0_z,landmark_1_x,landmark_1_y,landmark_1_z,landmark_2_x,landmark_2_y,landmark_2_z,landmark_3_x,landmark_3_y,landmark_3_z,landmark_4_x,landmark_4_y,landmark_4_z,landmark_5_x,landmark_5_y,landmark_5_z,landmark_6_x,landmark_6_y,landmark_6_z,landmark_7_x,landmark_7_y,landmark_7_z,landmark_8_x,landmark_8_y,landmark_8_z,landmark_9_x,landmark_9_y,landmark_9_z,landmark_10_x,landmark_10_y,landmark_10_z,landmark_11_x,landmark_11_y,landmark_11_z,landmark_12_x,landmark_12_y,landmark_12_z,landmark_13_x,landmark_13_y,landmark_13_z,landmark_14_x,landmark_14_y,landmark_14_z,landmark_15_x,landmark_15_y,landmark_15_z,landmark_16_x,landmark_16_y,landmark_16_z,landmark_17_x,landmark_17_y,landmark_17_z,landmark_18_x,landmark_18_y,landmark_18_z,landmark_19_x,landmark_19_y,landmark_19_z,landmark_20_x,landmark_20_y,landmark_20_z,class
0.4250975251197815,0.8874518275260925,-3.0234875225687574e-07,0.4822165369987488,0.8752910494804382,-0.013448686338961124,0.5403006672859192,0.8389745950698853,-0.021997181698679924,0.5684983730316162,0.7958300113677979,-0.031055372208356857,0.5460861325263977,0.7735545039176941,-0.036892760545015335,0.5126181244850159,0.7207645177841187,-0.005137904547154903,0.5428666472434998,0.7137638330459595,-0.025964876636862755,0.529414713382721,0.7684882879257202,-0.03918525204062462,0.5148776769638062,0.7840838432312012,-0.04660346359014511,0.4819771349430084,0.7131668329238892,-0.01025647297501564,0.5124287605285645,0.7106606960296631,-0.03140188008546829,0.5023925304412842,0.7723023295402527,-0.038344815373420715,0.4877123236656189,0.7837167978286743,-0.03945223242044449,0.4505777657032013,0.7165493965148926,-0.018130451440811157,0.4808811545372009,0.7109540700912476,-0.03949353098869324,0.47832146286964417,0.7716357707977295,-0.03321964666247368,0.46614572405815125,0.7861167788505554,-0.024552198126912117,0.41858139634132385,0.731037437915802,-0.02722959965467453,0.4501640498638153,0.7207015156745911,-0.03943482041358948,0.45245587825775146,0.7650501728057861,-0.029800891876220703,0.44286641478538513,0.7828167080879211,-0.019480664283037186,low
