landmark_0_x,landmark_0_y,landmark_0_z,landmark_1_x,landmark_1_y,landmark_1_z,landmark_2_x,landmark_2_y,landmark_2_z,landmark_3_x,landmark_3_y,landmark_3_z,landmark_4_x,landmark_4_y,landmark_4_z,landmark_5_x,landmark_5_y,landmark_5_z,landmark_6_x,landmark_6_y,landmark_6_z,landmark_7_x,landmark_7_y,landmark_7_z,landmark_8_x,landmark_8_y,landmark_8_z,landmark_9_x,landmark_9_y,landmark_9_z,landmark_10_x,landmark_10_y,landmark_10_z,landmark_11_x,landmark_11_y,landmark_11_z,landmark_12_x,landmark_12_y,landmark_12_z,landmark_13_x,landmark_13_y,landmark_13_z,landmark_14_x,landmark_14_y,landmark_14_z,landmark_15_x,landmark_15_y,landmark_15_z,landmark_16_x,landmark_16_y,landmark_16_z,landmark_17_x,landmark_17_y,landmark_17_z,landmark_18_x,landmark_18_y,landmark_18_z,landmark_19_x,landmark_19_y,landmark_19_z,landmark_20_x,landmark_20_y,landmark_20_z,class
0.09713873267173767,0.8832979202270508,-3.132125812044251e-07,0.1344696581363678,0.8583899736404419,-0.025173092260956764,0.17376172542572021,0.8140852451324463,-0.03692951053380966,0.17366349697113037,0.7663441896438599,-0.04694056883454323,0.1408652365207672,0.7632120847702026,-0.05269188433885574,0.13991683721542358,0.7407101988792419,-0.009288297966122627,0.13614781200885773,0.7164440751075745,-0.030355168506503105,0.13558213412761688,0.7646674513816833,-0.040592871606349945,0.13907168805599213,0.7683717608451843,-0.045561596751213074,0.11379505693912506,0.7370765209197998,-0.006207417231053114,0.11107282340526581,0.7195997834205627,-0.02869359962642193,0.11149679124355316,0.7727010250091553,-0.03227803483605385,0.11254791915416718,0.7724238634109497,-0.029766501858830452,0.08930809795856476,0.7423876523971558,-0.007695530075579882,0.08482513576745987,0.7243446707725525,-0.029479170218110085,0.08805950731039047,0.7709916234016418,-0.022020207718014717,0.0906098335981369,0.7723879218101501,-0.011961494572460651,0.06360486149787903,0.7504340410232544,-0.0116565627977252,0.06403045356273651,0.7332326173782349,-0.020136239007115364,0.06786106526851654,0.765709400177002,-0.011011950671672821,0.07008408010005951,0.7734740972518921,-0.0015536223072558641,low
