landmark_0_x,landmark_0_y,landmark_0_z,landmark_1_x,landmark_1_y,landmark_1_z,landmark_2_x,landmark_2_y,landmark_2_z,landmark_3_x,landmark_3_y,landmark_3_z,landmark_4_x,landmark_4_y,landmark_4_z,landmark_5_x,landmark_5_y,landmark_5_z,landmark_6_x,landmark_6_y,landmark_6_z,landmark_7_x,landmark_7_y,landmark_7_z,landmark_8_x,landmark_8_y,landmark_8_z,landmark_9_x,landmark_9_y,landmark_9_z,landmark_10_x,landmark_10_y,landmark_10_z,landmark_11_x,landmark_11_y,landmark_11_z,landmark_12_x,landmark_12_y,landmark_12_z,landmark_13_x,landmark_13_y,landmark_13_z,landmark_14_x,landmark_14_y,landmark_14_z,landmark_15_x,landmark_15_y,landmark_15_z,landmark_16_x,landmark_16_y,landmark_16_z,landmark_17_x,landmark_17_y,landmark_17_z,landmark_18_x,landmark_18_y,landmark_18_z,landmark_19_x,landmark_19_y,landmark_19_z,landmark_20_x,landmark_20_y,landmark_20_z,class
0.2870456576347351,0.8359990119934082,-1.9137651463552174e-07,0.3255253732204437,0.8117647171020508,-0.00740830646827817,0.3602665960788727,0.776291012763977,-0.01009563822299242,0.3704850971698761,0.7385395765304565,-0.01399453915655613,0.34932824969291687,0.7329939603805542,-0.016246795654296875,0.33316943049430847,0.7229785323143005,0.005711372941732407,0.3448231518268585,0.6970024108886719,-0.006624254398047924,0.3419170379638672,0.7295462489128113,-0.01572449319064617,0.336881548166275,0.7485160231590271,-0.02012520469725132,0.31474390625953674,0.7206115126609802,0.0031346760224550962,0.3246951401233673,0.6972394585609436,-0.009268681518733501,0.32195380330085754,0.734285831451416,-0.014283574186265469,0.31640172004699707,0.7520957589149475,-0.014585070312023163,0.29614126682281494,0.7216906547546387,-0.0019343383610248566,0.30466949939727783,0.7006272673606873,-0.013529093004763126,0.3041181266307831,0.7347881197929382,-0.010221182368695736,0.29970410466194153,0.7528747916221619,-0.00461999885737896,0.275976300239563,0.7259131669998169,-0.008042626082897186,0.2856540083885193,0.704975962638855,-0.012400398962199688,0.2874959707260132,0.7306078672409058,-0.005659531801939011,0.2849717140197754,0.7476109266281128,0.0011114038061350584,low
