landmark_0_x,landmark_0_y,landmark_0_z,landmark_1_x,landmark_1_y,landmark_1_z,landmark_2_x,landmark_2_y,landmark_2_z,landmark_3_x,landmark_3_y,landmark_3_z,landmark_4_x,landmark_4_y,landmark_4_z,landmark_5_x,landmark_5_y,landmark_5_z,landmark_6_x,landmark_6_y,landmark_6_z,landmark_7_x,landmark_7_y,landmark_7_z,landmark_8_x,landmark_8_y,landmark_8_z,landmark_9_x,landmark_9_y,landmark_9_z,landmark_10_x,landmark_10_y,landmark_10_z,landmark_11_x,landmark_11_y,landmark_11_z,landmark_12_x,landmark_12_y,landmark_12_z,landmark_13_x,landmark_13_y,landmark_13_z,landmark_14_x,landmark_14_y,landmark_14_z,landmark_15_x,landmark_15_y,landmark_15_z,landmark_16_x,landmark_16_y,landmark_16_z,landmark_17_x,landmark_17_y,landmark_17_z,landmark_18_x,landmark_18_y,landmark_18_z,landmark_19_x,landmark_19_y,landmark_19_z,landmark_20_x,landmark_20_y,landmark_20_z,class
0.14201611280441284,0.8981524705886841,-3.7996849755472795e-07,0.17272377014160156,0.8651843070983887,-0.016835683956742287,0.19949492812156677,0.8197270035743713,-0.02588868886232376,0.19043496251106262,0.7808756232261658,-0.03565602749586105,0.1575174778699875,0.7803245782852173,-0.04184410348534584,0.17667552828788757,0.755559504032135,0.0008440339588560164,0.17965511977672577,0.7359290719032288,-0.020864911377429962,0.17916475236415863,0.7793055176734924,-0.03289494290947914,0.17697735130786896,0.786770224571228,-0.03906600922346115,0.15003058314323425,0.7529398798942566,-0.0009801865089684725,0.15154896676540375,0.7348266243934631,-0.024037817493081093,0.15262186527252197,0.7845017910003662,-0.02973458543419838,0.15297631919384003,0.7914780378341675,-0.028241924941539764,0.12586526572704315,0.7593816518783569,-0.007270095404237509,0.12482216954231262,0.7413698434829712,-0.028135938569903374,0.1289089024066925,0.7844288945198059,-0.022407379001379013,0.12977735698223114,0.7916232943534851,-0.013363301753997803,0.10231136530637741,0.7719942927360535,-0.015612393617630005,0.1048905998468399,0.7546426057815552,-0.024118537083268166,0.10989762842655182,0.7832584381103516,-0.016527652740478516,0.11153226345777512,0.7923175692558289,-0.007946084253489971,low
