landmark_0_x,landmark_0_y,landmark_0_z,landmark_1_x,landmark_1_y,landmark_1_z,landmark_2_x,landmark_2_y,landmark_2_z,landmark_3_x,landmark_3_y,landmark_3_z,landmark_4_x,landmark_4_y,landmark_4_z,landmark_5_x,landmark_5_y,landmark_5_z,landmark_6_x,landmark_6_y,landmark_6_z,landmark_7_x,landmark_7_y,landmark_7_z,landmark_8_x,landmark_8_y,landmark_8_z,landmark_9_x,landmark_9_y,landmark_9_z,landmark_10_x,landmark_10_y,landmark_10_z,landmark_11_x,landmark_11_y,landmark_11_z,landmark_12_x,landmark_12_y,landmark_12_z,landmark_13_x,landmark_13_y,landmark_13_z,landmark_14_x,landmark_14_y,landmark_14_z,landmark_15_x,landmark_15_y,landmark_15_z,landmark_16_x,landmark_16_y,landmark_16_z,landmark_17_x,landmark_17_y,landmark_17_z,landmark_18_x,landmark_18_y,landmark_18_z,landmark_19_x,landmark_19_y,landmark_19_z,landmark_20_x,landmark_20_y,landmark_20_z,class
0.29327088594436646,0.8266313672065735,-3.2775673730611743e-07,0.3750012516975403,0.7892682552337646,-0.02070862613618374,0.45640039443969727,0.7204574346542358,-0.03005552664399147,0.485323429107666,0.6411325335502625,-0.040742427110672,0.4422425627708435,0.6232643127441406,-0.04643202945590019,0.39429113268852234,0.5800672769546509,0.0012854409869760275,0.4274243712425232,0.5362492203712463,-0.02445121482014656,0.4196053743362427,0.6075295805931091,-0.040505725890398026,0.4077749252319336,0.6264661550521851,-0.049246322363615036,0.35474270582199097,0.577056884765625,-0.003145791357383132,0.3840118646621704,0.538796067237854,-0.028313450515270233,0.380007266998291,0.6145036220550537,-0.03606332466006279,0.3690042495727539,0.6253407001495361,-0.0364377461373806,0.3137548565864563,0.5852587819099426,-0.012562520802021027,0.3400152027606964,0.5459521412849426,-0.03628596290946007,0.34495100378990173,0.6144033670425415,-0.027201173827052116,0.3361589312553406,0.633161187171936,-0.015808437019586563,0.26903676986694336,0.5998560786247253,-0.02460041455924511,0.29938599467277527,0.5572075247764587,-0.0340723991394043,0.3114289343357086,0.6042811274528503,-0.019515739753842354,0.30717432498931885,0.6300645470619202,-0.005425964016467333,low
