landmark_0_x,landmark_0_y,landmark_0_z,landmark_1_x,landmark_1_y,landmark_1_z,landmark_2_x,landmark_2_y,landmark_2_z,landmark_3_x,landmark_3_y,landmark_3_z,landmark_4_x,landmark_4_y,landmark_4_z,landmark_5_x,landmark_5_y,landmark_5_z,landmark_6_x,landmark_6_y,landmark_6_z,landmark_7_x,landmark_7_y,landmark_7_z,landmark_8_x,landmark_8_y,landmark_8_z,landmark_9_x,landmark_9_y,landmark_9_z,landmark_10_x,landmark_10_y,landmark_10_z,landmark_11_x,landmark_11_y,landmark_11_z,landmark_12_x,landmark_12_y,landmark_12_z,landmark_13_x,landmark_13_y,landmark_13_z,landmark_14_x,landmark_14_y,landmark_14_z,landmark_15_x,landmark_15_y,landmark_15_z,landmark_16_x,landmark_16_y,landmark_16_z,landmark_17_x,landmark_17_y,landmark_17_z,landmark_18_x,landmark_18_y,landmark_18_z,landmark_19_x,landmark_19_y,landmark_19_z,landmark_20_x,landmark_20_y,landmark_20_z,class
0.3376199007034302,0.884978175163269,-1.6615885556348076e-07,0.3735545873641968,0.8656705617904663,-0.007712129969149828,0.40364551544189453,0.8299852013587952,-0.009979629889130592,0.4099884629249573,0.7927416563034058,-0.013067149557173252,0.3904719352722168,0.7860696315765381,-0.013888648711144924,0.37674272060394287,0.7766157984733582,0.004806966055184603,0.39022502303123474,0.754287838935852,-0.005976896733045578,0.3871973752975464,0.7892301678657532,-0.01300183404237032,0.38060545921325684,0.8007168173789978,-0.016872530803084373,0.35902318358421326,0.7737691402435303,0.0028687333688139915,0.37102919816970825,0.7521098852157593,-0.009455926716327667,0.3698943257331848,0.7911702990531921,-0.013401354663074017,0.36244699358940125,0.8012437224388123,-0.013107119128108025,0.34070998430252075,0.7752102017402649,-0.0014025819255039096,0.3507876992225647,0.7526739835739136,-0.013322439976036549,0.3535309135913849,0.787327766418457,-0.009749202989041805,0.3471421003341675,0.798677384853363,-0.004080856218934059,0.32016101479530334,0.7799520492553711,-0.0065365144982934,0.3322693109512329,0.760734498500824,-0.011494118720293045,0.33689603209495544,0.7827336192131042,-0.005719183012843132,0.33257123827934265,0.7931956648826599,0.0002574068203102797,low
