landmark_0_x,landmark_0_y,landmark_0_z,landmark_1_x,landmark_1_y,landmark_1_z,landmark_2_x,landmark_2_y,landmark_2_z,landmark_3_x,landmark_3_y,landmark_3_z,landmark_4_x,landmark_4_y,landmark_4_z,landmark_5_x,landmark_5_y,landmark_5_z,landmark_6_x,landmark_6_y,landmark_6_z,landmark_7_x,landmark_7_y,landmark_7_z,landmark_8_x,landmark_8_y,landmark_8_z,landmark_9_x,landmark_9_y,landmark_9_z,landmark_10_x,landmark_10_y,landmark_10_z,landmark_11_x,landmark_11_y,landmark_11_z,landmark_12_x,landmark_12_y,landmark_12_z,landmark_13_x,landmark_13_y,landmark_13_z,landmark_14_x,landmark_14_y,landmark_14_z,landmark_15_x,landmark_15_y,landmark_15_z,landmark_16_x,landmark_16_y,landmark_16_z,landmark_17_x,landmark_17_y,landmark_17_z,landmark_18_x,landmark_18_y,landmark_18_z,landmark_19_x,landmark_19_y,landmark_19_z,landmark_20_x,landmark_20_y,landmark_20_z,class
0.2013780176639557,0.8549753427505493,2.040349578180667e-08,0.2299973964691162,0.8383802175521851,-0.005415727384388447,0.2540067732334137,0.8103282451629639,-0.006519530899822712,0.2519989311695099,0.7848640084266663,-0.008835242129862309,0.23353898525238037,0.7771353721618652,-0.010872900485992432,0.24152201414108276,0.7852446436882019,0.006755848415195942,0.2537676990032196,0.7608920335769653,-0.001625794917345047,0.24800443649291992,0.762831449508667,-0.009847378358244896,0.241682767868042,0.7708573341369629,-0.014521404169499874,0.22291100025177002,0.7773419618606567,0.005540112499147654,0.2329789698123932,0.7542462348937988,-0.004226705525070429,0.23210851848125458,0.7542331218719482,-0.013811794109642506,0.23249979317188263,0.7612291574478149,-0.018489211797714233,0.2056967169046402,0.773546576499939,0.0025285053998231888,0.2156711369752884,0.7465020418167114,-0.008007881231606007,0.21946853399276733,0.7427617907524109,-0.015446368604898453,0.22257152199745178,0.7476667165756226,-0.018113169819116592,0.18768346309661865,0.7742405533790588,-0.0007683360599912703,0.19151455163955688,0.7494611740112305,-0.009152648039162159,0.19875468313694,0.7440125942230225,-0.012675751000642776,0.20708833634853363,0.7473316192626953,-0.013569755479693413,low
