landmark_0_x,landmark_0_y,landmark_0_z,landmark_1_x,landmark_1_y,landmark_1_z,landmark_2_x,landmark_2_y,landmark_2_z,landmark_3_x,landmark_3_y,landmark_3_z,landmark_4_x,landmark_4_y,landmark_4_z,landmark_5_x,landmark_5_y,landmark_5_z,landmark_6_x,landmark_6_y,landmark_6_z,landmark_7_x,landmark_7_y,landmark_7_z,landmark_8_x,landmark_8_y,landmark_8_z,landmark_9_x,landmark_9_y,landmark_9_z,landmark_10_x,landmark_10_y,landmark_10_z,landmark_11_x,landmark_11_y,landmark_11_z,landmark_12_x,landmark_12_y,landmark_12_z,landmark_13_x,landmark_13_y,landmark_13_z,landmark_14_x,landmark_14_y,landmark_14_z,landmark_15_x,landmark_15_y,landmark_15_z,landmark_16_x,landmark_16_y,landmark_16_z,landmark_17_x,landmark_17_y,landmark_17_z,landmark_18_x,landmark_18_y,landmark_18_z,landmark_19_x,landmark_19_y,landmark_19_z,landmark_20_x,landmark_20_y,landmark_20_z,class
0.08477284759283066,0.9021331071853638,-1.0940001260451027e-07,0.11844686418771744,0.8795340657234192,-0.02091740258038044,0.15287739038467407,0.8340685367584229,-0.026959965005517006,0.14837056398391724,0.7942918539047241,-0.03095591440796852,0.12132125347852707,0.797945499420166,-0.030046120285987854,0.12493779510259628,0.7789299488067627,0.0003690335724968463,0.12065161019563675,0.7541165351867676,-0.01663193851709366,0.11738726496696472,0.797534167766571,-0.024539567530155182,0.12266578525304794,0.8041350245475769,-0.02795213647186756,0.10122380405664444,0.7740055322647095,0.003811412025243044,0.09814228117465973,0.7484281659126282,-0.015698999166488647,0.09520987421274185,0.7976597547531128,-0.017329862341284752,0.0993490219116211,0.8003494739532471,-0.012538905255496502,0.07811965048313141,0.7748879790306091,0.00253446982242167,0.0729326605796814,0.7535025477409363,-0.016348503530025482,0.07269412279129028,0.7960776686668396,-0.008966969326138496,0.07713533937931061,0.7981471419334412,0.0016315814573317766,0.054351888597011566,0.778639018535614,-0.0010004686191678047,0.05509743094444275,0.7630282044410706,-0.007824203930795193,0.055328696966171265,0.7919312715530396,0.00031188572756946087,0.056370850652456284,0.7981637120246887,0.00910801813006401,low
