landmark_0_x,landmark_0_y,landmark_0_z,landmark_1_x,landmark_1_y,landmark_1_z,landmark_2_x,landmark_2_y,landmark_2_z,landmark_3_x,landmark_3_y,landmark_3_z,landmark_4_x,landmark_4_y,landmark_4_z,landmark_5_x,landmark_5_y,landmark_5_z,landmark_6_x,landmark_6_y,landmark_6_z,landmark_7_x,landmark_7_y,landmark_7_z,landmark_8_x,landmark_8_y,landmark_8_z,landmark_9_x,landmark_9_y,landmark_9_z,landmark_10_x,landmark_10_y,landmark_10_z,landmark_11_x,landmark_11_y,landmark_11_z,landmark_12_x,landmark_12_y,landmark_12_z,landmark_13_x,landmark_13_y,landmark_13_z,landmark_14_x,landmark_14_y,landmark_14_z,landmark_15_x,landmark_15_y,landmark_15_z,landmark_16_x,landmark_16_y,landmark_16_z,landmark_17_x,landmark_17_y,landmark_17_z,landmark_18_x,landmark_18_y,landmark_18_z,landmark_19_x,landmark_19_y,landmark_19_z,landmark_20_x,landmark_20_y,landmark_20_z,class
0.2754773497581482,0.8441213369369507,-2.8873438395748963e-07,0.3560402989387512,0.804983377456665,-0.020842118188738823,0.4378112554550171,0.7329357862472534,-0.028185226023197174,0.46577560901641846,0.6528341174125671,-0.03613051399588585,0.42012742161750793,0.6348987221717834,-0.039280544966459274,0.3811984360218048,0.5988086462020874,0.0039040453266352415,0.4122963547706604,0.5573940873146057,-0.018586134538054466,0.40184152126312256,0.6301480531692505,-0.03393185883760452,0.39006221294403076,0.6529829502105713,-0.04262799024581909,0.34177109599113464,0.5953055620193481,0.00035826346720568836,0.36820101737976074,0.5550739765167236,-0.02310594730079174,0.36243030428886414,0.6330001354217529,-0.030450835824012756,0.35162368416786194,0.6529493927955627,-0.03042326495051384,0.3012411594390869,0.6030300855636597,-0.008140794932842255,0.32622289657592773,0.5628180503845215,-0.02965829148888588,0.3287471532821655,0.632387101650238,-0.020314838737249374,0.3200487196445465,0.6572296619415283,-0.008674831129610538,0.2573700547218323,0.617963433265686,-0.019407475367188454,0.28613579273223877,0.5742300748825073,-0.026966657489538193,0.2950180470943451,0.6210981011390686,-0.012060388922691345,0.28942906856536865,0.6495991349220276,0.0019420688040554523,low
