landmark_0_x,landmark_0_y,landmark_0_z,landmark_1_x,landmark_1_y,landmark_1_z,landmark_2_x,landmark_2_y,landmark_2_z,landmark_3_x,landmark_3_y,landmark_3_z,landmark_4_x,landmark_4_y,landmark_4_z,landmark_5_x,landmark_5_y,landmark_5_z,landmark_6_x,landmark_6_y,landmark_6_z,landmark_7_x,landmark_7_y,landmark_7_z,landmark_8_x,landmark_8_y,landmark_8_z,landmark_9_x,landmark_9_y,landmark_9_z,landmark_10_x,landmark_10_y,landmark_10_z,landmark_11_x,landmark_11_y,landmark_11_z,landmark_12_x,landmark_12_y,landmark_12_z,landmark_13_x,landmark_13_y,landmark_13_z,landmark_14_x,landmark_14_y,landmark_14_z,landmark_15_x,landmark_15_y,landmark_15_z,landmark_16_x,landmark_16_y,landmark_16_z,landmark_17_x,landmark_17_y,landmark_17_z,landmark_18_x,landmark_18_y,landmark_18_z,landmark_19_x,landmark_19_y,landmark_19_z,landmark_20_x,landmark_20_y,landmark_20_z,class
0.29860639572143555,0.8171361088752747,-1.8150377911752003e-07,0.34049442410469055,0.7958009243011475,-0.007705203257501125,0.37603631615638733,0.7558547258377075,-0.00951523706316948,0.38490456342697144,0.7156511545181274,-0.012087777256965637,0.3623740077018738,0.7129754424095154,-0.012734980322420597,0.3466946482658386,0.6974574327468872,0.0034735091030597687,0.36177968978881836,0.672167956829071,-0.0072088115848600864,0.35901889204978943,0.7092241048812866,-0.013994254171848297,0.35233402252197266,0.7262455224990845,-0.01734110713005066,0.32634690403938293,0.6975557208061218,0.001064950949512422,0.3391086459159851,0.6736383438110352,-0.011244331486523151,0.33774760365486145,0.7156631946563721,-0.015296193771064281,0.3298855125904083,0.7320491075515747,-0.015020791441202164,0.30612850189208984,0.7015167474746704,-0.003454598831012845,0.3176079988479614,0.6782212853431702,-0.014572675339877605,0.3191765248775482,0.7158927321434021,-0.009834705851972103,0.31230083107948303,0.7321670055389404,-0.0037034342531114817,0.28397703170776367,0.7087147831916809,-0.008918228559195995,0.298382967710495,0.684376060962677,-0.012898668646812439,0.3014819920063019,0.7119848132133484,-0.005023709032684565,0.29653072357177734,0.7281653881072998,0.002238708548247814,low
