landmark_0_x,landmark_0_y,landmark_0_z,landmark_1_x,landmark_1_y,landmark_1_z,landmark_2_x,landmark_2_y,landmark_2_z,landmark_3_x,landmark_3_y,landmark_3_z,landmark_4_x,landmark_4_y,landmark_4_z,landmark_5_x,landmark_5_y,landmark_5_z,landmark_6_x,landmark_6_y,landmark_6_z,landmark_7_x,landmark_7_y,landmark_7_z,landmark_8_x,landmark_8_y,landmark_8_z,landmark_9_x,landmark_9_y,landmark_9_z,landmark_10_x,landmark_10_y,landmark_10_z,landmark_11_x,landmark_11_y,landmark_11_z,landmark_12_x,landmark_12_y,landmark_12_z,landmark_13_x,landmark_13_y,landmark_13_z,landmark_14_x,landmark_14_y,landmark_14_z,landmark_15_x,landmark_15_y,landmark_15_z,landmark_16_x,landmark_16_y,landmark_16_z,landmark_17_x,landmark_17_y,landmark_17_z,landmark_18_x,landmark_18_y,landmark_18_z,landmark_19_x,landmark_19_y,landmark_19_z,landmark_20_x,landmark_20_y,landmark_20_z,class
0.34087857604026794,0.8736959099769592,-1.5151948673519655e-07,0.387552946805954,0.8443412184715271,-0.010255446657538414,0.42580482363700867,0.7930692434310913,-0.013008478097617626,0.43493545055389404,0.7464520931243896,-0.0169998686760664,0.4150577783584595,0.7510514855384827,-0.018184715881943703,0.38889145851135254,0.730581521987915,0.005906146019697189,0.4092691242694855,0.7054820656776428,-0.007523071486502886,0.4031220078468323,0.7444033622741699,-0.016843071207404137,0.39632633328437805,0.759468674659729,-0.022412210702896118,0.3668549358844757,0.7311573028564453,0.0029971939511597157,0.3863231837749481,0.706460177898407,-0.012885316275060177,0.38157397508621216,0.7463129162788391,-0.018131446093320847,0.3752303719520569,0.7595629096031189,-0.01811600662767887,0.34451475739479065,0.7372515797615051,-0.0031299868132919073,0.3628079295158386,0.7129520177841187,-0.016270730644464493,0.36320760846138,0.745639443397522,-0.012212392874062061,0.35841691493988037,0.7597171068191528,-0.006218305788934231,0.32033663988113403,0.7475332021713257,-0.010946355760097504,0.34026941657066345,0.7271701097488403,-0.015323332510888577,0.3437854051589966,0.7496978640556335,-0.00853671319782734,0.34018224477767944,0.7639005780220032,-0.002085712505504489,low
