landmark_0_x,landmark_0_y,landmark_0_z,landmark_1_x,landmark_1_y,landmark_1_z,landmark_2_x,landmark_2_y,landmark_2_z,landmark_3_x,landmark_3_y,landmark_3_z,landmark_4_x,landmark_4_y,landmark_4_z,landmark_5_x,landmark_5_y,landmark_5_z,landmark_6_x,landmark_6_y,landmark_6_z,landmark_7_x,landmark_7_y,landmark_7_z,landmark_8_x,landmark_8_y,landmark_8_z,landmark_9_x,landmark_9_y,landmark_9_z,landmark_10_x,landmark_10_y,landmark_10_z,landmark_11_x,landmark_11_y,landmark_11_z,landmark_12_x,landmark_12_y,landmark_12_z,landmark_13_x,landmark_13_y,landmark_13_z,landmark_14_x,landmark_14_y,landmark_14_z,landmark_15_x,landmark_15_y,landmark_15_z,landmark_16_x,landmark_16_y,landmark_16_z,landmark_17_x,landmark_17_y,landmark_17_z,landmark_18_x,landmark_18_y,landmark_18_z,landmark_19_x,landmark_19_y,landmark_19_z,landmark_20_x,landmark_20_y,landmark_20_z,class
0.18545109033584595,0.8648841977119446,-1.8459947170867963e-07,0.2102159857749939,0.8307853937149048,-0.016145845875144005,0.22672221064567566,0.791932225227356,-0.026546558365225792,0.21513868868350983,0.7635659575462341,-0.03696219250559807,0.1863112896680832,0.7702832818031311,-0.04662546515464783,0.19095158576965332,0.7480121850967407,-0.008505859412252903,0.20446768403053284,0.7293584942817688,-0.025364182889461517,0.21481141448020935,0.7412225008010864,-0.04010523110628128,0.21603424847126007,0.7481920719146729,-0.049733906984329224,0.17309938371181488,0.7483505010604858,-0.009203756228089333,0.18382848799228668,0.7276977896690369,-0.025466693565249443,0.1969030201435089,0.7369791269302368,-0.03775380924344063,0.20306986570358276,0.746505081653595,-0.04483313485980034,0.15803392231464386,0.7578620910644531,-0.012345228344202042,0.16259701550006866,0.7312928438186646,-0.027671735733747482,0.17795449495315552,0.7347193360328674,-0.03243598714470863,0.18661628663539886,0.7415394186973572,-0.03310786560177803,0.14473271369934082,0.775335431098938,-0.017078090459108353,0.1456451416015625,0.7466527819633484,-0.027199316769838333,0.15887600183486938,0.743830680847168,-0.027529200538992882,0.16888725757598877,0.7471510767936707,-0.026005418971180916,low
