landmark_0_x,landmark_0_y,landmark_0_z,landmark_1_x,landmark_1_y,landmark_1_z,landmark_2_x,landmark_2_y,landmark_2_z,landmark_3_x,landmark_3_y,landmark_3_z,landmark_4_x,landmark_4_y,landmark_4_z,landmark_5_x,landmark_5_y,landmark_5_z,landmark_6_x,landmark_6_y,landmark_6_z,landmark_7_x,landmark_7_y,landmark_7_z,landmark_8_x,landmark_8_y,landmark_8_z,landmark_9_x,landmark_9_y,landmark_9_z,landmark_10_x,landmark_10_y,landmark_10_z,landmark_11_x,landmark_11_y,landmark_11_z,landmark_12_x,landmark_12_y,landmark_12_z,landmark_13_x,landmark_13_y,landmark_13_z,landmark_14_x,landmark_14_y,landmark_14_z,landmark_15_x,landmark_15_y,landmark_15_z,landmark_16_x,landmark_16_y,landmark_16_z,landmark_17_x,landmark_17_y,landmark_17_z,landmark_18_x,landmark_18_y,landmark_18_z,landmark_19_x,landmark_19_y,landmark_19_z,landmark_20_x,landmark_20_y,landmark_20_z,class
0.14572685956954956,0.8784096240997314,-1.5190128976882988e-07,0.18120774626731873,0.8467949628829956,-0.01238935999572277,0.214167520403862,0.80106520652771,-0.014712666161358356,0.22024323046207428,0.7627267837524414,-0.016874464228749275,0.1982855647802353,0.763689398765564,-0.015200376510620117,0.16921772062778473,0.7490118741989136,0.00769380247220397,0.1826072633266449,0.7253341674804688,-0.005776431877166033,0.17867301404476166,0.7692691683769226,-0.013376828283071518,0.17325513064861298,0.7772483229637146,-0.01717422530055046,0.14762303233146667,0.7488462328910828,0.008245442993938923,0.15703120827674866,0.7258349657058716,-0.00823055300861597,0.15568719804286957,0.773962140083313,-0.012428557500243187,0.15196847915649414,0.7829610109329224,-0.010674076154828072,0.12616539001464844,0.7546711564064026,0.005342287942767143,0.13150012493133545,0.7294798493385315,-0.008819528855383396,0.13522645831108093,0.7721584439277649,-0.0032304113265126944,0.13368269801139832,0.7836421728134155,0.004751287866383791,0.1037597507238388,0.7653048038482666,0.0009590674308128655,0.11058125644922256,0.7464302182197571,-0.002962997183203697,0.11415059119462967,0.7722581624984741,0.004276929423213005,0.1136498898267746,0.7805110216140747,0.011706807650625706,low
