landmark_0_x,landmark_0_y,landmark_0_z,landmark_1_x,landmark_1_y,landmark_1_z,landmark_2_x,landmark_2_y,landmark_2_z,landmark_3_x,landmark_3_y,landmark_3_z,landmark_4_x,landmark_4_y,landmark_4_z,landmark_5_x,landmark_5_y,landmark_5_z,landmark_6_x,landmark_6_y,landmark_6_z,landmark_7_x,landmark_7_y,landmark_7_z,landmark_8_x,landmark_8_y,landmark_8_z,landmark_9_x,landmark_9_y,landmark_9_z,landmark_10_x,landmark_10_y,landmark_10_z,landmark_11_x,landmark_11_y,landmark_11_z,landmark_12_x,landmark_12_y,landmark_12_z,landmark_13_x,landmark_13_y,landmark_13_z,landmark_14_x,landmark_14_y,landmark_14_z,landmark_15_x,landmark_15_y,landmark_15_z,landmark_16_x,landmark_16_y,landmark_16_z,landmark_17_x,landmark_17_y,landmark_17_z,landmark_18_x,landmark_18_y,landmark_18_z,landmark_19_x,landmark_19_y,landmark_19_z,landmark_20_x,landmark_20_y,landmark_20_z,class
0.14112117886543274,0.8361019492149353,-1.0854306964347415e-07,0.17198359966278076,0.8182079195976257,-0.009797857142984867,0.2017640769481659,0.7845410108566284,-0.011824868619441986,0.20895422995090485,0.7490877509117126,-0.014085897244513035,0.18783339858055115,0.7473715543746948,-0.013887928798794746,0.17658543586730957,0.7378201484680176,0.00750527810305357,0.18281249701976776,0.7158498764038086,-0.0035813963040709496,0.18095920979976654,0.7447031140327454,-0.011544984765350819,0.17949563264846802,0.7592720985412598,-0.015156659297645092,0.1597503423690796,0.7352250814437866,0.0077783651649951935,0.16391095519065857,0.7139222621917725,-0.005082419607788324,0.16356270015239716,0.7462601065635681,-0.010336654260754585,0.16117790341377258,0.7601079344749451,-0.009967595338821411,0.1426708847284317,0.7360538840293884,0.005174781195819378,0.14583627879619598,0.7156645059585571,-0.005884477403014898,0.14815787971019745,0.7434568405151367,-0.004079125355929136,0.1461951732635498,0.7564104199409485,0.0008818353526294231,0.12472870945930481,0.7394487857818604,0.0013143345713615417,0.13148024678230286,0.7210901379585266,-0.0024675277527421713,0.13387297093868256,0.7390950322151184,0.0017791285645216703,0.13247773051261902,0.750290036201477,0.006942995823919773,low
