landmark_0_x,landmark_0_y,landmark_0_z,landmark_1_x,landmark_1_y,landmark_1_z,landmark_2_x,landmark_2_y,landmark_2_z,landmark_3_x,landmark_3_y,landmark_3_z,landmark_4_x,landmark_4_y,landmark_4_z,landmark_5_x,landmark_5_y,landmark_5_z,landmark_6_x,landmark_6_y,landmark_6_z,landmark_7_x,landmark_7_y,landmark_7_z,landmark_8_x,landmark_8_y,landmark_8_z,landmark_9_x,landmark_9_y,landmark_9_z,landmark_10_x,landmark_10_y,landmark_10_z,landmark_11_x,landmark_11_y,landmark_11_z,landmark_12_x,landmark_12_y,landmark_12_z,landmark_13_x,landmark_13_y,landmark_13_z,landmark_14_x,landmark_14_y,landmark_14_z,landmark_15_x,landmark_15_y,landmark_15_z,landmark_16_x,landmark_16_y,landmark_16_z,landmark_17_x,landmark_17_y,landmark_17_z,landmark_18_x,landmark_18_y,landmark_18_z,landmark_19_x,landmark_19_y,landmark_19_z,landmark_20_x,landmark_20_y,landmark_20_z,class
0.39509934186935425,0.8098721504211426,-6.857402468085638e-08,0.4392995238304138,0.7901182174682617,-0.008648580871522427,0.48236098885536194,0.7519697546958923,-0.012973399832844734,0.49868395924568176,0.706632673740387,-0.018236888572573662,0.4774421453475952,0.6960809826850891,-0.02232203260064125,0.44961920380592346,0.6837092638015747,0.0009496586280874908,0.46266961097717285,0.649304211139679,-0.010735436342656612,0.46693333983421326,0.6771591901779175,-0.018818916752934456,0.4640149474143982,0.6980619430541992,-0.022527305409312248,0.4285828471183777,0.6814868450164795,-0.001446527079679072,0.44538113474845886,0.6500430107116699,-0.012807613238692284,0.4471377730369568,0.6915621757507324,-0.016829613596200943,0.4384363889694214,0.7139501571655273,-0.016578812152147293,0.40636706352233887,0.6838447451591492,-0.005919728893786669,0.4229245185852051,0.6538949012756348,-0.017758212983608246,0.4275035560131073,0.6927645802497864,-0.013886835426092148,0.4197078347206116,0.7149896025657654,-0.00786699540913105,0.38087132573127747,0.6904056668281555,-0.011342516168951988,0.4005475342273712,0.6607112884521484,-0.018015380948781967,0.40728697180747986,0.6866850256919861,-0.011396490037441254,0.4008132219314575,0.7062171101570129,-0.004304370377212763,low
