landmark_0_x,landmark_0_y,landmark_0_z,landmark_1_x,landmark_1_y,landmark_1_z,landmark_2_x,landmark_2_y,landmark_2_z,landmark_3_x,landmark_3_y,landmark_3_z,landmark_4_x,landmark_4_y,landmark_4_z,landmark_5_x,landmark_5_y,landmark_5_z,landmark_6_x,landmark_6_y,landmark_6_z,landmark_7_x,landmark_7_y,landmark_7_z,landmark_8_x,landmark_8_y,landmark_8_z,landmark_9_x,landmark_9_y,landmark_9_z,landmark_10_x,landmark_10_y,landmark_10_z,landmark_11_x,landmark_11_y,landmark_11_z,landmark_12_x,landmark_12_y,landmark_12_z,landmark_13_x,landmark_13_y,landmark_13_z,landmark_14_x,landmark_14_y,landmark_14_z,landmark_15_x,landmark_15_y,landmark_15_z,landmark_16_x,landmark_16_y,landmark_16_z,landmark_17_x,landmark_17_y,landmark_17_z,landmark_18_x,landmark_18_y,landmark_18_z,landmark_19_x,landmark_19_y,landmark_19_z,landmark_20_x,landmark_20_y,landmark_20_z,class
0.17689195275306702,0.8806349039077759,-7.480964825390402e-08,0.2047036588191986,0.8604989051818848,-0.01409226842224598,0.23271282017230988,0.8268446922302246,-0.019891828298568726,0.23056648671627045,0.7940058708190918,-0.024833666160702705,0.2100357562303543,0.7886718511581421,-0.02663605473935604,0.21776285767555237,0.769057035446167,0.0021519328001886606,0.22594615817070007,0.7591581344604492,-0.012768500484526157,0.2196856588125229,0.7863250374794006,-0.021642271429300308,0.21621792018413544,0.791353702545166,-0.025718223303556442,0.19866879284381866,0.7628326416015625,0.002332868753001094,0.20387211441993713,0.7545443177223206,-0.01252856943756342,0.19865857064723969,0.7860739231109619,-0.017009422183036804,0.19752873480319977,0.786309003829956,-0.016051923856139183,0.17982757091522217,0.7634949684143066,-0.0009476408595219254,0.18359382450580597,0.7606890201568604,-0.01596786454319954,0.18047526478767395,0.7892948389053345,-0.012988193891942501,0.1798272728919983,0.789605438709259,-0.0067740255035459995,0.15931406617164612,0.7687831521034241,-0.005729460623115301,0.1668635755777359,0.7641153931617737,-0.011922196485102177,0.16537180542945862,0.7857344150543213,-0.005792966578155756,0.16329048573970795,0.7908843755722046,0.001374325598590076,low
