landmark_0_x,landmark_0_y,landmark_0_z,landmark_1_x,landmark_1_y,landmark_1_z,landmark_2_x,landmark_2_y,landmark_2_z,landmark_3_x,landmark_3_y,landmark_3_z,landmark_4_x,landmark_4_y,landmark_4_z,landmark_5_x,landmark_5_y,landmark_5_z,landmark_6_x,landmark_6_y,landmark_6_z,landmark_7_x,landmark_7_y,landmark_7_z,landmark_8_x,landmark_8_y,landmark_8_z,landmark_9_x,landmark_9_y,landmark_9_z,landmark_10_x,landmark_10_y,landmark_10_z,landmark_11_x,landmark_11_y,landmark_11_z,landmark_12_x,landmark_12_y,landmark_12_z,landmark_13_x,landmark_13_y,landmark_13_z,landmark_14_x,landmark_14_y,landmark_14_z,landmark_15_x,landmark_15_y,landmark_15_z,landmark_16_x,landmark_16_y,landmark_16_z,landmark_17_x,landmark_17_y,landmark_17_z,landmark_18_x,landmark_18_y,landmark_18_z,landmark_19_x,landmark_19_y,landmark_19_z,landmark_20_x,landmark_20_y,landmark_20_z,class
0.1716034859418869,0.8317540287971497,-7.665078527452351e-08,0.2026698887348175,0.814195990562439,-0.010166475549340248,0.2322784662246704,0.7825656533241272,-0.012732801958918571,0.2374955117702484,0.7480666041374207,-0.015542873181402683,0.2168102264404297,0.7443419098854065,-0.01681305095553398,0.21024587750434875,0.7307587265968323,0.005280899349600077,0.21745790541172028,0.7070680260658264,-0.00365169788710773,0.2144511342048645,0.728219211101532,-0.011759499087929726,0.21214765310287476,0.7420881986618042,-0.016523364931344986,0.19205336272716522,0.7276437282562256,0.0051895552314817905,0.19623997807502747,0.7034789323806763,-0.0054082064889371395,0.19494351744651794,0.7302441596984863,-0.011878648772835732,0.19266951084136963,0.746843695640564,-0.013422169722616673,0.1745392084121704,0.7290596961975098,0.0027564545162022114,0.1771388053894043,0.7063021659851074,-0.006182600744068623,0.1783248335123062,0.7297139763832092,-0.005632778629660606,0.17662037909030914,0.7446191906929016,-0.0025894581340253353,0.15677779912948608,0.7347003817558289,-0.0010318970307707787,0.16032013297080994,0.7151292562484741,-0.004581118933856487,0.1627751588821411,0.7304524779319763,-0.0009418701520189643,0.16261397302150726,0.7420673966407776,0.003242568112909794,low
