landmark_0_x,landmark_0_y,landmark_0_z,landmark_1_x,landmark_1_y,landmark_1_z,landmark_2_x,landmark_2_y,landmark_2_z,landmark_3_x,landmark_3_y,landmark_3_z,landmark_4_x,landmark_4_y,landmark_4_z,landmark_5_x,landmark_5_y,landmark_5_z,landmark_6_x,landmark_6_y,landmark_6_z,landmark_7_x,landmark_7_y,landmark_7_z,landmark_8_x,landmark_8_y,landmark_8_z,landmark_9_x,landmark_9_y,landmark_9_z,landmark_10_x,landmark_10_y,landmark_10_z,landmark_11_x,landmark_11_y,landmark_11_z,landmark_12_x,landmark_12_y,landmark_12_z,landmark_13_x,landmark_13_y,landmark_13_z,landmark_14_x,landmark_14_y,landmark_14_z,landmark_15_x,landmark_15_y,landmark_15_z,landmark_16_x,landmark_16_y,landmark_16_z,landmark_17_x,landmark_17_y,landmark_17_z,landmark_18_x,landmark_18_y,landmark_18_z,landmark_19_x,landmark_19_y,landmark_19_z,landmark_20_x,landmark_20_y,landmark_20_z,class
0.3683808743953705,0.7983613014221191,-2.308883892965241e-07,0.41599225997924805,0.7776631712913513,-0.008297771215438843,0.4583769142627716,0.728440523147583,-0.009785340167582035,0.46956661343574524,0.6836360096931458,-0.012153522111475468,0.44755491614341736,0.679200291633606,-0.011851970106363297,0.4267631769180298,0.660521924495697,0.002695166040211916,0.44632548093795776,0.6345932483673096,-0.01052076555788517,0.4405004382133484,0.6780635118484497,-0.01781420409679413,0.43183591961860657,0.6940180659294128,-0.021454552188515663,0.4041712284088135,0.6589470505714417,-0.0006833418156020343,0.4233401417732239,0.6353104114532471,-0.014349962584674358,0.41804665327072144,0.6825940608978271,-0.016776442527770996,0.4079325199127197,0.6934716105461121,-0.015354552306234837,0.3811388909816742,0.6628511548042297,-0.006688669789582491,0.3991389274597168,0.6395871639251709,-0.019989069551229477,0.39816612005233765,0.6826584935188293,-0.013174613006412983,0.38881126046180725,0.6949456334114075,-0.005562529433518648,0.35612571239471436,0.6708418726921082,-0.013768716715276241,0.37592729926109314,0.6474971175193787,-0.019080929458141327,0.3787194490432739,0.6787327527999878,-0.009790664538741112,0.37145382165908813,0.6926491856575012,-0.0013998255599290133,low
