landmark_0_x,landmark_0_y,landmark_0_z,landmark_1_x,landmark_1_y,landmark_1_z,landmark_2_x,landmark_2_y,landmark_2_z,landmark_3_x,landmark_3_y,landmark_3_z,landmark_4_x,landmark_4_y,landmark_4_z,landmark_5_x,landmark_5_y,landmark_5_z,landmark_6_x,landmark_6_y,landmark_6_z,landmark_7_x,landmark_7_y,landmark_7_z,landmark_8_x,landmark_8_y,landmark_8_z,landmark_9_x,landmark_9_y,landmark_9_z,landmark_10_x,landmark_10_y,landmark_10_z,landmark_11_x,landmark_11_y,landmark_11_z,landmark_12_x,landmark_12_y,landmark_12_z,landmark_13_x,landmark_13_y,landmark_13_z,landmark_14_x,landmark_14_y,landmark_14_z,landmark_15_x,landmark_15_y,landmark_15_z,landmark_16_x,landmark_16_y,landmark_16_z,landmark_17_x,landmark_17_y,landmark_17_z,landmark_18_x,landmark_18_y,landmark_18_z,landmark_19_x,landmark_19_y,landmark_19_z,landmark_20_x,landmark_20_y,landmark_20_z,class
0.11108026653528214,0.8959538340568542,-1.193512275676767e-07,0.14591392874717712,0.8735527396202087,-0.029198700562119484,0.1834605634212494,0.8220770955085754,-0.039887744933366776,0.16499063372612,0.7828460335731506,-0.04617738723754883,0.1265893578529358,0.7903087735176086,-0.04669555276632309,0.1721850484609604,0.7494930624961853,-0.011421091854572296,0.1640925258398056,0.7372111082077026,-0.03328601270914078,0.15784034132957458,0.7854830026626587,-0.044079285115003586,0.1611795425415039,0.7884112596511841,-0.04982979968190193,0.14078360795974731,0.7420655488967896,-0.0065541393123567104,0.1323336958885193,0.7344766855239868,-0.030340151861310005,0.13117782771587372,0.7906352281570435,-0.03323401138186455,0.13707703351974487,0.7868915796279907,-0.02953246608376503,0.11089837551116943,0.7451571226119995,-0.0069223446771502495,0.09969604760408401,0.7438942193984985,-0.031405556946992874,0.1039184182882309,0.7948006391525269,-0.024449113756418228,0.11278665065765381,0.790268063545227,-0.013896186836063862,0.08086171746253967,0.7519474625587463,-0.009937633760273457,0.07690747827291489,0.751069188117981,-0.02065710909664631,0.08148878812789917,0.7850792407989502,-0.01242072694003582,0.08755211532115936,0.7853864431381226,-0.0032839905470609665,low
