landmark_0_x,landmark_0_y,landmark_0_z,landmark_1_x,landmark_1_y,landmark_1_z,landmark_2_x,landmark_2_y,landmark_2_z,landmark_3_x,landmark_3_y,landmark_3_z,landmark_4_x,landmark_4_y,landmark_4_z,landmark_5_x,landmark_5_y,landmark_5_z,landmark_6_x,landmark_6_y,landmark_6_z,landmark_7_x,landmark_7_y,landmark_7_z,landmark_8_x,landmark_8_y,landmark_8_z,landmark_9_x,landmark_9_y,landmark_9_z,landmark_10_x,landmark_10_y,landmark_10_z,landmark_11_x,landmark_11_y,landmark_11_z,landmark_12_x,landmark_12_y,landmark_12_z,landmark_13_x,landmark_13_y,landmark_13_z,landmark_14_x,landmark_14_y,landmark_14_z,landmark_15_x,landmark_15_y,landmark_15_z,landmark_16_x,landmark_16_y,landmark_16_z,landmark_17_x,landmark_17_y,landmark_17_z,landmark_18_x,landmark_18_y,landmark_18_z,landmark_19_x,landmark_19_y,landmark_19_z,landmark_20_x,landmark_20_y,landmark_20_z,class
0.21826663613319397,0.8277177810668945,-2.9819196356584143e-07,0.2954127788543701,0.7861443758010864,-0.025910744443535805,0.3701089918613434,0.7139869332313538,-0.03808574751019478,0.38832831382751465,0.6328420042991638,-0.04996701702475548,0.33754998445510864,0.6265794038772583,-0.05609181523323059,0.2987664043903351,0.57717365026474,-0.002745869569480419,0.3349541425704956,0.5286264419555664,-0.030961567535996437,0.3292560577392578,0.6070454716682434,-0.04793225973844528,0.31466126441955566,0.6274150013923645,-0.05716029554605484,0.2587938606739044,0.5760399699211121,-0.004590422846376896,0.29129189252853394,0.5339044332504272,-0.033986933529376984,0.289798378944397,0.6185817122459412,-0.04301511496305466,0.27268150448799133,0.6303279995918274,-0.04347367584705353,0.21830624341964722,0.5851719975471497,-0.0117966802790761,0.24629904329776764,0.5408702492713928,-0.039784956723451614,0.2541391849517822,0.6165674328804016,-0.030479561537504196,0.24016693234443665,0.6343753337860107,-0.017828423529863358,0.17414015531539917,0.6015850901603699,-0.021720541641116142,0.20693448185920715,0.5567683577537537,-0.034059010446071625,0.2195357382297516,0.6095773577690125,-0.019737279042601585,0.21041493117809296,0.635821521282196,-0.005403362214565277,low
