landmark_0_x,landmark_0_y,landmark_0_z,landmark_1_x,landmark_1_y,landmark_1_z,landmark_2_x,landmark_2_y,landmark_2_z,landmark_3_x,landmark_3_y,landmark_3_z,landmark_4_x,landmark_4_y,landmark_4_z,landmark_5_x,landmark_5_y,landmark_5_z,landmark_6_x,landmark_6_y,landmark_6_z,landmark_7_x,landmark_7_y,landmark_7_z,landmark_8_x,landmark_8_y,landmark_8_z,landmark_9_x,landmark_9_y,landmark_9_z,landmark_10_x,landmark_10_y,landmark_10_z,landmark_11_x,landmark_11_y,landmark_11_z,landmark_12_x,landmark_12_y,landmark_12_z,landmark_13_x,landmark_13_y,landmark_13_z,landmark_14_x,landmark_14_y,landmark_14_z,landmark_15_x,landmark_15_y,landmark_15_z,landmark_16_x,landmark_16_y,landmark_16_z,landmark_17_x,landmark_17_y,landmark_17_z,landmark_18_x,landmark_18_y,landmark_18_z,landmark_19_x,landmark_19_y,landmark_19_z,landmark_20_x,landmark_20_y,landmark_20_z,class
0.23852753639221191,0.8770413994789124,-3.296964052879048e-07,0.2709478437900543,0.847710132598877,-0.012865886092185974,0.2949256896972656,0.8057154417037964,-0.01803675852715969,0.28664642572402954,0.7719874978065491,-0.02382582612335682,0.2571105360984802,0.7759197354316711,-0.026387937366962433,0.2674907445907593,0.7541297078132629,0.005797237157821655,0.2824242115020752,0.7354202270507812,-0.01229904219508171,0.28036269545555115,0.7749941349029541,-0.022728949785232544,0.27304497361183167,0.7808458209037781,-0.028073441237211227,0.24673373997211456,0.7483834624290466,0.003624428529292345,0.26006537675857544,0.7364572286605835,-0.01573098450899124,0.259103924036026,0.7810796499252319,-0.021822314709424973,0.25201550126075745,0.7832516431808472,-0.021275555714964867,0.22790074348449707,0.7510910630226135,-0.0024640995543450117,0.23732627928256989,0.7426214814186096,-0.021388225257396698,0.24013066291809082,0.7837070226669312,-0.018650537356734276,0.23449558019638062,0.7869682312011719,-0.011707253754138947,0.20755760371685028,0.7582941651344299,-0.009931249544024467,0.2190229743719101,0.7506183981895447,-0.017468605190515518,0.22271238267421722,0.7795994877815247,-0.011164388619363308,0.21873772144317627,0.7867876887321472,-0.0038262971211224794,low
