landmark_0_x,landmark_0_y,landmark_0_z,landmark_1_x,landmark_1_y,landmark_1_z,landmark_2_x,landmark_2_y,landmark_2_z,landmark_3_x,landmark_3_y,landmark_3_z,landmark_4_x,landmark_4_y,landmark_4_z,landmark_5_x,landmark_5_y,landmark_5_z,landmark_6_x,landmark_6_y,landmark_6_z,landmark_7_x,landmark_7_y,landmark_7_z,landmark_8_x,landmark_8_y,landmark_8_z,landmark_9_x,landmark_9_y,landmark_9_z,landmark_10_x,landmark_10_y,landmark_10_z,landmark_11_x,landmark_11_y,landmark_11_z,landmark_12_x,landmark_12_y,landmark_12_z,landmark_13_x,landmark_13_y,landmark_13_z,landmark_14_x,landmark_14_y,landmark_14_z,landmark_15_x,landmark_15_y,landmark_15_z,landmark_16_x,landmark_16_y,landmark_16_z,landmark_17_x,landmark_17_y,landmark_17_z,landmark_18_x,landmark_18_y,landmark_18_z,landmark_19_x,landmark_19_y,landmark_19_z,landmark_20_x,landmark_20_y,landmark_20_z,class
0.13337387144565582,0.8868291974067688,-1.235025166579362e-07,0.16812396049499512,0.867011308670044,-0.0180579274892807,0.20077863335609436,0.8202300071716309,-0.02361900731921196,0.2004850208759308,0.7740556001663208,-0.028833327814936638,0.17224016785621643,0.775933027267456,-0.029946623370051384,0.17000342905521393,0.756713330745697,0.004148518200963736,0.16813480854034424,0.718558132648468,-0.013251681812107563,0.1650119423866272,0.7509703040122986,-0.0225013829767704,0.16717948019504547,0.7681575417518616,-0.025399474427103996,0.14662989974021912,0.7516412734985352,0.0060714599676430225,0.14312143623828888,0.7162342071533203,-0.010611562989652157,0.14096996188163757,0.755368173122406,-0.012852633371949196,0.1444801241159439,0.7635748386383057,-0.008591475896537304,0.12454185634851456,0.753670871257782,0.00323273241519928,0.1185159981250763,0.717121422290802,-0.012448873370885849,0.11970318853855133,0.7522704601287842,-0.006007845979183912,0.12392746657133102,0.763468861579895,0.003629968035966158,0.10267426073551178,0.7601456046104431,-0.0019930005073547363,0.10047123581171036,0.7330935001373291,-0.008157369680702686,0.10325933992862701,0.7549949288368225,-0.0011251450050622225,0.10694321990013123,0.7660577297210693,0.007188154850155115,low
