landmark_0_x,landmark_0_y,landmark_0_z,landmark_1_x,landmark_1_y,landmark_1_z,landmark_2_x,landmark_2_y,landmark_2_z,landmark_3_x,landmark_3_y,landmark_3_z,landmark_4_x,landmark_4_y,landmark_4_z,landmark_5_x,landmark_5_y,landmark_5_z,landmark_6_x,landmark_6_y,landmark_6_z,landmark_7_x,landmark_7_y,landmark_7_z,landmark_8_x,landmark_8_y,landmark_8_z,landmark_9_x,landmark_9_y,landmark_9_z,landmark_10_x,landmark_10_y,landmark_10_z,landmark_11_x,landmark_11_y,landmark_11_z,landmark_12_x,landmark_12_y,landmark_12_z,landmark_13_x,landmark_13_y,landmark_13_z,landmark_14_x,landmark_14_y,landmark_14_z,landmark_15_x,landmark_15_y,landmark_15_z,landmark_16_x,landmark_16_y,landmark_16_z,landmark_17_x,landmark_17_y,landmark_17_z,landmark_18_x,landmark_18_y,landmark_18_z,landmark_19_x,landmark_19_y,landmark_19_z,landmark_20_x,landmark_20_y,landmark_20_z,class
0.371634304523468,0.8366144299507141,-2.872106392715068e-07,0.4603519141674042,0.8143429756164551,-0.020971843972802162,0.5490064024925232,0.7428900599479675,-0.02841658890247345,0.5779677629470825,0.663404107093811,-0.03603305295109749,0.5363234877586365,0.6614645719528198,-0.03857465833425522,0.4944974482059479,0.5989856719970703,0.0015953268157318234,0.5321633815765381,0.5783386826515198,-0.020083649083971977,0.5200508236885071,0.6462693214416504,-0.03514671325683594,0.5042422413825989,0.6623421311378479,-0.04538440331816673,0.45250222086906433,0.5915135741233826,-0.0026000640355050564,0.48865726590156555,0.5726699829101562,-0.026156015694141388,0.48258814215660095,0.6412440538406372,-0.03410426154732704,0.46802881360054016,0.6510832905769348,-0.035692475736141205,0.4113706648349762,0.5998533964157104,-0.011696797795593739,0.44762587547302246,0.5826921463012695,-0.03304266929626465,0.44964486360549927,0.6418355107307434,-0.026004821062088013,0.43588685989379883,0.6542564630508423,-0.017482656985521317,0.3704802989959717,0.6184674501419067,-0.023849623277783394,0.40948203206062317,0.6023138761520386,-0.033178120851516724,0.4169776439666748,0.6420437097549438,-0.0229270551353693,0.40699779987335205,0.6554229855537415,-0.013290402479469776,low
