landmark_0_x,landmark_0_y,landmark_0_z,landmark_1_x,landmark_1_y,landmark_1_z,landmark_2_x,landmark_2_y,landmark_2_z,landmark_3_x,landmark_3_y,landmark_3_z,landmark_4_x,landmark_4_y,landmark_4_z,landmark_5_x,landmark_5_y,landmark_5_z,landmark_6_x,landmark_6_y,landmark_6_z,landmark_7_x,landmark_7_y,landmark_7_z,landmark_8_x,landmark_8_y,landmark_8_z,landmark_9_x,landmark_9_y,landmark_9_z,landmark_10_x,landmark_10_y,landmark_10_z,landmark_11_x,landmark_11_y,landmark_11_z,landmark_12_x,landmark_12_y,landmark_12_z,landmark_13_x,landmark_13_y,landmark_13_z,landmark_14_x,landmark_14_y,landmark_14_z,landmark_15_x,landmark_15_y,landmark_15_z,landmark_16_x,landmark_16_y,landmark_16_z,landmark_17_x,landmark_17_y,landmark_17_z,landmark_18_x,landmark_18_y,landmark_18_z,landmark_19_x,landmark_19_y,landmark_19_z,landmark_20_x,landmark_20_y,landmark_20_z,class
0.3301070034503937,0.8595141172409058,-1.251168129101643e-07,0.36469337344169617,0.8476081490516663,-0.01199235301464796,0.40169939398765564,0.8158951997756958,-0.014818927273154259,0.39940112829208374,0.7825263142585754,-0.01695469208061695,0.3724699020385742,0.7795522212982178,-0.01617330126464367,0.3779531717300415,0.7528001666069031,0.004667744506150484,0.3898845314979553,0.7478303909301758,-0.006893137004226446,0.38301727175712585,0.7815986275672913,-0.013692757114768028,0.37791314721107483,0.7847326397895813,-0.017367146909236908,0.3580838739871979,0.7438111305236816,0.0045776162296533585,0.3662620782852173,0.7456685900688171,-0.006335030775517225,0.36155375838279724,0.7836055159568787,-0.009468203410506248,0.35828903317451477,0.7804145216941833,-0.00905300211161375,0.3380143344402313,0.7452744245529175,0.001423576264642179,0.3435991704463959,0.746824324131012,-0.010389852337539196,0.34239786863327026,0.7813189625740051,-0.006419274490326643,0.34042060375213623,0.7785860896110535,-0.0011907233856618404,0.31599104404449463,0.7512808442115784,-0.0029715816490352154,0.3239368200302124,0.7496842741966248,-0.007498191203922033,0.3238162398338318,0.7746634483337402,-0.0007957892375998199,0.320743203163147,0.7773473858833313,0.00567812193185091,low
