landmark_0_x,landmark_0_y,landmark_0_z,landmark_1_x,landmark_1_y,landmark_1_z,landmark_2_x,landmark_2_y,landmark_2_z,landmark_3_x,landmark_3_y,landmark_3_z,landmark_4_x,landmark_4_y,landmark_4_z,landmark_5_x,landmark_5_y,landmark_5_z,landmark_6_x,landmark_6_y,landmark_6_z,landmark_7_x,landmark_7_y,landmark_7_z,landmark_8_x,landmark_8_y,landmark_8_z,landmark_9_x,landmark_9_y,landmark_9_z,landmark_10_x,landmark_10_y,landmark_10_z,landmark_11_x,landmark_11_y,landmark_11_z,landmark_12_x,landmark_12_y,landmark_12_z,landmark_13_x,landmark_13_y,landmark_13_z,landmark_14_x,landmark_14_y,landmark_14_z,landmark_15_x,landmark_15_y,landmark_15_z,landmark_16_x,landmark_16_y,landmark_16_z,landmark_17_x,landmark_17_y,landmark_17_z,landmark_18_x,landmark_18_y,landmark_18_z,landmark_19_x,landmark_19_y,landmark_19_z,landmark_20_x,landmark_20_y,landmark_20_z,class
0.33435794711112976,0.8406088352203369,-3.4156002470808744e-07,0.4220728278160095,0.8104338645935059,-0.016444843262434006,0.5024851560592651,0.7502013444900513,-0.024432340636849403,0.5384964942932129,0.6770102977752686,-0.03449041768908501,0.49979284405708313,0.6583282947540283,-0.041063785552978516,0.4587738513946533,0.6164163947105408,0.0019609732553362846,0.4936058223247528,0.5689738988876343,-0.021699169650673866,0.4825654625892639,0.6290591955184937,-0.039626527577638626,0.4672327935695648,0.6546755433082581,-0.05043105036020279,0.4196004271507263,0.6095660328865051,-0.004414739552885294,0.44634687900543213,0.5632047057151794,-0.027923911809921265,0.4389980137348175,0.6293432116508484,-0.03861258924007416,0.4257000684738159,0.6521356105804443,-0.04197989031672478,0.3781028985977173,0.6139841079711914,-0.014869497157633305,0.4048064053058624,0.5737729072570801,-0.03582701086997986,0.4060657024383545,0.6338939070701599,-0.02970711514353752,0.39505091309547424,0.6591357588768005,-0.021358581259846687,0.3331933617591858,0.6267915964126587,-0.027788260951638222,0.3637556731700897,0.5889161825180054,-0.03706161305308342,0.3714635670185089,0.6315280795097351,-0.024835366755723953,0.36479321122169495,0.659025251865387,-0.013205406256020069,low
