landmark_0_x,landmark_0_y,landmark_0_z,landmark_1_x,landmark_1_y,landmark_1_z,landmark_2_x,landmark_2_y,landmark_2_z,landmark_3_x,landmark_3_y,landmark_3_z,landmark_4_x,landmark_4_y,landmark_4_z,landmark_5_x,landmark_5_y,landmark_5_z,landmark_6_x,landmark_6_y,landmark_6_z,landmark_7_x,landmark_7_y,landmark_7_z,landmark_8_x,landmark_8_y,landmark_8_z,landmark_9_x,landmark_9_y,landmark_9_z,landmark_10_x,landmark_10_y,landmark_10_z,landmark_11_x,landmark_11_y,landmark_11_z,landmark_12_x,landmark_12_y,landmark_12_z,landmark_13_x,landmark_13_y,landmark_13_z,landmark_14_x,landmark_14_y,landmark_14_z,landmark_15_x,landmark_15_y,landmark_15_z,landmark_16_x,landmark_16_y,landmark_16_z,landmark_17_x,landmark_17_y,landmark_17_z,landmark_18_x,landmark_18_y,landmark_18_z,landmark_19_x,landmark_19_y,landmark_19_z,landmark_20_x,landmark_20_y,landmark_20_z,class
0.14512291550636292,0.8412743806838989,-3.1037589565130475e-07,0.2133616954088211,0.8187220096588135,-0.038279078900814056,0.28849464654922485,0.7457768321037292,-0.054042600095272064,0.29995203018188477,0.6614954471588135,-0.06605201959609985,0.2486857771873474,0.6437317132949829,-0.0708787590265274,0.23241107165813446,0.6007887125015259,-0.01456594467163086,0.2435011863708496,0.5509999990463257,-0.046414051204919815,0.23584046959877014,0.6304568648338318,-0.061279334127902985,0.2276006042957306,0.657825767993927,-0.06681469082832336,0.18223613500595093,0.5964880585670471,-0.009555668570101261,0.1912812739610672,0.5572165250778198,-0.04051041975617409,0.18979458510875702,0.6547822952270508,-0.044084835797548294,0.18286022543907166,0.6616400480270386,-0.038844428956508636,0.13497072458267212,0.6051152944564819,-0.011253895238041878,0.13945172727108002,0.5658863186836243,-0.042977750301361084,0.1471523940563202,0.6491991877555847,-0.029426945373415947,0.1418096423149109,0.657434344291687,-0.01266248058527708,0.08578209578990936,0.6197015047073364,-0.01633322425186634,0.09762262552976608,0.5843470096588135,-0.0312485508620739,0.10787781327962875,0.6397094130516052,-0.015208789147436619,0.10331311821937561,0.6531829833984375,0.0015365496510639787,low
