landmark_0_x,landmark_0_y,landmark_0_z,landmark_1_x,landmark_1_y,landmark_1_z,landmark_2_x,landmark_2_y,landmark_2_z,landmark_3_x,landmark_3_y,landmark_3_z,landmark_4_x,landmark_4_y,landmark_4_z,landmark_5_x,landmark_5_y,landmark_5_z,landmark_6_x,landmark_6_y,landmark_6_z,landmark_7_x,landmark_7_y,landmark_7_z,landmark_8_x,landmark_8_y,landmark_8_z,landmark_9_x,landmark_9_y,landmark_9_z,landmark_10_x,landmark_10_y,landmark_10_z,landmark_11_x,landmark_11_y,landmark_11_z,landmark_12_x,landmark_12_y,landmark_12_z,landmark_13_x,landmark_13_y,landmark_13_z,landmark_14_x,landmark_14_y,landmark_14_z,landmark_15_x,landmark_15_y,landmark_15_z,landmark_16_x,landmark_16_y,landmark_16_z,landmark_17_x,landmark_17_y,landmark_17_z,landmark_18_x,landmark_18_y,landmark_18_z,landmark_19_x,landmark_19_y,landmark_19_z,landmark_20_x,landmark_20_y,landmark_20_z,class
0.13903158903121948,0.843657374382019,-1.3144361332706467e-07,0.17010730504989624,0.8249329328536987,-0.010240606032311916,0.19944597780704498,0.7935774922370911,-0.013415181078016758,0.20126476883888245,0.7599021196365356,-0.01646076887845993,0.1807883083820343,0.7548661231994629,-0.016711223870515823,0.17887389659881592,0.7489358186721802,0.0019817431457340717,0.17994900047779083,0.7240464687347412,-0.010597232729196548,0.17754140496253967,0.7569438815116882,-0.017167918384075165,0.17869123816490173,0.7677958607673645,-0.02002866379916668,0.15991032123565674,0.7442839741706848,0.0016916822642087936,0.16034460067749023,0.7220996022224426,-0.010730579495429993,0.1595226675271988,0.7596603631973267,-0.01215943694114685,0.16015809774398804,0.765608549118042,-0.010007761418819427,0.14127850532531738,0.7448473572731018,-0.0014290413819253445,0.14031556248664856,0.7229595184326172,-0.014083482325077057,0.14146941900253296,0.7575945854187012,-0.007810051087290049,0.14246883988380432,0.7652489542961121,-0.00029117020312696695,0.1210561990737915,0.7482560276985168,-0.005728189833462238,0.12159651517868042,0.7302637100219727,-0.011071514338254929,0.124466672539711,0.7530176639556885,-0.004290214739739895,0.12590602040290833,0.7615804076194763,0.0026272956747561693,low
