landmark_0_x,landmark_0_y,landmark_0_z,landmark_1_x,landmark_1_y,landmark_1_z,landmark_2_x,landmark_2_y,landmark_2_z,landmark_3_x,landmark_3_y,landmark_3_z,landmark_4_x,landmark_4_y,landmark_4_z,landmark_5_x,landmark_5_y,landmark_5_z,landmark_6_x,landmark_6_y,landmark_6_z,landmark_7_x,landmark_7_y,landmark_7_z,landmark_8_x,landmark_8_y,landmark_8_z,landmark_9_x,landmark_9_y,landmark_9_z,landmark_10_x,landmark_10_y,landmark_10_z,landmark_11_x,landmark_11_y,landmark_11_z,landmark_12_x,landmark_12_y,landmark_12_z,landmark_13_x,landmark_13_y,landmark_13_z,landmark_14_x,landmark_14_y,landmark_14_z,landmark_15_x,landmark_15_y,landmark_15_z,landmark_16_x,landmark_16_y,landmark_16_z,landmark_17_x,landmark_17_y,landmark_17_z,landmark_18_x,landmark_18_y,landmark_18_z,landmark_19_x,landmark_19_y,landmark_19_z,landmark_20_x,landmark_20_y,landmark_20_z,class
0.08664210140705109,0.8913853168487549,-6.21744433715321e-08,0.11933520436286926,0.8722672462463379,-0.02200341410934925,0.1522091180086136,0.8344486951828003,-0.02959670126438141,0.13885058462619781,0.8018980026245117,-0.033881451934576035,0.10786320269107819,0.8019920587539673,-0.03345280885696411,0.13558554649353027,0.7740671038627625,-0.0072937882505357265,0.12169267237186432,0.7636790871620178,-0.024900231510400772,0.12232653051614761,0.8018290400505066,-0.03430916368961334,0.1331295222043991,0.8014597296714783,-0.03982214629650116,0.1126224473118782,0.767879068851471,-0.00300058675929904,0.09715147316455841,0.7609328031539917,-0.021629301831126213,0.09950002282857895,0.8047229051589966,-0.02383090928196907,0.11018717288970947,0.8027381896972656,-0.021233201026916504,0.09032189846038818,0.771111249923706,-0.0028378269635140896,0.0733417198061943,0.7680655717849731,-0.02029573731124401,0.07724153250455856,0.808221697807312,-0.012474674731492996,0.08856001496315002,0.8067311644554138,-0.0033778927754610777,0.06848930567502975,0.7786064743995667,-0.00500752218067646,0.058613941073417664,0.7800697684288025,-0.012365459464490414,0.06173863261938095,0.8054729700088501,-0.005883877631276846,0.07049910724163055,0.8062998652458191,0.0009970053797587752,low
