landmark_0_x,landmark_0_y,landmark_0_z,landmark_1_x,landmark_1_y,landmark_1_z,landmark_2_x,landmark_2_y,landmark_2_z,landmark_3_x,landmark_3_y,landmark_3_z,landmark_4_x,landmark_4_y,landmark_4_z,landmark_5_x,landmark_5_y,landmark_5_z,landmark_6_x,landmark_6_y,landmark_6_z,landmark_7_x,landmark_7_y,landmark_7_z,landmark_8_x,landmark_8_y,landmark_8_z,landmark_9_x,landmark_9_y,landmark_9_z,landmark_10_x,landmark_10_y,landmark_10_z,landmark_11_x,landmark_11_y,landmark_11_z,landmark_12_x,landmark_12_y,landmark_12_z,landmark_13_x,landmark_13_y,landmark_13_z,landmark_14_x,landmark_14_y,landmark_14_z,landmark_15_x,landmark_15_y,landmark_15_z,landmark_16_x,landmark_16_y,landmark_16_z,landmark_17_x,landmark_17_y,landmark_17_z,landmark_18_x,landmark_18_y,landmark_18_z,landmark_19_x,landmark_19_y,landmark_19_z,landmark_20_x,landmark_20_y,landmark_20_z,class
0.41118764877319336,0.838712215423584,-1.6710298211819463e-07,0.45396167039871216,0.8193663954734802,-0.011655804701149464,0.4953621029853821,0.7802056670188904,-0.017033034935593605,0.5092706680297852,0.7397454977035522,-0.02307453379034996,0.4926072061061859,0.7210088968276978,-0.02647245302796364,0.46925482153892517,0.7077369093894958,0.00045670216786675155,0.4878223240375519,0.6840702295303345,-0.016721658408641815,0.4860492944717407,0.7243688702583313,-0.026746774092316628,0.47864940762519836,0.742326557636261,-0.03080657683312893,0.4468942880630493,0.70426344871521,-0.0014798433985561132,0.46667543053627014,0.6841131448745728,-0.017410630360245705,0.46380749344825745,0.7326835989952087,-0.021242622286081314,0.4540999233722687,0.7440959215164185,-0.020260699093341827,0.42337676882743835,0.7065181136131287,-0.006561185233294964,0.44288766384124756,0.6844725608825684,-0.02348608337342739,0.44368985295295715,0.7303546071052551,-0.01690312847495079,0.4345704913139343,0.744500458240509,-0.008262374438345432,0.39623451232910156,0.714113175868988,-0.012747915461659431,0.41883528232574463,0.6931658983230591,-0.02183273248374462,0.4225291311740875,0.7257787585258484,-0.012962174601852894,0.4148683249950409,0.7405672669410706,-0.0035848673433065414,low
