landmark_0_x,landmark_0_y,landmark_0_z,landmark_1_x,landmark_1_y,landmark_1_z,landmark_2_x,landmark_2_y,landmark_2_z,landmark_3_x,landmark_3_y,landmark_3_z,landmark_4_x,landmark_4_y,landmark_4_z,landmark_5_x,landmark_5_y,landmark_5_z,landmark_6_x,landmark_6_y,landmark_6_z,landmark_7_x,landmark_7_y,landmark_7_z,landmark_8_x,landmark_8_y,landmark_8_z,landmark_9_x,landmark_9_y,landmark_9_z,landmark_10_x,landmark_10_y,landmark_10_z,landmark_11_x,landmark_11_y,landmark_11_z,landmark_12_x,landmark_12_y,landmark_12_z,landmark_13_x,landmark_13_y,landmark_13_z,landmark_14_x,landmark_14_y,landmark_14_z,landmark_15_x,landmark_15_y,landmark_15_z,landmark_16_x,landmark_16_y,landmark_16_z,landmark_17_x,landmark_17_y,landmark_17_z,landmark_18_x,landmark_18_y,landmark_18_z,landmark_19_x,landmark_19_y,landmark_19_z,landmark_20_x,landmark_20_y,landmark_20_z,class
0.11528366059064865,0.7950745820999146,-2.7536862035049126e-07,0.18362216651439667,0.7537596225738525,-0.034033358097076416,0.25562572479248047,0.6840478181838989,-0.04843897372484207,0.2634592056274414,0.604367196559906,-0.06048201769590378,0.2103646993637085,0.5949506163597107,-0.06536229699850082,0.1941063404083252,0.5603319406509399,-0.005796557758003473,0.21103495359420776,0.5112706422805786,-0.03663942217826843,0.20730918645858765,0.5920213460922241,-0.05346972122788429,0.2027851790189743,0.6109835505485535,-0.06126648187637329,0.153329536318779,0.5562238097190857,-0.002673023846000433,0.16275717318058014,0.5143368244171143,-0.03539746254682541,0.16560715436935425,0.6023482084274292,-0.042581453919410706,0.16097670793533325,0.614303469657898,-0.039697352796792984,0.11350462585687637,0.5629146099090576,-0.00625654449686408,0.1162160187959671,0.5194951295852661,-0.03757908195257187,0.12608666718006134,0.597649335861206,-0.02591061219573021,0.12367936968803406,0.6151233315467834,-0.009915473870933056,0.07017055153846741,0.5758894681930542,-0.013206574134528637,0.08123597502708435,0.5345253944396973,-0.026825694367289543,0.09163647145032883,0.5882492661476135,-0.01208762638270855,0.09030094742774963,0.6116520762443542,0.0037503568455576897,low
