landmark_0_x,landmark_0_y,landmark_0_z,landmark_1_x,landmark_1_y,landmark_1_z,landmark_2_x,landmark_2_y,landmark_2_z,landmark_3_x,landmark_3_y,landmark_3_z,landmark_4_x,landmark_4_y,landmark_4_z,landmark_5_x,landmark_5_y,landmark_5_z,landmark_6_x,landmark_6_y,landmark_6_z,landmark_7_x,landmark_7_y,landmark_7_z,landmark_8_x,landmark_8_y,landmark_8_z,landmark_9_x,landmark_9_y,landmark_9_z,landmark_10_x,landmark_10_y,landmark_10_z,landmark_11_x,landmark_11_y,landmark_11_z,landmark_12_x,landmark_12_y,landmark_12_z,landmark_13_x,landmark_13_y,landmark_13_z,landmark_14_x,landmark_14_y,landmark_14_z,landmark_15_x,landmark_15_y,landmark_15_z,landmark_16_x,landmark_16_y,landmark_16_z,landmark_17_x,landmark_17_y,landmark_17_z,landmark_18_x,landmark_18_y,landmark_18_z,landmark_19_x,landmark_19_y,landmark_19_z,landmark_20_x,landmark_20_y,landmark_20_z,class
0.17779555916786194,0.8557933568954468,1.6572920458202134e-07,0.20410771667957306,0.8326849937438965,-0.008432662114501,0.22571295499801636,0.7993592023849487,-0.010949293151497841,0.2201019525527954,0.7686710953712463,-0.013921838253736496,0.19714747369289398,0.7681803107261658,-0.016653312370181084,0.1991845667362213,0.7662734389305115,0.004853132646530867,0.20935018360614777,0.7422741651535034,-0.003714025719091296,0.21960006654262543,0.7479891180992126,-0.013152502477169037,0.22811095416545868,0.7565715312957764,-0.01871606707572937,0.18350085616111755,0.7620553374290466,0.004435901064425707,0.19366340339183807,0.7391214966773987,-0.0029965213034301996,0.207338348031044,0.7390896677970886,-0.011971036903560162,0.2206568568944931,0.7442571520805359,-0.017058005556464195,0.16768896579742432,0.762259304523468,0.0019169589504599571,0.17833209037780762,0.7404346466064453,-0.0065879798494279385,0.1958666890859604,0.7363059520721436,-0.013990068808197975,0.21155482530593872,0.7386314272880554,-0.017275361344218254,0.1507149040699005,0.7679842710494995,-0.001437606755644083,0.1599721759557724,0.7469687461853027,-0.0074304500594735146,0.17398983240127563,0.7417995929718018,-0.009700738824903965,0.1880500465631485,0.7442556619644165,-0.010255804285407066,low
