landmark_0_x,landmark_0_y,landmark_0_z,landmark_1_x,landmark_1_y,landmark_1_z,landmark_2_x,landmark_2_y,landmark_2_z,landmark_3_x,landmark_3_y,landmark_3_z,landmark_4_x,landmark_4_y,landmark_4_z,landmark_5_x,landmark_5_y,landmark_5_z,landmark_6_x,landmark_6_y,landmark_6_z,landmark_7_x,landmark_7_y,landmark_7_z,landmark_8_x,landmark_8_y,landmark_8_z,landmark_9_x,landmark_9_y,landmark_9_z,landmark_10_x,landmark_10_y,landmark_10_z,landmark_11_x,landmark_11_y,landmark_11_z,landmark_12_x,landmark_12_y,landmark_12_z,landmark_13_x,landmark_13_y,landmark_13_z,landmark_14_x,landmark_14_y,landmark_14_z,landmark_15_x,landmark_15_y,landmark_15_z,landmark_16_x,landmark_16_y,landmark_16_z,landmark_17_x,landmark_17_y,landmark_17_z,landmark_18_x,landmark_18_y,landmark_18_z,landmark_19_x,landmark_19_y,landmark_19_z,landmark_20_x,landmark_20_y,landmark_20_z,class
0.39908334612846375,0.8136133551597595,-2.596418653411092e-07,0.4615735411643982,0.8005894422531128,-0.016363665461540222,0.5207706093788147,0.7630664706230164,-0.024785639718174934,0.5476312637329102,0.7147204279899597,-0.0335305817425251,0.524304986000061,0.6864471435546875,-0.038892392069101334,0.4926665723323822,0.647487998008728,-0.006442798767238855,0.5182009935379028,0.6234588623046875,-0.027465859428048134,0.5051692128181458,0.6816337704658508,-0.0377325676381588,0.4909762442111969,0.7074390053749084,-0.04149089381098747,0.45979589223861694,0.6401636600494385,-0.009527265094220638,0.48805204033851624,0.6159397959709167,-0.03421386331319809,0.4768206477165222,0.6859956979751587,-0.040002141147851944,0.4624313414096832,0.7122085690498352,-0.03774617612361908,0.4255225360393524,0.6418478488922119,-0.015591593459248543,0.45203638076782227,0.6170505881309509,-0.03975117206573486,0.44748014211654663,0.6829452514648438,-0.030976226553320885,0.43550431728363037,0.7087388634681702,-0.018233250826597214,0.3886503577232361,0.6519434452056885,-0.02294693887233734,0.41803157329559326,0.6243353486061096,-0.035779859870672226,0.4198837876319885,0.6705668568611145,-0.023882821202278137,0.4104129672050476,0.6935101747512817,-0.010733945295214653,low
