landmark_0_x,landmark_0_y,landmark_0_z,landmark_1_x,landmark_1_y,landmark_1_z,landmark_2_x,landmark_2_y,landmark_2_z,landmark_3_x,landmark_3_y,landmark_3_z,landmark_4_x,landmark_4_y,landmark_4_z,landmark_5_x,landmark_5_y,landmark_5_z,landmark_6_x,landmark_6_y,landmark_6_z,landmark_7_x,landmark_7_y,landmark_7_z,landmark_8_x,landmark_8_y,landmark_8_z,landmark_9_x,landmark_9_y,landmark_9_z,landmark_10_x,landmark_10_y,landmark_10_z,landmark_11_x,landmark_11_y,landmark_11_z,landmark_12_x,landmark_12_y,landmark_12_z,landmark_13_x,landmark_13_y,landmark_13_z,landmark_14_x,landmark_14_y,landmark_14_z,landmark_15_x,landmark_15_y,landmark_15_z,landmark_16_x,landmark_16_y,landmark_16_z,landmark_17_x,landmark_17_y,landmark_17_z,landmark_18_x,landmark_18_y,landmark_18_z,landmark_19_x,landmark_19_y,landmark_19_z,landmark_20_x,landmark_20_y,landmark_20_z,class
0.1357223242521286,0.8009663224220276,-2.449634735057771e-07,0.20423419773578644,0.7535006999969482,-0.03322907164692879,0.27345287799835205,0.6864557266235352,-0.04849381744861603,0.2804650068283081,0.6088662147521973,-0.062023185193538666,0.23512254655361176,0.5949776768684387,-0.06900052726268768,0.21147309243679047,0.562561571598053,-0.006646732334047556,0.2311055213212967,0.5129667520523071,-0.037208449095487595,0.22769348323345184,0.5886064171791077,-0.05371468886733055,0.2230147123336792,0.6111159324645996,-0.06080304831266403,0.17212224006652832,0.5604115128517151,-0.004274402745068073,0.18499821424484253,0.5148874521255493,-0.035947442054748535,0.18622396886348724,0.5998259782791138,-0.042603861540555954,0.1810799092054367,0.6184654831886292,-0.039626628160476685,0.13326191902160645,0.567430853843689,-0.00854603573679924,0.14128032326698303,0.5193924307823181,-0.03908637911081314,0.14881375432014465,0.5941001176834106,-0.028008218854665756,0.14577075839042664,0.6188569664955139,-0.012257159687578678,0.0905059203505516,0.5804786682128906,-0.01617734506726265,0.10373050719499588,0.530590832233429,-0.029156502336263657,0.11459539085626602,0.5804076194763184,-0.014538345858454704,0.11311973631381989,0.6100448966026306,0.0012299609370529652,low
