landmark_0_x,landmark_0_y,landmark_0_z,landmark_1_x,landmark_1_y,landmark_1_z,landmark_2_x,landmark_2_y,landmark_2_z,landmark_3_x,landmark_3_y,landmark_3_z,landmark_4_x,landmark_4_y,landmark_4_z,landmark_5_x,landmark_5_y,landmark_5_z,landmark_6_x,landmark_6_y,landmark_6_z,landmark_7_x,landmark_7_y,landmark_7_z,landmark_8_x,landmark_8_y,landmark_8_z,landmark_9_x,landmark_9_y,landmark_9_z,landmark_10_x,landmark_10_y,landmark_10_z,landmark_11_x,landmark_11_y,landmark_11_z,landmark_12_x,landmark_12_y,landmark_12_z,landmark_13_x,landmark_13_y,landmark_13_z,landmark_14_x,landmark_14_y,landmark_14_z,landmark_15_x,landmark_15_y,landmark_15_z,landmark_16_x,landmark_16_y,landmark_16_z,landmark_17_x,landmark_17_y,landmark_17_z,landmark_18_x,landmark_18_y,landmark_18_z,landmark_19_x,landmark_19_y,landmark_19_z,landmark_20_x,landmark_20_y,landmark_20_z,class
0.16825760900974274,0.8620129227638245,-5.293435734188279e-08,0.19855153560638428,0.8374511003494263,-0.014988056384027004,0.2256464660167694,0.8014720678329468,-0.021967340260744095,0.211625874042511,0.7695937752723694,-0.02841619774699211,0.18083961308002472,0.7744289040565491,-0.03173741698265076,0.21043726801872253,0.7503067851066589,0.00036554699181579053,0.21388937532901764,0.7340484261512756,-0.017090747132897377,0.20612867176532745,0.7661464810371399,-0.027459213510155678,0.20285272598266602,0.7750238180160522,-0.03241482004523277,0.18675357103347778,0.7433090209960938,-0.00039591221138834953,0.18898402154445648,0.7297430038452148,-0.01813807711005211,0.18404623866081238,0.7668487429618835,-0.023523779585957527,0.18414098024368286,0.7712025046348572,-0.022425636649131775,0.16443143784999847,0.7450643181800842,-0.004804175812751055,0.1627509444952011,0.7366645932197571,-0.02211718074977398,0.16297714412212372,0.7716773748397827,-0.01917288452386856,0.1656668782234192,0.7753557562828064,-0.012360891327261925,0.1417447030544281,0.7528584003448486,-0.010698738507926464,0.14330342411994934,0.7442200779914856,-0.017585042864084244,0.1462370604276657,0.7677026987075806,-0.011158878915011883,0.1494019478559494,0.7746882438659668,-0.0037491002585738897,low
