landmark_0_x,landmark_0_y,landmark_0_z,landmark_1_x,landmark_1_y,landmark_1_z,landmark_2_x,landmark_2_y,landmark_2_z,landmark_3_x,landmark_3_y,landmark_3_z,landmark_4_x,landmark_4_y,landmark_4_z,landmark_5_x,landmark_5_y,landmark_5_z,landmark_6_x,landmark_6_y,landmark_6_z,landmark_7_x,landmark_7_y,landmark_7_z,landmark_8_x,landmark_8_y,landmark_8_z,landmark_9_x,landmark_9_y,landmark_9_z,landmark_10_x,landmark_10_y,landmark_10_z,landmark_11_x,landmark_11_y,landmark_11_z,landmark_12_x,landmark_12_y,landmark_12_z,landmark_13_x,landmark_13_y,landmark_13_z,landmark_14_x,landmark_14_y,landmark_14_z,landmark_15_x,landmark_15_y,landmark_15_z,landmark_16_x,landmark_16_y,landmark_16_z,landmark_17_x,landmark_17_y,landmark_17_z,landmark_18_x,landmark_18_y,landmark_18_z,landmark_19_x,landmark_19_y,landmark_19_z,landmark_20_x,landmark_20_y,landmark_20_z,class
0.13239368796348572,0.8817442655563354,-1.9330063594225066e-07,0.17052023112773895,0.8605940341949463,-0.016660772264003754,0.2097514122724533,0.8121886849403381,-0.020838500931859016,0.21045011281967163,0.7674039602279663,-0.02317674271762371,0.18174488842487335,0.7689151167869568,-0.02079435996711254,0.17480984330177307,0.7548506259918213,-0.002131538698449731,0.17878253757953644,0.7257002592086792,-0.01761239767074585,0.1751721352338791,0.7725706100463867,-0.024785256013274193,0.1752311885356903,0.7820901870727539,-0.028040805831551552,0.149672269821167,0.7532083988189697,3.976452353526838e-05,0.15139935910701752,0.7277330160140991,-0.015623285435140133,0.15120244026184082,0.7794550657272339,-0.01598723605275154,0.1506192982196808,0.783653736114502,-0.01241625938564539,0.12569504976272583,0.7557579874992371,-0.001476228702813387,0.1246664971113205,0.7277536392211914,-0.01687002182006836,0.12784108519554138,0.7766314148902893,-0.007372064515948296,0.1286163628101349,0.785526692867279,0.0028972786385565996,0.10040989518165588,0.7597906589508057,-0.004762350581586361,0.10306267440319061,0.7375862002372742,-0.01000604871660471,0.10709710419178009,0.7707552909851074,-0.00023027781571727246,0.1076660305261612,0.7807367444038391,0.00897219032049179,low
