landmark_0_x,landmark_0_y,landmark_0_z,landmark_1_x,landmark_1_y,landmark_1_z,landmark_2_x,landmark_2_y,landmark_2_z,landmark_3_x,landmark_3_y,landmark_3_z,landmark_4_x,landmark_4_y,landmark_4_z,landmark_5_x,landmark_5_y,landmark_5_z,landmark_6_x,landmark_6_y,landmark_6_z,landmark_7_x,landmark_7_y,landmark_7_z,landmark_8_x,landmark_8_y,landmark_8_z,landmark_9_x,landmark_9_y,landmark_9_z,landmark_10_x,landmark_10_y,landmark_10_z,landmark_11_x,landmark_11_y,landmark_11_z,landmark_12_x,landmark_12_y,landmark_12_z,landmark_13_x,landmark_13_y,landmark_13_z,landmark_14_x,landmark_14_y,landmark_14_z,landmark_15_x,landmark_15_y,landmark_15_z,landmark_16_x,landmark_16_y,landmark_16_z,landmark_17_x,landmark_17_y,landmark_17_z,landmark_18_x,landmark_18_y,landmark_18_z,landmark_19_x,landmark_19_y,landmark_19_z,landmark_20_x,landmark_20_y,landmark_20_z,class
0.14794504642486572,0.8606328368186951,-3.398880892291345e-07,0.21898368000984192,0.8340017199516296,-0.035183973610401154,0.2974284887313843,0.753025472164154,-0.04923918470740318,0.3115934133529663,0.6640770435333252,-0.06065711751580238,0.25849491357803345,0.6513721942901611,-0.06501302123069763,0.23758623003959656,0.6075621843338013,-0.00748523510992527,0.25323110818862915,0.5566562414169312,-0.04035899415612221,0.24426841735839844,0.6375609636306763,-0.05695785954594612,0.2362908571958542,0.6657349467277527,-0.06348603963851929,0.1900012046098709,0.6020054221153259,-0.004934794269502163,0.2004317194223404,0.5622761249542236,-0.036985937505960464,0.19772449135780334,0.656406044960022,-0.041435498744249344,0.1925688087940216,0.6655410528182983,-0.03605153039097786,0.1438535898923874,0.6107946634292603,-0.009486885741353035,0.14817754924297333,0.5708305239677429,-0.04228208214044571,0.155644491314888,0.6540325284004211,-0.028595296666026115,0.15346091985702515,0.6660065054893494,-0.010858486406505108,0.09577233344316483,0.6268926858901978,-0.017416073009371758,0.10702662914991379,0.5883265137672424,-0.03247049078345299,0.1175018772482872,0.6471583843231201,-0.015406003221869469,0.11707150936126709,0.6674575805664062,0.0026060324162244797,low
