landmark_0_x,landmark_0_y,landmark_0_z,landmark_1_x,landmark_1_y,landmark_1_z,landmark_2_x,landmark_2_y,landmark_2_z,landmark_3_x,landmark_3_y,landmark_3_z,landmark_4_x,landmark_4_y,landmark_4_z,landmark_5_x,landmark_5_y,landmark_5_z,landmark_6_x,landmark_6_y,landmark_6_z,landmark_7_x,landmark_7_y,landmark_7_z,landmark_8_x,landmark_8_y,landmark_8_z,landmark_9_x,landmark_9_y,landmark_9_z,landmark_10_x,landmark_10_y,landmark_10_z,landmark_11_x,landmark_11_y,landmark_11_z,landmark_12_x,landmark_12_y,landmark_12_z,landmark_13_x,landmark_13_y,landmark_13_z,landmark_14_x,landmark_14_y,landmark_14_z,landmark_15_x,landmark_15_y,landmark_15_z,landmark_16_x,landmark_16_y,landmark_16_z,landmark_17_x,landmark_17_y,landmark_17_z,landmark_18_x,landmark_18_y,landmark_18_z,landmark_19_x,landmark_19_y,landmark_19_z,landmark_20_x,landmark_20_y,landmark_20_z,class
0.3570187985897064,0.8694785237312317,-1.8461381046108727e-07,0.4017617404460907,0.8464645147323608,-0.010585757903754711,0.4417811334133148,0.7966652512550354,-0.013607177883386612,0.4566071033477783,0.7498069405555725,-0.01776251755654812,0.4367040991783142,0.7476627230644226,-0.019208062440156937,0.409584105014801,0.7328391671180725,0.003961523529142141,0.4277709126472473,0.7058358192443848,-0.010482833720743656,0.4231342077255249,0.7477087378501892,-0.01937674544751644,0.41667985916137695,0.7622580528259277,-0.024314267560839653,0.3882319927215576,0.7322685122489929,0.0010701371356844902,0.4061039686203003,0.7056882381439209,-0.016266724094748497,0.40274113416671753,0.7508425712585449,-0.021538710221648216,0.3956669270992279,0.7632880806922913,-0.02110428363084793,0.36575108766555786,0.7361428141593933,-0.0048521049320697784,0.38375529646873474,0.7102919220924377,-0.021269017830491066,0.3845798969268799,0.7519720196723938,-0.016374241560697556,0.3781754970550537,0.7662976980209351,-0.008894965052604675,0.34103527665138245,0.7434701323509216,-0.012111358344554901,0.3636254072189331,0.7208250164985657,-0.0195397287607193,0.3667747974395752,0.7514464855194092,-0.01205600704997778,0.36145901679992676,0.7676935195922852,-0.0043600196950137615,low
