landmark_0_x,landmark_0_y,landmark_0_z,landmark_1_x,landmark_1_y,landmark_1_z,landmark_2_x,landmark_2_y,landmark_2_z,landmark_3_x,landmark_3_y,landmark_3_z,landmark_4_x,landmark_4_y,landmark_4_z,landmark_5_x,landmark_5_y,landmark_5_z,landmark_6_x,landmark_6_y,landmark_6_z,landmark_7_x,landmark_7_y,landmark_7_z,landmark_8_x,landmark_8_y,landmark_8_z,landmark_9_x,landmark_9_y,landmark_9_z,landmark_10_x,landmark_10_y,landmark_10_z,landmark_11_x,landmark_11_y,landmark_11_z,landmark_12_x,landmark_12_y,landmark_12_z,landmark_13_x,landmark_13_y,landmark_13_z,landmark_14_x,landmark_14_y,landmark_14_z,landmark_15_x,landmark_15_y,landmark_15_z,landmark_16_x,landmark_16_y,landmark_16_z,landmark_17_x,landmark_17_y,landmark_17_z,landmark_18_x,landmark_18_y,landmark_18_z,landmark_19_x,landmark_19_y,landmark_19_z,landmark_20_x,landmark_20_y,landmark_20_z,class
0.3557449281215668,0.8411718606948853,-2.942464050192939e-07,0.43679144978523254,0.817803144454956,-0.018876131623983383,0.5203942060470581,0.7512394189834595,-0.02563060075044632,0.54819256067276,0.6723381280899048,-0.033021219074726105,0.51017826795578,0.6604545712471008,-0.03612355515360832,0.47556164860725403,0.616306483745575,0.0006131284753791988,0.5078336000442505,0.5750635862350464,-0.021259449422359467,0.500501811504364,0.6401554346084595,-0.03491191938519478,0.4879746437072754,0.6642990708351135,-0.042360905557870865,0.4370262920856476,0.609489917755127,-0.003694127546623349,0.46608516573905945,0.5689520835876465,-0.025578713044524193,0.46052229404449463,0.638761579990387,-0.03143776208162308,0.4463953375816345,0.65699702501297,-0.03104310855269432,0.39743757247924805,0.6138147115707397,-0.012516253627836704,0.42641425132751465,0.5759562849998474,-0.0338677242398262,0.42676785588264465,0.6399393081665039,-0.0244347732514143,0.4128427803516388,0.6623705625534058,-0.013451557606458664,0.35400742292404175,0.6255245208740234,-0.02384513057768345,0.3882044553756714,0.5895705819129944,-0.03355672210454941,0.3935895264148712,0.6357336640357971,-0.020128168165683746,0.3820255994796753,0.6594906449317932,-0.007468927651643753,low
