landmark_0_x,landmark_0_y,landmark_0_z,landmark_1_x,landmark_1_y,landmark_1_z,landmark_2_x,landmark_2_y,landmark_2_z,landmark_3_x,landmark_3_y,landmark_3_z,landmark_4_x,landmark_4_y,landmark_4_z,landmark_5_x,landmark_5_y,landmark_5_z,landmark_6_x,landmark_6_y,landmark_6_z,landmark_7_x,landmark_7_y,landmark_7_z,landmark_8_x,landmark_8_y,landmark_8_z,landmark_9_x,landmark_9_y,landmark_9_z,landmark_10_x,landmark_10_y,landmark_10_z,landmark_11_x,landmark_11_y,landmark_11_z,landmark_12_x,landmark_12_y,landmark_12_z,landmark_13_x,landmark_13_y,landmark_13_z,landmark_14_x,landmark_14_y,landmark_14_z,landmark_15_x,landmark_15_y,landmark_15_z,landmark_16_x,landmark_16_y,landmark_16_z,landmark_17_x,landmark_17_y,landmark_17_z,landmark_18_x,landmark_18_y,landmark_18_z,landmark_19_x,landmark_19_y,landmark_19_z,landmark_20_x,landmark_20_y,landmark_20_z,class
0.1066754087805748,0.8922939896583557,-1.0265125638397876e-07,0.1358242630958557,0.8724642395973206,-0.011210985481739044,0.16436767578125,0.8372533917427063,-0.014784801751375198,0.16614872217178345,0.8034093976020813,-0.018001770600676537,0.14556220173835754,0.8043487071990967,-0.0186309777200222,0.13739369809627533,0.7920723557472229,0.0014551548520103097,0.14227735996246338,0.7692265510559082,-0.009236607700586319,0.1419399231672287,0.7995627522468567,-0.0152966920286417,0.14205342531204224,0.8108983039855957,-0.018088847398757935,0.1178089901804924,0.7907541990280151,0.0018846496241167188,0.1219152957201004,0.7700454592704773,-0.009742902591824532,0.12355772405862808,0.8064858913421631,-0.012146439403295517,0.1216939240694046,0.8152020573616028,-0.010631334967911243,0.09922541677951813,0.7935876846313477,-0.0002380532823735848,0.10189708322286606,0.771145761013031,-0.012278718873858452,0.10640338063240051,0.8032885193824768,-0.008210446685552597,0.10488279908895493,0.8134896159172058,-0.001995137659832835,0.0798010528087616,0.7995328903198242,-0.00345083000138402,0.08553709089756012,0.776852548122406,-0.008974420838057995,0.09100848436355591,0.7973699569702148,-0.0033334209583699703,0.09048139303922653,0.8086655139923096,0.0029702887404710054,low
