landmark_0_x,landmark_0_y,landmark_0_z,landmark_1_x,landmark_1_y,landmark_1_z,landmark_2_x,landmark_2_y,landmark_2_z,landmark_3_x,landmark_3_y,landmark_3_z,landmark_4_x,landmark_4_y,landmark_4_z,landmark_5_x,landmark_5_y,landmark_5_z,landmark_6_x,landmark_6_y,landmark_6_z,landmark_7_x,landmark_7_y,landmark_7_z,landmark_8_x,landmark_8_y,landmark_8_z,landmark_9_x,landmark_9_y,landmark_9_z,landmark_10_x,landmark_10_y,landmark_10_z,landmark_11_x,landmark_11_y,landmark_11_z,landmark_12_x,landmark_12_y,landmark_12_z,landmark_13_x,landmark_13_y,landmark_13_z,landmark_14_x,landmark_14_y,landmark_14_z,landmark_15_x,landmark_15_y,landmark_15_z,landmark_16_x,landmark_16_y,landmark_16_z,landmark_17_x,landmark_17_y,landmark_17_z,landmark_18_x,landmark_18_y,landmark_18_z,landmark_19_x,landmark_19_y,landmark_19_z,landmark_20_x,landmark_20_y,landmark_20_z,class
0.6085613369941711,0.7325853705406189,-3.899387479577854e-07,0.5586447715759277,0.7474892139434814,-0.014898651279509068,0.5085344314575195,0.7460194230079651,-0.02464486099779606,0.4720761477947235,0.7493584156036377,-0.03387513756752014,0.4426814019680023,0.7639615535736084,-0.04092635214328766,0.5186218023300171,0.6480847597122192,-0.008826258592307568,0.5185292959213257,0.6755431294441223,-0.0244956836104393,0.5331004858016968,0.7013709545135498,-0.035969533026218414,0.5395805239677429,0.6976865530014038,-0.04386741295456886,0.5442941188812256,0.6256929039955139,-0.01031520962715149,0.5441259145736694,0.6672417521476746,-0.02320721559226513,0.5542479157447815,0.6933173537254333,-0.026750845834612846,0.5585075616836548,0.6874625086784363,-0.02924751117825508,0.5726940035820007,0.6174103021621704,-0.014623073861002922,0.569690465927124,0.6608816981315613,-0.026537548750638962,0.5760798454284668,0.6848325729370117,-0.021580874919891357,0.5783437490463257,0.6771706342697144,-0.017972299829125404,0.5986910462379456,0.6166702508926392,-0.021088944748044014,0.5939948558807373,0.649996280670166,-0.02611476369202137,0.5972325205802917,0.6726424694061279,-0.020296288654208183,0.599909782409668,0.670606255531311,-0.01574661396443844,fa
