landmark_0_x,landmark_0_y,landmark_0_z,landmark_1_x,landmark_1_y,landmark_1_z,landmark_2_x,landmark_2_y,landmark_2_z,landmark_3_x,landmark_3_y,landmark_3_z,landmark_4_x,landmark_4_y,landmark_4_z,landmark_5_x,landmark_5_y,landmark_5_z,landmark_6_x,landmark_6_y,landmark_6_z,landmark_7_x,landmark_7_y,landmark_7_z,landmark_8_x,landmark_8_y,landmark_8_z,landmark_9_x,landmark_9_y,landmark_9_z,landmark_10_x,landmark_10_y,landmark_10_z,landmark_11_x,landmark_11_y,landmark_11_z,landmark_12_x,landmark_12_y,landmark_12_z,landmark_13_x,landmark_13_y,landmark_13_z,landmark_14_x,landmark_14_y,landmark_14_z,landmark_15_x,landmark_15_y,landmark_15_z,landmark_16_x,landmark_16_y,landmark_16_z,landmark_17_x,landmark_17_y,landmark_17_z,landmark_18_x,landmark_18_y,landmark_18_z,landmark_19_x,landmark_19_y,landmark_19_z,landmark_20_x,landmark_20_y,landmark_20_z,class
0.8195089101791382,0.618266224861145,-5.368729603105749e-07,0.750451922416687,0.6312292218208313,-0.0334785021841526,0.668972909450531,0.6211941242218018,-0.054111458361148834,0.6047199964523315,0.6322601437568665,-0.07346033304929733,0.5611016154289246,0.6682698726654053,-0.08702779561281204,0.6690382957458496,0.4987683892250061,-0.024113504216074944,0.6551253795623779,0.465634822845459,-0.05538906529545784,0.6903842091560364,0.5273797512054443,-0.06712274253368378,0.6964824199676514,0.5390620827674866,-0.07335031032562256,0.7110849618911743,0.45395439863204956,-0.022896140813827515,0.7010245323181152,0.4306796193122864,-0.058627184480428696,0.7308894991874695,0.51003098487854,-0.061051592230796814,0.7261021733283997,0.511934757232666,-0.057256802916526794,0.7563133239746094,0.42473316192626953,-0.027280297130346298,0.7501646876335144,0.4055097997188568,-0.06189361959695816,0.7701424956321716,0.4797273278236389,-0.04686366766691208,0.7651582956314087,0.4820253551006317,-0.031051835045218468,0.7993170619010925,0.4055861532688141,-0.034628868103027344,0.7937968969345093,0.38676518201828003,-0.04750091955065727,0.80210280418396,0.44632938504219055,-0.03130166232585907,0.799747884273529,0.45874738693237305,-0.017655137926340103,fa
