landmark_0_x,landmark_0_y,landmark_0_z,landmark_1_x,landmark_1_y,landmark_1_z,landmark_2_x,landmark_2_y,landmark_2_z,landmark_3_x,landmark_3_y,landmark_3_z,landmark_4_x,landmark_4_y,landmark_4_z,landmark_5_x,landmark_5_y,landmark_5_z,landmark_6_x,landmark_6_y,landmark_6_z,landmark_7_x,landmark_7_y,landmark_7_z,landmark_8_x,landmark_8_y,landmark_8_z,landmark_9_x,landmark_9_y,landmark_9_z,landmark_10_x,landmark_10_y,landmark_10_z,landmark_11_x,landmark_11_y,landmark_11_z,landmark_12_x,landmark_12_y,landmark_12_z,landmark_13_x,landmark_13_y,landmark_13_z,landmark_14_x,landmark_14_y,landmark_14_z,landmark_15_x,landmark_15_y,landmark_15_z,landmark_16_x,landmark_16_y,landmark_16_z,landmark_17_x,landmark_17_y,landmark_17_z,landmark_18_x,landmark_18_y,landmark_18_z,landmark_19_x,landmark_19_y,landmark_19_z,landmark_20_x,landmark_20_y,landmark_20_z,class
0.7681888937950134,0.5800631046295166,-6.359562689794984e-07,0.6868173480033875,0.5867375731468201,-0.0401490181684494,0.5977833867073059,0.5642637014389038,-0.06508468091487885,0.5243675708770752,0.5596792697906494,-0.08666495233774185,0.4715013802051544,0.5816134214401245,-0.10141171514987946,0.5978468656539917,0.39744269847869873,-0.03322764113545418,0.6042793393135071,0.4069487750530243,-0.06594318896532059,0.633392333984375,0.47577744722366333,-0.07939605414867401,0.6395882368087769,0.4869556427001953,-0.08697526156902313,0.6516560912132263,0.34747281670570374,-0.03142469376325607,0.6572713851928711,0.3803459405899048,-0.06596149504184723,0.6781860589981079,0.46237966418266296,-0.0689346045255661,0.6776106953620911,0.46408382058143616,-0.0662979930639267,0.7106353640556335,0.32862451672554016,-0.03538357838988304,0.7123470306396484,0.36615341901779175,-0.07038775831460953,0.7241118550300598,0.44308847188949585,-0.0565631166100502,0.722629964351654,0.4438662528991699,-0.04154512286186218,0.764470100402832,0.324344277381897,-0.0431966669857502,0.760308563709259,0.34709763526916504,-0.057350363582372665,0.7621986269950867,0.41008007526397705,-0.04232726991176605,0.7604964971542358,0.41827863454818726,-0.028498198837041855,fa
