landmark_0_x,landmark_0_y,landmark_0_z,landmark_1_x,landmark_1_y,landmark_1_z,landmark_2_x,landmark_2_y,landmark_2_z,landmark_3_x,landmark_3_y,landmark_3_z,landmark_4_x,landmark_4_y,landmark_4_z,landmark_5_x,landmark_5_y,landmark_5_z,landmark_6_x,landmark_6_y,landmark_6_z,landmark_7_x,landmark_7_y,landmark_7_z,landmark_8_x,landmark_8_y,landmark_8_z,landmark_9_x,landmark_9_y,landmark_9_z,landmark_10_x,landmark_10_y,landmark_10_z,landmark_11_x,landmark_11_y,landmark_11_z,landmark_12_x,landmark_12_y,landmark_12_z,landmark_13_x,landmark_13_y,landmark_13_z,landmark_14_x,landmark_14_y,landmark_14_z,landmark_15_x,landmark_15_y,landmark_15_z,landmark_16_x,landmark_16_y,landmark_16_z,landmark_17_x,landmark_17_y,landmark_17_z,landmark_18_x,landmark_18_y,landmark_18_z,landmark_19_x,landmark_19_y,landmark_19_z,landmark_20_x,landmark_20_y,landmark_20_z,class
0.7228044271469116,0.825631856918335,-2.417541224986053e-07,0.6904482841491699,0.8362298607826233,-0.011787804774940014,0.6546196937561035,0.8407496213912964,-0.0212567076086998,0.6272738575935364,0.8475363254547119,-0.030983319506049156,0.6065458655357361,0.864873468875885,-0.03904198110103607,0.6468653678894043,0.7820950746536255,-0.009139308705925941,0.6449164152145386,0.7626556754112244,-0.025278599932789803,0.660764753818512,0.7834970951080322,-0.035954803228378296,0.6682136058807373,0.7999396920204163,-0.04179639741778374,0.6631742715835571,0.7605220675468445,-0.010614537633955479,0.6625586152076721,0.7444983720779419,-0.025093713775277138,0.6769038438796997,0.7709904909133911,-0.029504699632525444,0.6799216866493225,0.7854710221290588,-0.030908549204468727,0.6817334294319153,0.7451192140579224,-0.014459648169577122,0.6840827465057373,0.7326126098632812,-0.027323851361870766,0.694144606590271,0.7583500742912292,-0.023510120809078217,0.6949808597564697,0.7722128629684448,-0.019159534946084023,0.7008967995643616,0.7352573275566101,-0.019549788907170296,0.7017343640327454,0.7208738923072815,-0.02456977590918541,0.7078527212142944,0.7438756227493286,-0.018490374088287354,0.7074978947639465,0.7583198547363281,-0.013322925195097923,fa
