landmark_0_x,landmark_0_y,landmark_0_z,landmark_1_x,landmark_1_y,landmark_1_z,landmark_2_x,landmark_2_y,landmark_2_z,landmark_3_x,landmark_3_y,landmark_3_z,landmark_4_x,landmark_4_y,landmark_4_z,landmark_5_x,landmark_5_y,landmark_5_z,landmark_6_x,landmark_6_y,landmark_6_z,landmark_7_x,landmark_7_y,landmark_7_z,landmark_8_x,landmark_8_y,landmark_8_z,landmark_9_x,landmark_9_y,landmark_9_z,landmark_10_x,landmark_10_y,landmark_10_z,landmark_11_x,landmark_11_y,landmark_11_z,landmark_12_x,landmark_12_y,landmark_12_z,landmark_13_x,landmark_13_y,landmark_13_z,landmark_14_x,landmark_14_y,landmark_14_z,landmark_15_x,landmark_15_y,landmark_15_z,landmark_16_x,landmark_16_y,landmark_16_z,landmark_17_x,landmark_17_y,landmark_17_z,landmark_18_x,landmark_18_y,landmark_18_z,landmark_19_x,landmark_19_y,landmark_19_z,landmark_20_x,landmark_20_y,landmark_20_z,class
0.8036087155342102,0.1721813976764679,-2.3762477496802603e-07,0.7655260562896729,0.15927764773368835,-0.014377757906913757,0.7260565757751465,0.13867004215717316,-0.02375706098973751,0.6918535232543945,0.13082104921340942,-0.033238980919122696,0.6656565070152283,0.14129638671875,-0.04039393737912178,0.7396676540374756,0.07581672072410583,-0.005025779828429222,0.7366642355918884,0.051739878952503204,-0.02074241265654564,0.744024932384491,0.08360590040683746,-0.03035491518676281,0.7457245588302612,0.09845288842916489,-0.0357036329805851,0.7617551684379578,0.06445196270942688,-0.005451053846627474,0.7586360573768616,0.041599616408348083,-0.022019697353243828,0.7637010812759399,0.07922297716140747,-0.026371316984295845,0.7636082172393799,0.0908399298787117,-0.02671624720096588,0.7843652367591858,0.05958755686879158,-0.008937075734138489,0.7829891443252563,0.03872465342283249,-0.02298964001238346,0.7847312092781067,0.07339967787265778,-0.01756885088980198,0.7845104932785034,0.08579021692276001,-0.01146615855395794,0.8061061501502991,0.05996106192469597,-0.013965346850454807,0.8046953082084656,0.038414858281612396,-0.017975449562072754,0.8023305535316467,0.06679869443178177,-0.010141534730792046,0.8011325597763062,0.07996581494808197,-0.0036415839567780495,fa
