landmark_0_x,landmark_0_y,landmark_0_z,landmark_1_x,landmark_1_y,landmark_1_z,landmark_2_x,landmark_2_y,landmark_2_z,landmark_3_x,landmark_3_y,landmark_3_z,landmark_4_x,landmark_4_y,landmark_4_z,landmark_5_x,landmark_5_y,landmark_5_z,landmark_6_x,landmark_6_y,landmark_6_z,landmark_7_x,landmark_7_y,landmark_7_z,landmark_8_x,landmark_8_y,landmark_8_z,landmark_9_x,landmark_9_y,landmark_9_z,landmark_10_x,landmark_10_y,landmark_10_z,landmark_11_x,landmark_11_y,landmark_11_z,landmark_12_x,landmark_12_y,landmark_12_z,landmark_13_x,landmark_13_y,landmark_13_z,landmark_14_x,landmark_14_y,landmark_14_z,landmark_15_x,landmark_15_y,landmark_15_z,landmark_16_x,landmark_16_y,landmark_16_z,landmark_17_x,landmark_17_y,landmark_17_z,landmark_18_x,landmark_18_y,landmark_18_z,landmark_19_x,landmark_19_y,landmark_19_z,landmark_20_x,landmark_20_y,landmark_20_z,class
0.8211999535560608,0.5252814888954163,-8.140046929838718e-07,0.7324240207672119,0.5209164619445801,-0.05752580240368843,0.6325148940086365,0.48711490631103516,-0.09424949437379837,0.5442895889282227,0.470024049282074,-0.12611916661262512,0.4730371832847595,0.48785215616226196,-0.14986635744571686,0.6426868438720703,0.2784431278705597,-0.05033034458756447,0.665835976600647,0.2719805836677551,-0.09108113497495651,0.6955828070640564,0.36162471771240234,-0.10877087712287903,0.6997060775756836,0.38518792390823364,-0.11995889991521835,0.7096997499465942,0.22747722268104553,-0.044797755777835846,0.7370960116386414,0.24295778572559357,-0.0891629084944725,0.7487953901290894,0.35400480031967163,-0.09702574461698532,0.7375617623329163,0.36772242188453674,-0.09816936403512955,0.7799020409584045,0.21498581767082214,-0.046173837035894394,0.8039409518241882,0.22604039311408997,-0.09368598461151123,0.8033260107040405,0.32861393690109253,-0.08260056376457214,0.7896349430084229,0.34637442231178284,-0.06800481677055359,0.8433598279953003,0.21962730586528778,-0.052318818867206573,0.8571311235427856,0.2187103033065796,-0.07615381479263306,0.8470803499221802,0.2996935546398163,-0.06282984465360641,0.8307114243507385,0.32499390840530396,-0.04925984516739845,fa
