landmark_0_x,landmark_0_y,landmark_0_z,landmark_1_x,landmark_1_y,landmark_1_z,landmark_2_x,landmark_2_y,landmark_2_z,landmark_3_x,landmark_3_y,landmark_3_z,landmark_4_x,landmark_4_y,landmark_4_z,landmark_5_x,landmark_5_y,landmark_5_z,landmark_6_x,landmark_6_y,landmark_6_z,landmark_7_x,landmark_7_y,landmark_7_z,landmark_8_x,landmark_8_y,landmark_8_z,landmark_9_x,landmark_9_y,landmark_9_z,landmark_10_x,landmark_10_y,landmark_10_z,landmark_11_x,landmark_11_y,landmark_11_z,landmark_12_x,landmark_12_y,landmark_12_z,landmark_13_x,landmark_13_y,landmark_13_z,landmark_14_x,landmark_14_y,landmark_14_z,landmark_15_x,landmark_15_y,landmark_15_z,landmark_16_x,landmark_16_y,landmark_16_z,landmark_17_x,landmark_17_y,landmark_17_z,landmark_18_x,landmark_18_y,landmark_18_z,landmark_19_x,landmark_19_y,landmark_19_z,landmark_20_x,landmark_20_y,landmark_20_z,class
0.7270893454551697,0.6272138357162476,-3.203850553745724e-07,0.6883507370948792,0.6290110349655151,-0.014404619112610817,0.6455671191215515,0.6223360300064087,-0.024814195930957794,0.6131826043128967,0.6226613521575928,-0.03487549349665642,0.5893375873565674,0.6375139355659485,-0.04321849346160889,0.6449336409568787,0.5408419370651245,-0.009671247564256191,0.6527971029281616,0.53270024061203,-0.026288433000445366,0.6645340919494629,0.5613815188407898,-0.03853574022650719,0.6708433628082275,0.5787053108215332,-0.04560138285160065,0.6690621376037598,0.5222505331039429,-0.010953564196825027,0.6781591773033142,0.5215961933135986,-0.02544219046831131,0.6861582398414612,0.5553706884384155,-0.030609656125307083,0.68974369764328,0.5715172290802002,-0.03226150572299957,0.6949973702430725,0.513879120349884,-0.014990651048719883,0.7039352655410767,0.5179317593574524,-0.028507690876722336,0.707239031791687,0.5504004955291748,-0.026276083663105965,0.7076044678688049,0.5643600821495056,-0.02232503518462181,0.7200232744216919,0.5109336376190186,-0.02064443752169609,0.723608136177063,0.5080257058143616,-0.026307804509997368,0.7248188853263855,0.5354418158531189,-0.020976947620511055,0.7239809036254883,0.548613965511322,-0.015703286975622177,fa
