landmark_0_x,landmark_0_y,landmark_0_z,landmark_1_x,landmark_1_y,landmark_1_z,landmark_2_x,landmark_2_y,landmark_2_z,landmark_3_x,landmark_3_y,landmark_3_z,landmark_4_x,landmark_4_y,landmark_4_z,landmark_5_x,landmark_5_y,landmark_5_z,landmark_6_x,landmark_6_y,landmark_6_z,landmark_7_x,landmark_7_y,landmark_7_z,landmark_8_x,landmark_8_y,landmark_8_z,landmark_9_x,landmark_9_y,landmark_9_z,landmark_10_x,landmark_10_y,landmark_10_z,landmark_11_x,landmark_11_y,landmark_11_z,landmark_12_x,landmark_12_y,landmark_12_z,landmark_13_x,landmark_13_y,landmark_13_z,landmark_14_x,landmark_14_y,landmark_14_z,landmark_15_x,landmark_15_y,landmark_15_z,landmark_16_x,landmark_16_y,landmark_16_z,landmark_17_x,landmark_17_y,landmark_17_z,landmark_18_x,landmark_18_y,landmark_18_z,landmark_19_x,landmark_19_y,landmark_19_z,landmark_20_x,landmark_20_y,landmark_20_z,class
0.6734820008277893,0.8176419734954834,-2.186630467804207e-07,0.6441051363945007,0.8229025602340698,-0.011715487577021122,0.6128920912742615,0.817554235458374,-0.020350169390439987,0.5895482301712036,0.8159962892532349,-0.028601158410310745,0.5686933994293213,0.8224871754646301,-0.03529638051986694,0.6148400902748108,0.7505402565002441,-0.008683125488460064,0.6198870539665222,0.7494351863861084,-0.021587317809462547,0.6287704706192017,0.7671943306922913,-0.030769746750593185,0.634384036064148,0.7749906778335571,-0.03626016154885292,0.6330171823501587,0.7387087941169739,-0.009561477228999138,0.6376450657844543,0.743634045124054,-0.020318374037742615,0.6447552442550659,0.7657644152641296,-0.023595033213496208,0.6475374102592468,0.7723742723464966,-0.02492789551615715,0.6528773307800293,0.7358222007751465,-0.012621656991541386,0.6580924987792969,0.7418891191482544,-0.022348454222083092,0.6611782312393188,0.763073205947876,-0.0195564366877079,0.6603574752807617,0.7695350646972656,-0.016569389030337334,0.6728256940841675,0.7374489307403564,-0.017159121111035347,0.6771203875541687,0.7384912967681885,-0.021566295996308327,0.6771143674850464,0.7577143311500549,-0.017615022137761116,0.6742081046104431,0.7669127583503723,-0.013948007486760616,fa
