landmark_0_x,landmark_0_y,landmark_0_z,landmark_1_x,landmark_1_y,landmark_1_z,landmark_2_x,landmark_2_y,landmark_2_z,landmark_3_x,landmark_3_y,landmark_3_z,landmark_4_x,landmark_4_y,landmark_4_z,landmark_5_x,landmark_5_y,landmark_5_z,landmark_6_x,landmark_6_y,landmark_6_z,landmark_7_x,landmark_7_y,landmark_7_z,landmark_8_x,landmark_8_y,landmark_8_z,landmark_9_x,landmark_9_y,landmark_9_z,landmark_10_x,landmark_10_y,landmark_10_z,landmark_11_x,landmark_11_y,landmark_11_z,landmark_12_x,landmark_12_y,landmark_12_z,landmark_13_x,landmark_13_y,landmark_13_z,landmark_14_x,landmark_14_y,landmark_14_z,landmark_15_x,landmark_15_y,landmark_15_z,landmark_16_x,landmark_16_y,landmark_16_z,landmark_17_x,landmark_17_y,landmark_17_z,landmark_18_x,landmark_18_y,landmark_18_z,landmark_19_x,landmark_19_y,landmark_19_z,landmark_20_x,landmark_20_y,landmark_20_z,class
0.7080491781234741,0.6392841339111328,-1.8962097669827926e-07,0.6766613125801086,0.6339759826660156,-0.01403526496142149,0.6408610343933105,0.6136215329170227,-0.020558463409543037,0.6138806343078613,0.6070220470428467,-0.026525646448135376,0.5941250920295715,0.6168892979621887,-0.02989414893090725,0.6510982513427734,0.5671151876449585,-0.004371733404695988,0.645134687423706,0.5493910908699036,-0.016166362911462784,0.6569303870201111,0.577180027961731,-0.021670199930667877,0.6588742733001709,0.5801202058792114,-0.025173546746373177,0.6693650484085083,0.5565799474716187,-0.004091018345206976,0.6633354425430298,0.5417750477790833,-0.0176311656832695,0.6733139753341675,0.5752019286155701,-0.0188980083912611,0.6733628511428833,0.5758688449859619,-0.017506219446659088,0.6888299584388733,0.5512472987174988,-0.006766481325030327,0.6838566064834595,0.538295328617096,-0.019257357344031334,0.6901651620864868,0.5677796602249146,-0.012929670512676239,0.6903040409088135,0.5701742768287659,-0.006621073000133038,0.7075931429862976,0.5491317510604858,-0.0109590794891119,0.70356684923172,0.5381009578704834,-0.015594900585711002,0.7055445313453674,0.5599298477172852,-0.009173326194286346,0.7059814929962158,0.5648967027664185,-0.0038453165907412767,fa
