landmark_0_x,landmark_0_y,landmark_0_z,landmark_1_x,landmark_1_y,landmark_1_z,landmark_2_x,landmark_2_y,landmark_2_z,landmark_3_x,landmark_3_y,landmark_3_z,landmark_4_x,landmark_4_y,landmark_4_z,landmark_5_x,landmark_5_y,landmark_5_z,landmark_6_x,landmark_6_y,landmark_6_z,landmark_7_x,landmark_7_y,landmark_7_z,landmark_8_x,landmark_8_y,landmark_8_z,landmark_9_x,landmark_9_y,landmark_9_z,landmark_10_x,landmark_10_y,landmark_10_z,landmark_11_x,landmark_11_y,landmark_11_z,landmark_12_x,landmark_12_y,landmark_12_z,landmark_13_x,landmark_13_y,landmark_13_z,landmark_14_x,landmark_14_y,landmark_14_z,landmark_15_x,landmark_15_y,landmark_15_z,landmark_16_x,landmark_16_y,landmark_16_z,landmark_17_x,landmark_17_y,landmark_17_z,landmark_18_x,landmark_18_y,landmark_18_z,landmark_19_x,landmark_19_y,landmark_19_z,landmark_20_x,landmark_20_y,landmark_20_z,class
0.7332350611686707,0.4763253331184387,-2.3781579727710778e-07,0.6941450238227844,0.4690544605255127,-0.014201795682311058,0.655828058719635,0.45887842774391174,-0.025356266647577286,0.6243877410888672,0.45832550525665283,-0.036773473024368286,0.5996415019035339,0.47023335099220276,-0.04627678170800209,0.663129448890686,0.3879169821739197,-0.00833035632967949,0.6643909215927124,0.3758988082408905,-0.023864973336458206,0.6747555136680603,0.40546417236328125,-0.034638188779354095,0.6777167320251465,0.4176506996154785,-0.041587889194488525,0.6868928074836731,0.3711591362953186,-0.009569931775331497,0.6857947707176208,0.3623943328857422,-0.024798482656478882,0.693941593170166,0.3976926803588867,-0.028941690921783447,0.6960140466690063,0.406816303730011,-0.03033922240138054,0.7121204733848572,0.36398327350616455,-0.013509761542081833,0.7114194631576538,0.35480284690856934,-0.02701546810567379,0.7155387997627258,0.3882443606853485,-0.021597661077976227,0.7166121006011963,0.3980960249900818,-0.01621025986969471,0.7363587617874146,0.36274057626724243,-0.019079649820923805,0.7349503636360168,0.34757041931152344,-0.023403353989124298,0.7331382632255554,0.37548398971557617,-0.015532396733760834,0.7319625020027161,0.38785722851753235,-0.009277008473873138,fa
