landmark_0_x,landmark_0_y,landmark_0_z,landmark_1_x,landmark_1_y,landmark_1_z,landmark_2_x,landmark_2_y,landmark_2_z,landmark_3_x,landmark_3_y,landmark_3_z,landmark_4_x,landmark_4_y,landmark_4_z,landmark_5_x,landmark_5_y,landmark_5_z,landmark_6_x,landmark_6_y,landmark_6_z,landmark_7_x,landmark_7_y,landmark_7_z,landmark_8_x,landmark_8_y,landmark_8_z,landmark_9_x,landmark_9_y,landmark_9_z,landmark_10_x,landmark_10_y,landmark_10_z,landmark_11_x,landmark_11_y,landmark_11_z,landmark_12_x,landmark_12_y,landmark_12_z,landmark_13_x,landmark_13_y,landmark_13_z,landmark_14_x,landmark_14_y,landmark_14_z,landmark_15_x,landmark_15_y,landmark_15_z,landmark_16_x,landmark_16_y,landmark_16_z,landmark_17_x,landmark_17_y,landmark_17_z,landmark_18_x,landmark_18_y,landmark_18_z,landmark_19_x,landmark_19_y,landmark_19_z,landmark_20_x,landmark_20_y,landmark_20_z,class
0.826853334903717,0.6090013980865479,-5.783147685178847e-07,0.7551661729812622,0.6192458271980286,-0.04121856018900871,0.6728233098983765,0.6010035872459412,-0.0651993453502655,0.6079930663108826,0.5989988446235657,-0.08475668728351593,0.5551095008850098,0.6217988729476929,-0.09733118861913681,0.6765176057815552,0.45554158091545105,-0.034187331795692444,0.6974775195121765,0.44875720143318176,-0.0639854446053505,0.7192090749740601,0.5144463777542114,-0.0766577199101448,0.7103923559188843,0.517534077167511,-0.08580707013607025,0.7215588688850403,0.4112139046192169,-0.029815172776579857,0.7468997836112976,0.42304277420043945,-0.06395366042852402,0.7609516382217407,0.49948224425315857,-0.06797460466623306,0.7464613318443298,0.49611279368400574,-0.0675637274980545,0.7705779671669006,0.3910965025424957,-0.030932145193219185,0.7950304746627808,0.40699973702430725,-0.06283877044916153,0.8011191487312317,0.476558655500412,-0.0515412762761116,0.7863394618034363,0.47453761100769043,-0.04080294817686081,0.8165143728256226,0.38157910108566284,-0.03619607165455818,0.8334330916404724,0.39360469579696655,-0.05135362595319748,0.8335816264152527,0.4513400197029114,-0.04228319227695465,0.8213057518005371,0.4583529531955719,-0.03438159450888634,fa
