landmark_0_x,landmark_0_y,landmark_0_z,landmark_1_x,landmark_1_y,landmark_1_z,landmark_2_x,landmark_2_y,landmark_2_z,landmark_3_x,landmark_3_y,landmark_3_z,landmark_4_x,landmark_4_y,landmark_4_z,landmark_5_x,landmark_5_y,landmark_5_z,landmark_6_x,landmark_6_y,landmark_6_z,landmark_7_x,landmark_7_y,landmark_7_z,landmark_8_x,landmark_8_y,landmark_8_z,landmark_9_x,landmark_9_y,landmark_9_z,landmark_10_x,landmark_10_y,landmark_10_z,landmark_11_x,landmark_11_y,landmark_11_z,landmark_12_x,landmark_12_y,landmark_12_z,landmark_13_x,landmark_13_y,landmark_13_z,landmark_14_x,landmark_14_y,landmark_14_z,landmark_15_x,landmark_15_y,landmark_15_z,landmark_16_x,landmark_16_y,landmark_16_z,landmark_17_x,landmark_17_y,landmark_17_z,landmark_18_x,landmark_18_y,landmark_18_z,landmark_19_x,landmark_19_y,landmark_19_z,landmark_20_x,landmark_20_y,landmark_20_z,class
0.8818574547767639,0.575732946395874,-6.905422651470872e-07,0.8080381155014038,0.5630800127983093,-0.04261365532875061,0.7266554832458496,0.5300339460372925,-0.07217540591955185,0.6553097367286682,0.5191819071769714,-0.09854751080274582,0.5962759256362915,0.5396068096160889,-0.11887391656637192,0.7425887584686279,0.3505597412586212,-0.034436289221048355,0.7699227929115295,0.3517913222312927,-0.07076577842235565,0.784385621547699,0.42949923872947693,-0.09299400448799133,0.7793281674385071,0.44729623198509216,-0.10765435546636581,0.7984800338745117,0.3168410658836365,-0.03306744620203972,0.8236418962478638,0.3298119306564331,-0.06697241216897964,0.8281721472740173,0.4196978211402893,-0.07460817694664001,0.8168347477912903,0.4292507469654083,-0.07704968750476837,0.8567120432853699,0.3120651841163635,-0.03760697320103645,0.8766812086105347,0.32591137290000916,-0.07135817408561707,0.8745625615119934,0.4072326123714447,-0.06076890602707863,0.8626513481140137,0.41761651635169983,-0.04922163486480713,0.9095597863197327,0.32011109590530396,-0.04626278951764107,0.9194003343582153,0.31942903995513916,-0.05973261594772339,0.9108365178108215,0.384574294090271,-0.04481925070285797,0.8992616534233093,0.40261879563331604,-0.03180869668722153,fa
