landmark_0_x,landmark_0_y,landmark_0_z,landmark_1_x,landmark_1_y,landmark_1_z,landmark_2_x,landmark_2_y,landmark_2_z,landmark_3_x,landmark_3_y,landmark_3_z,landmark_4_x,landmark_4_y,landmark_4_z,landmark_5_x,landmark_5_y,landmark_5_z,landmark_6_x,landmark_6_y,landmark_6_z,landmark_7_x,landmark_7_y,landmark_7_z,landmark_8_x,landmark_8_y,landmark_8_z,landmark_9_x,landmark_9_y,landmark_9_z,landmark_10_x,landmark_10_y,landmark_10_z,landmark_11_x,landmark_11_y,landmark_11_z,landmark_12_x,landmark_12_y,landmark_12_z,landmark_13_x,landmark_13_y,landmark_13_z,landmark_14_x,landmark_14_y,landmark_14_z,landmark_15_x,landmark_15_y,landmark_15_z,landmark_16_x,landmark_16_y,landmark_16_z,landmark_17_x,landmark_17_y,landmark_17_z,landmark_18_x,landmark_18_y,landmark_18_z,landmark_19_x,landmark_19_y,landmark_19_z,landmark_20_x,landmark_20_y,landmark_20_z,class
0.8182345032691956,0.7090206146240234,-1.7181812950184394e-07,0.7907164096832275,0.6944991946220398,-0.009748348966240883,0.7627024054527283,0.6792186498641968,-0.01777634583413601,0.7383115291595459,0.6724013686180115,-0.02584119327366352,0.7179233431816101,0.6743974685668945,-0.03286571800708771,0.780510425567627,0.6314327716827393,-0.007105269469320774,0.7853215336799622,0.6204457879066467,-0.01705271191895008,0.7896711230278015,0.6416972875595093,-0.024602748453617096,0.7891929745674133,0.6512454152107239,-0.029641645029187202,0.800425112247467,0.6260955333709717,-0.008040245622396469,0.803473174571991,0.6163302659988403,-0.01664889231324196,0.8054940104484558,0.6412894129753113,-0.019652683287858963,0.8038879632949829,0.6521021723747253,-0.0213262178003788,0.8191484212875366,0.6268337965011597,-0.01054663211107254,0.8210006356239319,0.6179989576339722,-0.017937960103154182,0.8210755586624146,0.6409906148910522,-0.014255457557737827,0.8188024163246155,0.6515184640884399,-0.011260689236223698,0.8362078070640564,0.6321969628334045,-0.014128295704722404,0.8376218676567078,0.6202089786529541,-0.016115644946694374,0.835693359375,0.6389420628547668,-0.010214063338935375,0.8330239057540894,0.649280846118927,-0.005893850699067116,fa
