landmark_0_x,landmark_0_y,landmark_0_z,landmark_1_x,landmark_1_y,landmark_1_z,landmark_2_x,landmark_2_y,landmark_2_z,landmark_3_x,landmark_3_y,landmark_3_z,landmark_4_x,landmark_4_y,landmark_4_z,landmark_5_x,landmark_5_y,landmark_5_z,landmark_6_x,landmark_6_y,landmark_6_z,landmark_7_x,landmark_7_y,landmark_7_z,landmark_8_x,landmark_8_y,landmark_8_z,landmark_9_x,landmark_9_y,landmark_9_z,landmark_10_x,landmark_10_y,landmark_10_z,landmark_11_x,landmark_11_y,landmark_11_z,landmark_12_x,landmark_12_y,landmark_12_z,landmark_13_x,landmark_13_y,landmark_13_z,landmark_14_x,landmark_14_y,landmark_14_z,landmark_15_x,landmark_15_y,landmark_15_z,landmark_16_x,landmark_16_y,landmark_16_z,landmark_17_x,landmark_17_y,landmark_17_z,landmark_18_x,landmark_18_y,landmark_18_z,landmark_19_x,landmark_19_y,landmark_19_z,landmark_20_x,landmark_20_y,landmark_20_z,class
0.7476025819778442,0.7072086334228516,-4.88409057197714e-07,0.7002840638160706,0.7201855182647705,-0.026960311457514763,0.6451787352561951,0.7139071226119995,-0.043985094875097275,0.6015098094940186,0.7139174342155457,-0.05832021310925484,0.564940333366394,0.727222740650177,-0.06863784044981003,0.6409412026405334,0.5954709053039551,-0.02234698459506035,0.658881664276123,0.6073217988014221,-0.04374593123793602,0.6751022934913635,0.6482328772544861,-0.05589878186583519,0.6743876934051514,0.6558504700660706,-0.06374255567789078,0.6720722317695618,0.5647720098495483,-0.02060614340007305,0.6958838105201721,0.5901305675506592,-0.04134165868163109,0.7055004835128784,0.640077531337738,-0.04615645483136177,0.697931170463562,0.647219181060791,-0.04776696488261223,0.707306444644928,0.5524609684944153,-0.02249734103679657,0.7285600900650024,0.5774590373039246,-0.04372997581958771,0.7321368455886841,0.6233042478561401,-0.039332740008831024,0.7226549983024597,0.629963219165802,-0.033753786236047745,0.7405171990394592,0.5499508380889893,-0.026981469243764877,0.7540717720985413,0.5596269369125366,-0.03842949494719505,0.7552481293678284,0.5991528630256653,-0.03283839672803879,0.7476791739463806,0.6114633083343506,-0.026743026450276375,fa
