landmark_0_x,landmark_0_y,landmark_0_z,landmark_1_x,landmark_1_y,landmark_1_z,landmark_2_x,landmark_2_y,landmark_2_z,landmark_3_x,landmark_3_y,landmark_3_z,landmark_4_x,landmark_4_y,landmark_4_z,landmark_5_x,landmark_5_y,landmark_5_z,landmark_6_x,landmark_6_y,landmark_6_z,landmark_7_x,landmark_7_y,landmark_7_z,landmark_8_x,landmark_8_y,landmark_8_z,landmark_9_x,landmark_9_y,landmark_9_z,landmark_10_x,landmark_10_y,landmark_10_z,landmark_11_x,landmark_11_y,landmark_11_z,landmark_12_x,landmark_12_y,landmark_12_z,landmark_13_x,landmark_13_y,landmark_13_z,landmark_14_x,landmark_14_y,landmark_14_z,landmark_15_x,landmark_15_y,landmark_15_z,landmark_16_x,landmark_16_y,landmark_16_z,landmark_17_x,landmark_17_y,landmark_17_z,landmark_18_x,landmark_18_y,landmark_18_z,landmark_19_x,landmark_19_y,landmark_19_z,landmark_20_x,landmark_20_y,landmark_20_z,class
0.7420517802238464,0.4472750425338745,-1.9936221917760122e-07,0.707395076751709,0.44401034712791443,-0.01537005789577961,0.670018196105957,0.43437981605529785,-0.024026932194828987,0.6389414072036743,0.4311460256576538,-0.032447006553411484,0.6162930130958557,0.44332799315452576,-0.03825807198882103,0.674494206905365,0.3796592354774475,-0.0025886008515954018,0.6712197065353394,0.3599068522453308,-0.01734425686299801,0.6825584173202515,0.38700130581855774,-0.025528164580464363,0.6822713613510132,0.3934357166290283,-0.030038241297006607,0.6944141983985901,0.36570262908935547,-0.0018268473213538527,0.688835084438324,0.3496200144290924,-0.017758388072252274,0.6994581818580627,0.38048088550567627,-0.021330637857317924,0.6988718509674072,0.38310059905052185,-0.020747436210513115,0.7147491574287415,0.3567531704902649,-0.00449502095580101,0.7098159193992615,0.34524598717689514,-0.018916260451078415,0.7168785333633423,0.37237995862960815,-0.013979249633848667,0.7162067890167236,0.3750677704811096,-0.007718133740127087,0.7344706654548645,0.35126984119415283,-0.00866666343063116,0.728796124458313,0.3413108289241791,-0.01299777440726757,0.7325862646102905,0.3627128601074219,-0.006089361384510994,0.7337408065795898,0.3669262230396271,-1.5559759276584373e-06,fa
