landmark_0_x,landmark_0_y,landmark_0_z,landmark_1_x,landmark_1_y,landmark_1_z,landmark_2_x,landmark_2_y,landmark_2_z,landmark_3_x,landmark_3_y,landmark_3_z,landmark_4_x,landmark_4_y,landmark_4_z,landmark_5_x,landmark_5_y,landmark_5_z,landmark_6_x,landmark_6_y,landmark_6_z,landmark_7_x,landmark_7_y,landmark_7_z,landmark_8_x,landmark_8_y,landmark_8_z,landmark_9_x,landmark_9_y,landmark_9_z,landmark_10_x,landmark_10_y,landmark_10_z,landmark_11_x,landmark_11_y,landmark_11_z,landmark_12_x,landmark_12_y,landmark_12_z,landmark_13_x,landmark_13_y,landmark_13_z,landmark_14_x,landmark_14_y,landmark_14_z,landmark_15_x,landmark_15_y,landmark_15_z,landmark_16_x,landmark_16_y,landmark_16_z,landmark_17_x,landmark_17_y,landmark_17_z,landmark_18_x,landmark_18_y,landmark_18_z,landmark_19_x,landmark_19_y,landmark_19_z,landmark_20_x,landmark_20_y,landmark_20_z,class
0.7925018668174744,0.8348983526229858,-2.3213293331991736e-07,0.7616385817527771,0.8410769104957581,-0.013791350647807121,0.7266173958778381,0.842980682849884,-0.02342480607330799,0.6999881863594055,0.8526182770729065,-0.03257928416132927,0.6809555888175964,0.8687289953231812,-0.03899070620536804,0.7195533514022827,0.7731885313987732,-0.007809135597199202,0.7111628651618958,0.7797107696533203,-0.022389087826013565,0.728614330291748,0.7998518347740173,-0.029841765761375427,0.731421709060669,0.7948015332221985,-0.034244176000356674,0.734663724899292,0.7554827332496643,-0.008056971244513988,0.7284873127937317,0.7674800753593445,-0.02352665737271309,0.7441288828849792,0.7920364737510681,-0.025536498054862022,0.743798553943634,0.7847754955291748,-0.02459987998008728,0.7528358697891235,0.7449352145195007,-0.011080927215516567,0.7478665113449097,0.756475031375885,-0.025773506611585617,0.7588735818862915,0.7808231115341187,-0.020098788663744926,0.7587945461273193,0.7744812965393066,-0.013744272291660309,0.7705748081207275,0.7385797500610352,-0.015569260343909264,0.7655144929885864,0.7455556392669678,-0.021076491102576256,0.771075427532196,0.7658470869064331,-0.015129023231565952,0.7728551626205444,0.7638945579528809,-0.009552886709570885,fa
