landmark_0_x,landmark_0_y,landmark_0_z,landmark_1_x,landmark_1_y,landmark_1_z,landmark_2_x,landmark_2_y,landmark_2_z,landmark_3_x,landmark_3_y,landmark_3_z,landmark_4_x,landmark_4_y,landmark_4_z,landmark_5_x,landmark_5_y,landmark_5_z,landmark_6_x,landmark_6_y,landmark_6_z,landmark_7_x,landmark_7_y,landmark_7_z,landmark_8_x,landmark_8_y,landmark_8_z,landmark_9_x,landmark_9_y,landmark_9_z,landmark_10_x,landmark_10_y,landmark_10_z,landmark_11_x,landmark_11_y,landmark_11_z,landmark_12_x,landmark_12_y,landmark_12_z,landmark_13_x,landmark_13_y,landmark_13_z,landmark_14_x,landmark_14_y,landmark_14_z,landmark_15_x,landmark_15_y,landmark_15_z,landmark_16_x,landmark_16_y,landmark_16_z,landmark_17_x,landmark_17_y,landmark_17_z,landmark_18_x,landmark_18_y,landmark_18_z,landmark_19_x,landmark_19_y,landmark_19_z,landmark_20_x,landmark_20_y,landmark_20_z,class
0.7278478741645813,0.6979413032531738,-4.109028282073268e-07,0.6894317269325256,0.7075729370117188,-0.025123190134763718,0.6432049870491028,0.7009546756744385,-0.04036731272935867,0.6048417091369629,0.699608325958252,-0.05279580503702164,0.5737931728363037,0.7108193039894104,-0.06151546910405159,0.6357665657997131,0.599145770072937,-0.019894976168870926,0.6509629487991333,0.6109012365341187,-0.03914337605237961,0.664817750453949,0.6457032561302185,-0.04938707873225212,0.6629720330238342,0.6501377820968628,-0.055895544588565826,0.6619489789009094,0.5724244117736816,-0.017475832253694534,0.6817461848258972,0.5970249772071838,-0.03606819361448288,0.6914775371551514,0.6387307047843933,-0.039871394634246826,0.6846603155136108,0.6403602361679077,-0.04076795279979706,0.6918231844902039,0.5614659190177917,-0.01855834759771824,0.7103143930435181,0.5896866321563721,-0.037746235728263855,0.7147133350372314,0.6280192136764526,-0.033849574625492096,0.7064127922058105,0.6295976638793945,-0.02889721281826496,0.7203279137611389,0.5585854053497314,-0.022112276405096054,0.7321116328239441,0.5781236290931702,-0.03256017714738846,0.7341011762619019,0.6135005950927734,-0.028527960181236267,0.7276784777641296,0.621631920337677,-0.02390367165207863,fa
