landmark_0_x,landmark_0_y,landmark_0_z,landmark_1_x,landmark_1_y,landmark_1_z,landmark_2_x,landmark_2_y,landmark_2_z,landmark_3_x,landmark_3_y,landmark_3_z,landmark_4_x,landmark_4_y,landmark_4_z,landmark_5_x,landmark_5_y,landmark_5_z,landmark_6_x,landmark_6_y,landmark_6_z,landmark_7_x,landmark_7_y,landmark_7_z,landmark_8_x,landmark_8_y,landmark_8_z,landmark_9_x,landmark_9_y,landmark_9_z,landmark_10_x,landmark_10_y,landmark_10_z,landmark_11_x,landmark_11_y,landmark_11_z,landmark_12_x,landmark_12_y,landmark_12_z,landmark_13_x,landmark_13_y,landmark_13_z,landmark_14_x,landmark_14_y,landmark_14_z,landmark_15_x,landmark_15_y,landmark_15_z,landmark_16_x,landmark_16_y,landmark_16_z,landmark_17_x,landmark_17_y,landmark_17_z,landmark_18_x,landmark_18_y,landmark_18_z,landmark_19_x,landmark_19_y,landmark_19_z,landmark_20_x,landmark_20_y,landmark_20_z,class
0.753722071647644,0.3246604800224304,-2.7990762418994564e-07,0.714226245880127,0.3121395409107208,-0.015644870698451996,0.6749286651611328,0.2991894483566284,-0.029139583930373192,0.6418727040290833,0.2960256040096283,-0.04307006672024727,0.6157287955284119,0.3074437975883484,-0.055023789405822754,0.6897603869438171,0.22782091796398163,-0.013147281482815742,0.6897809505462646,0.197087362408638,-0.03654744103550911,0.6965457797050476,0.23053115606307983,-0.051910560578107834,0.6997522115707397,0.2601205110549927,-0.059087857604026794,0.7142691612243652,0.21543394029140472,-0.014584440737962723,0.7113561034202576,0.18730485439300537,-0.0360288992524147,0.7166416049003601,0.22514811158180237,-0.042340125888586044,0.7195420861244202,0.24996475875377655,-0.04286831617355347,0.7392552495002747,0.21093231439590454,-0.019537538290023804,0.7398333549499512,0.18778343498706818,-0.03766795992851257,0.7398002743721008,0.2229306548833847,-0.035581499338150024,0.7391941547393799,0.2463623434305191,-0.0302286297082901,0.7641372680664062,0.21188274025917053,-0.025975042954087257,0.7661596536636353,0.18530413508415222,-0.03412800282239914,0.761655330657959,0.20824749767780304,-0.02989298477768898,0.7566519975662231,0.22658784687519073,-0.02477985806763172,fa
