landmark_0_x,landmark_0_y,landmark_0_z,landmark_1_x,landmark_1_y,landmark_1_z,landmark_2_x,landmark_2_y,landmark_2_z,landmark_3_x,landmark_3_y,landmark_3_z,landmark_4_x,landmark_4_y,landmark_4_z,landmark_5_x,landmark_5_y,landmark_5_z,landmark_6_x,landmark_6_y,landmark_6_z,landmark_7_x,landmark_7_y,landmark_7_z,landmark_8_x,landmark_8_y,landmark_8_z,landmark_9_x,landmark_9_y,landmark_9_z,landmark_10_x,landmark_10_y,landmark_10_z,landmark_11_x,landmark_11_y,landmark_11_z,landmark_12_x,landmark_12_y,landmark_12_z,landmark_13_x,landmark_13_y,landmark_13_z,landmark_14_x,landmark_14_y,landmark_14_z,landmark_15_x,landmark_15_y,landmark_15_z,landmark_16_x,landmark_16_y,landmark_16_z,landmark_17_x,landmark_17_y,landmark_17_z,landmark_18_x,landmark_18_y,landmark_18_z,landmark_19_x,landmark_19_y,landmark_19_z,landmark_20_x,landmark_20_y,landmark_20_z,class
0.8933352828025818,0.19850701093673706,-1.2678675886945712e-07,0.8627188205718994,0.1829812377691269,-0.02087520621716976,0.8299200534820557,0.157335564494133,-0.031475525349378586,0.7989029884338379,0.13739202916622162,-0.0405501052737236,0.7745261788368225,0.13591109216213226,-0.04617137089371681,0.840413510799408,0.09667536616325378,-0.004728521220386028,0.8459521532058716,0.06932063400745392,-0.019291067495942116,0.8522826433181763,0.10469125211238861,-0.02719598263502121,0.8489747047424316,0.12130381166934967,-0.030939489603042603,0.8605287075042725,0.08853992819786072,-0.0006375397206284106,0.8643769025802612,0.0652523934841156,-0.017062781378626823,0.8686880469322205,0.10436330735683441,-0.021230895072221756,0.8638955354690552,0.11495506018400192,-0.020522715523838997,0.8808429837226868,0.08655396103858948,-0.00040264156996272504,0.8846468329429626,0.06651437282562256,-0.014957444742321968,0.8865107297897339,0.09977023303508759,-0.010378417558968067,0.8822692632675171,0.11158984899520874,-0.0039989943616092205,0.8994266986846924,0.08919651061296463,-0.002105985302478075,0.9029392600059509,0.07109815627336502,-0.007721380330622196,0.9014904499053955,0.09698149561882019,-0.0017093901988118887,0.8975546956062317,0.10929906368255615,0.004421318881213665,fa
