landmark_0_x,landmark_0_y,landmark_0_z,landmark_1_x,landmark_1_y,landmark_1_z,landmark_2_x,landmark_2_y,landmark_2_z,landmark_3_x,landmark_3_y,landmark_3_z,landmark_4_x,landmark_4_y,landmark_4_z,landmark_5_x,landmark_5_y,landmark_5_z,landmark_6_x,landmark_6_y,landmark_6_z,landmark_7_x,landmark_7_y,landmark_7_z,landmark_8_x,landmark_8_y,landmark_8_z,landmark_9_x,landmark_9_y,landmark_9_z,landmark_10_x,landmark_10_y,landmark_10_z,landmark_11_x,landmark_11_y,landmark_11_z,landmark_12_x,landmark_12_y,landmark_12_z,landmark_13_x,landmark_13_y,landmark_13_z,landmark_14_x,landmark_14_y,landmark_14_z,landmark_15_x,landmark_15_y,landmark_15_z,landmark_16_x,landmark_16_y,landmark_16_z,landmark_17_x,landmark_17_y,landmark_17_z,landmark_18_x,landmark_18_y,landmark_18_z,landmark_19_x,landmark_19_y,landmark_19_z,landmark_20_x,landmark_20_y,landmark_20_z,class
0.7465372085571289,0.7407149076461792,-5.311053996592818e-07,0.6912999749183655,0.7540087103843689,-0.024927660822868347,0.6305457949638367,0.7483034729957581,-0.041527654975652695,0.5826113224029541,0.7503507137298584,-0.05611361190676689,0.5438580513000488,0.7723207473754883,-0.06696575880050659,0.6318715810775757,0.6199648976325989,-0.019633378833532333,0.6499637961387634,0.6370934844017029,-0.039926059544086456,0.6658520102500916,0.6790882349014282,-0.05302987992763519,0.6660043597221375,0.6853302121162415,-0.06234552338719368,0.6657953858375549,0.5859317779541016,-0.01957419328391552,0.689800500869751,0.6203473806381226,-0.03716852888464928,0.6994807124137878,0.6665176153182983,-0.04212877154350281,0.6942555904388428,0.6705586910247803,-0.0453721359372139,0.7045164108276367,0.5714638233184814,-0.02299664355814457,0.7252154350280762,0.6089238524436951,-0.0395815335214138,0.7289980053901672,0.6504868268966675,-0.03456206992268562,0.7208501100540161,0.6525007486343384,-0.030588384717702866,0.7409495711326599,0.5679660439491272,-0.029391588643193245,0.7537952661514282,0.5905940532684326,-0.036736346781253815,0.7555921673774719,0.627657949924469,-0.030156081542372704,0.7500232458114624,0.6345282793045044,-0.024785855785012245,fa
