landmark_0_x,landmark_0_y,landmark_0_z,landmark_1_x,landmark_1_y,landmark_1_z,landmark_2_x,landmark_2_y,landmark_2_z,landmark_3_x,landmark_3_y,landmark_3_z,landmark_4_x,landmark_4_y,landmark_4_z,landmark_5_x,landmark_5_y,landmark_5_z,landmark_6_x,landmark_6_y,landmark_6_z,landmark_7_x,landmark_7_y,landmark_7_z,landmark_8_x,landmark_8_y,landmark_8_z,landmark_9_x,landmark_9_y,landmark_9_z,landmark_10_x,landmark_10_y,landmark_10_z,landmark_11_x,landmark_11_y,landmark_11_z,landmark_12_x,landmark_12_y,landmark_12_z,landmark_13_x,landmark_13_y,landmark_13_z,landmark_14_x,landmark_14_y,landmark_14_z,landmark_15_x,landmark_15_y,landmark_15_z,landmark_16_x,landmark_16_y,landmark_16_z,landmark_17_x,landmark_17_y,landmark_17_z,landmark_18_x,landmark_18_y,landmark_18_z,landmark_19_x,landmark_19_y,landmark_19_z,landmark_20_x,landmark_20_y,landmark_20_z,class
0.7088358402252197,0.6663971543312073,-3.8849154293529864e-07,0.6519254446029663,0.684769332408905,-0.019726796075701714,0.5880264043807983,0.6870706677436829,-0.033291518688201904,0.541971743106842,0.6979999542236328,-0.047252900898456573,0.5097198486328125,0.7255581021308899,-0.05764230713248253,0.5936226844787598,0.5899584293365479,-0.011287136003375053,0.5813998579978943,0.5676994919776917,-0.03494211286306381,0.6062781810760498,0.6055811643600464,-0.04722089320421219,0.611957311630249,0.6127830147743225,-0.05466455966234207,0.6231207847595215,0.5580281019210815,-0.01421114057302475,0.6113461852073669,0.5368902683258057,-0.03786758705973625,0.6335085034370422,0.5850788950920105,-0.04038957506418228,0.6335993409156799,0.5887527465820312,-0.039665814489126205,0.6547863483428955,0.5352264642715454,-0.021603066474199295,0.6447497606277466,0.5175402164459229,-0.04320194572210312,0.6619775891304016,0.5645939707756042,-0.03143894672393799,0.6621158719062805,0.5686313509941101,-0.021018873900175095,0.6869395971298218,0.5195850133895874,-0.031397320330142975,0.6771208047866821,0.5004764199256897,-0.03872906416654587,0.6852253675460815,0.5392589569091797,-0.02590816654264927,0.6865423917770386,0.549822986125946,-0.016220394521951675,fa
