landmark_0_x,landmark_0_y,landmark_0_z,landmark_1_x,landmark_1_y,landmark_1_z,landmark_2_x,landmark_2_y,landmark_2_z,landmark_3_x,landmark_3_y,landmark_3_z,landmark_4_x,landmark_4_y,landmark_4_z,landmark_5_x,landmark_5_y,landmark_5_z,landmark_6_x,landmark_6_y,landmark_6_z,landmark_7_x,landmark_7_y,landmark_7_z,landmark_8_x,landmark_8_y,landmark_8_z,landmark_9_x,landmark_9_y,landmark_9_z,landmark_10_x,landmark_10_y,landmark_10_z,landmark_11_x,landmark_11_y,landmark_11_z,landmark_12_x,landmark_12_y,landmark_12_z,landmark_13_x,landmark_13_y,landmark_13_z,landmark_14_x,landmark_14_y,landmark_14_z,landmark_15_x,landmark_15_y,landmark_15_z,landmark_16_x,landmark_16_y,landmark_16_z,landmark_17_x,landmark_17_y,landmark_17_z,landmark_18_x,landmark_18_y,landmark_18_z,landmark_19_x,landmark_19_y,landmark_19_z,landmark_20_x,landmark_20_y,landmark_20_z,class
0.744655191898346,0.7021548748016357,-4.5277391791387345e-07,0.6985874772071838,0.7132291793823242,-0.026309730485081673,0.6466759443283081,0.7062293887138367,-0.042556632310152054,0.6048260927200317,0.7059510350227356,-0.05627666041254997,0.5713118314743042,0.7191188931465149,-0.06597959250211716,0.6423808336257935,0.5941149592399597,-0.020385676994919777,0.6545283198356628,0.6037238836288452,-0.04055340588092804,0.6710241436958313,0.6430741548538208,-0.05200427770614624,0.6725165247917175,0.6498211026191711,-0.05941438674926758,0.6721667051315308,0.5634269714355469,-0.018482312560081482,0.6907939910888672,0.5892676711082458,-0.037533827126026154,0.7009729743003845,0.6357693076133728,-0.04192154482007027,0.6952106952667236,0.6379587054252625,-0.0433814600110054,0.7063459157943726,0.5518609881401062,-0.020235709846019745,0.7217885851860046,0.5793219208717346,-0.03975183144211769,0.7261388301849365,0.6213128566741943,-0.03531762957572937,0.7190335392951965,0.6223939657211304,-0.03001330979168415,0.7384452223777771,0.5491065382957458,-0.024595675989985466,0.7470501661300659,0.5636805891990662,-0.034056633710861206,0.7470012307167053,0.6008675694465637,-0.02814226597547531,0.7411669492721558,0.609207808971405,-0.022206738591194153,fa
