landmark_0_x,landmark_0_y,landmark_0_z,landmark_1_x,landmark_1_y,landmark_1_z,landmark_2_x,landmark_2_y,landmark_2_z,landmark_3_x,landmark_3_y,landmark_3_z,landmark_4_x,landmark_4_y,landmark_4_z,landmark_5_x,landmark_5_y,landmark_5_z,landmark_6_x,landmark_6_y,landmark_6_z,landmark_7_x,landmark_7_y,landmark_7_z,landmark_8_x,landmark_8_y,landmark_8_z,landmark_9_x,landmark_9_y,landmark_9_z,landmark_10_x,landmark_10_y,landmark_10_z,landmark_11_x,landmark_11_y,landmark_11_z,landmark_12_x,landmark_12_y,landmark_12_z,landmark_13_x,landmark_13_y,landmark_13_z,landmark_14_x,landmark_14_y,landmark_14_z,landmark_15_x,landmark_15_y,landmark_15_z,landmark_16_x,landmark_16_y,landmark_16_z,landmark_17_x,landmark_17_y,landmark_17_z,landmark_18_x,landmark_18_y,landmark_18_z,landmark_19_x,landmark_19_y,landmark_19_z,landmark_20_x,landmark_20_y,landmark_20_z,class
0.8487604856491089,0.6314552426338196,-6.191069701344531e-07,0.778050422668457,0.6487414240837097,-0.03930690139532089,0.6947515606880188,0.643407940864563,-0.06409794837236404,0.6246870756149292,0.6544440984725952,-0.086866095662117,0.5758447647094727,0.6896190047264099,-0.10335689783096313,0.6835533976554871,0.4973006844520569,-0.029439328238368034,0.6744943261146545,0.4738854765892029,-0.06402722001075745,0.7116560935974121,0.5371738076210022,-0.07838219404220581,0.724158763885498,0.5547348260879517,-0.08587617427110672,0.7278592586517334,0.4456469416618347,-0.027813563123345375,0.7253614664077759,0.43737906217575073,-0.06439712643623352,0.7558661103248596,0.5201419591903687,-0.06910882145166397,0.7542807459831238,0.5247725248336792,-0.06712212413549423,0.7782707810401917,0.416595995426178,-0.03240260109305382,0.7763710021972656,0.40839919447898865,-0.07188261300325394,0.7960189580917358,0.48688197135925293,-0.060239728540182114,0.7931328415870667,0.4936595857143402,-0.04530689865350723,0.8276585340499878,0.4010900855064392,-0.04005997255444527,0.820996105670929,0.3878190815448761,-0.05799951031804085,0.8282074332237244,0.4514749050140381,-0.043462540954351425,0.8257350921630859,0.46972620487213135,-0.029470272362232208,fa
