landmark_0_x,landmark_0_y,landmark_0_z,landmark_1_x,landmark_1_y,landmark_1_z,landmark_2_x,landmark_2_y,landmark_2_z,landmark_3_x,landmark_3_y,landmark_3_z,landmark_4_x,landmark_4_y,landmark_4_z,landmark_5_x,landmark_5_y,landmark_5_z,landmark_6_x,landmark_6_y,landmark_6_z,landmark_7_x,landmark_7_y,landmark_7_z,landmark_8_x,landmark_8_y,landmark_8_z,landmark_9_x,landmark_9_y,landmark_9_z,landmark_10_x,landmark_10_y,landmark_10_z,landmark_11_x,landmark_11_y,landmark_11_z,landmark_12_x,landmark_12_y,landmark_12_z,landmark_13_x,landmark_13_y,landmark_13_z,landmark_14_x,landmark_14_y,landmark_14_z,landmark_15_x,landmark_15_y,landmark_15_z,landmark_16_x,landmark_16_y,landmark_16_z,landmark_17_x,landmark_17_y,landmark_17_z,landmark_18_x,landmark_18_y,landmark_18_z,landmark_19_x,landmark_19_y,landmark_19_z,landmark_20_x,landmark_20_y,landmark_20_z,class
0.7333282828330994,0.7653585076332092,-5.263476623440511e-07,0.677463948726654,0.7792409062385559,-0.02951151318848133,0.6070343255996704,0.7685540914535522,-0.04582316428422928,0.5552297234535217,0.7729917168617249,-0.05928374454379082,0.5156750679016113,0.7962427139282227,-0.06813007593154907,0.6119539737701416,0.6368976831436157,-0.02066715620458126,0.6249346137046814,0.655832827091217,-0.043512485921382904,0.6465202569961548,0.7010951638221741,-0.05729985609650612,0.6528799533843994,0.7070791721343994,-0.06650523841381073,0.6468201279640198,0.6018425226211548,-0.018639661371707916,0.666202187538147,0.6380230784416199,-0.03903966769576073,0.6786560416221619,0.6866605877876282,-0.043568894267082214,0.6751232743263245,0.6860253214836121,-0.045763079077005386,0.6870533227920532,0.5894055962562561,-0.0212247371673584,0.7052170038223267,0.6287539601325989,-0.040875714272260666,0.709175705909729,0.6732187271118164,-0.0359262153506279,0.7009585499763489,0.6717673540115356,-0.03129928186535835,0.7252355813980103,0.5870856642723083,-0.02729777619242668,0.7356489300727844,0.6117796301841736,-0.03705492243170738,0.7346566319465637,0.653274655342102,-0.031500332057476044,0.7258124947547913,0.6621329188346863,-0.026550455018877983,fa
