landmark_0_x,landmark_0_y,landmark_0_z,landmark_1_x,landmark_1_y,landmark_1_z,landmark_2_x,landmark_2_y,landmark_2_z,landmark_3_x,landmark_3_y,landmark_3_z,landmark_4_x,landmark_4_y,landmark_4_z,landmark_5_x,landmark_5_y,landmark_5_z,landmark_6_x,landmark_6_y,landmark_6_z,landmark_7_x,landmark_7_y,landmark_7_z,landmark_8_x,landmark_8_y,landmark_8_z,landmark_9_x,landmark_9_y,landmark_9_z,landmark_10_x,landmark_10_y,landmark_10_z,landmark_11_x,landmark_11_y,landmark_11_z,landmark_12_x,landmark_12_y,landmark_12_z,landmark_13_x,landmark_13_y,landmark_13_z,landmark_14_x,landmark_14_y,landmark_14_z,landmark_15_x,landmark_15_y,landmark_15_z,landmark_16_x,landmark_16_y,landmark_16_z,landmark_17_x,landmark_17_y,landmark_17_z,landmark_18_x,landmark_18_y,landmark_18_z,landmark_19_x,landmark_19_y,landmark_19_z,landmark_20_x,landmark_20_y,landmark_20_z,class
0.7474925518035889,0.4093378484249115,-2.8684291919489624e-07,0.7101001739501953,0.39431655406951904,-0.018215235322713852,0.6705161929130554,0.37950456142425537,-0.030520956963300705,0.6369456648826599,0.3754808306694031,-0.042440757155418396,0.6111043691635132,0.3888130187988281,-0.05234946683049202,0.6742405295372009,0.3084237277507782,-0.011333929374814034,0.6915293335914612,0.28875112533569336,-0.028791243210434914,0.7000144124031067,0.32086554169654846,-0.04115837439894676,0.6965688467025757,0.34155064821243286,-0.04882154241204262,0.6999703049659729,0.2923242449760437,-0.011383610777556896,0.713129997253418,0.27745941281318665,-0.028221582993865013,0.7194379568099976,0.3149886429309845,-0.034331776201725006,0.7152304649353027,0.33393222093582153,-0.036799319088459015,0.7264636158943176,0.28671932220458984,-0.01462419331073761,0.7373862266540527,0.273810476064682,-0.03100716881453991,0.7397850155830383,0.308948814868927,-0.029273975640535355,0.7347115278244019,0.3285539150238037,-0.025471245869994164,0.7514111399650574,0.2878517508506775,-0.01960762031376362,0.7572022080421448,0.2717406153678894,-0.026959657669067383,0.755825400352478,0.29884323477745056,-0.022085445001721382,0.749453604221344,0.31648916006088257,-0.017368976026773453,fa
