landmark_0_x,landmark_0_y,landmark_0_z,landmark_1_x,landmark_1_y,landmark_1_z,landmark_2_x,landmark_2_y,landmark_2_z,landmark_3_x,landmark_3_y,landmark_3_z,landmark_4_x,landmark_4_y,landmark_4_z,landmark_5_x,landmark_5_y,landmark_5_z,landmark_6_x,landmark_6_y,landmark_6_z,landmark_7_x,landmark_7_y,landmark_7_z,landmark_8_x,landmark_8_y,landmark_8_z,landmark_9_x,landmark_9_y,landmark_9_z,landmark_10_x,landmark_10_y,landmark_10_z,landmark_11_x,landmark_11_y,landmark_11_z,landmark_12_x,landmark_12_y,landmark_12_z,landmark_13_x,landmark_13_y,landmark_13_z,landmark_14_x,landmark_14_y,landmark_14_z,landmark_15_x,landmark_15_y,landmark_15_z,landmark_16_x,landmark_16_y,landmark_16_z,landmark_17_x,landmark_17_y,landmark_17_z,landmark_18_x,landmark_18_y,landmark_18_z,landmark_19_x,landmark_19_y,landmark_19_z,landmark_20_x,landmark_20_y,landmark_20_z,class
0.8864307999610901,0.6115959286689758,-5.687987254532345e-07,0.8213298320770264,0.6125576496124268,-0.03793059289455414,0.7502359747886658,0.5943299531936646,-0.06269586831331253,0.6895703673362732,0.5900746583938599,-0.08379655331373215,0.6397731304168701,0.6102262735366821,-0.09903333336114883,0.749644935131073,0.4417191743850708,-0.031754180788993835,0.7676919102668762,0.4443902373313904,-0.05994199588894844,0.7919583916664124,0.5058832168579102,-0.07481732964515686,0.7902497053146362,0.5127289295196533,-0.08497864753007889,0.7933216691017151,0.40221506357192993,-0.028637301176786423,0.8140717148780823,0.4185555875301361,-0.05703957751393318,0.83034348487854,0.4902121424674988,-0.06177319586277008,0.8213366270065308,0.49285683035850525,-0.06292922049760818,0.8417990803718567,0.38797250390052795,-0.030325952917337418,0.8602981567382812,0.4036492705345154,-0.05828552693128586,0.8682615756988525,0.46966680884361267,-0.048138029873371124,0.8584012985229492,0.4743134379386902,-0.038281213492155075,0.887098491191864,0.3852584660053253,-0.03562423959374428,0.8979281187057495,0.38574814796447754,-0.04699467867612839,0.8989480137825012,0.44143956899642944,-0.034783001989126205,0.8916811943054199,0.4551870822906494,-0.02436649240553379,fa
