landmark_0_x,landmark_0_y,landmark_0_z,landmark_1_x,landmark_1_y,landmark_1_z,landmark_2_x,landmark_2_y,landmark_2_z,landmark_3_x,landmark_3_y,landmark_3_z,landmark_4_x,landmark_4_y,landmark_4_z,landmark_5_x,landmark_5_y,landmark_5_z,landmark_6_x,landmark_6_y,landmark_6_z,landmark_7_x,landmark_7_y,landmark_7_z,landmark_8_x,landmark_8_y,landmark_8_z,landmark_9_x,landmark_9_y,landmark_9_z,landmark_10_x,landmark_10_y,landmark_10_z,landmark_11_x,landmark_11_y,landmark_11_z,landmark_12_x,landmark_12_y,landmark_12_z,landmark_13_x,landmark_13_y,landmark_13_z,landmark_14_x,landmark_14_y,landmark_14_z,landmark_15_x,landmark_15_y,landmark_15_z,landmark_16_x,landmark_16_y,landmark_16_z,landmark_17_x,landmark_17_y,landmark_17_z,landmark_18_x,landmark_18_y,landmark_18_z,landmark_19_x,landmark_19_y,landmark_19_z,landmark_20_x,landmark_20_y,landmark_20_z,class
0.7559606432914734,0.28315186500549316,-2.5184030505442934e-07,0.717742383480072,0.2761569917201996,-0.02266448549926281,0.6785055994987488,0.2656566798686981,-0.0412486270070076,0.6457382440567017,0.2643984854221344,-0.058710526674985886,0.6192403435707092,0.27268528938293457,-0.07380136847496033,0.6854369044303894,0.187057763338089,-0.025767076760530472,0.6908449530601501,0.161961629986763,-0.05208860710263252,0.7012563347816467,0.19516205787658691,-0.06802847981452942,0.7026684284210205,0.2188119888305664,-0.07584069669246674,0.7111431360244751,0.17259378731250763,-0.025462862104177475,0.7161694169044495,0.15518416464328766,-0.04870021715760231,0.7227526307106018,0.19089700281620026,-0.055407844483852386,0.7207783460617065,0.2075708508491516,-0.05732472613453865,0.7372381687164307,0.1660681813955307,-0.028942395001649857,0.7434102296829224,0.1526622772216797,-0.049044169485569,0.745813250541687,0.1878313273191452,-0.046378061175346375,0.7421925067901611,0.20518754422664642,-0.04172284156084061,0.7609959840774536,0.16476796567440033,-0.03446148708462715,0.7648031115531921,0.1497413069009781,-0.04454675689339638,0.7653012871742249,0.1748218983411789,-0.0398884117603302,0.7630228996276855,0.1885736584663391,-0.03456179052591324,fa
