landmark_0_x,landmark_0_y,landmark_0_z,landmark_1_x,landmark_1_y,landmark_1_z,landmark_2_x,landmark_2_y,landmark_2_z,landmark_3_x,landmark_3_y,landmark_3_z,landmark_4_x,landmark_4_y,landmark_4_z,landmark_5_x,landmark_5_y,landmark_5_z,landmark_6_x,landmark_6_y,landmark_6_z,landmark_7_x,landmark_7_y,landmark_7_z,landmark_8_x,landmark_8_y,landmark_8_z,landmark_9_x,landmark_9_y,landmark_9_z,landmark_10_x,landmark_10_y,landmark_10_z,landmark_11_x,landmark_11_y,landmark_11_z,landmark_12_x,landmark_12_y,landmark_12_z,landmark_13_x,landmark_13_y,landmark_13_z,landmark_14_x,landmark_14_y,landmark_14_z,landmark_15_x,landmark_15_y,landmark_15_z,landmark_16_x,landmark_16_y,landmark_16_z,landmark_17_x,landmark_17_y,landmark_17_z,landmark_18_x,landmark_18_y,landmark_18_z,landmark_19_x,landmark_19_y,landmark_19_z,landmark_20_x,landmark_20_y,landmark_20_z,class
0.8603761792182922,0.5997327566146851,-7.2117950367101e-07,0.778387188911438,0.5949501991271973,-0.05565904825925827,0.6790931820869446,0.5599578022956848,-0.09038494527339935,0.5961185693740845,0.5486207604408264,-0.11878319084644318,0.5273721814155579,0.5669655799865723,-0.1383267343044281,0.6865114569664001,0.35899996757507324,-0.054793830960989,0.716248095035553,0.3570883572101593,-0.09448952972888947,0.7407077550888062,0.44713476300239563,-0.11061991751194,0.7365401387214661,0.4655187726020813,-0.12063799053430557,0.7519690990447998,0.30960631370544434,-0.0480770617723465,0.7887415885925293,0.33573535084724426,-0.08821462839841843,0.7969375848770142,0.4395502805709839,-0.09250812977552414,0.7800769805908203,0.44196054339408875,-0.09186391532421112,0.8205174207687378,0.2995336055755615,-0.04777669161558151,0.8558506965637207,0.3274948298931122,-0.08894476294517517,0.8523144125938416,0.4209931492805481,-0.07657082378864288,0.8325742483139038,0.4268631935119629,-0.06302983313798904,0.882240891456604,0.30641019344329834,-0.05240824073553085,0.9070304036140442,0.32244259119033813,-0.07287341356277466,0.896472692489624,0.3971201181411743,-0.060906365513801575,0.8753213286399841,0.4117468595504761,-0.04913736879825592,fa
