landmark_0_x,landmark_0_y,landmark_0_z,landmark_1_x,landmark_1_y,landmark_1_z,landmark_2_x,landmark_2_y,landmark_2_z,landmark_3_x,landmark_3_y,landmark_3_z,landmark_4_x,landmark_4_y,landmark_4_z,landmark_5_x,landmark_5_y,landmark_5_z,landmark_6_x,landmark_6_y,landmark_6_z,landmark_7_x,landmark_7_y,landmark_7_z,landmark_8_x,landmark_8_y,landmark_8_z,landmark_9_x,landmark_9_y,landmark_9_z,landmark_10_x,landmark_10_y,landmark_10_z,landmark_11_x,landmark_11_y,landmark_11_z,landmark_12_x,landmark_12_y,landmark_12_z,landmark_13_x,landmark_13_y,landmark_13_z,landmark_14_x,landmark_14_y,landmark_14_z,landmark_15_x,landmark_15_y,landmark_15_z,landmark_16_x,landmark_16_y,landmark_16_z,landmark_17_x,landmark_17_y,landmark_17_z,landmark_18_x,landmark_18_y,landmark_18_z,landmark_19_x,landmark_19_y,landmark_19_z,landmark_20_x,landmark_20_y,landmark_20_z,class
0.7907635569572449,0.41755595803260803,-2.4340570803360606e-07,0.7602654695510864,0.39549416303634644,-0.01661847159266472,0.7286306023597717,0.3657921552658081,-0.027128173038363457,0.7003711462020874,0.349196195602417,-0.03676780313253403,0.6752275824546814,0.34841954708099365,-0.04418594017624855,0.7545089721679688,0.31322330236434937,-0.010856193490326405,0.7643054127693176,0.3014618158340454,-0.02517431415617466,0.7645847797393799,0.33526262640953064,-0.033515866845846176,0.7606562972068787,0.34692052006721497,-0.03850984945893288,0.7794858813285828,0.31059515476226807,-0.009683487936854362,0.787020206451416,0.30004173517227173,-0.023986661806702614,0.7846095561981201,0.3375326693058014,-0.026931244879961014,0.7801187634468079,0.34498924016952515,-0.02730787917971611,0.8017396330833435,0.3147972524166107,-0.011244254186749458,0.8085618019104004,0.30737605690956116,-0.02555336430668831,0.8036266565322876,0.3395632207393646,-0.021647537127137184,0.7981892824172974,0.3476361930370331,-0.016649717465043068,0.8204941749572754,0.3224331736564636,-0.014203057624399662,0.8254079222679138,0.311646431684494,-0.019395673647522926,0.8190608620643616,0.3354349136352539,-0.013251685537397861,0.8130724430084229,0.344317764043808,-0.00796053558588028,fa
