landmark_0_x,landmark_0_y,landmark_0_z,landmark_1_x,landmark_1_y,landmark_1_z,landmark_2_x,landmark_2_y,landmark_2_z,landmark_3_x,landmark_3_y,landmark_3_z,landmark_4_x,landmark_4_y,landmark_4_z,landmark_5_x,landmark_5_y,landmark_5_z,landmark_6_x,landmark_6_y,landmark_6_z,landmark_7_x,landmark_7_y,landmark_7_z,landmark_8_x,landmark_8_y,landmark_8_z,landmark_9_x,landmark_9_y,landmark_9_z,landmark_10_x,landmark_10_y,landmark_10_z,landmark_11_x,landmark_11_y,landmark_11_z,landmark_12_x,landmark_12_y,landmark_12_z,landmark_13_x,landmark_13_y,landmark_13_z,landmark_14_x,landmark_14_y,landmark_14_z,landmark_15_x,landmark_15_y,landmark_15_z,landmark_16_x,landmark_16_y,landmark_16_z,landmark_17_x,landmark_17_y,landmark_17_z,landmark_18_x,landmark_18_y,landmark_18_z,landmark_19_x,landmark_19_y,landmark_19_z,landmark_20_x,landmark_20_y,landmark_20_z,class
0.6081298589706421,0.7792929410934448,-3.9418037545146944e-07,0.5658726096153259,0.7939072847366333,-0.016271298751235008,0.521504282951355,0.794609010219574,-0.02701606974005699,0.4877997636795044,0.797766923904419,-0.03616699203848839,0.460324227809906,0.8099517822265625,-0.04280562326312065,0.5229601860046387,0.7014297246932983,-0.015924058854579926,0.5206315517425537,0.7365293502807617,-0.030089616775512695,0.5380550622940063,0.7572901844978333,-0.039103418588638306,0.5445899367332458,0.7496774792671204,-0.045490216463804245,0.5450438857078552,0.6811568140983582,-0.016057858243584633,0.5468217134475708,0.7293779253959656,-0.028577705845236778,0.558599591255188,0.7500351667404175,-0.03141879662871361,0.562229573726654,0.7420582175254822,-0.03350621089339256,0.5706022381782532,0.6734481453895569,-0.018310673534870148,0.5707679390907288,0.7183791995048523,-0.030584707856178284,0.5776775479316711,0.7381204962730408,-0.026037191972136497,0.5794157385826111,0.7302445769309998,-0.0224785003811121,0.5951067805290222,0.6721758246421814,-0.022598672658205032,0.5932492017745972,0.7023288011550903,-0.029623910784721375,0.5966413617134094,0.7219066619873047,-0.025396529585123062,0.5986632704734802,0.7200088500976562,-0.021378545090556145,fa
