landmark_0_x,landmark_0_y,landmark_0_z,landmark_1_x,landmark_1_y,landmark_1_z,landmark_2_x,landmark_2_y,landmark_2_z,landmark_3_x,landmark_3_y,landmark_3_z,landmark_4_x,landmark_4_y,landmark_4_z,landmark_5_x,landmark_5_y,landmark_5_z,landmark_6_x,landmark_6_y,landmark_6_z,landmark_7_x,landmark_7_y,landmark_7_z,landmark_8_x,landmark_8_y,landmark_8_z,landmark_9_x,landmark_9_y,landmark_9_z,landmark_10_x,landmark_10_y,landmark_10_z,landmark_11_x,landmark_11_y,landmark_11_z,landmark_12_x,landmark_12_y,landmark_12_z,landmark_13_x,landmark_13_y,landmark_13_z,landmark_14_x,landmark_14_y,landmark_14_z,landmark_15_x,landmark_15_y,landmark_15_z,landmark_16_x,landmark_16_y,landmark_16_z,landmark_17_x,landmark_17_y,landmark_17_z,landmark_18_x,landmark_18_y,landmark_18_z,landmark_19_x,landmark_19_y,landmark_19_z,landmark_20_x,landmark_20_y,landmark_20_z,class
0.7947724461555481,0.5551992654800415,-1.577862605017799e-07,0.7676452994346619,0.5460009574890137,-0.014881622046232224,0.7381848096847534,0.5292889475822449,-0.023972682654857635,0.7113385200500488,0.5223466157913208,-0.0327925942838192,0.690167248249054,0.5290660262107849,-0.039141178131103516,0.7440778613090515,0.4805833399295807,-0.003974999766796827,0.7416525483131409,0.459647536277771,-0.017859049141407013,0.7506355047225952,0.4870765507221222,-0.025339115411043167,0.7519404888153076,0.49583908915519714,-0.029206661507487297,0.7615775465965271,0.47164103388786316,-0.00305693200789392,0.7584409117698669,0.45345085859298706,-0.01861913688480854,0.7660921216011047,0.48498186469078064,-0.021869096904993057,0.7654390931129456,0.4900040030479431,-0.021045420318841934,0.779617428779602,0.4670534133911133,-0.005352857988327742,0.7779682278633118,0.4512212574481964,-0.01927569881081581,0.7820569276809692,0.4793502390384674,-0.014660867862403393,0.780819296836853,0.48551857471466064,-0.008681686595082283,0.7970461249351501,0.4649913012981415,-0.009141961112618446,0.795625627040863,0.4498368203639984,-0.013774766586720943,0.7960677146911621,0.4718915820121765,-0.007882681675255299,0.7949713468551636,0.4802030920982361,-0.0025268474128097296,fa
