landmark_0_x,landmark_0_y,landmark_0_z,landmark_1_x,landmark_1_y,landmark_1_z,landmark_2_x,landmark_2_y,landmark_2_z,landmark_3_x,landmark_3_y,landmark_3_z,landmark_4_x,landmark_4_y,landmark_4_z,landmark_5_x,landmark_5_y,landmark_5_z,landmark_6_x,landmark_6_y,landmark_6_z,landmark_7_x,landmark_7_y,landmark_7_z,landmark_8_x,landmark_8_y,landmark_8_z,landmark_9_x,landmark_9_y,landmark_9_z,landmark_10_x,landmark_10_y,landmark_10_z,landmark_11_x,landmark_11_y,landmark_11_z,landmark_12_x,landmark_12_y,landmark_12_z,landmark_13_x,landmark_13_y,landmark_13_z,landmark_14_x,landmark_14_y,landmark_14_z,landmark_15_x,landmark_15_y,landmark_15_z,landmark_16_x,landmark_16_y,landmark_16_z,landmark_17_x,landmark_17_y,landmark_17_z,landmark_18_x,landmark_18_y,landmark_18_z,landmark_19_x,landmark_19_y,landmark_19_z,landmark_20_x,landmark_20_y,landmark_20_z,class
0.9062594175338745,0.25807273387908936,-2.1835609231857234e-07,0.8778855204582214,0.23766538500785828,-0.011264536529779434,0.8472056984901428,0.21159984171390533,-0.016724854707717896,0.8204770684242249,0.19726957380771637,-0.02281171642243862,0.7992763519287109,0.20254433155059814,-0.026726223528385162,0.8605361580848694,0.1693304181098938,0.002629705471917987,0.8687594532966614,0.14206400513648987,-0.012018061242997646,0.8737214207649231,0.17356915771961212,-0.020832030102610588,0.8704313635826111,0.18778902292251587,-0.02526155859231949,0.8815929293632507,0.1634826809167862,0.0014635731931775808,0.8877043128013611,0.13859552145004272,-0.01371652539819479,0.8890640735626221,0.1733228713274002,-0.018314991146326065,0.883521318435669,0.18343912065029144,-0.01837824657559395,0.9018059372901917,0.1614728569984436,-0.003099077148362994,0.9081813097000122,0.14259958267211914,-0.01779201626777649,0.9072191715240479,0.1740533411502838,-0.01501858327537775,0.9015263915061951,0.18470583856105804,-0.009873111732304096,0.9211750030517578,0.16396963596343994,-0.00879679061472416,0.9267445802688599,0.1477055847644806,-0.014772193506360054,0.9239733219146729,0.1727612018585205,-0.009581608697772026,0.9178140759468079,0.18413883447647095,-0.0044213649816811085,fa
