landmark_0_x,landmark_0_y,landmark_0_z,landmark_1_x,landmark_1_y,landmark_1_z,landmark_2_x,landmark_2_y,landmark_2_z,landmark_3_x,landmark_3_y,landmark_3_z,landmark_4_x,landmark_4_y,landmark_4_z,landmark_5_x,landmark_5_y,landmark_5_z,landmark_6_x,landmark_6_y,landmark_6_z,landmark_7_x,landmark_7_y,landmark_7_z,landmark_8_x,landmark_8_y,landmark_8_z,landmark_9_x,landmark_9_y,landmark_9_z,landmark_10_x,landmark_10_y,landmark_10_z,landmark_11_x,landmark_11_y,landmark_11_z,landmark_12_x,landmark_12_y,landmark_12_z,landmark_13_x,landmark_13_y,landmark_13_z,landmark_14_x,landmark_14_y,landmark_14_z,landmark_15_x,landmark_15_y,landmark_15_z,landmark_16_x,landmark_16_y,landmark_16_z,landmark_17_x,landmark_17_y,landmark_17_z,landmark_18_x,landmark_18_y,landmark_18_z,landmark_19_x,landmark_19_y,landmark_19_z,landmark_20_x,landmark_20_y,landmark_20_z,class
0.7639588713645935,0.8417035341262817,-2.587152607702592e-07,0.7337360978126526,0.8489331603050232,-0.014416789636015892,0.6997458338737488,0.8514289855957031,-0.024149706587195396,0.672906756401062,0.8597216010093689,-0.03322537615895271,0.6531097888946533,0.8769528865814209,-0.039949625730514526,0.6823787093162537,0.7868409752845764,-0.008257974870502949,0.6901017427444458,0.781328022480011,-0.023295897990465164,0.7075398564338684,0.8033230304718018,-0.032938335090875626,0.709595263004303,0.811805784702301,-0.03850166127085686,0.6983561515808105,0.7637411952018738,-0.008138081058859825,0.7106643915176392,0.7677115797996521,-0.020363401621580124,0.7248467206954956,0.7935816049575806,-0.023587604984641075,0.7214757800102234,0.7984969019889832,-0.024801358580589294,0.7187939286231995,0.7494088411331177,-0.010760912671685219,0.7312450408935547,0.7539082169532776,-0.023431936278939247,0.7411185503005981,0.7798909544944763,-0.02002483792603016,0.7378139495849609,0.7869117856025696,-0.016018806025385857,0.7396080493927002,0.7404864430427551,-0.014913068152964115,0.7469557523727417,0.7408110499382019,-0.02027827687561512,0.7528226971626282,0.7656216621398926,-0.01514635793864727,0.7506048679351807,0.7766149044036865,-0.010293449275195599,fa
