landmark_0_x,landmark_0_y,landmark_0_z,landmark_1_x,landmark_1_y,landmark_1_z,landmark_2_x,landmark_2_y,landmark_2_z,landmark_3_x,landmark_3_y,landmark_3_z,landmark_4_x,landmark_4_y,landmark_4_z,landmark_5_x,landmark_5_y,landmark_5_z,landmark_6_x,landmark_6_y,landmark_6_z,landmark_7_x,landmark_7_y,landmark_7_z,landmark_8_x,landmark_8_y,landmark_8_z,landmark_9_x,landmark_9_y,landmark_9_z,landmark_10_x,landmark_10_y,landmark_10_z,landmark_11_x,landmark_11_y,landmark_11_z,landmark_12_x,landmark_12_y,landmark_12_z,landmark_13_x,landmark_13_y,landmark_13_z,landmark_14_x,landmark_14_y,landmark_14_z,landmark_15_x,landmark_15_y,landmark_15_z,landmark_16_x,landmark_16_y,landmark_16_z,landmark_17_x,landmark_17_y,landmark_17_z,landmark_18_x,landmark_18_y,landmark_18_z,landmark_19_x,landmark_19_y,landmark_19_z,landmark_20_x,landmark_20_y,landmark_20_z,class
0.6894665360450745,0.6813311576843262,-3.7971994970575906e-07,0.6377076506614685,0.6969993710517883,-0.01622411236166954,0.578780472278595,0.701363742351532,-0.028218692168593407,0.535143256187439,0.7141476273536682,-0.04111970216035843,0.5056732296943665,0.7415205240249634,-0.05154390633106232,0.5807474851608276,0.6105591058731079,-0.007292086724191904,0.5661076903343201,0.5912116169929504,-0.028595317155122757,0.5890955328941345,0.6213228702545166,-0.04319531098008156,0.6015130281448364,0.6372036337852478,-0.05200756713747978,0.6051511764526367,0.5780062079429626,-0.009919139556586742,0.5966494083404541,0.5670310258865356,-0.029285112395882607,0.6163157820701599,0.6073359251022339,-0.034975532442331314,0.6192151308059692,0.6192832589149475,-0.03731684386730194,0.6336424350738525,0.5547938346862793,-0.01631525531411171,0.627622663974762,0.5467665195465088,-0.03375609964132309,0.6422367095947266,0.5863633155822754,-0.027056323364377022,0.6437047719955444,0.5968695878982544,-0.02074212022125721,0.6630016565322876,0.5399197340011597,-0.024683330208063126,0.6566866636276245,0.5281146764755249,-0.03022208996117115,0.6642571687698364,0.5630958676338196,-0.0201494749635458,0.6655994653701782,0.575793445110321,-0.012565916404128075,fa
