landmark_0_x,landmark_0_y,landmark_0_z,landmark_1_x,landmark_1_y,landmark_1_z,landmark_2_x,landmark_2_y,landmark_2_z,landmark_3_x,landmark_3_y,landmark_3_z,landmark_4_x,landmark_4_y,landmark_4_z,landmark_5_x,landmark_5_y,landmark_5_z,landmark_6_x,landmark_6_y,landmark_6_z,landmark_7_x,landmark_7_y,landmark_7_z,landmark_8_x,landmark_8_y,landmark_8_z,landmark_9_x,landmark_9_y,landmark_9_z,landmark_10_x,landmark_10_y,landmark_10_z,landmark_11_x,landmark_11_y,landmark_11_z,landmark_12_x,landmark_12_y,landmark_12_z,landmark_13_x,landmark_13_y,landmark_13_z,landmark_14_x,landmark_14_y,landmark_14_z,landmark_15_x,landmark_15_y,landmark_15_z,landmark_16_x,landmark_16_y,landmark_16_z,landmark_17_x,landmark_17_y,landmark_17_z,landmark_18_x,landmark_18_y,landmark_18_z,landmark_19_x,landmark_19_y,landmark_19_z,landmark_20_x,landmark_20_y,landmark_20_z,class
0.7779639959335327,0.271405428647995,-6.187289613990288e-07,0.7080832123756409,0.2713623046875,-0.039704982191324234,0.6241812705993652,0.24230942130088806,-0.06193504109978676,0.5553650856018066,0.23002119362354279,-0.08192738890647888,0.5024011135101318,0.24756495654582977,-0.0962301716208458,0.6380323767662048,0.11244124174118042,-0.017466586083173752,0.6484298706054688,0.062197327613830566,-0.05665082857012749,0.6662238836288452,0.1308622658252716,-0.07873451709747314,0.6606399416923523,0.1631031632423401,-0.08995780348777771,0.6860220432281494,0.0851527526974678,-0.015139044262468815,0.6905319690704346,0.04191073775291443,-0.05679420009255409,0.7071844339370728,0.12053539603948593,-0.06751297414302826,0.7005401253700256,0.14579638838768005,-0.06780258566141129,0.7326037883758545,0.06943126022815704,-0.02043841779232025,0.7383279204368591,0.031924307346343994,-0.06067688390612602,0.7509648203849792,0.10625221580266953,-0.05055411905050278,0.7443974018096924,0.13329149782657623,-0.0357728935778141,0.7778454422950745,0.06243772804737091,-0.028989596292376518,0.7794820666313171,0.030972763895988464,-0.047124311327934265,0.787738561630249,0.09472662955522537,-0.0328393392264843,0.7816287279129028,0.12073897570371628,-0.018683739006519318,fa
