landmark_0_x,landmark_0_y,landmark_0_z,landmark_1_x,landmark_1_y,landmark_1_z,landmark_2_x,landmark_2_y,landmark_2_z,landmark_3_x,landmark_3_y,landmark_3_z,landmark_4_x,landmark_4_y,landmark_4_z,landmark_5_x,landmark_5_y,landmark_5_z,landmark_6_x,landmark_6_y,landmark_6_z,landmark_7_x,landmark_7_y,landmark_7_z,landmark_8_x,landmark_8_y,landmark_8_z,landmark_9_x,landmark_9_y,landmark_9_z,landmark_10_x,landmark_10_y,landmark_10_z,landmark_11_x,landmark_11_y,landmark_11_z,landmark_12_x,landmark_12_y,landmark_12_z,landmark_13_x,landmark_13_y,landmark_13_z,landmark_14_x,landmark_14_y,landmark_14_z,landmark_15_x,landmark_15_y,landmark_15_z,landmark_16_x,landmark_16_y,landmark_16_z,landmark_17_x,landmark_17_y,landmark_17_z,landmark_18_x,landmark_18_y,landmark_18_z,landmark_19_x,landmark_19_y,landmark_19_z,landmark_20_x,landmark_20_y,landmark_20_z,class
0.7466139793395996,0.8092464804649353,-6.149418254608463e-07,0.6862502098083496,0.8280802369117737,-0.028895491734147072,0.6164721250534058,0.8211545348167419,-0.04552768915891647,0.5641326308250427,0.8223728537559509,-0.05974907428026199,0.5214833617210388,0.8440941572189331,-0.06891993433237076,0.6162751913070679,0.6876208782196045,-0.020372508093714714,0.6431210041046143,0.6999532580375671,-0.044894028455019,0.6627167463302612,0.7431104779243469,-0.0588335357606411,0.6612784266471863,0.7464011311531067,-0.0681605115532875,0.6509443521499634,0.6525447368621826,-0.019933268427848816,0.6841367483139038,0.6853860020637512,-0.042099807411432266,0.6966994404792786,0.7310937643051147,-0.046638913452625275,0.689255952835083,0.72995525598526,-0.04887049272656441,0.6907329559326172,0.636650800704956,-0.024321986362338066,0.719649076461792,0.6726649403572083,-0.04587363824248314,0.7263360619544983,0.7141162753105164,-0.03992732614278793,0.7171127200126648,0.7123416066169739,-0.03447079658508301,0.7294782400131226,0.6309876441955566,-0.03229537233710289,0.7493855357170105,0.6554268598556519,-0.04404250532388687,0.7528035640716553,0.6935020089149475,-0.03877513110637665,0.7451306581497192,0.7001512050628662,-0.03365565836429596,fa
