landmark_0_x,landmark_0_y,landmark_0_z,landmark_1_x,landmark_1_y,landmark_1_z,landmark_2_x,landmark_2_y,landmark_2_z,landmark_3_x,landmark_3_y,landmark_3_z,landmark_4_x,landmark_4_y,landmark_4_z,landmark_5_x,landmark_5_y,landmark_5_z,landmark_6_x,landmark_6_y,landmark_6_z,landmark_7_x,landmark_7_y,landmark_7_z,landmark_8_x,landmark_8_y,landmark_8_z,landmark_9_x,landmark_9_y,landmark_9_z,landmark_10_x,landmark_10_y,landmark_10_z,landmark_11_x,landmark_11_y,landmark_11_z,landmark_12_x,landmark_12_y,landmark_12_z,landmark_13_x,landmark_13_y,landmark_13_z,landmark_14_x,landmark_14_y,landmark_14_z,landmark_15_x,landmark_15_y,landmark_15_z,landmark_16_x,landmark_16_y,landmark_16_z,landmark_17_x,landmark_17_y,landmark_17_z,landmark_18_x,landmark_18_y,landmark_18_z,landmark_19_x,landmark_19_y,landmark_19_z,landmark_20_x,landmark_20_y,landmark_20_z,class
0.6434747576713562,0.7582387328147888,-3.476601193597162e-07,0.6005555987358093,0.7723153829574585,-0.011275588534772396,0.5573659539222717,0.7767975926399231,-0.019987815991044044,0.5273780226707458,0.7879253029823303,-0.028999747708439827,0.5067094564437866,0.8079848289489746,-0.036158300936222076,0.5551340579986572,0.692173182964325,-0.007861721329391003,0.549558162689209,0.7044710516929626,-0.020563356578350067,0.5659824013710022,0.7281603217124939,-0.028021033853292465,0.571909487247467,0.7282546758651733,-0.033006373792886734,0.5748199224472046,0.6670578122138977,-0.010255260393023491,0.5724790096282959,0.6893475651741028,-0.0208282433450222,0.5859894156455994,0.7180575728416443,-0.02222883142530918,0.5892225503921509,0.7138792872428894,-0.023258619010448456,0.5990256071090698,0.6526498198509216,-0.014786651358008385,0.5948511362075806,0.6720202565193176,-0.02615528367459774,0.6051788330078125,0.7016429901123047,-0.0197768434882164,0.6085875034332275,0.6985738277435303,-0.014728630892932415,0.6234509348869324,0.6442723274230957,-0.0208184402436018,0.6158575415611267,0.652125358581543,-0.025281528010964394,0.6206039786338806,0.6793513298034668,-0.017354993149638176,0.6244345307350159,0.6838604807853699,-0.011117039248347282,fa
