landmark_0_x,landmark_0_y,landmark_0_z,landmark_1_x,landmark_1_y,landmark_1_z,landmark_2_x,landmark_2_y,landmark_2_z,landmark_3_x,landmark_3_y,landmark_3_z,landmark_4_x,landmark_4_y,landmark_4_z,landmark_5_x,landmark_5_y,landmark_5_z,landmark_6_x,landmark_6_y,landmark_6_z,landmark_7_x,landmark_7_y,landmark_7_z,landmark_8_x,landmark_8_y,landmark_8_z,landmark_9_x,landmark_9_y,landmark_9_z,landmark_10_x,landmark_10_y,landmark_10_z,landmark_11_x,landmark_11_y,landmark_11_z,landmark_12_x,landmark_12_y,landmark_12_z,landmark_13_x,landmark_13_y,landmark_13_z,landmark_14_x,landmark_14_y,landmark_14_z,landmark_15_x,landmark_15_y,landmark_15_z,landmark_16_x,landmark_16_y,landmark_16_z,landmark_17_x,landmark_17_y,landmark_17_z,landmark_18_x,landmark_18_y,landmark_18_z,landmark_19_x,landmark_19_y,landmark_19_z,landmark_20_x,landmark_20_y,landmark_20_z,class
0.7999576926231384,0.46309971809387207,-1.386199386388398e-07,0.7699922323226929,0.4372694790363312,-0.0064620403572916985,0.7441278696060181,0.4149848520755768,-0.013672650791704655,0.7208607196807861,0.4029065668582916,-0.022106371819972992,0.7008051872253418,0.4011676013469696,-0.03006775863468647,0.7691710591316223,0.3777637183666229,-0.004179402254521847,0.7728942632675171,0.3599849343299866,-0.014672120101749897,0.7738375663757324,0.37969911098480225,-0.02329491637647152,0.7729361653327942,0.39366015791893005,-0.028724441304802895,0.7914651036262512,0.3765100836753845,-0.007186621893197298,0.7925004959106445,0.3560449182987213,-0.01597839780151844,0.7915754914283752,0.3780825436115265,-0.020133692771196365,0.7911947965621948,0.3924264907836914,-0.02246507816016674,0.8121072053909302,0.37972861528396606,-0.011603442020714283,0.8117358684539795,0.36156532168388367,-0.018406178802251816,0.8093995451927185,0.3823416233062744,-0.014882148243486881,0.8083466291427612,0.3948252201080322,-0.012011806480586529,0.8305826783180237,0.38719356060028076,-0.01688581332564354,0.8303587436676025,0.3681442141532898,-0.01770397089421749,0.8260753154754639,0.38488954305648804,-0.01081297267228365,0.8245313763618469,0.39611101150512695,-0.006046047434210777,fa
