landmark_0_x,landmark_0_y,landmark_0_z,landmark_1_x,landmark_1_y,landmark_1_z,landmark_2_x,landmark_2_y,landmark_2_z,landmark_3_x,landmark_3_y,landmark_3_z,landmark_4_x,landmark_4_y,landmark_4_z,landmark_5_x,landmark_5_y,landmark_5_z,landmark_6_x,landmark_6_y,landmark_6_z,landmark_7_x,landmark_7_y,landmark_7_z,landmark_8_x,landmark_8_y,landmark_8_z,landmark_9_x,landmark_9_y,landmark_9_z,landmark_10_x,landmark_10_y,landmark_10_z,landmark_11_x,landmark_11_y,landmark_11_z,landmark_12_x,landmark_12_y,landmark_12_z,landmark_13_x,landmark_13_y,landmark_13_z,landmark_14_x,landmark_14_y,landmark_14_z,landmark_15_x,landmark_15_y,landmark_15_z,landmark_16_x,landmark_16_y,landmark_16_z,landmark_17_x,landmark_17_y,landmark_17_z,landmark_18_x,landmark_18_y,landmark_18_z,landmark_19_x,landmark_19_y,landmark_19_z,landmark_20_x,landmark_20_y,landmark_20_z,class
0.7223066091537476,0.7911816835403442,-6.156747076602187e-07,0.6627066731452942,0.8053663372993469,-0.02659536525607109,0.5973475575447083,0.7964297533035278,-0.04316246509552002,0.5464867353439331,0.7998195290565491,-0.05742505192756653,0.5037125945091248,0.820232629776001,-0.06741058826446533,0.6005155444145203,0.6575362086296082,-0.02206837758421898,0.620163083076477,0.6951252818107605,-0.0434175506234169,0.6371329426765442,0.7377094030380249,-0.05554184317588806,0.636850893497467,0.7403164505958557,-0.06402191519737244,0.6373354196548462,0.6226944923400879,-0.022084521129727364,0.6591999530792236,0.679526686668396,-0.0417470745742321,0.670141875743866,0.7258124351501465,-0.046223804354667664,0.6667878031730652,0.7246131896972656,-0.048918187618255615,0.6793990731239319,0.6093929409980774,-0.025633379817008972,0.6947355270385742,0.6631916761398315,-0.04550723358988762,0.7008597254753113,0.7041768431663513,-0.03974446281790733,0.6953773498535156,0.7001927495002747,-0.03467885032296181,0.7195297479629517,0.6077021360397339,-0.0322573184967041,0.7281064987182617,0.6349915266036987,-0.04298608750104904,0.7297084331512451,0.6723858118057251,-0.036337967962026596,0.7253077030181885,0.6778386831283569,-0.0301385298371315,fa
