landmark_0_x,landmark_0_y,landmark_0_z,landmark_1_x,landmark_1_y,landmark_1_z,landmark_2_x,landmark_2_y,landmark_2_z,landmark_3_x,landmark_3_y,landmark_3_z,landmark_4_x,landmark_4_y,landmark_4_z,landmark_5_x,landmark_5_y,landmark_5_z,landmark_6_x,landmark_6_y,landmark_6_z,landmark_7_x,landmark_7_y,landmark_7_z,landmark_8_x,landmark_8_y,landmark_8_z,landmark_9_x,landmark_9_y,landmark_9_z,landmark_10_x,landmark_10_y,landmark_10_z,landmark_11_x,landmark_11_y,landmark_11_z,landmark_12_x,landmark_12_y,landmark_12_z,landmark_13_x,landmark_13_y,landmark_13_z,landmark_14_x,landmark_14_y,landmark_14_z,landmark_15_x,landmark_15_y,landmark_15_z,landmark_16_x,landmark_16_y,landmark_16_z,landmark_17_x,landmark_17_y,landmark_17_z,landmark_18_x,landmark_18_y,landmark_18_z,landmark_19_x,landmark_19_y,landmark_19_z,landmark_20_x,landmark_20_y,landmark_20_z,class
0.8187698721885681,0.811259925365448,-2.3181202379873866e-07,0.7888093590736389,0.818202018737793,-0.011025882326066494,0.755214273929596,0.8184345960617065,-0.01942833885550499,0.7294610142707825,0.8256279230117798,-0.02807663194835186,0.7100200653076172,0.8401609659194946,-0.03489561006426811,0.7553502321243286,0.7628596425056458,-0.0077804625034332275,0.7399944067001343,0.757879912853241,-0.02159356325864792,0.7531059384346008,0.7764347195625305,-0.02886342443525791,0.7581627368927002,0.7743642330169678,-0.033352769911289215,0.7700780630111694,0.748935878276825,-0.009397595189511776,0.756075918674469,0.7458814382553101,-0.02509203739464283,0.7695119380950928,0.7696812748908997,-0.02757325954735279,0.7739772796630859,0.7667469382286072,-0.026905998587608337,0.7869328260421753,0.7391799092292786,-0.013361161574721336,0.7758204340934753,0.7362537384033203,-0.02712061256170273,0.7854592204093933,0.7598872780799866,-0.021096231415867805,0.7886390686035156,0.7577394247055054,-0.014779061079025269,0.8043460845947266,0.7320740818977356,-0.018531346693634987,0.7953675985336304,0.7274526953697205,-0.023727281019091606,0.7999451160430908,0.7474802732467651,-0.017220059409737587,0.8029699921607971,0.7496873140335083,-0.01166389137506485,fa
