landmark_0_x,landmark_0_y,landmark_0_z,landmark_1_x,landmark_1_y,landmark_1_z,landmark_2_x,landmark_2_y,landmark_2_z,landmark_3_x,landmark_3_y,landmark_3_z,landmark_4_x,landmark_4_y,landmark_4_z,landmark_5_x,landmark_5_y,landmark_5_z,landmark_6_x,landmark_6_y,landmark_6_z,landmark_7_x,landmark_7_y,landmark_7_z,landmark_8_x,landmark_8_y,landmark_8_z,landmark_9_x,landmark_9_y,landmark_9_z,landmark_10_x,landmark_10_y,landmark_10_z,landmark_11_x,landmark_11_y,landmark_11_z,landmark_12_x,landmark_12_y,landmark_12_z,landmark_13_x,landmark_13_y,landmark_13_z,landmark_14_x,landmark_14_y,landmark_14_z,landmark_15_x,landmark_15_y,landmark_15_z,landmark_16_x,landmark_16_y,landmark_16_z,landmark_17_x,landmark_17_y,landmark_17_z,landmark_18_x,landmark_18_y,landmark_18_z,landmark_19_x,landmark_19_y,landmark_19_z,landmark_20_x,landmark_20_y,landmark_20_z,class
0.7210103869438171,0.5193045735359192,-1.5866513081164157e-07,0.6893672347068787,0.5184664130210876,-0.015657691285014153,0.6539945602416992,0.5131480693817139,-0.02485092170536518,0.6231609582901001,0.5123547911643982,-0.03334730491042137,0.6021637320518494,0.5217770934104919,-0.03911405801773071,0.6536892056465149,0.4598503112792969,-0.004029013216495514,0.6500036716461182,0.44276249408721924,-0.016574591398239136,0.6638124585151672,0.4679229259490967,-0.022825656458735466,0.6652199029922485,0.4732341170310974,-0.02635669708251953,0.6725603342056274,0.4440372586250305,-0.00233355606906116,0.667724072933197,0.42800331115722656,-0.017134973779320717,0.6799278855323792,0.4608688950538635,-0.01997835375368595,0.6779354214668274,0.46445050835609436,-0.019211817532777786,0.6921402215957642,0.43472200632095337,-0.0036716428585350513,0.6900686025619507,0.4213065803050995,-0.018429767340421677,0.6975061297416687,0.4516453742980957,-0.014202469028532505,0.6947596073150635,0.4566592276096344,-0.008427212946116924,0.7107065916061401,0.4293014109134674,-0.006275968160480261,0.7083715796470642,0.4169033169746399,-0.012130399234592915,0.711607038974762,0.4417847990989685,-0.006723374128341675,0.7102316617965698,0.44956493377685547,-0.0016490612179040909,fa
