landmark_0_x,landmark_0_y,landmark_0_z,landmark_1_x,landmark_1_y,landmark_1_z,landmark_2_x,landmark_2_y,landmark_2_z,landmark_3_x,landmark_3_y,landmark_3_z,landmark_4_x,landmark_4_y,landmark_4_z,landmark_5_x,landmark_5_y,landmark_5_z,landmark_6_x,landmark_6_y,landmark_6_z,landmark_7_x,landmark_7_y,landmark_7_z,landmark_8_x,landmark_8_y,landmark_8_z,landmark_9_x,landmark_9_y,landmark_9_z,landmark_10_x,landmark_10_y,landmark_10_z,landmark_11_x,landmark_11_y,landmark_11_z,landmark_12_x,landmark_12_y,landmark_12_z,landmark_13_x,landmark_13_y,landmark_13_z,landmark_14_x,landmark_14_y,landmark_14_z,landmark_15_x,landmark_15_y,landmark_15_z,landmark_16_x,landmark_16_y,landmark_16_z,landmark_17_x,landmark_17_y,landmark_17_z,landmark_18_x,landmark_18_y,landmark_18_z,landmark_19_x,landmark_19_y,landmark_19_z,landmark_20_x,landmark_20_y,landmark_20_z,class
0.8807999491691589,0.8376854658126831,-5.814846986140765e-07,0.8237817287445068,0.8415247797966003,-0.03492932394146919,0.7536623477935791,0.8245537281036377,-0.0551735945045948,0.6990747451782227,0.8260884284973145,-0.07161787897348404,0.6567317843437195,0.8478405475616455,-0.08212655782699585,0.755123496055603,0.6793997287750244,-0.028101421892642975,0.7852277755737305,0.6806579232215881,-0.054859504103660583,0.8075854182243347,0.7300853729248047,-0.0690867155790329,0.8067141175270081,0.7375897765159607,-0.07777965813875198,0.7953543663024902,0.6523281335830688,-0.02534252591431141,0.8328146934509277,0.6737223863601685,-0.051027294248342514,0.8419992923736572,0.7267546057701111,-0.05713674798607826,0.8299747705459595,0.7276456356048584,-0.05917215347290039,0.8383505344390869,0.6444653272628784,-0.027593770995736122,0.8719306588172913,0.6667547225952148,-0.05313291773200035,0.8735836744308472,0.7161657810211182,-0.04833607375621796,0.8592556715011597,0.7204897403717041,-0.0418260358273983,0.8783521056175232,0.6465018391609192,-0.03347429260611534,0.8988390564918518,0.6548287868499756,-0.048221390694379807,0.8979425430297852,0.699371874332428,-0.042236920446157455,0.8851301074028015,0.7146077156066895,-0.0350797101855278,fa
