landmark_0_x,landmark_0_y,landmark_0_z,landmark_1_x,landmark_1_y,landmark_1_z,landmark_2_x,landmark_2_y,landmark_2_z,landmark_3_x,landmark_3_y,landmark_3_z,landmark_4_x,landmark_4_y,landmark_4_z,landmark_5_x,landmark_5_y,landmark_5_z,landmark_6_x,landmark_6_y,landmark_6_z,landmark_7_x,landmark_7_y,landmark_7_z,landmark_8_x,landmark_8_y,landmark_8_z,landmark_9_x,landmark_9_y,landmark_9_z,landmark_10_x,landmark_10_y,landmark_10_z,landmark_11_x,landmark_11_y,landmark_11_z,landmark_12_x,landmark_12_y,landmark_12_z,landmark_13_x,landmark_13_y,landmark_13_z,landmark_14_x,landmark_14_y,landmark_14_z,landmark_15_x,landmark_15_y,landmark_15_z,landmark_16_x,landmark_16_y,landmark_16_z,landmark_17_x,landmark_17_y,landmark_17_z,landmark_18_x,landmark_18_y,landmark_18_z,landmark_19_x,landmark_19_y,landmark_19_z,landmark_20_x,landmark_20_y,landmark_20_z,class
0.86760014295578,0.6140744686126709,-5.203025352784607e-07,0.8019253611564636,0.6140381097793579,-0.039255596697330475,0.727205216884613,0.5953798294067383,-0.0648067519068718,0.6647672057151794,0.5930193662643433,-0.0868261381983757,0.6148749589920044,0.6145344376564026,-0.10250237584114075,0.7318534851074219,0.45153602957725525,-0.03273219242691994,0.7450438141822815,0.4426654577255249,-0.06382358819246292,0.7684647440910339,0.5092964768409729,-0.07853912562131882,0.766092836856842,0.5141055583953857,-0.0883961021900177,0.7758843898773193,0.41169023513793945,-0.02953788824379444,0.794039785861969,0.4179610013961792,-0.06290200352668762,0.8071295022964478,0.49438410997390747,-0.06698592007160187,0.7962343692779541,0.49355077743530273,-0.06655106693506241,0.8230830430984497,0.39615005254745483,-0.03191932663321495,0.8411680459976196,0.4048546254634857,-0.06282481551170349,0.845463752746582,0.47310760617256165,-0.05147092789411545,0.8334597945213318,0.4747215211391449,-0.040449392050504684,0.8669912815093994,0.3909671902656555,-0.03828059136867523,0.8800008893013,0.39449208974838257,-0.05203987658023834,0.8783748745918274,0.45167458057403564,-0.04141741245985031,0.8675104975700378,0.4639386236667633,-0.03219939395785332,fa
