landmark_0_x,landmark_0_y,landmark_0_z,landmark_1_x,landmark_1_y,landmark_1_z,landmark_2_x,landmark_2_y,landmark_2_z,landmark_3_x,landmark_3_y,landmark_3_z,landmark_4_x,landmark_4_y,landmark_4_z,landmark_5_x,landmark_5_y,landmark_5_z,landmark_6_x,landmark_6_y,landmark_6_z,landmark_7_x,landmark_7_y,landmark_7_z,landmark_8_x,landmark_8_y,landmark_8_z,landmark_9_x,landmark_9_y,landmark_9_z,landmark_10_x,landmark_10_y,landmark_10_z,landmark_11_x,landmark_11_y,landmark_11_z,landmark_12_x,landmark_12_y,landmark_12_z,landmark_13_x,landmark_13_y,landmark_13_z,landmark_14_x,landmark_14_y,landmark_14_z,landmark_15_x,landmark_15_y,landmark_15_z,landmark_16_x,landmark_16_y,landmark_16_z,landmark_17_x,landmark_17_y,landmark_17_z,landmark_18_x,landmark_18_y,landmark_18_z,landmark_19_x,landmark_19_y,landmark_19_z,landmark_20_x,landmark_20_y,landmark_20_z,class
0.8695352077484131,0.6134613156318665,-1.0225107160977132e-07,0.840613603591919,0.6141948103904724,-0.010832756757736206,0.811434268951416,0.6048687696456909,-0.017574967816472054,0.787581205368042,0.6005374193191528,-0.024536244571208954,0.7671732902526855,0.6076083183288574,-0.02957875095307827,0.8118069767951965,0.5579697489738464,-0.0011916531948372722,0.8072981238365173,0.5369235277175903,-0.012490215711295605,0.8192194700241089,0.5574467182159424,-0.019982384517788887,0.8238641023635864,0.5711936354637146,-0.02367125265300274,0.8256466388702393,0.5466789603233337,-0.0009498659637756646,0.820972740650177,0.5302987694740295,-0.01197486836463213,0.8324435353279114,0.5534592270851135,-0.015915313735604286,0.8349552750587463,0.5645872354507446,-0.016415076330304146,0.8406062722206116,0.539283037185669,-0.003187620546668768,0.8360830545425415,0.5250539183616638,-0.012667170725762844,0.845072329044342,0.5467689037322998,-0.009763285517692566,0.8468893766403198,0.5582889914512634,-0.005761636886745691,0.8558082580566406,0.5352104306221008,-0.0065620155073702335,0.8514532446861267,0.5229401588439941,-0.010052082128822803,0.8548517227172852,0.5403570532798767,-0.005339123774319887,0.855261504650116,0.5510032773017883,-0.0007739616557955742,fa
