landmark_0_x,landmark_0_y,landmark_0_z,landmark_1_x,landmark_1_y,landmark_1_z,landmark_2_x,landmark_2_y,landmark_2_z,landmark_3_x,landmark_3_y,landmark_3_z,landmark_4_x,landmark_4_y,landmark_4_z,landmark_5_x,landmark_5_y,landmark_5_z,landmark_6_x,landmark_6_y,landmark_6_z,landmark_7_x,landmark_7_y,landmark_7_z,landmark_8_x,landmark_8_y,landmark_8_z,landmark_9_x,landmark_9_y,landmark_9_z,landmark_10_x,landmark_10_y,landmark_10_z,landmark_11_x,landmark_11_y,landmark_11_z,landmark_12_x,landmark_12_y,landmark_12_z,landmark_13_x,landmark_13_y,landmark_13_z,landmark_14_x,landmark_14_y,landmark_14_z,landmark_15_x,landmark_15_y,landmark_15_z,landmark_16_x,landmark_16_y,landmark_16_z,landmark_17_x,landmark_17_y,landmark_17_z,landmark_18_x,landmark_18_y,landmark_18_z,landmark_19_x,landmark_19_y,landmark_19_z,landmark_20_x,landmark_20_y,landmark_20_z,class
0.7242635488510132,0.7832961678504944,-5.343419502423785e-07,0.6632090210914612,0.7940588593482971,-0.024040019139647484,0.5964385271072388,0.7848070859909058,-0.0405556783080101,0.5451579689979553,0.7896067500114441,-0.05572006106376648,0.503969669342041,0.8132464289665222,-0.0671849399805069,0.6061100959777832,0.6486076712608337,-0.017690952867269516,0.6136829257011414,0.6730574369430542,-0.03978169709444046,0.6323085427284241,0.7144619822502136,-0.054172031581401825,0.6391605138778687,0.71800696849823,-0.06383789330720901,0.6431112885475159,0.6169404983520508,-0.01876264065504074,0.6548570990562439,0.6572949290275574,-0.038482870906591415,0.666733980178833,0.7030468583106995,-0.043622665107250214,0.6680511832237244,0.7046494483947754,-0.04620063677430153,0.6837376356124878,0.6053952574729919,-0.023583007976412773,0.6929893493652344,0.6461238861083984,-0.040898241102695465,0.6980776190757751,0.6870318651199341,-0.03460201621055603,0.6950687170028687,0.6853704452514648,-0.02936420775949955,0.7218087315559387,0.6034634113311768,-0.03153972700238228,0.7269132137298584,0.6272721290588379,-0.03785569965839386,0.7273105382919312,0.6657678484916687,-0.029530003666877747,0.724394679069519,0.672487199306488,-0.022836895659565926,fa
