landmark_0_x,landmark_0_y,landmark_0_z,landmark_1_x,landmark_1_y,landmark_1_z,landmark_2_x,landmark_2_y,landmark_2_z,landmark_3_x,landmark_3_y,landmark_3_z,landmark_4_x,landmark_4_y,landmark_4_z,landmark_5_x,landmark_5_y,landmark_5_z,landmark_6_x,landmark_6_y,landmark_6_z,landmark_7_x,landmark_7_y,landmark_7_z,landmark_8_x,landmark_8_y,landmark_8_z,landmark_9_x,landmark_9_y,landmark_9_z,landmark_10_x,landmark_10_y,landmark_10_z,landmark_11_x,landmark_11_y,landmark_11_z,landmark_12_x,landmark_12_y,landmark_12_z,landmark_13_x,landmark_13_y,landmark_13_z,landmark_14_x,landmark_14_y,landmark_14_z,landmark_15_x,landmark_15_y,landmark_15_z,landmark_16_x,landmark_16_y,landmark_16_z,landmark_17_x,landmark_17_y,landmark_17_z,landmark_18_x,landmark_18_y,landmark_18_z,landmark_19_x,landmark_19_y,landmark_19_z,landmark_20_x,landmark_20_y,landmark_20_z,class
0.7653983235359192,0.6167556643486023,-4.887399427389028e-07,0.6959682703018188,0.6309085488319397,-0.02251475490629673,0.6176953315734863,0.6254453063011169,-0.03891368210315704,0.5585981011390686,0.6384793519973755,-0.05612809211015701,0.5181869864463806,0.6742161512374878,-0.06966527551412582,0.6314119696617126,0.5037649273872375,-0.01280339527875185,0.6080189943313599,0.487644225358963,-0.03964189067482948,0.6351498961448669,0.5374431014060974,-0.053211528807878494,0.6465369462966919,0.5455970168113708,-0.06106039136648178,0.6660104393959045,0.4688364863395691,-0.015503554604947567,0.6464675068855286,0.4586483836174011,-0.04388321936130524,0.6708476543426514,0.5194397568702698,-0.04704488441348076,0.6754482388496399,0.51941978931427,-0.045619115233421326,0.7038853764533997,0.44469302892684937,-0.0230460986495018,0.6869313716888428,0.4356444478034973,-0.04884684085845947,0.7055489420890808,0.49434781074523926,-0.035845331847667694,0.7097904682159424,0.49338775873184204,-0.023564830422401428,0.7421888709068298,0.4277920126914978,-0.0331517830491066,0.7262705564498901,0.41305458545684814,-0.04082708805799484,0.7339721918106079,0.4629215598106384,-0.025357451289892197,0.7394035458564758,0.47186726331710815,-0.013315016403794289,fa
