landmark_0_x,landmark_0_y,landmark_0_z,landmark_1_x,landmark_1_y,landmark_1_z,landmark_2_x,landmark_2_y,landmark_2_z,landmark_3_x,landmark_3_y,landmark_3_z,landmark_4_x,landmark_4_y,landmark_4_z,landmark_5_x,landmark_5_y,landmark_5_z,landmark_6_x,landmark_6_y,landmark_6_z,landmark_7_x,landmark_7_y,landmark_7_z,landmark_8_x,landmark_8_y,landmark_8_z,landmark_9_x,landmark_9_y,landmark_9_z,landmark_10_x,landmark_10_y,landmark_10_z,landmark_11_x,landmark_11_y,landmark_11_z,landmark_12_x,landmark_12_y,landmark_12_z,landmark_13_x,landmark_13_y,landmark_13_z,landmark_14_x,landmark_14_y,landmark_14_z,landmark_15_x,landmark_15_y,landmark_15_z,landmark_16_x,landmark_16_y,landmark_16_z,landmark_17_x,landmark_17_y,landmark_17_z,landmark_18_x,landmark_18_y,landmark_18_z,landmark_19_x,landmark_19_y,landmark_19_z,landmark_20_x,landmark_20_y,landmark_20_z,class
0.8563894033432007,0.8494272232055664,-6.809240744587441e-07,0.7998967170715332,0.8534232378005981,-0.03560055047273636,0.7328208684921265,0.8349699974060059,-0.05685544013977051,0.6798084378242493,0.8343876600265503,-0.07512851059436798,0.6362022757530212,0.8535857796669006,-0.08727007359266281,0.7335935831069946,0.6862635016441345,-0.02414163388311863,0.7587434649467468,0.7035049200057983,-0.05552921071648598,0.7805488705635071,0.7567340731620789,-0.07362410426139832,0.7803218960762024,0.7574384212493896,-0.08482488989830017,0.7718074321746826,0.6557672023773193,-0.022516390308737755,0.8060306310653687,0.6908727884292603,-0.053014758974313736,0.8143970966339111,0.7489297389984131,-0.06006227433681488,0.8027571439743042,0.7446725368499756,-0.06183527410030365,0.8140274882316589,0.6471060514450073,-0.026995999738574028,0.8436421751976013,0.6833205223083496,-0.05650417506694794,0.8450325131416321,0.7354764342308044,-0.051311053335666656,0.8319724202156067,0.7324711680412292,-0.04394853860139847,0.8547055721282959,0.6477608680725098,-0.03558237478137016,0.8757073879241943,0.6708991527557373,-0.05114436894655228,0.8713063597679138,0.7204247713088989,-0.0459994375705719,0.8567714095115662,0.7326576709747314,-0.039686765521764755,fa
