landmark_0_x,landmark_0_y,landmark_0_z,landmark_1_x,landmark_1_y,landmark_1_z,landmark_2_x,landmark_2_y,landmark_2_z,landmark_3_x,landmark_3_y,landmark_3_z,landmark_4_x,landmark_4_y,landmark_4_z,landmark_5_x,landmark_5_y,landmark_5_z,landmark_6_x,landmark_6_y,landmark_6_z,landmark_7_x,landmark_7_y,landmark_7_z,landmark_8_x,landmark_8_y,landmark_8_z,landmark_9_x,landmark_9_y,landmark_9_z,landmark_10_x,landmark_10_y,landmark_10_z,landmark_11_x,landmark_11_y,landmark_11_z,landmark_12_x,landmark_12_y,landmark_12_z,landmark_13_x,landmark_13_y,landmark_13_z,landmark_14_x,landmark_14_y,landmark_14_z,landmark_15_x,landmark_15_y,landmark_15_z,landmark_16_x,landmark_16_y,landmark_16_z,landmark_17_x,landmark_17_y,landmark_17_z,landmark_18_x,landmark_18_y,landmark_18_z,landmark_19_x,landmark_19_y,landmark_19_z,landmark_20_x,landmark_20_y,landmark_20_z,class
0.89288330078125,0.821426272392273,-3.9354694081339403e-07,0.8342484831809998,0.8202908635139465,-0.02786223776638508,0.7692330479621887,0.8013445138931274,-0.04552566260099411,0.7162290811538696,0.7995756268501282,-0.06265975534915924,0.6765326857566833,0.8255800604820251,-0.07631547003984451,0.7783308625221252,0.677716076374054,-0.015617610886693,0.7864058017730713,0.6578388214111328,-0.04502655565738678,0.8171226382255554,0.685383677482605,-0.06615948677062988,0.8353672027587891,0.6925464868545532,-0.07859485596418381,0.8179042339324951,0.649554431438446,-0.01643553376197815,0.8366613388061523,0.6430144906044006,-0.04247520864009857,0.8514739274978638,0.6869391202926636,-0.052768949419260025,0.8516916632652283,0.6966296434402466,-0.057264767587184906,0.8586614727973938,0.6388837695121765,-0.022519605234265327,0.8778645992279053,0.6375348567962646,-0.045424457639455795,0.8819413185119629,0.6799637675285339,-0.0408712774515152,0.876308798789978,0.688796877861023,-0.034673288464546204,0.897495448589325,0.638357400894165,-0.03226140886545181,0.9127442240715027,0.630851686000824,-0.04087341949343681,0.911310613155365,0.6716800332069397,-0.03144972398877144,0.9027608036994934,0.690238893032074,-0.023191185668110847,fa
