landmark_0_x,landmark_0_y,landmark_0_z,landmark_1_x,landmark_1_y,landmark_1_z,landmark_2_x,landmark_2_y,landmark_2_z,landmark_3_x,landmark_3_y,landmark_3_z,landmark_4_x,landmark_4_y,landmark_4_z,landmark_5_x,landmark_5_y,landmark_5_z,landmark_6_x,landmark_6_y,landmark_6_z,landmark_7_x,landmark_7_y,landmark_7_z,landmark_8_x,landmark_8_y,landmark_8_z,landmark_9_x,landmark_9_y,landmark_9_z,landmark_10_x,landmark_10_y,landmark_10_z,landmark_11_x,landmark_11_y,landmark_11_z,landmark_12_x,landmark_12_y,landmark_12_z,landmark_13_x,landmark_13_y,landmark_13_z,landmark_14_x,landmark_14_y,landmark_14_z,landmark_15_x,landmark_15_y,landmark_15_z,landmark_16_x,landmark_16_y,landmark_16_z,landmark_17_x,landmark_17_y,landmark_17_z,landmark_18_x,landmark_18_y,landmark_18_z,landmark_19_x,landmark_19_y,landmark_19_z,landmark_20_x,landmark_20_y,landmark_20_z,class
0.9195709824562073,0.632230281829834,-5.64463164209883e-07,0.8595584630966187,0.6298496723175049,-0.03486108407378197,0.7934447526931763,0.6083920001983643,-0.05728069692850113,0.7361232042312622,0.6015579700469971,-0.07636374980211258,0.6906325817108154,0.618598461151123,-0.08992904424667358,0.7898512482643127,0.4689021110534668,-0.028784412890672684,0.8107541799545288,0.4638633728027344,-0.05362631380558014,0.8300590515136719,0.5233582258224487,-0.06638387590646744,0.8260363340377808,0.5349557995796204,-0.0752015933394432,0.8335765600204468,0.43280553817749023,-0.025932637974619865,0.8579009771347046,0.4465135633945465,-0.05047544091939926,0.8675121068954468,0.5164994597434998,-0.055408578366041183,0.8548198938369751,0.5216646790504456,-0.05719685181975365,0.8819646835327148,0.42139559984207153,-0.027232125401496887,0.901349663734436,0.43413516879081726,-0.05312101170420647,0.9037702679634094,0.4996079206466675,-0.045186158269643784,0.8908441066741943,0.5074828863143921,-0.03677603229880333,0.9267740845680237,0.42174476385116577,-0.03151597082614899,0.9351868629455566,0.42095866799354553,-0.04328436031937599,0.9316840767860413,0.474113792181015,-0.03258082643151283,0.9210820198059082,0.48964953422546387,-0.02288409322500229,fa
