landmark_0_x,landmark_0_y,landmark_0_z,landmark_1_x,landmark_1_y,landmark_1_z,landmark_2_x,landmark_2_y,landmark_2_z,landmark_3_x,landmark_3_y,landmark_3_z,landmark_4_x,landmark_4_y,landmark_4_z,landmark_5_x,landmark_5_y,landmark_5_z,landmark_6_x,landmark_6_y,landmark_6_z,landmark_7_x,landmark_7_y,landmark_7_z,landmark_8_x,landmark_8_y,landmark_8_z,landmark_9_x,landmark_9_y,landmark_9_z,landmark_10_x,landmark_10_y,landmark_10_z,landmark_11_x,landmark_11_y,landmark_11_z,landmark_12_x,landmark_12_y,landmark_12_z,landmark_13_x,landmark_13_y,landmark_13_z,landmark_14_x,landmark_14_y,landmark_14_z,landmark_15_x,landmark_15_y,landmark_15_z,landmark_16_x,landmark_16_y,landmark_16_z,landmark_17_x,landmark_17_y,landmark_17_z,landmark_18_x,landmark_18_y,landmark_18_z,landmark_19_x,landmark_19_y,landmark_19_z,landmark_20_x,landmark_20_y,landmark_20_z,class
0.7066867351531982,0.6293525099754333,-5.485989049702766e-07,0.639860987663269,0.6357837915420532,-0.023501718416810036,0.5707524418830872,0.6206209659576416,-0.04155632108449936,0.5161278247833252,0.6137663722038269,-0.0584975890815258,0.47164273262023926,0.6271050572395325,-0.0716794952750206,0.5833156704902649,0.487983375787735,-0.020470798015594482,0.5857552289962769,0.49685218930244446,-0.04181523248553276,0.6041659712791443,0.5478160977363586,-0.054529689252376556,0.610706627368927,0.5562229752540588,-0.06338731944561005,0.6223947405815125,0.45624470710754395,-0.02223675698041916,0.6254656314849854,0.4739288091659546,-0.041846178472042084,0.6373227834701538,0.5322911143302917,-0.044913746416568756,0.6396496891975403,0.5404161214828491,-0.04616379365324974,0.6655461192131042,0.4448067545890808,-0.027239520102739334,0.6660371422767639,0.4623720347881317,-0.04523817449808121,0.6725268363952637,0.5156038403511047,-0.03490941971540451,0.6733746528625488,0.5219514966011047,-0.026816409081220627,0.7060974836349487,0.4430919587612152,-0.034864455461502075,0.7028064131736755,0.44922271370887756,-0.04057125374674797,0.7026242017745972,0.4933009445667267,-0.02823643386363983,0.7025302052497864,0.5029773116111755,-0.018799172714352608,fa
