landmark_0_x,landmark_0_y,landmark_0_z,landmark_1_x,landmark_1_y,landmark_1_z,landmark_2_x,landmark_2_y,landmark_2_z,landmark_3_x,landmark_3_y,landmark_3_z,landmark_4_x,landmark_4_y,landmark_4_z,landmark_5_x,landmark_5_y,landmark_5_z,landmark_6_x,landmark_6_y,landmark_6_z,landmark_7_x,landmark_7_y,landmark_7_z,landmark_8_x,landmark_8_y,landmark_8_z,landmark_9_x,landmark_9_y,landmark_9_z,landmark_10_x,landmark_10_y,landmark_10_z,landmark_11_x,landmark_11_y,landmark_11_z,landmark_12_x,landmark_12_y,landmark_12_z,landmark_13_x,landmark_13_y,landmark_13_z,landmark_14_x,landmark_14_y,landmark_14_z,landmark_15_x,landmark_15_y,landmark_15_z,landmark_16_x,landmark_16_y,landmark_16_z,landmark_17_x,landmark_17_y,landmark_17_z,landmark_18_x,landmark_18_y,landmark_18_z,landmark_19_x,landmark_19_y,landmark_19_z,landmark_20_x,landmark_20_y,landmark_20_z,class
0.814680814743042,0.16703948378562927,-1.4063276410070102e-07,0.7823984622955322,0.15424886345863342,-0.02540394850075245,0.7440270781517029,0.13193382322788239,-0.038435645401477814,0.7067760229110718,0.12230575084686279,-0.04864624887704849,0.6818508505821228,0.1267181783914566,-0.055188097059726715,0.751602292060852,0.06159129738807678,-0.014097441919147968,0.7554207444190979,0.04469608888030052,-0.03141196817159653,0.7610781788825989,0.07618530839681625,-0.04038343206048012,0.7535704970359802,0.07439833134412766,-0.04589556157588959,0.7749415636062622,0.05019965395331383,-0.008249693550169468,0.7765264511108398,0.03578517958521843,-0.030677858740091324,0.7816189527511597,0.07585835456848145,-0.03619440272450447,0.7749336957931519,0.07516013085842133,-0.036232396960258484,0.7980777621269226,0.04647853970527649,-0.006216328125447035,0.8024696111679077,0.03492731973528862,-0.0259246788918972,0.802380383014679,0.07123925536870956,-0.021970249712467194,0.7954648733139038,0.0750369280576706,-0.015704961493611336,0.8176800608634949,0.04645469784736633,-0.00632445840165019,0.822795033454895,0.03469327464699745,-0.014703270979225636,0.8192778825759888,0.06508571654558182,-0.010224709287285805,0.8133007884025574,0.07376773655414581,-0.0053412732668221,fa
