landmark_0_x,landmark_0_y,landmark_0_z,landmark_1_x,landmark_1_y,landmark_1_z,landmark_2_x,landmark_2_y,landmark_2_z,landmark_3_x,landmark_3_y,landmark_3_z,landmark_4_x,landmark_4_y,landmark_4_z,landmark_5_x,landmark_5_y,landmark_5_z,landmark_6_x,landmark_6_y,landmark_6_z,landmark_7_x,landmark_7_y,landmark_7_z,landmark_8_x,landmark_8_y,landmark_8_z,landmark_9_x,landmark_9_y,landmark_9_z,landmark_10_x,landmark_10_y,landmark_10_z,landmark_11_x,landmark_11_y,landmark_11_z,landmark_12_x,landmark_12_y,landmark_12_z,landmark_13_x,landmark_13_y,landmark_13_z,landmark_14_x,landmark_14_y,landmark_14_z,landmark_15_x,landmark_15_y,landmark_15_z,landmark_16_x,landmark_16_y,landmark_16_z,landmark_17_x,landmark_17_y,landmark_17_z,landmark_18_x,landmark_18_y,landmark_18_z,landmark_19_x,landmark_19_y,landmark_19_z,landmark_20_x,landmark_20_y,landmark_20_z,class
0.8209337592124939,0.3170567750930786,-1.941793925652746e-07,0.7868646383285522,0.30250921845436096,-0.019269868731498718,0.748691737651825,0.2842097580432892,-0.030787670984864235,0.717171847820282,0.27485838532447815,-0.04131590574979782,0.6923726201057434,0.2838357090950012,-0.04861188307404518,0.7609898447990417,0.2301028072834015,-0.010072153061628342,0.7630495429039001,0.20465634763240814,-0.027744699269533157,0.775114119052887,0.23417127132415771,-0.037013646215200424,0.7758827805519104,0.24930329620838165,-0.0415017195045948,0.7843142151832581,0.2197733372449875,-0.008087429217994213,0.7860130667686462,0.19901449978351593,-0.025215299800038338,0.796390175819397,0.2310781627893448,-0.02855861186981201,0.7946395874023438,0.23934733867645264,-0.028342947363853455,0.8063533306121826,0.2158103585243225,-0.009978527203202248,0.8100532293319702,0.19735248386859894,-0.02720201015472412,0.8160690665245056,0.22601690888404846,-0.02344835177063942,0.814362108707428,0.23581989109516144,-0.017610782757401466,0.8264394402503967,0.21666741371154785,-0.013607703149318695,0.8300830721855164,0.20227539539337158,-0.021063119173049927,0.830807626247406,0.22467754781246185,-0.016056889668107033,0.8274391889572144,0.23523138463497162,-0.0109917763620615,fa
