landmark_0_x,landmark_0_y,landmark_0_z,landmark_1_x,landmark_1_y,landmark_1_z,landmark_2_x,landmark_2_y,landmark_2_z,landmark_3_x,landmark_3_y,landmark_3_z,landmark_4_x,landmark_4_y,landmark_4_z,landmark_5_x,landmark_5_y,landmark_5_z,landmark_6_x,landmark_6_y,landmark_6_z,landmark_7_x,landmark_7_y,landmark_7_z,landmark_8_x,landmark_8_y,landmark_8_z,landmark_9_x,landmark_9_y,landmark_9_z,landmark_10_x,landmark_10_y,landmark_10_z,landmark_11_x,landmark_11_y,landmark_11_z,landmark_12_x,landmark_12_y,landmark_12_z,landmark_13_x,landmark_13_y,landmark_13_z,landmark_14_x,landmark_14_y,landmark_14_z,landmark_15_x,landmark_15_y,landmark_15_z,landmark_16_x,landmark_16_y,landmark_16_z,landmark_17_x,landmark_17_y,landmark_17_z,landmark_18_x,landmark_18_y,landmark_18_z,landmark_19_x,landmark_19_y,landmark_19_z,landmark_20_x,landmark_20_y,landmark_20_z,class
0.6105479598045349,0.7853349447250366,-3.96530793977945e-07,0.5698871612548828,0.8000065684318542,-0.014244410209357738,0.5273609161376953,0.8000986576080322,-0.023749733343720436,0.4966000020503998,0.8029522895812988,-0.03219026327133179,0.470572829246521,0.8143460154533386,-0.038240186870098114,0.5276635885238647,0.7134912014007568,-0.013461146503686905,0.5273571610450745,0.7431396842002869,-0.02819647453725338,0.5439727902412415,0.7653102874755859,-0.037684980779886246,0.5513234734535217,0.7625492215156555,-0.043835073709487915,0.5496099591255188,0.6934410929679871,-0.014325018972158432,0.5530834197998047,0.737389087677002,-0.02610856108367443,0.5632385611534119,0.7596341371536255,-0.028724998235702515,0.5659421682357788,0.754487931728363,-0.030649228021502495,0.574440598487854,0.6856659650802612,-0.01738162338733673,0.5764676332473755,0.72733473777771,-0.028715243563055992,0.5826193690299988,0.7479006052017212,-0.023937329649925232,0.5835549235343933,0.7416633367538452,-0.020366810262203217,0.598122239112854,0.6842007637023926,-0.02237941138446331,0.598045289516449,0.7108122706413269,-0.02870132029056549,0.6013113856315613,0.7302307486534119,-0.024032829329371452,0.6025457382202148,0.7293083071708679,-0.019788479432463646,fa
