landmark_0_x,landmark_0_y,landmark_0_z,landmark_1_x,landmark_1_y,landmark_1_z,landmark_2_x,landmark_2_y,landmark_2_z,landmark_3_x,landmark_3_y,landmark_3_z,landmark_4_x,landmark_4_y,landmark_4_z,landmark_5_x,landmark_5_y,landmark_5_z,landmark_6_x,landmark_6_y,landmark_6_z,landmark_7_x,landmark_7_y,landmark_7_z,landmark_8_x,landmark_8_y,landmark_8_z,landmark_9_x,landmark_9_y,landmark_9_z,landmark_10_x,landmark_10_y,landmark_10_z,landmark_11_x,landmark_11_y,landmark_11_z,landmark_12_x,landmark_12_y,landmark_12_z,landmark_13_x,landmark_13_y,landmark_13_z,landmark_14_x,landmark_14_y,landmark_14_z,landmark_15_x,landmark_15_y,landmark_15_z,landmark_16_x,landmark_16_y,landmark_16_z,landmark_17_x,landmark_17_y,landmark_17_z,landmark_18_x,landmark_18_y,landmark_18_z,landmark_19_x,landmark_19_y,landmark_19_z,landmark_20_x,landmark_20_y,landmark_20_z,class
0.8571212291717529,0.7867412567138672,-2.1633188396208425e-07,0.8310731649398804,0.7906308174133301,-0.015782583504915237,0.7998813986778259,0.7885959148406982,-0.02523724175989628,0.7741445302963257,0.7928950190544128,-0.03380757197737694,0.754339873790741,0.8063367605209351,-0.03974783048033714,0.7854641079902649,0.7337391376495361,-0.007730898912996054,0.7868675589561462,0.7231948375701904,-0.0224301777780056,0.8029749989509583,0.7437551617622375,-0.030497519299387932,0.8050978183746338,0.7503280639648438,-0.034906741231679916,0.8001205325126648,0.7140082120895386,-0.006511759478598833,0.80504310131073,0.7112459540367126,-0.020495597273111343,0.8192089200019836,0.7383450865745544,-0.02316736802458763,0.8152618408203125,0.7424615621566772,-0.023003989830613136,0.8180332183837891,0.7015392780303955,-0.00836545042693615,0.824328601360321,0.7001663446426392,-0.022612692788243294,0.8337152600288391,0.7259679436683655,-0.019118687137961388,0.8293262720108032,0.7314654588699341,-0.014340389519929886,0.836127758026123,0.6937785744667053,-0.011735321022570133,0.8407434821128845,0.6902164220809937,-0.018273409456014633,0.8452612161636353,0.711923360824585,-0.014111371710896492,0.8417547941207886,0.720294713973999,-0.009703359566628933,fa
