landmark_0_x,landmark_0_y,landmark_0_z,landmark_1_x,landmark_1_y,landmark_1_z,landmark_2_x,landmark_2_y,landmark_2_z,landmark_3_x,landmark_3_y,landmark_3_z,landmark_4_x,landmark_4_y,landmark_4_z,landmark_5_x,landmark_5_y,landmark_5_z,landmark_6_x,landmark_6_y,landmark_6_z,landmark_7_x,landmark_7_y,landmark_7_z,landmark_8_x,landmark_8_y,landmark_8_z,landmark_9_x,landmark_9_y,landmark_9_z,landmark_10_x,landmark_10_y,landmark_10_z,landmark_11_x,landmark_11_y,landmark_11_z,landmark_12_x,landmark_12_y,landmark_12_z,landmark_13_x,landmark_13_y,landmark_13_z,landmark_14_x,landmark_14_y,landmark_14_z,landmark_15_x,landmark_15_y,landmark_15_z,landmark_16_x,landmark_16_y,landmark_16_z,landmark_17_x,landmark_17_y,landmark_17_z,landmark_18_x,landmark_18_y,landmark_18_z,landmark_19_x,landmark_19_y,landmark_19_z,landmark_20_x,landmark_20_y,landmark_20_z,class
0.8008993864059448,0.49018576741218567,-1.2678745520133816e-07,0.7717435359954834,0.4674370288848877,-0.010258333757519722,0.7450702786445618,0.4478367567062378,-0.020161913707852364,0.7196447253227234,0.43614622950553894,-0.030687715858221054,0.6967840790748596,0.4368627965450287,-0.04040799289941788,0.7664369344711304,0.40058407187461853,-0.007205147296190262,0.7719955444335938,0.3863981068134308,-0.019535958766937256,0.7746084928512573,0.40944695472717285,-0.030132124200463295,0.773479163646698,0.4261823296546936,-0.036919672042131424,0.7891349196434021,0.39811190962791443,-0.008995890617370605,0.7920473217964172,0.38316959142684937,-0.01982656493782997,0.7924350500106812,0.40749847888946533,-0.025786753743886948,0.7905158400535583,0.42363905906677246,-0.029097503051161766,0.8101929426193237,0.401970237493515,-0.012556943111121655,0.8117777109146118,0.3878302276134491,-0.021510595455765724,0.8102955222129822,0.409373939037323,-0.019677026197314262,0.8072128295898438,0.42378026247024536,-0.017380382865667343,0.8286435008049011,0.41025370359420776,-0.01723417453467846,0.8303019404411316,0.3940400779247284,-0.020328370854258537,0.8268257975578308,0.4096727967262268,-0.015243446454405785,0.8231053948402405,0.42101895809173584,-0.011193021200597286,fa
