landmark_0_x,landmark_0_y,landmark_0_z,landmark_1_x,landmark_1_y,landmark_1_z,landmark_2_x,landmark_2_y,landmark_2_z,landmark_3_x,landmark_3_y,landmark_3_z,landmark_4_x,landmark_4_y,landmark_4_z,landmark_5_x,landmark_5_y,landmark_5_z,landmark_6_x,landmark_6_y,landmark_6_z,landmark_7_x,landmark_7_y,landmark_7_z,landmark_8_x,landmark_8_y,landmark_8_z,landmark_9_x,landmark_9_y,landmark_9_z,landmark_10_x,landmark_10_y,landmark_10_z,landmark_11_x,landmark_11_y,landmark_11_z,landmark_12_x,landmark_12_y,landmark_12_z,landmark_13_x,landmark_13_y,landmark_13_z,landmark_14_x,landmark_14_y,landmark_14_z,landmark_15_x,landmark_15_y,landmark_15_z,landmark_16_x,landmark_16_y,landmark_16_z,landmark_17_x,landmark_17_y,landmark_17_z,landmark_18_x,landmark_18_y,landmark_18_z,landmark_19_x,landmark_19_y,landmark_19_z,landmark_20_x,landmark_20_y,landmark_20_z,class
0.758949875831604,0.4254770874977112,-4.6467954462059424e-07,0.6743208169937134,0.4153335392475128,-0.03410031646490097,0.5831124782562256,0.3957551419734955,-0.05535053089261055,0.5143029093742371,0.3892613649368286,-0.07572299987077713,0.46334654092788696,0.40263450145721436,-0.09026534110307693,0.6008425951004028,0.274314820766449,-0.018929587677121162,0.605750560760498,0.21496683359146118,-0.05749853700399399,0.6249557137489319,0.27361586689949036,-0.07958758622407913,0.620002806186676,0.3086339831352234,-0.09046895056962967,0.6568188071250916,0.24003225564956665,-0.018877355381846428,0.6589548587799072,0.18929588794708252,-0.0556831918656826,0.6718745231628418,0.2591518461704254,-0.06469108909368515,0.6616877317428589,0.290017306804657,-0.06587474793195724,0.7112519145011902,0.2219787985086441,-0.02586192637681961,0.7107913494110107,0.17327529191970825,-0.061539605259895325,0.7192065715789795,0.24332956969738007,-0.05169462040066719,0.7114601731300354,0.2782360911369324,-0.03883719444274902,0.7617155909538269,0.21910390257835388,-0.03579987958073616,0.7624263763427734,0.1774638146162033,-0.053668174892663956,0.7656726837158203,0.23321400582790375,-0.04152180254459381,0.7589493989944458,0.26507067680358887,-0.029399815946817398,fa
