landmark_0_x,landmark_0_y,landmark_0_z,landmark_1_x,landmark_1_y,landmark_1_z,landmark_2_x,landmark_2_y,landmark_2_z,landmark_3_x,landmark_3_y,landmark_3_z,landmark_4_x,landmark_4_y,landmark_4_z,landmark_5_x,landmark_5_y,landmark_5_z,landmark_6_x,landmark_6_y,landmark_6_z,landmark_7_x,landmark_7_y,landmark_7_z,landmark_8_x,landmark_8_y,landmark_8_z,landmark_9_x,landmark_9_y,landmark_9_z,landmark_10_x,landmark_10_y,landmark_10_z,landmark_11_x,landmark_11_y,landmark_11_z,landmark_12_x,landmark_12_y,landmark_12_z,landmark_13_x,landmark_13_y,landmark_13_z,landmark_14_x,landmark_14_y,landmark_14_z,landmark_15_x,landmark_15_y,landmark_15_z,landmark_16_x,landmark_16_y,landmark_16_z,landmark_17_x,landmark_17_y,landmark_17_z,landmark_18_x,landmark_18_y,landmark_18_z,landmark_19_x,landmark_19_y,landmark_19_z,landmark_20_x,landmark_20_y,landmark_20_z,class
0.7247684597969055,0.5331829190254211,-1.4761509703475895e-07,0.6961409449577332,0.5315715074539185,-0.015697935596108437,0.6621549725532532,0.5238829255104065,-0.025863684713840485,0.6327254176139832,0.5227839946746826,-0.03535664081573486,0.610154926776886,0.5322205424308777,-0.042482756078243256,0.6632847189903259,0.4729382395744324,-0.00764504075050354,0.6589140295982361,0.4528172016143799,-0.02220848947763443,0.6707088947296143,0.4772240221500397,-0.030243128538131714,0.6723249554634094,0.48490387201309204,-0.034787535667419434,0.681129515171051,0.45870986580848694,-0.006633049342781305,0.6762310266494751,0.4415137767791748,-0.02212090604007244,0.6876340508460999,0.47170090675354004,-0.025252467021346092,0.686942994594574,0.4763745963573456,-0.024952538311481476,0.7004842162132263,0.4496719241142273,-0.008651108480989933,0.697820782661438,0.4345857501029968,-0.02276718057692051,0.7050963640213013,0.46234220266342163,-0.01783813163638115,0.7035923600196838,0.4671633243560791,-0.012220669537782669,0.7191892862319946,0.4441392421722412,-0.012152032926678658,0.7168397903442383,0.43170392513275146,-0.01759696751832962,0.7205877304077148,0.4545985460281372,-0.011779180727899075,0.7202723026275635,0.46112385392189026,-0.006804486736655235,fa
