landmark_0_x,landmark_0_y,landmark_0_z,landmark_1_x,landmark_1_y,landmark_1_z,landmark_2_x,landmark_2_y,landmark_2_z,landmark_3_x,landmark_3_y,landmark_3_z,landmark_4_x,landmark_4_y,landmark_4_z,landmark_5_x,landmark_5_y,landmark_5_z,landmark_6_x,landmark_6_y,landmark_6_z,landmark_7_x,landmark_7_y,landmark_7_z,landmark_8_x,landmark_8_y,landmark_8_z,landmark_9_x,landmark_9_y,landmark_9_z,landmark_10_x,landmark_10_y,landmark_10_z,landmark_11_x,landmark_11_y,landmark_11_z,landmark_12_x,landmark_12_y,landmark_12_z,landmark_13_x,landmark_13_y,landmark_13_z,landmark_14_x,landmark_14_y,landmark_14_z,landmark_15_x,landmark_15_y,landmark_15_z,landmark_16_x,landmark_16_y,landmark_16_z,landmark_17_x,landmark_17_y,landmark_17_z,landmark_18_x,landmark_18_y,landmark_18_z,landmark_19_x,landmark_19_y,landmark_19_z,landmark_20_x,landmark_20_y,landmark_20_z,class
0.8072788715362549,0.3203877806663513,-2.3111334712666576e-07,0.7708804607391357,0.30584385991096497,-0.016770752146840096,0.7322714924812317,0.2873789668083191,-0.027391711249947548,0.6996626257896423,0.2818450331687927,-0.03750409558415413,0.6744945049285889,0.2917502522468567,-0.04486788809299469,0.7486563324928284,0.22539480030536652,-0.008503282442688942,0.7510359883308411,0.20676586031913757,-0.024727413430809975,0.7601577043533325,0.2366408109664917,-0.03330972418189049,0.7563436627388,0.2449752390384674,-0.03789159283041954,0.771181583404541,0.2157599776983261,-0.007609833497554064,0.7716209292411804,0.20135042071342468,-0.023905029520392418,0.7796956896781921,0.23557129502296448,-0.026518315076828003,0.775640606880188,0.2400040179491043,-0.026073884218931198,0.7933312058448792,0.21311011910438538,-0.010124747641384602,0.7939445972442627,0.20011232793331146,-0.02570408582687378,0.7980723977088928,0.2324863076210022,-0.020750846713781357,0.7945055961608887,0.23959581553936005,-0.014735349453985691,0.813575029373169,0.21587485074996948,-0.014188067056238651,0.812962532043457,0.20243525505065918,-0.020077910274267197,0.8121185302734375,0.22783684730529785,-0.013655981048941612,0.8096013069152832,0.23637191951274872,-0.007890824228525162,fa
