landmark_0_x,landmark_0_y,landmark_0_z,landmark_1_x,landmark_1_y,landmark_1_z,landmark_2_x,landmark_2_y,landmark_2_z,landmark_3_x,landmark_3_y,landmark_3_z,landmark_4_x,landmark_4_y,landmark_4_z,landmark_5_x,landmark_5_y,landmark_5_z,landmark_6_x,landmark_6_y,landmark_6_z,landmark_7_x,landmark_7_y,landmark_7_z,landmark_8_x,landmark_8_y,landmark_8_z,landmark_9_x,landmark_9_y,landmark_9_z,landmark_10_x,landmark_10_y,landmark_10_z,landmark_11_x,landmark_11_y,landmark_11_z,landmark_12_x,landmark_12_y,landmark_12_z,landmark_13_x,landmark_13_y,landmark_13_z,landmark_14_x,landmark_14_y,landmark_14_z,landmark_15_x,landmark_15_y,landmark_15_z,landmark_16_x,landmark_16_y,landmark_16_z,landmark_17_x,landmark_17_y,landmark_17_z,landmark_18_x,landmark_18_y,landmark_18_z,landmark_19_x,landmark_19_y,landmark_19_z,landmark_20_x,landmark_20_y,landmark_20_z,class
0.8270191550254822,0.16776755452156067,-1.7436614996313438e-07,0.7969467043876648,0.15322038531303406,-0.02465536631643772,0.7590789794921875,0.12903369963169098,-0.0380525067448616,0.7237040996551514,0.11833492666482925,-0.04956671595573425,0.6962786912918091,0.1259797364473343,-0.05742555111646652,0.7665792107582092,0.06689311563968658,-0.011367863044142723,0.7712590098381042,0.036138515919446945,-0.030885085463523865,0.780240535736084,0.07317916303873062,-0.04003520309925079,0.7760276198387146,0.08402517437934875,-0.04414911940693855,0.7889938950538635,0.056853037327528,-0.007025887258350849,0.7928327918052673,0.031016983091831207,-0.028146831318736076,0.7994104027748108,0.07411971688270569,-0.03133692219853401,0.7925503849983215,0.07973914593458176,-0.029120830819010735,0.8116930723190308,0.05159429460763931,-0.007252276409417391,0.8163084983825684,0.03111252188682556,-0.02665160410106182,0.8196302652359009,0.06834133714437485,-0.020814063027501106,0.813865602016449,0.07570523768663406,-0.012739122845232487,0.8328752517700195,0.049246836453676224,-0.009679288603365421,0.8356065154075623,0.03291764855384827,-0.017121480777859688,0.8362866640090942,0.06298089772462845,-0.010411753319203854,0.8325999975204468,0.07334885746240616,-0.0037044668570160866,fa
