landmark_0_x,landmark_0_y,landmark_0_z,landmark_1_x,landmark_1_y,landmark_1_z,landmark_2_x,landmark_2_y,landmark_2_z,landmark_3_x,landmark_3_y,landmark_3_z,landmark_4_x,landmark_4_y,landmark_4_z,landmark_5_x,landmark_5_y,landmark_5_z,landmark_6_x,landmark_6_y,landmark_6_z,landmark_7_x,landmark_7_y,landmark_7_z,landmark_8_x,landmark_8_y,landmark_8_z,landmark_9_x,landmark_9_y,landmark_9_z,landmark_10_x,landmark_10_y,landmark_10_z,landmark_11_x,landmark_11_y,landmark_11_z,landmark_12_x,landmark_12_y,landmark_12_z,landmark_13_x,landmark_13_y,landmark_13_z,landmark_14_x,landmark_14_y,landmark_14_z,landmark_15_x,landmark_15_y,landmark_15_z,landmark_16_x,landmark_16_y,landmark_16_z,landmark_17_x,landmark_17_y,landmark_17_z,landmark_18_x,landmark_18_y,landmark_18_z,landmark_19_x,landmark_19_y,landmark_19_z,landmark_20_x,landmark_20_y,landmark_20_z,class
0.7871364951133728,0.43212178349494934,-2.3485905842335342e-07,0.7560411691665649,0.4096755087375641,-0.017917823046445847,0.725492000579834,0.3816821575164795,-0.029780421406030655,0.6964483261108398,0.36487630009651184,-0.040391478687524796,0.671168863773346,0.36699628829956055,-0.04853809252381325,0.7489195466041565,0.3251350522041321,-0.012756289914250374,0.7572134137153625,0.3153308629989624,-0.02597418986260891,0.7581319808959961,0.34868282079696655,-0.03301851823925972,0.7544174790382385,0.35421687364578247,-0.03798617422580719,0.7748256325721741,0.32076406478881836,-0.011469698511064053,0.7810728549957275,0.3104638457298279,-0.02589728683233261,0.778955340385437,0.3504464626312256,-0.02796747162938118,0.7742835283279419,0.35290780663490295,-0.027809787541627884,0.7982248067855835,0.3241807818412781,-0.01271334383636713,0.8031895160675049,0.31624552607536316,-0.02750805765390396,0.799159049987793,0.3515055775642395,-0.02183375135064125,0.7951163649559021,0.35514315962791443,-0.01578356884419918,0.8179215788841248,0.3314347267150879,-0.015419273637235165,0.8213879466056824,0.322500616312027,-0.020396001636981964,0.8145052194595337,0.3498293459415436,-0.012774232774972916,0.8100281953811646,0.3571169078350067,-0.006627741269767284,fa
