landmark_0_x,landmark_0_y,landmark_0_z,landmark_1_x,landmark_1_y,landmark_1_z,landmark_2_x,landmark_2_y,landmark_2_z,landmark_3_x,landmark_3_y,landmark_3_z,landmark_4_x,landmark_4_y,landmark_4_z,landmark_5_x,landmark_5_y,landmark_5_z,landmark_6_x,landmark_6_y,landmark_6_z,landmark_7_x,landmark_7_y,landmark_7_z,landmark_8_x,landmark_8_y,landmark_8_z,landmark_9_x,landmark_9_y,landmark_9_z,landmark_10_x,landmark_10_y,landmark_10_z,landmark_11_x,landmark_11_y,landmark_11_z,landmark_12_x,landmark_12_y,landmark_12_z,landmark_13_x,landmark_13_y,landmark_13_z,landmark_14_x,landmark_14_y,landmark_14_z,landmark_15_x,landmark_15_y,landmark_15_z,landmark_16_x,landmark_16_y,landmark_16_z,landmark_17_x,landmark_17_y,landmark_17_z,landmark_18_x,landmark_18_y,landmark_18_z,landmark_19_x,landmark_19_y,landmark_19_z,landmark_20_x,landmark_20_y,landmark_20_z,class
0.8165508508682251,0.5948431491851807,-1.2766567181188293e-07,0.7876250743865967,0.5769850015640259,-0.008917740546166897,0.7602112293243408,0.5586804151535034,-0.017367316409945488,0.7352699637413025,0.5492270588874817,-0.02651360258460045,0.7131243944168091,0.55113285779953,-0.034784939140081406,0.7794345021247864,0.5205668807029724,-0.00674893893301487,0.7857178449630737,0.4962782561779022,-0.018723830580711365,0.7884588241577148,0.517710268497467,-0.02802233211696148,0.7860764861106873,0.5358527302742004,-0.03339681029319763,0.8018031120300293,0.518003523349762,-0.008742460049688816,0.8063406348228455,0.49523860216140747,-0.018160460516810417,0.8076242804527283,0.5174204111099243,-0.022603709250688553,0.8044068813323975,0.5337718725204468,-0.025130897760391235,0.8221832513809204,0.5191380977630615,-0.01246036309748888,0.8244808316230774,0.49884700775146484,-0.02015703171491623,0.8247887492179871,0.5188852548599243,-0.017115188762545586,0.8215174674987793,0.5332386493682861,-0.014413629658520222,0.8399940729141235,0.5237860083580017,-0.017152709886431694,0.8418064117431641,0.5031294226646423,-0.019440267235040665,0.840430736541748,0.519498884677887,-0.013426190242171288,0.8370943665504456,0.5325577259063721,-0.009025746956467628,fa
