landmark_0_x,landmark_0_y,landmark_0_z,landmark_1_x,landmark_1_y,landmark_1_z,landmark_2_x,landmark_2_y,landmark_2_z,landmark_3_x,landmark_3_y,landmark_3_z,landmark_4_x,landmark_4_y,landmark_4_z,landmark_5_x,landmark_5_y,landmark_5_z,landmark_6_x,landmark_6_y,landmark_6_z,landmark_7_x,landmark_7_y,landmark_7_z,landmark_8_x,landmark_8_y,landmark_8_z,landmark_9_x,landmark_9_y,landmark_9_z,landmark_10_x,landmark_10_y,landmark_10_z,landmark_11_x,landmark_11_y,landmark_11_z,landmark_12_x,landmark_12_y,landmark_12_z,landmark_13_x,landmark_13_y,landmark_13_z,landmark_14_x,landmark_14_y,landmark_14_z,landmark_15_x,landmark_15_y,landmark_15_z,landmark_16_x,landmark_16_y,landmark_16_z,landmark_17_x,landmark_17_y,landmark_17_z,landmark_18_x,landmark_18_y,landmark_18_z,landmark_19_x,landmark_19_y,landmark_19_z,landmark_20_x,landmark_20_y,landmark_20_z,class
0.7788511514663696,0.3423440754413605,-2.182766820624238e-07,0.7435294389724731,0.33254697918891907,-0.01427107211202383,0.7066172957420349,0.3169698417186737,-0.023069091141223907,0.6756614446640015,0.30909812450408936,-0.03180112689733505,0.6521216630935669,0.31644535064697266,-0.0380353108048439,0.7174155712127686,0.264336496591568,-0.003971948754042387,0.7152004241943359,0.24201156198978424,-0.018526041880249977,0.7245236039161682,0.27043256163597107,-0.0264677032828331,0.7244364023208618,0.27688267827033997,-0.031098945066332817,0.7391154766082764,0.2514425814151764,-0.0037405765615403652,0.7342103719711304,0.23328883945941925,-0.019722184166312218,0.7419468760490417,0.26667994260787964,-0.022906843572854996,0.7419836521148682,0.27018052339553833,-0.022594448179006577,0.7608136534690857,0.2439556121826172,-0.006659270729869604,0.7566554546356201,0.2295672595500946,-0.021910974755883217,0.7609401941299438,0.26061880588531494,-0.016841242089867592,0.7612188458442688,0.2661619782447815,-0.010614637285470963,0.7817884683609009,0.23985445499420166,-0.010883324779570103,0.776488184928894,0.22721529006958008,-0.01670483499765396,0.7771454453468323,0.25269708037376404,-0.010320485569536686,0.7777465581893921,0.26044023036956787,-0.004592487122863531,fa
