landmark_0_x,landmark_0_y,landmark_0_z,landmark_1_x,landmark_1_y,landmark_1_z,landmark_2_x,landmark_2_y,landmark_2_z,landmark_3_x,landmark_3_y,landmark_3_z,landmark_4_x,landmark_4_y,landmark_4_z,landmark_5_x,landmark_5_y,landmark_5_z,landmark_6_x,landmark_6_y,landmark_6_z,landmark_7_x,landmark_7_y,landmark_7_z,landmark_8_x,landmark_8_y,landmark_8_z,landmark_9_x,landmark_9_y,landmark_9_z,landmark_10_x,landmark_10_y,landmark_10_z,landmark_11_x,landmark_11_y,landmark_11_z,landmark_12_x,landmark_12_y,landmark_12_z,landmark_13_x,landmark_13_y,landmark_13_z,landmark_14_x,landmark_14_y,landmark_14_z,landmark_15_x,landmark_15_y,landmark_15_z,landmark_16_x,landmark_16_y,landmark_16_z,landmark_17_x,landmark_17_y,landmark_17_z,landmark_18_x,landmark_18_y,landmark_18_z,landmark_19_x,landmark_19_y,landmark_19_z,landmark_20_x,landmark_20_y,landmark_20_z,class
0.6704117059707642,0.8202144503593445,-2.7336747621120594e-07,0.6412531137466431,0.8258968591690063,-0.014313849620521069,0.6101405024528503,0.8191601634025574,-0.023390991613268852,0.5862820148468018,0.8175506591796875,-0.031178126111626625,0.5647883415222168,0.8237205147743225,-0.036482032388448715,0.60890132188797,0.7487433552742004,-0.009797857142984867,0.6212010979652405,0.7593345046043396,-0.02384207770228386,0.6294267773628235,0.7818447351455688,-0.03229021281003952,0.62918621301651,0.7837977409362793,-0.037343934178352356,0.6275723576545715,0.7347525358200073,-0.009545506909489632,0.6390847563743591,0.7541786432266235,-0.02222600020468235,0.6451468467712402,0.7799851894378662,-0.02460199035704136,0.6426932215690613,0.7796089053153992,-0.02489391155540943,0.6482587456703186,0.7309992909431458,-0.011894872412085533,0.6575983166694641,0.7522656917572021,-0.023261534050107002,0.6602444648742676,0.774661123752594,-0.01989060454070568,0.6559494137763977,0.7729445695877075,-0.016336699947714806,0.6681779026985168,0.7315546870231628,-0.01597220078110695,0.6744889616966248,0.7491874098777771,-0.021023500710725784,0.6751797199249268,0.7685598134994507,-0.017871472984552383,0.6713751554489136,0.7696158289909363,-0.014705167151987553,fa
