landmark_0_x,landmark_0_y,landmark_0_z,landmark_1_x,landmark_1_y,landmark_1_z,landmark_2_x,landmark_2_y,landmark_2_z,landmark_3_x,landmark_3_y,landmark_3_z,landmark_4_x,landmark_4_y,landmark_4_z,landmark_5_x,landmark_5_y,landmark_5_z,landmark_6_x,landmark_6_y,landmark_6_z,landmark_7_x,landmark_7_y,landmark_7_z,landmark_8_x,landmark_8_y,landmark_8_z,landmark_9_x,landmark_9_y,landmark_9_z,landmark_10_x,landmark_10_y,landmark_10_z,landmark_11_x,landmark_11_y,landmark_11_z,landmark_12_x,landmark_12_y,landmark_12_z,landmark_13_x,landmark_13_y,landmark_13_z,landmark_14_x,landmark_14_y,landmark_14_z,landmark_15_x,landmark_15_y,landmark_15_z,landmark_16_x,landmark_16_y,landmark_16_z,landmark_17_x,landmark_17_y,landmark_17_z,landmark_18_x,landmark_18_y,landmark_18_z,landmark_19_x,landmark_19_y,landmark_19_z,landmark_20_x,landmark_20_y,landmark_20_z,class
0.8234893679618835,0.6399429440498352,-1.7328855506093532e-07,0.7965975403785706,0.6243792772293091,-0.01260838471353054,0.767798900604248,0.6056967973709106,-0.0208860095590353,0.7427705526351929,0.597517192363739,-0.028348682448267937,0.7219246029853821,0.59784334897995,-0.03397079184651375,0.7833413481712341,0.5613952875137329,-0.008573571220040321,0.7911485433578491,0.5475382208824158,-0.018457764759659767,0.7952355146408081,0.5741706490516663,-0.02390390820801258,0.7916575074195862,0.5811688303947449,-0.02736659348011017,0.8042581081390381,0.5561724901199341,-0.007483561988919973,0.8088254332542419,0.5461081862449646,-0.01723148673772812,0.8106420636177063,0.5751104354858398,-0.018930450081825256,0.8067826628684998,0.5808683037757874,-0.01923828199505806,0.823764443397522,0.5571560263633728,-0.008283291012048721,0.8271456956863403,0.5490083694458008,-0.01774677261710167,0.8268653750419617,0.5750095248222351,-0.013308447785675526,0.8230788707733154,0.5827102065086365,-0.009182726964354515,0.8405783772468567,0.5617932081222534,-0.010143579915165901,0.842968225479126,0.5526182055473328,-0.01325729675590992,0.840874969959259,0.5738294124603271,-0.007337761577218771,0.8376079201698303,0.5828787088394165,-0.0026902486570179462,fa
