landmark_0_x,landmark_0_y,landmark_0_z,landmark_1_x,landmark_1_y,landmark_1_z,landmark_2_x,landmark_2_y,landmark_2_z,landmark_3_x,landmark_3_y,landmark_3_z,landmark_4_x,landmark_4_y,landmark_4_z,landmark_5_x,landmark_5_y,landmark_5_z,landmark_6_x,landmark_6_y,landmark_6_z,landmark_7_x,landmark_7_y,landmark_7_z,landmark_8_x,landmark_8_y,landmark_8_z,landmark_9_x,landmark_9_y,landmark_9_z,landmark_10_x,landmark_10_y,landmark_10_z,landmark_11_x,landmark_11_y,landmark_11_z,landmark_12_x,landmark_12_y,landmark_12_z,landmark_13_x,landmark_13_y,landmark_13_z,landmark_14_x,landmark_14_y,landmark_14_z,landmark_15_x,landmark_15_y,landmark_15_z,landmark_16_x,landmark_16_y,landmark_16_z,landmark_17_x,landmark_17_y,landmark_17_z,landmark_18_x,landmark_18_y,landmark_18_z,landmark_19_x,landmark_19_y,landmark_19_z,landmark_20_x,landmark_20_y,landmark_20_z,class
0.8184521198272705,0.6888957023620605,-1.6089609289338114e-07,0.7907058000564575,0.6755914688110352,-0.009638029150664806,0.7636048197746277,0.6623731851577759,-0.01853368431329727,0.7391793131828308,0.6551094651222229,-0.02768164500594139,0.7174674272537231,0.6560384035110474,-0.03614313527941704,0.7799825072288513,0.6156836748123169,-0.008620433509349823,0.7873459458351135,0.6039353609085083,-0.02014141157269478,0.7917950749397278,0.6225637793540955,-0.029488936066627502,0.7904230356216431,0.6369859576225281,-0.03523760288953781,0.8004745841026306,0.609439492225647,-0.009903883561491966,0.80582195520401,0.599929928779602,-0.019493617117404938,0.8078559041023254,0.6218364834785461,-0.024411458522081375,0.8053433299064636,0.6374730467796326,-0.027182508260011673,0.8200005292892456,0.6097499132156372,-0.012622655369341373,0.8233816027641296,0.6021429896354675,-0.020192759111523628,0.8234525322914124,0.6219879984855652,-0.017961209639906883,0.8201928734779358,0.6356062293052673,-0.01575162075459957,0.8377304673194885,0.6150984168052673,-0.016447164118289948,0.8405427932739258,0.6053680181503296,-0.019024336710572243,0.8389385342597961,0.6212059855461121,-0.014128973707556725,0.8353578448295593,0.6325222253799438,-0.010259896516799927,fa
