landmark_0_x,landmark_0_y,landmark_0_z,landmark_1_x,landmark_1_y,landmark_1_z,landmark_2_x,landmark_2_y,landmark_2_z,landmark_3_x,landmark_3_y,landmark_3_z,landmark_4_x,landmark_4_y,landmark_4_z,landmark_5_x,landmark_5_y,landmark_5_z,landmark_6_x,landmark_6_y,landmark_6_z,landmark_7_x,landmark_7_y,landmark_7_z,landmark_8_x,landmark_8_y,landmark_8_z,landmark_9_x,landmark_9_y,landmark_9_z,landmark_10_x,landmark_10_y,landmark_10_z,landmark_11_x,landmark_11_y,landmark_11_z,landmark_12_x,landmark_12_y,landmark_12_z,landmark_13_x,landmark_13_y,landmark_13_z,landmark_14_x,landmark_14_y,landmark_14_z,landmark_15_x,landmark_15_y,landmark_15_z,landmark_16_x,landmark_16_y,landmark_16_z,landmark_17_x,landmark_17_y,landmark_17_z,landmark_18_x,landmark_18_y,landmark_18_z,landmark_19_x,landmark_19_y,landmark_19_z,landmark_20_x,landmark_20_y,landmark_20_z,class
0.322788804769516,0.6752650737762451,-3.1389842547469016e-07,0.3896905183792114,0.6474534273147583,-0.021546464413404465,0.4562447667121887,0.5915894508361816,-0.02915191277861595,0.46673229336738586,0.5207692980766296,-0.03635111823678017,0.42186468839645386,0.5028328895568848,-0.0388234443962574,0.4223560094833374,0.49662190675735474,0.0005697953165508807,0.44337475299835205,0.4632530212402344,-0.024056842550635338,0.4273757338523865,0.523280680179596,-0.03618239983916283,0.41927504539489746,0.5369420647621155,-0.04147642105817795,0.38706833124160767,0.4849768579006195,-0.00021622925123665482,0.40646713972091675,0.4566044807434082,-0.027513910084962845,0.39285311102867126,0.5305544137954712,-0.031783897429704666,0.3848348557949066,0.5415919423103333,-0.027490543201565742,0.3507613241672516,0.482028067111969,-0.0061539094895124435,0.36506015062332153,0.4572025537490845,-0.03612738475203514,0.3593287765979767,0.5302748680114746,-0.026620520278811455,0.35357898473739624,0.5474163293838501,-0.011540434323251247,0.30998507142066956,0.48314806818962097,-0.013848453760147095,0.32927238941192627,0.4589841067790985,-0.026887554675340652,0.3304760158061981,0.5098282098770142,-0.013402804732322693,0.325652152299881,0.5289406776428223,0.0013191928155720234,medium
