landmark_0_x,landmark_0_y,landmark_0_z,landmark_1_x,landmark_1_y,landmark_1_z,landmark_2_x,landmark_2_y,landmark_2_z,landmark_3_x,landmark_3_y,landmark_3_z,landmark_4_x,landmark_4_y,landmark_4_z,landmark_5_x,landmark_5_y,landmark_5_z,landmark_6_x,landmark_6_y,landmark_6_z,landmark_7_x,landmark_7_y,landmark_7_z,landmark_8_x,landmark_8_y,landmark_8_z,landmark_9_x,landmark_9_y,landmark_9_z,landmark_10_x,landmark_10_y,landmark_10_z,landmark_11_x,landmark_11_y,landmark_11_z,landmark_12_x,landmark_12_y,landmark_12_z,landmark_13_x,landmark_13_y,landmark_13_z,landmark_14_x,landmark_14_y,landmark_14_z,landmark_15_x,landmark_15_y,landmark_15_z,landmark_16_x,landmark_16_y,landmark_16_z,landmark_17_x,landmark_17_y,landmark_17_z,landmark_18_x,landmark_18_y,landmark_18_z,landmark_19_x,landmark_19_y,landmark_19_z,landmark_20_x,landmark_20_y,landmark_20_z,class
0.15325389802455902,0.6745333075523376,-8.156846575957388e-08,0.21812254190444946,0.6327527761459351,-0.01816548779606819,0.2723698019981384,0.5767318606376648,-0.02443794347345829,0.26381662487983704,0.5100283622741699,-0.03146094083786011,0.21608078479766846,0.5105593204498291,-0.03447005897760391,0.22533896565437317,0.5028343796730042,0.007885275408625603,0.25184813141822815,0.4644523859024048,-0.014421162195503712,0.2421412616968155,0.5152790546417236,-0.03009992465376854,0.23187637329101562,0.5359503030776978,-0.03887258842587471,0.1903422474861145,0.49639007449150085,0.005515888798981905,0.20997194945812225,0.45939597487449646,-0.019339067861437798,0.20476214587688446,0.513872504234314,-0.030790289863944054,0.1986747831106186,0.5300106406211853,-0.03269827365875244,0.1566806137561798,0.4994862377643585,-0.0015411871718242764,0.17032112181186676,0.46821147203445435,-0.023427611216902733,0.1726548671722412,0.5159163475036621,-0.020647581666707993,0.16971051692962646,0.5302906632423401,-0.012643528170883656,0.1200612485408783,0.5100809335708618,-0.010758420452475548,0.14020614326000214,0.4826052784919739,-0.017907200381159782,0.1469370573759079,0.5133150815963745,-0.008058209903538227,0.14502112567424774,0.5296114087104797,0.0020114220678806305,medium
