landmark_0_x,landmark_0_y,landmark_0_z,landmark_1_x,landmark_1_y,landmark_1_z,landmark_2_x,landmark_2_y,landmark_2_z,landmark_3_x,landmark_3_y,landmark_3_z,landmark_4_x,landmark_4_y,landmark_4_z,landmark_5_x,landmark_5_y,landmark_5_z,landmark_6_x,landmark_6_y,landmark_6_z,landmark_7_x,landmark_7_y,landmark_7_z,landmark_8_x,landmark_8_y,landmark_8_z,landmark_9_x,landmark_9_y,landmark_9_z,landmark_10_x,landmark_10_y,landmark_10_z,landmark_11_x,landmark_11_y,landmark_11_z,landmark_12_x,landmark_12_y,landmark_12_z,landmark_13_x,landmark_13_y,landmark_13_z,landmark_14_x,landmark_14_y,landmark_14_z,landmark_15_x,landmark_15_y,landmark_15_z,landmark_16_x,landmark_16_y,landmark_16_z,landmark_17_x,landmark_17_y,landmark_17_z,landmark_18_x,landmark_18_y,landmark_18_z,landmark_19_x,landmark_19_y,landmark_19_z,landmark_20_x,landmark_20_y,landmark_20_z,class
0.11285056173801422,0.680156409740448,-2.0948701262568648e-07,0.17518550157546997,0.6528234481811523,-0.0282024834305048,0.23307397961616516,0.5989093780517578,-0.037606239318847656,0.22278545796871185,0.5333674550056458,-0.04411695525050163,0.17436853051185608,0.5223113298416138,-0.04514297470450401,0.204401433467865,0.5188062191009521,-0.004867336712777615,0.2148175686597824,0.48423823714256287,-0.031266212463378906,0.19864466786384583,0.5398911833763123,-0.04440423846244812,0.19327904284000397,0.5540287494659424,-0.05030219629406929,0.1673574000597,0.5063092708587646,-0.002485281554982066,0.1733449399471283,0.4754716157913208,-0.03143581748008728,0.1622367948293686,0.5439191460609436,-0.03754061833024025,0.1611485779285431,0.5523961186408997,-0.0342317596077919,0.13052156567573547,0.5042024254798889,-0.005850984249264002,0.12876826524734497,0.48118066787719727,-0.037377141416072845,0.128042533993721,0.5467181205749512,-0.030654991045594215,0.1323293000459671,0.5545364022254944,-0.017595546320080757,0.09055912494659424,0.5079391002655029,-0.011349151842296124,0.09218695759773254,0.4892937242984772,-0.026662476360797882,0.09630370885133743,0.534308671951294,-0.016005275771021843,0.09877964854240417,0.5461695194244385,-0.0034201934468001127,medium
