landmark_0_x,landmark_0_y,landmark_0_z,landmark_1_x,landmark_1_y,landmark_1_z,landmark_2_x,landmark_2_y,landmark_2_z,landmark_3_x,landmark_3_y,landmark_3_z,landmark_4_x,landmark_4_y,landmark_4_z,landmark_5_x,landmark_5_y,landmark_5_z,landmark_6_x,landmark_6_y,landmark_6_z,landmark_7_x,landmark_7_y,landmark_7_z,landmark_8_x,landmark_8_y,landmark_8_z,landmark_9_x,landmark_9_y,landmark_9_z,landmark_10_x,landmark_10_y,landmark_10_z,landmark_11_x,landmark_11_y,landmark_11_z,landmark_12_x,landmark_12_y,landmark_12_z,landmark_13_x,landmark_13_y,landmark_13_z,landmark_14_x,landmark_14_y,landmark_14_z,landmark_15_x,landmark_15_y,landmark_15_z,landmark_16_x,landmark_16_y,landmark_16_z,landmark_17_x,landmark_17_y,landmark_17_z,landmark_18_x,landmark_18_y,landmark_18_z,landmark_19_x,landmark_19_y,landmark_19_z,landmark_20_x,landmark_20_y,landmark_20_z,class
0.3322890102863312,0.6783113479614258,-2.52512847964681e-07,0.3951994478702545,0.6497581005096436,-0.020909925922751427,0.4559195339679718,0.5964829921722412,-0.028791353106498718,0.46451157331466675,0.5310922265052795,-0.03627051040530205,0.42116546630859375,0.5112506747245789,-0.03951385244727135,0.42032137513160706,0.5053675770759583,-0.00045249288086779416,0.44401976466178894,0.4765188992023468,-0.024640008807182312,0.4306046664714813,0.5344567894935608,-0.036755990236997604,0.42126643657684326,0.5449436902999878,-0.0421811006963253,0.3861415684223175,0.49592167139053345,-0.001222169492393732,0.4079873263835907,0.47057071328163147,-0.027685461565852165,0.39735957980155945,0.5413511991500854,-0.03297103941440582,0.3880736827850342,0.5477719306945801,-0.03015848435461521,0.3510362505912781,0.49409300088882446,-0.00687976973131299,0.36788538098335266,0.4737999439239502,-0.036326225847005844,0.36351561546325684,0.5433170795440674,-0.028449490666389465,0.3558954894542694,0.5542659759521484,-0.015132120810449123,0.3116324543952942,0.49558648467063904,-0.01401643455028534,0.33250364661216736,0.4730755388736725,-0.027262689545750618,0.3344820737838745,0.5220612287521362,-0.014847335405647755,0.32840779423713684,0.5388628244400024,-0.0013483144575729966,medium
