landmark_0_x,landmark_0_y,landmark_0_z,landmark_1_x,landmark_1_y,landmark_1_z,landmark_2_x,landmark_2_y,landmark_2_z,landmark_3_x,landmark_3_y,landmark_3_z,landmark_4_x,landmark_4_y,landmark_4_z,landmark_5_x,landmark_5_y,landmark_5_z,landmark_6_x,landmark_6_y,landmark_6_z,landmark_7_x,landmark_7_y,landmark_7_z,landmark_8_x,landmark_8_y,landmark_8_z,landmark_9_x,landmark_9_y,landmark_9_z,landmark_10_x,landmark_10_y,landmark_10_z,landmark_11_x,landmark_11_y,landmark_11_z,landmark_12_x,landmark_12_y,landmark_12_z,landmark_13_x,landmark_13_y,landmark_13_z,landmark_14_x,landmark_14_y,landmark_14_z,landmark_15_x,landmark_15_y,landmark_15_z,landmark_16_x,landmark_16_y,landmark_16_z,landmark_17_x,landmark_17_y,landmark_17_z,landmark_18_x,landmark_18_y,landmark_18_z,landmark_19_x,landmark_19_y,landmark_19_z,landmark_20_x,landmark_20_y,landmark_20_z,class
0.11326923966407776,0.692346453666687,-1.9828357267215324e-07,0.17843422293663025,0.6653392910957336,-0.027412284165620804,0.23909816145896912,0.6098242402076721,-0.0357760526239872,0.22902622818946838,0.5428354740142822,-0.04143122583627701,0.178680881857872,0.5339827537536621,-0.040947284549474716,0.20412513613700867,0.5246069431304932,-0.0017219270812347531,0.21908310055732727,0.4909042716026306,-0.027923867106437683,0.20244120061397552,0.54884272813797,-0.04034198820590973,0.19592982530593872,0.5620693564414978,-0.045668501406908035,0.1671309471130371,0.510532557964325,0.00019882617925759405,0.17690825462341309,0.4811728894710541,-0.028531387448310852,0.16504168510437012,0.552527129650116,-0.03408624604344368,0.1636217087507248,0.5579500794410706,-0.029979432001709938,0.13049151003360748,0.5083651542663574,-0.0038938059005886316,0.13197633624076843,0.48966625332832336,-0.03408163785934448,0.1301669478416443,0.5548921823501587,-0.027112457901239395,0.1337108314037323,0.5576551556587219,-0.013970956206321716,0.09126976132392883,0.5127909183502197,-0.010260476730763912,0.09522982686758041,0.4977395534515381,-0.023025380447506905,0.0992470234632492,0.5409591794013977,-0.011746816337108612,0.10107241570949554,0.5492597222328186,0.0009169945842586458,medium
