landmark_0_x,landmark_0_y,landmark_0_z,landmark_1_x,landmark_1_y,landmark_1_z,landmark_2_x,landmark_2_y,landmark_2_z,landmark_3_x,landmark_3_y,landmark_3_z,landmark_4_x,landmark_4_y,landmark_4_z,landmark_5_x,landmark_5_y,landmark_5_z,landmark_6_x,landmark_6_y,landmark_6_z,landmark_7_x,landmark_7_y,landmark_7_z,landmark_8_x,landmark_8_y,landmark_8_z,landmark_9_x,landmark_9_y,landmark_9_z,landmark_10_x,landmark_10_y,landmark_10_z,landmark_11_x,landmark_11_y,landmark_11_z,landmark_12_x,landmark_12_y,landmark_12_z,landmark_13_x,landmark_13_y,landmark_13_z,landmark_14_x,landmark_14_y,landmark_14_z,landmark_15_x,landmark_15_y,landmark_15_z,landmark_16_x,landmark_16_y,landmark_16_z,landmark_17_x,landmark_17_y,landmark_17_z,landmark_18_x,landmark_18_y,landmark_18_z,landmark_19_x,landmark_19_y,landmark_19_z,landmark_20_x,landmark_20_y,landmark_20_z,class
0.3423563539981842,0.795740008354187,-3.1025606972434616e-07,0.40424925088882446,0.7803696990013123,-0.026072071865200996,0.47527217864990234,0.7150877118110657,-0.03432735428214073,0.4808633029460907,0.6461464762687683,-0.040369078516960144,0.4348466992378235,0.6280127167701721,-0.04106953740119934,0.43886488676071167,0.5984650254249573,-0.00249330117367208,0.46716126799583435,0.5848461389541626,-0.025760570541024208,0.44838762283325195,0.6493377685546875,-0.03666408360004425,0.43737420439720154,0.6526767015457153,-0.04259701445698738,0.400058388710022,0.5824249982833862,-0.0011538596590980887,0.42345890402793884,0.577714741230011,-0.024139894172549248,0.4079415202140808,0.6535431146621704,-0.02576419897377491,0.40058422088623047,0.6470855474472046,-0.02164767123758793,0.3594798147678375,0.5824042558670044,-0.005468093324452639,0.37332871556282043,0.5761804580688477,-0.03154443949460983,0.36745309829711914,0.6483471989631653,-0.019583899527788162,0.3626894950866699,0.6459940075874329,-0.006226083729416132,0.31446078419685364,0.58864825963974,-0.012111415155231953,0.3293339014053345,0.5803595781326294,-0.023489683866500854,0.3298375606536865,0.6326696276664734,-0.009052914567291737,0.32583490014076233,0.6393629312515259,0.004554571118205786,medium
