landmark_0_x,landmark_0_y,landmark_0_z,landmark_1_x,landmark_1_y,landmark_1_z,landmark_2_x,landmark_2_y,landmark_2_z,landmark_3_x,landmark_3_y,landmark_3_z,landmark_4_x,landmark_4_y,landmark_4_z,landmark_5_x,landmark_5_y,landmark_5_z,landmark_6_x,landmark_6_y,landmark_6_z,landmark_7_x,landmark_7_y,landmark_7_z,landmark_8_x,landmark_8_y,landmark_8_z,landmark_9_x,landmark_9_y,landmark_9_z,landmark_10_x,landmark_10_y,landmark_10_z,landmark_11_x,landmark_11_y,landmark_11_z,landmark_12_x,landmark_12_y,landmark_12_z,landmark_13_x,landmark_13_y,landmark_13_z,landmark_14_x,landmark_14_y,landmark_14_z,landmark_15_x,landmark_15_y,landmark_15_z,landmark_16_x,landmark_16_y,landmark_16_z,landmark_17_x,landmark_17_y,landmark_17_z,landmark_18_x,landmark_18_y,landmark_18_z,landmark_19_x,landmark_19_y,landmark_19_z,landmark_20_x,landmark_20_y,landmark_20_z,class
0.07694345712661743,0.6680520176887512,-2.9356385766732274e-07,0.15019497275352478,0.6294698715209961,-0.028741970658302307,0.21811620891094208,0.5607596635818481,-0.03845524415373802,0.209219828248024,0.48276767134666443,-0.04687579348683357,0.15562564134597778,0.4692106246948242,-0.04987746849656105,0.18520842492580414,0.45921748876571655,0.0019245652947574854,0.1900942027568817,0.41697967052459717,-0.029315998777747154,0.18107780814170837,0.4816390573978424,-0.04799792915582657,0.18238091468811035,0.5051533579826355,-0.056865543127059937,0.14116188883781433,0.4444873034954071,0.003258093260228634,0.1376989483833313,0.40807661414146423,-0.029872266575694084,0.13453805446624756,0.48263049125671387,-0.03949350863695145,0.13871894776821136,0.49837207794189453,-0.037744492292404175,0.09658708423376083,0.4409295916557312,-0.002162458375096321,0.08843594789505005,0.408665269613266,-0.03585485368967056,0.09211918711662292,0.4828631579875946,-0.028934231027960777,0.0984928160905838,0.5015996694564819,-0.015279731713235378,0.048382773995399475,0.4451110363006592,-0.010294642299413681,0.048797234892845154,0.41598618030548096,-0.02655067853629589,0.05524525046348572,0.4689987897872925,-0.014808347448706627,0.0608363077044487,0.491106241941452,-0.000568568182643503,medium
