landmark_0_x,landmark_0_y,landmark_0_z,landmark_1_x,landmark_1_y,landmark_1_z,landmark_2_x,landmark_2_y,landmark_2_z,landmark_3_x,landmark_3_y,landmark_3_z,landmark_4_x,landmark_4_y,landmark_4_z,landmark_5_x,landmark_5_y,landmark_5_z,landmark_6_x,landmark_6_y,landmark_6_z,landmark_7_x,landmark_7_y,landmark_7_z,landmark_8_x,landmark_8_y,landmark_8_z,landmark_9_x,landmark_9_y,landmark_9_z,landmark_10_x,landmark_10_y,landmark_10_z,landmark_11_x,landmark_11_y,landmark_11_z,landmark_12_x,landmark_12_y,landmark_12_z,landmark_13_x,landmark_13_y,landmark_13_z,landmark_14_x,landmark_14_y,landmark_14_z,landmark_15_x,landmark_15_y,landmark_15_z,landmark_16_x,landmark_16_y,landmark_16_z,landmark_17_x,landmark_17_y,landmark_17_z,landmark_18_x,landmark_18_y,landmark_18_z,landmark_19_x,landmark_19_y,landmark_19_z,landmark_20_x,landmark_20_y,landmark_20_z,class
0.17390714585781097,0.669691801071167,-1.564139751053517e-07,0.23964762687683105,0.6395519971847534,-0.022303668782114983,0.2950235903263092,0.578802764415741,-0.026869239285588264,0.2912524938583374,0.5044083595275879,-0.03051788918673992,0.24211826920509338,0.5036849975585938,-0.028984645381569862,0.24899709224700928,0.5016272664070129,0.008360320702195168,0.26881009340286255,0.46003931760787964,-0.012103953398764133,0.2604635953903198,0.514712929725647,-0.02392619661986828,0.2555042505264282,0.532644510269165,-0.030005749315023422,0.2172042429447174,0.49502497911453247,0.00956480298191309,0.22826553881168365,0.4559656083583832,-0.017398882657289505,0.2230549454689026,0.5165358781814575,-0.02719445712864399,0.21909454464912415,0.530356764793396,-0.026108020916581154,0.18536491692066193,0.4959438741207123,0.005533792078495026,0.18980009853839874,0.46301114559173584,-0.01968931034207344,0.1923036128282547,0.5168862342834473,-0.01592511124908924,0.19170230627059937,0.5299725532531738,-0.00564279779791832,0.14929337799549103,0.5014550685882568,-0.0007296776166185737,0.1612710952758789,0.47373223304748535,-0.010675056837499142,0.1663704812526703,0.5096163153648376,-0.0019165705889463425,0.16572189331054688,0.5262255072593689,0.008575230836868286,medium
