landmark_0_x,landmark_0_y,landmark_0_z,landmark_1_x,landmark_1_y,landmark_1_z,landmark_2_x,landmark_2_y,landmark_2_z,landmark_3_x,landmark_3_y,landmark_3_z,landmark_4_x,landmark_4_y,landmark_4_z,landmark_5_x,landmark_5_y,landmark_5_z,landmark_6_x,landmark_6_y,landmark_6_z,landmark_7_x,landmark_7_y,landmark_7_z,landmark_8_x,landmark_8_y,landmark_8_z,landmark_9_x,landmark_9_y,landmark_9_z,landmark_10_x,landmark_10_y,landmark_10_z,landmark_11_x,landmark_11_y,landmark_11_z,landmark_12_x,landmark_12_y,landmark_12_z,landmark_13_x,landmark_13_y,landmark_13_z,landmark_14_x,landmark_14_y,landmark_14_z,landmark_15_x,landmark_15_y,landmark_15_z,landmark_16_x,landmark_16_y,landmark_16_z,landmark_17_x,landmark_17_y,landmark_17_z,landmark_18_x,landmark_18_y,landmark_18_z,landmark_19_x,landmark_19_y,landmark_19_z,landmark_20_x,landmark_20_y,landmark_20_z,class
0.34457892179489136,0.6834083795547485,-2.3748597755002265e-07,0.4020861089229584,0.6612008213996887,-0.019607216119766235,0.46114006638526917,0.6078283190727234,-0.026069432497024536,0.4669294059276581,0.5458645820617676,-0.03171297907829285,0.42646315693855286,0.5322126746177673,-0.03357739374041557,0.4307882487773895,0.5222210884094238,0.002499201102182269,0.4537582993507385,0.5009236931800842,-0.017278730869293213,0.4405660331249237,0.55361008644104,-0.02855418249964714,0.43064939975738525,0.5617685317993164,-0.03468469902873039,0.3995029926300049,0.5131462812423706,0.0022000984754413366,0.42045196890830994,0.4926125407218933,-0.01977788843214512,0.41075941920280457,0.5562094449996948,-0.02515215240418911,0.4016553461551666,0.5607616901397705,-0.023505713790655136,0.3673495054244995,0.512645423412323,-0.002507095690816641,0.3832760155200958,0.4945501685142517,-0.027691833674907684,0.3808165490627289,0.5574489235877991,-0.020963268354535103,0.3731939494609833,0.567244827747345,-0.009874900802969933,0.3307763934135437,0.5159160494804382,-0.008656080812215805,0.3496294617652893,0.4965422749519348,-0.02079140581190586,0.35247889161109924,0.5424173474311829,-0.009743931703269482,0.34736523032188416,0.5579298138618469,0.00210567913018167,medium
