landmark_0_x,landmark_0_y,landmark_0_z,landmark_1_x,landmark_1_y,landmark_1_z,landmark_2_x,landmark_2_y,landmark_2_z,landmark_3_x,landmark_3_y,landmark_3_z,landmark_4_x,landmark_4_y,landmark_4_z,landmark_5_x,landmark_5_y,landmark_5_z,landmark_6_x,landmark_6_y,landmark_6_z,landmark_7_x,landmark_7_y,landmark_7_z,landmark_8_x,landmark_8_y,landmark_8_z,landmark_9_x,landmark_9_y,landmark_9_z,landmark_10_x,landmark_10_y,landmark_10_z,landmark_11_x,landmark_11_y,landmark_11_z,landmark_12_x,landmark_12_y,landmark_12_z,landmark_13_x,landmark_13_y,landmark_13_z,landmark_14_x,landmark_14_y,landmark_14_z,landmark_15_x,landmark_15_y,landmark_15_z,landmark_16_x,landmark_16_y,landmark_16_z,landmark_17_x,landmark_17_y,landmark_17_z,landmark_18_x,landmark_18_y,landmark_18_z,landmark_19_x,landmark_19_y,landmark_19_z,landmark_20_x,landmark_20_y,landmark_20_z,class
0.11581534147262573,0.6758252382278442,-2.0688219137809938e-07,0.17896799743175507,0.6491668820381165,-0.02641495130956173,0.23663809895515442,0.5924760699272156,-0.03345972299575806,0.226397305727005,0.5270305871963501,-0.03813060373067856,0.1775004267692566,0.5181474685668945,-0.03701130673289299,0.2075386643409729,0.5126281380653381,0.0007171918987296522,0.22106924653053284,0.47625765204429626,-0.02483721822500229,0.20329397916793823,0.5290051698684692,-0.038106728345155716,0.1960630863904953,0.5452378988265991,-0.04385354369878769,0.17090407013893127,0.4988899230957031,0.0026104366406798363,0.17753957211971283,0.46935173869132996,-0.02456746995449066,0.1651163101196289,0.5344363451004028,-0.03074655681848526,0.16495545208454132,0.5419034361839294,-0.027533210813999176,0.13370579481124878,0.49606555700302124,-0.0016190727474167943,0.13457724452018738,0.47454744577407837,-0.03109828196465969,0.1324765533208847,0.5353733897209167,-0.026090754196047783,0.13605166971683502,0.5400272607803345,-0.014535466209053993,0.09364310652017593,0.5001193284988403,-0.00805632770061493,0.09986612945795059,0.4812946021556854,-0.021635618060827255,0.10285844653844833,0.5224188566207886,-0.011645928025245667,0.1036500632762909,0.5324544906616211,0.00018180403276346624,medium
