landmark_0_x,landmark_0_y,landmark_0_z,landmark_1_x,landmark_1_y,landmark_1_z,landmark_2_x,landmark_2_y,landmark_2_z,landmark_3_x,landmark_3_y,landmark_3_z,landmark_4_x,landmark_4_y,landmark_4_z,landmark_5_x,landmark_5_y,landmark_5_z,landmark_6_x,landmark_6_y,landmark_6_z,landmark_7_x,landmark_7_y,landmark_7_z,landmark_8_x,landmark_8_y,landmark_8_z,landmark_9_x,landmark_9_y,landmark_9_z,landmark_10_x,landmark_10_y,landmark_10_z,landmark_11_x,landmark_11_y,landmark_11_z,landmark_12_x,landmark_12_y,landmark_12_z,landmark_13_x,landmark_13_y,landmark_13_z,landmark_14_x,landmark_14_y,landmark_14_z,landmark_15_x,landmark_15_y,landmark_15_z,landmark_16_x,landmark_16_y,landmark_16_z,landmark_17_x,landmark_17_y,landmark_17_z,landmark_18_x,landmark_18_y,landmark_18_z,landmark_19_x,landmark_19_y,landmark_19_z,landmark_20_x,landmark_20_y,landmark_20_z,class
0.3038289248943329,0.788443922996521,-1.9475912438338128e-07,0.36051425337791443,0.7656764984130859,-0.024320049211382866,0.42637062072753906,0.7010962963104248,-0.030527446419000626,0.4327731728553772,0.6341403126716614,-0.034963209182024,0.3899555802345276,0.618432879447937,-0.034529563039541245,0.3787047266960144,0.596947968006134,0.0033354456536471844,0.4106948673725128,0.5843939185142517,-0.01926037296652794,0.3998541533946991,0.6442383527755737,-0.032546911388635635,0.39112067222595215,0.6503397822380066,-0.0393340066075325,0.34648558497428894,0.5847080945968628,0.005205088760703802,0.37304842472076416,0.5761545300483704,-0.015505803748965263,0.36318308115005493,0.6397852897644043,-0.02071748673915863,0.3547442853450775,0.6357276439666748,-0.019441375508904457,0.31303974986076355,0.5854474306106567,0.0014618097338825464,0.3329898416996002,0.5767925977706909,-0.01999114453792572,0.3282964527606964,0.6357084512710571,-0.01113117765635252,0.32031458616256714,0.6341882348060608,-0.0003185237292200327,0.2732776701450348,0.5909312963485718,-0.004759050440043211,0.29390159249305725,0.577099084854126,-0.011732851155102253,0.2953304648399353,0.622012734413147,0.0021779972594231367,0.2900787889957428,0.6322947144508362,0.015055748634040356,medium
