landmark_0_x,landmark_0_y,landmark_0_z,landmark_1_x,landmark_1_y,landmark_1_z,landmark_2_x,landmark_2_y,landmark_2_z,landmark_3_x,landmark_3_y,landmark_3_z,landmark_4_x,landmark_4_y,landmark_4_z,landmark_5_x,landmark_5_y,landmark_5_z,landmark_6_x,landmark_6_y,landmark_6_z,landmark_7_x,landmark_7_y,landmark_7_z,landmark_8_x,landmark_8_y,landmark_8_z,landmark_9_x,landmark_9_y,landmark_9_z,landmark_10_x,landmark_10_y,landmark_10_z,landmark_11_x,landmark_11_y,landmark_11_z,landmark_12_x,landmark_12_y,landmark_12_z,landmark_13_x,landmark_13_y,landmark_13_z,landmark_14_x,landmark_14_y,landmark_14_z,landmark_15_x,landmark_15_y,landmark_15_z,landmark_16_x,landmark_16_y,landmark_16_z,landmark_17_x,landmark_17_y,landmark_17_z,landmark_18_x,landmark_18_y,landmark_18_z,landmark_19_x,landmark_19_y,landmark_19_z,landmark_20_x,landmark_20_y,landmark_20_z,class
0.3054683208465576,0.7251795530319214,-3.9377252392114315e-07,0.3847272992134094,0.7030299305915833,-0.03804748132824898,0.4748402237892151,0.6020836234092712,-0.048704057931900024,0.4790617525577545,0.4961889684200287,-0.05415571853518486,0.4096521735191345,0.47675901651382446,-0.0509292408823967,0.42567479610443115,0.4743639826774597,-0.012268802151083946,0.4532974362373352,0.4270398020744324,-0.0419655442237854,0.4310222268104553,0.519777238368988,-0.05085457116365433,0.41712114214897156,0.5310343503952026,-0.05449313670396805,0.3729456067085266,0.45857754349708557,-0.007991413585841656,0.39955705404281616,0.4144868850708008,-0.04308614879846573,0.38323265314102173,0.5290272831916809,-0.0423535518348217,0.3722192645072937,0.5284734964370728,-0.0323033481836319,0.3203355669975281,0.4571440517902374,-0.010522201657295227,0.33693957328796387,0.41899043321609497,-0.04917166754603386,0.33390873670578003,0.5273653864860535,-0.029155509546399117,0.32544204592704773,0.5338010191917419,-0.006075478624552488,0.26284199953079224,0.45946282148361206,-0.015955384820699692,0.28328970074653625,0.4310515522956848,-0.03365204855799675,0.28739598393440247,0.5063133239746094,-0.012600583024322987,0.2804918885231018,0.5203356146812439,0.008005456067621708,medium
