landmark_0_x,landmark_0_y,landmark_0_z,landmark_1_x,landmark_1_y,landmark_1_z,landmark_2_x,landmark_2_y,landmark_2_z,landmark_3_x,landmark_3_y,landmark_3_z,landmark_4_x,landmark_4_y,landmark_4_z,landmark_5_x,landmark_5_y,landmark_5_z,landmark_6_x,landmark_6_y,landmark_6_z,landmark_7_x,landmark_7_y,landmark_7_z,landmark_8_x,landmark_8_y,landmark_8_z,landmark_9_x,landmark_9_y,landmark_9_z,landmark_10_x,landmark_10_y,landmark_10_z,landmark_11_x,landmark_11_y,landmark_11_z,landmark_12_x,landmark_12_y,landmark_12_z,landmark_13_x,landmark_13_y,landmark_13_z,landmark_14_x,landmark_14_y,landmark_14_z,landmark_15_x,landmark_15_y,landmark_15_z,landmark_16_x,landmark_16_y,landmark_16_z,landmark_17_x,landmark_17_y,landmark_17_z,landmark_18_x,landmark_18_y,landmark_18_z,landmark_19_x,landmark_19_y,landmark_19_z,landmark_20_x,landmark_20_y,landmark_20_z,class
0.3380282521247864,0.7026343941688538,-3.6087030252929253e-07,0.4072940945625305,0.6781103610992432,-0.02763213962316513,0.4839319586753845,0.5954307317733765,-0.03522411733865738,0.4916136860847473,0.5091148018836975,-0.04045093432068825,0.43705540895462036,0.4871453642845154,-0.03935430943965912,0.4458196461200714,0.4926295578479767,-0.0031399724539369345,0.47380220890045166,0.45225125551223755,-0.027421794831752777,0.45382073521614075,0.5260761380195618,-0.0364709235727787,0.4394444227218628,0.5340384244918823,-0.040728308260440826,0.4015197157859802,0.47711044549942017,-0.00220580049790442,0.42767736315727234,0.43982797861099243,-0.02956381067633629,0.4119134545326233,0.5310929417610168,-0.0300139132887125,0.4000146687030792,0.5291690826416016,-0.023207586258649826,0.3559240996837616,0.47380778193473816,-0.00713002635166049,0.37601664662361145,0.4377906620502472,-0.039421696215867996,0.37040987610816956,0.5278964638710022,-0.024631554260849953,0.35946178436279297,0.5341486930847168,-0.006741693709045649,0.3047391176223755,0.4744020700454712,-0.014136268757283688,0.3287445902824402,0.44663241505622864,-0.029435351490974426,0.3301200866699219,0.5089341402053833,-0.012566449120640755,0.32097765803337097,0.5206626653671265,0.0039973147213459015,medium
