landmark_0_x,landmark_0_y,landmark_0_z,landmark_1_x,landmark_1_y,landmark_1_z,landmark_2_x,landmark_2_y,landmark_2_z,landmark_3_x,landmark_3_y,landmark_3_z,landmark_4_x,landmark_4_y,landmark_4_z,landmark_5_x,landmark_5_y,landmark_5_z,landmark_6_x,landmark_6_y,landmark_6_z,landmark_7_x,landmark_7_y,landmark_7_z,landmark_8_x,landmark_8_y,landmark_8_z,landmark_9_x,landmark_9_y,landmark_9_z,landmark_10_x,landmark_10_y,landmark_10_z,landmark_11_x,landmark_11_y,landmark_11_z,landmark_12_x,landmark_12_y,landmark_12_z,landmark_13_x,landmark_13_y,landmark_13_z,landmark_14_x,landmark_14_y,landmark_14_z,landmark_15_x,landmark_15_y,landmark_15_z,landmark_16_x,landmark_16_y,landmark_16_z,landmark_17_x,landmark_17_y,landmark_17_z,landmark_18_x,landmark_18_y,landmark_18_z,landmark_19_x,landmark_19_y,landmark_19_z,landmark_20_x,landmark_20_y,landmark_20_z,class
0.2605312764644623,0.6555927395820618,-7.042436322990397e-08,0.3173067569732666,0.636802613735199,-0.02080584317445755,0.37363988161087036,0.5719304084777832,-0.024277465417981148,0.3766678273677826,0.5029045343399048,-0.02622241899371147,0.33527231216430664,0.4901927411556244,-0.025010038167238235,0.3224622905254364,0.48805519938468933,0.003991700708866119,0.34294283390045166,0.46298855543136597,-0.013345332816243172,0.3447103798389435,0.510293185710907,-0.025507384911179543,0.34489840269088745,0.5272596478462219,-0.031706616282463074,0.293052613735199,0.4803422689437866,0.0064340559765696526,0.309609055519104,0.4570920169353485,-0.01154334470629692,0.30947232246398926,0.5088921785354614,-0.01908586546778679,0.30563050508499146,0.5205388069152832,-0.01937776990234852,0.2620586156845093,0.48244237899780273,0.004385305102914572,0.2750133275985718,0.46000605821609497,-0.014440477825701237,0.278915673494339,0.5085588693618774,-0.010800652205944061,0.2764095067977905,0.5215855240821838,-0.0032848212867975235,0.22605493664741516,0.4902897775173187,0.0003886716440320015,0.2434842437505722,0.46627405285835266,-0.007973539642989635,0.24973580241203308,0.5012692809104919,0.001096974709071219,0.24835820496082306,0.5190538763999939,0.010829942300915718,medium
