landmark_0_x,landmark_0_y,landmark_0_z,landmark_1_x,landmark_1_y,landmark_1_z,landmark_2_x,landmark_2_y,landmark_2_z,landmark_3_x,landmark_3_y,landmark_3_z,landmark_4_x,landmark_4_y,landmark_4_z,landmark_5_x,landmark_5_y,landmark_5_z,landmark_6_x,landmark_6_y,landmark_6_z,landmark_7_x,landmark_7_y,landmark_7_z,landmark_8_x,landmark_8_y,landmark_8_z,landmark_9_x,landmark_9_y,landmark_9_z,landmark_10_x,landmark_10_y,landmark_10_z,landmark_11_x,landmark_11_y,landmark_11_z,landmark_12_x,landmark_12_y,landmark_12_z,landmark_13_x,landmark_13_y,landmark_13_z,landmark_14_x,landmark_14_y,landmark_14_z,landmark_15_x,landmark_15_y,landmark_15_z,landmark_16_x,landmark_16_y,landmark_16_z,landmark_17_x,landmark_17_y,landmark_17_z,landmark_18_x,landmark_18_y,landmark_18_z,landmark_19_x,landmark_19_y,landmark_19_z,landmark_20_x,landmark_20_y,landmark_20_z,class
0.12421075254678726,0.7185992002487183,-4.134213327233738e-07,0.2236984521150589,0.669135332107544,-0.03668986260890961,0.31744882464408875,0.5603364706039429,-0.04608263075351715,0.30917516350746155,0.44853198528289795,-0.053088072687387466,0.22942902147769928,0.4386819899082184,-0.05098198726773262,0.26078882813453674,0.43314918875694275,0.002505060750991106,0.29122650623321533,0.37072479724884033,-0.033101748675107956,0.26524946093559265,0.4699014127254486,-0.048390407115221024,0.25303882360458374,0.4928422272205353,-0.05488296225667,0.20235416293144226,0.41340193152427673,0.0037940151523798704,0.22415713965892792,0.364848792552948,-0.03856966271996498,0.2066493034362793,0.48348966240882874,-0.04419552907347679,0.20077581703662872,0.49370959401130676,-0.035807400941848755,0.14424367249011993,0.41100552678108215,-0.0034432827960699797,0.15375494956970215,0.37211424112319946,-0.04735919088125229,0.15092843770980835,0.48255082964897156,-0.032606348395347595,0.1497475802898407,0.4959496259689331,-0.009891090914607048,0.08092212677001953,0.4160187840461731,-0.01381310448050499,0.09758944064378738,0.380629301071167,-0.031129712238907814,0.10309336334466934,0.45581918954849243,-0.010509483516216278,0.10107526183128357,0.4753844141960144,0.011227474547922611,medium
