landmark_0_x,landmark_0_y,landmark_0_z,landmark_1_x,landmark_1_y,landmark_1_z,landmark_2_x,landmark_2_y,landmark_2_z,landmark_3_x,landmark_3_y,landmark_3_z,landmark_4_x,landmark_4_y,landmark_4_z,landmark_5_x,landmark_5_y,landmark_5_z,landmark_6_x,landmark_6_y,landmark_6_z,landmark_7_x,landmark_7_y,landmark_7_z,landmark_8_x,landmark_8_y,landmark_8_z,landmark_9_x,landmark_9_y,landmark_9_z,landmark_10_x,landmark_10_y,landmark_10_z,landmark_11_x,landmark_11_y,landmark_11_z,landmark_12_x,landmark_12_y,landmark_12_z,landmark_13_x,landmark_13_y,landmark_13_z,landmark_14_x,landmark_14_y,landmark_14_z,landmark_15_x,landmark_15_y,landmark_15_z,landmark_16_x,landmark_16_y,landmark_16_z,landmark_17_x,landmark_17_y,landmark_17_z,landmark_18_x,landmark_18_y,landmark_18_z,landmark_19_x,landmark_19_y,landmark_19_z,landmark_20_x,landmark_20_y,landmark_20_z,class
0.11121130734682083,0.6884113550186157,-2.1542926731399348e-07,0.17395296692848206,0.6623493432998657,-0.0292814951390028,0.23409488797187805,0.6049777865409851,-0.03845348581671715,0.22379153966903687,0.5379936099052429,-0.04435093700885773,0.17313997447490692,0.5282228589057922,-0.04394717514514923,0.20429794490337372,0.5227956175804138,-0.005258266348391771,0.21797311305999756,0.48864099383354187,-0.032372377812862396,0.1985464096069336,0.5456579327583313,-0.04478950425982475,0.1913471519947052,0.556888222694397,-0.05021392181515694,0.1672254055738449,0.5081164240837097,-0.002768156351521611,0.17536647617816925,0.48116347193717957,-0.031791094690561295,0.16141405701637268,0.5509365797042847,-0.03644505888223648,0.1607779711484909,0.5529410243034363,-0.03213895857334137,0.129896879196167,0.5051416158676147,-0.006518798880279064,0.13016436994075775,0.4882164001464844,-0.03782781586050987,0.1266070157289505,0.5536196231842041,-0.03024984337389469,0.1306251883506775,0.554137110710144,-0.01695949211716652,0.08998274058103561,0.5078762173652649,-0.012673994526267052,0.09296781569719315,0.49511420726776123,-0.02675369568169117,0.09601861238479614,0.5396330952644348,-0.015603750944137573,0.09830880910158157,0.546029806137085,-0.003121256362646818,medium
