landmark_0_x,landmark_0_y,landmark_0_z,landmark_1_x,landmark_1_y,landmark_1_z,landmark_2_x,landmark_2_y,landmark_2_z,landmark_3_x,landmark_3_y,landmark_3_z,landmark_4_x,landmark_4_y,landmark_4_z,landmark_5_x,landmark_5_y,landmark_5_z,landmark_6_x,landmark_6_y,landmark_6_z,landmark_7_x,landmark_7_y,landmark_7_z,landmark_8_x,landmark_8_y,landmark_8_z,landmark_9_x,landmark_9_y,landmark_9_z,landmark_10_x,landmark_10_y,landmark_10_z,landmark_11_x,landmark_11_y,landmark_11_z,landmark_12_x,landmark_12_y,landmark_12_z,landmark_13_x,landmark_13_y,landmark_13_z,landmark_14_x,landmark_14_y,landmark_14_z,landmark_15_x,landmark_15_y,landmark_15_z,landmark_16_x,landmark_16_y,landmark_16_z,landmark_17_x,landmark_17_y,landmark_17_z,landmark_18_x,landmark_18_y,landmark_18_z,landmark_19_x,landmark_19_y,landmark_19_z,landmark_20_x,landmark_20_y,landmark_20_z,class
0.07883686572313309,0.6545726656913757,-2.4788639052530925e-07,0.1568959504365921,0.625164270401001,-0.04105036333203316,0.22780922055244446,0.5590773224830627,-0.05490036681294441,0.21259690821170807,0.4761474132537842,-0.06390658766031265,0.1527666300535202,0.46269190311431885,-0.06486577540636063,0.1932104527950287,0.46074792742729187,-0.010707931593060493,0.20653972029685974,0.41502752900123596,-0.04601062461733818,0.18332159519195557,0.4847852289676666,-0.062072284519672394,0.17967748641967773,0.5010731220245361,-0.06877192854881287,0.14754322171211243,0.4430694580078125,-0.0052452669478952885,0.15595191717147827,0.4033690094947815,-0.04461898282170296,0.1393454521894455,0.4873294532299042,-0.05133679881691933,0.14275193214416504,0.4936349391937256,-0.045463886111974716,0.10195064544677734,0.437248170375824,-0.007982461713254452,0.10124798119068146,0.4107207655906677,-0.04887499660253525,0.09609921276569366,0.4868371784687042,-0.04063603654503822,0.10370303690433502,0.48980623483657837,-0.023769566789269447,0.05457361787557602,0.43803784251213074,-0.014135479927062988,0.061008378863334656,0.4159092903137207,-0.03205953910946846,0.06123712658882141,0.4655434489250183,-0.019292837008833885,0.0621761828660965,0.47537773847579956,-0.0040930649265646935,medium
