landmark_0_x,landmark_0_y,landmark_0_z,landmark_1_x,landmark_1_y,landmark_1_z,landmark_2_x,landmark_2_y,landmark_2_z,landmark_3_x,landmark_3_y,landmark_3_z,landmark_4_x,landmark_4_y,landmark_4_z,landmark_5_x,landmark_5_y,landmark_5_z,landmark_6_x,landmark_6_y,landmark_6_z,landmark_7_x,landmark_7_y,landmark_7_z,landmark_8_x,landmark_8_y,landmark_8_z,landmark_9_x,landmark_9_y,landmark_9_z,landmark_10_x,landmark_10_y,landmark_10_z,landmark_11_x,landmark_11_y,landmark_11_z,landmark_12_x,landmark_12_y,landmark_12_z,landmark_13_x,landmark_13_y,landmark_13_z,landmark_14_x,landmark_14_y,landmark_14_z,landmark_15_x,landmark_15_y,landmark_15_z,landmark_16_x,landmark_16_y,landmark_16_z,landmark_17_x,landmark_17_y,landmark_17_z,landmark_18_x,landmark_18_y,landmark_18_z,landmark_19_x,landmark_19_y,landmark_19_z,landmark_20_x,landmark_20_y,landmark_20_z,class
0.20208099484443665,0.729625940322876,-2.9774122367598466e-07,0.2948055565357208,0.6684767603874207,-0.030999237671494484,0.3768913447856903,0.5815126895904541,-0.040600359439849854,0.37182754278182983,0.47945064306259155,-0.050849199295043945,0.3008386492729187,0.4699227213859558,-0.05441433563828468,0.29999497532844543,0.4486844837665558,0.01567184180021286,0.33468595147132874,0.3996412456035614,-0.016597608104348183,0.3247925639152527,0.4810674786567688,-0.03775475174188614,0.3118564784526825,0.5082663297653198,-0.04814257100224495,0.25088298320770264,0.43698039650917053,0.015950549393892288,0.2749568819999695,0.39594221115112305,-0.020110251381993294,0.2677284777164459,0.4859234690666199,-0.03599897399544716,0.25648412108421326,0.5054889917373657,-0.03699078410863876,0.20194000005722046,0.4411355257034302,0.008500116877257824,0.21937495470046997,0.4024944305419922,-0.024292275309562683,0.22155894339084625,0.4816753566265106,-0.01955024152994156,0.21516834199428558,0.5026949048042297,-0.006410261150449514,0.14689216017723083,0.4554048478603363,-0.002339628292247653,0.17397019267082214,0.41710275411605835,-0.01344689354300499,0.18156315386295319,0.4680703282356262,0.0014120925916358829,0.17617982625961304,0.4934954047203064,0.017992688342928886,medium
