landmark_0_x,landmark_0_y,landmark_0_z,landmark_1_x,landmark_1_y,landmark_1_z,landmark_2_x,landmark_2_y,landmark_2_z,landmark_3_x,landmark_3_y,landmark_3_z,landmark_4_x,landmark_4_y,landmark_4_z,landmark_5_x,landmark_5_y,landmark_5_z,landmark_6_x,landmark_6_y,landmark_6_z,landmark_7_x,landmark_7_y,landmark_7_z,landmark_8_x,landmark_8_y,landmark_8_z,landmark_9_x,landmark_9_y,landmark_9_z,landmark_10_x,landmark_10_y,landmark_10_z,landmark_11_x,landmark_11_y,landmark_11_z,landmark_12_x,landmark_12_y,landmark_12_z,landmark_13_x,landmark_13_y,landmark_13_z,landmark_14_x,landmark_14_y,landmark_14_z,landmark_15_x,landmark_15_y,landmark_15_z,landmark_16_x,landmark_16_y,landmark_16_z,landmark_17_x,landmark_17_y,landmark_17_z,landmark_18_x,landmark_18_y,landmark_18_z,landmark_19_x,landmark_19_y,landmark_19_z,landmark_20_x,landmark_20_y,landmark_20_z,class
0.28094422817230225,0.7480339407920837,-4.180600967629289e-07,0.36851462721824646,0.7101629972457886,-0.0428420752286911,0.46663251519203186,0.5992377996444702,-0.056036822497844696,0.4699883460998535,0.48350927233695984,-0.06447627395391464,0.3939855396747589,0.46188265085220337,-0.06402703374624252,0.4084782004356384,0.4758991301059723,-0.009146454744040966,0.4441952705383301,0.4226844310760498,-0.04371808096766472,0.42069414258003235,0.5203602910041809,-0.055647820234298706,0.40555304288864136,0.5318372249603271,-0.06085465848445892,0.35103633999824524,0.45763832330703735,-0.005057371687144041,0.3835259974002838,0.4036998748779297,-0.04558352753520012,0.36429154872894287,0.5253481864929199,-0.04637523368000984,0.3514123558998108,0.5240485668182373,-0.036026474088430405,0.2931244969367981,0.45570462942123413,-0.009320451878011227,0.315120130777359,0.40972429513931274,-0.05513633415102959,0.3107058107852936,0.5263981223106384,-0.03487914428114891,0.30063706636428833,0.5319175720214844,-0.009774655103683472,0.22895637154579163,0.4583733081817627,-0.016818713396787643,0.2535874545574188,0.41978251934051514,-0.03763218969106674,0.25886884331703186,0.5006440281867981,-0.014785131439566612,0.2522224187850952,0.5178892016410828,0.007723051123321056,medium
