landmark_0_x,landmark_0_y,landmark_0_z,landmark_1_x,landmark_1_y,landmark_1_z,landmark_2_x,landmark_2_y,landmark_2_z,landmark_3_x,landmark_3_y,landmark_3_z,landmark_4_x,landmark_4_y,landmark_4_z,landmark_5_x,landmark_5_y,landmark_5_z,landmark_6_x,landmark_6_y,landmark_6_z,landmark_7_x,landmark_7_y,landmark_7_z,landmark_8_x,landmark_8_y,landmark_8_z,landmark_9_x,landmark_9_y,landmark_9_z,landmark_10_x,landmark_10_y,landmark_10_z,landmark_11_x,landmark_11_y,landmark_11_z,landmark_12_x,landmark_12_y,landmark_12_z,landmark_13_x,landmark_13_y,landmark_13_z,landmark_14_x,landmark_14_y,landmark_14_z,landmark_15_x,landmark_15_y,landmark_15_z,landmark_16_x,landmark_16_y,landmark_16_z,landmark_17_x,landmark_17_y,landmark_17_z,landmark_18_x,landmark_18_y,landmark_18_z,landmark_19_x,landmark_19_y,landmark_19_z,landmark_20_x,landmark_20_y,landmark_20_z,class
0.08159678429365158,0.6568866968154907,-2.064843585003473e-07,0.15666881203651428,0.6289247274398804,-0.03990240395069122,0.2286580204963684,0.5621206164360046,-0.053942177444696426,0.21204864978790283,0.48070189356803894,-0.06300860643386841,0.15001343190670013,0.4694702923297882,-0.06443119794130325,0.19415563344955444,0.46716296672821045,-0.013779286295175552,0.20616182684898376,0.41782814264297485,-0.04898699000477791,0.18509402871131897,0.4860580265522003,-0.0650489330291748,0.1791277378797531,0.5074819326400757,-0.0712537094950676,0.14744709432125092,0.4505264163017273,-0.008594443090260029,0.15551938116550446,0.4058743417263031,-0.048092328011989594,0.1396840661764145,0.49198198318481445,-0.05535271391272545,0.13888153433799744,0.5075997710227966,-0.04929129034280777,0.10163310170173645,0.44558456540107727,-0.010813192464411259,0.10007041692733765,0.41615739464759827,-0.051397837698459625,0.09721741080284119,0.49687403440475464,-0.04275166243314743,0.1031479611992836,0.5089755654335022,-0.02511979267001152,0.053010761737823486,0.44768500328063965,-0.01612543873488903,0.057295992970466614,0.42567169666290283,-0.0346209816634655,0.06179903447628021,0.47928258776664734,-0.02142913267016411,0.06506944447755814,0.4929755628108978,-0.005513305310159922,medium
