landmark_0_x,landmark_0_y,landmark_0_z,landmark_1_x,landmark_1_y,landmark_1_z,landmark_2_x,landmark_2_y,landmark_2_z,landmark_3_x,landmark_3_y,landmark_3_z,landmark_4_x,landmark_4_y,landmark_4_z,landmark_5_x,landmark_5_y,landmark_5_z,landmark_6_x,landmark_6_y,landmark_6_z,landmark_7_x,landmark_7_y,landmark_7_z,landmark_8_x,landmark_8_y,landmark_8_z,landmark_9_x,landmark_9_y,landmark_9_z,landmark_10_x,landmark_10_y,landmark_10_z,landmark_11_x,landmark_11_y,landmark_11_z,landmark_12_x,landmark_12_y,landmark_12_z,landmark_13_x,landmark_13_y,landmark_13_z,landmark_14_x,landmark_14_y,landmark_14_z,landmark_15_x,landmark_15_y,landmark_15_z,landmark_16_x,landmark_16_y,landmark_16_z,landmark_17_x,landmark_17_y,landmark_17_z,landmark_18_x,landmark_18_y,landmark_18_z,landmark_19_x,landmark_19_y,landmark_19_z,landmark_20_x,landmark_20_y,landmark_20_z,class
0.32066404819488525,0.6506211161613464,-2.5398597358616826e-07,0.38274461030960083,0.6300117373466492,-0.02345713973045349,0.4452478885650635,0.5682985782623291,-0.02941831201314926,0.45232728123664856,0.4981381297111511,-0.033965811133384705,0.4084101617336273,0.4822644889354706,-0.03292721509933472,0.41442668437957764,0.48630785942077637,0.0015350461471825838,0.43515443801879883,0.4482119083404541,-0.020110568031668663,0.4190516471862793,0.5091868042945862,-0.02877514809370041,0.4115600287914276,0.520310640335083,-0.032545898109674454,0.38047969341278076,0.4749879837036133,0.0022733116056770086,0.39815226197242737,0.4402121305465698,-0.023626964539289474,0.38546332716941833,0.5124975442886353,-0.026154670864343643,0.3799610137939453,0.5159459710121155,-0.020848805084824562,0.3441357910633087,0.47216081619262695,-0.002466798759996891,0.35682180523872375,0.44194549322128296,-0.031947579234838486,0.3519977033138275,0.512383222579956,-0.02178923226892948,0.34795546531677246,0.5204390287399292,-0.006870040204375982,0.3031698167324066,0.4717601537704468,-0.009044181555509567,0.31978413462638855,0.4478650689125061,-0.022788606584072113,0.32033294439315796,0.496931254863739,-0.010138804093003273,0.31550392508506775,0.5091172456741333,0.003308995859697461,medium
