landmark_0_x,landmark_0_y,landmark_0_z,landmark_1_x,landmark_1_y,landmark_1_z,landmark_2_x,landmark_2_y,landmark_2_z,landmark_3_x,landmark_3_y,landmark_3_z,landmark_4_x,landmark_4_y,landmark_4_z,landmark_5_x,landmark_5_y,landmark_5_z,landmark_6_x,landmark_6_y,landmark_6_z,landmark_7_x,landmark_7_y,landmark_7_z,landmark_8_x,landmark_8_y,landmark_8_z,landmark_9_x,landmark_9_y,landmark_9_z,landmark_10_x,landmark_10_y,landmark_10_z,landmark_11_x,landmark_11_y,landmark_11_z,landmark_12_x,landmark_12_y,landmark_12_z,landmark_13_x,landmark_13_y,landmark_13_z,landmark_14_x,landmark_14_y,landmark_14_z,landmark_15_x,landmark_15_y,landmark_15_z,landmark_16_x,landmark_16_y,landmark_16_z,landmark_17_x,landmark_17_y,landmark_17_z,landmark_18_x,landmark_18_y,landmark_18_z,landmark_19_x,landmark_19_y,landmark_19_z,landmark_20_x,landmark_20_y,landmark_20_z,class
0.09571344405412674,0.6770758032798767,-2.170563959680294e-07,0.17271502315998077,0.6442078351974487,-0.0261077843606472,0.23968341946601868,0.580405056476593,-0.033427122980356216,0.22728925943374634,0.5021731853485107,-0.03911570832133293,0.1700560748577118,0.48914337158203125,-0.03899015486240387,0.20306722819805145,0.47753891348838806,0.005651599261909723,0.2171597182750702,0.44725707173347473,-0.020766261965036392,0.20173098146915436,0.5074711441993713,-0.036681730300188065,0.19396603107452393,0.52400141954422,-0.04461156949400902,0.16205273568630219,0.4590039849281311,0.0067315311171114445,0.16513526439666748,0.4359765648841858,-0.02149101346731186,0.156428262591362,0.5061977505683899,-0.03182685747742653,0.15559102594852448,0.5129445791244507,-0.03171215206384659,0.12092448025941849,0.4547090232372284,0.0018112455727532506,0.116041399538517,0.4384375810623169,-0.027386033907532692,0.11772556602954865,0.5073517560958862,-0.023418301716446877,0.12267239391803741,0.514674723148346,-0.01300992164760828,0.0765480026602745,0.45920687913894653,-0.005492536351084709,0.07905532419681549,0.4452245235443115,-0.018144693225622177,0.08465932309627533,0.4953850209712982,-0.007580724079161882,0.08881682902574539,0.5107173919677734,0.004720291122794151,medium
