landmark_0_x,landmark_0_y,landmark_0_z,landmark_1_x,landmark_1_y,landmark_1_z,landmark_2_x,landmark_2_y,landmark_2_z,landmark_3_x,landmark_3_y,landmark_3_z,landmark_4_x,landmark_4_y,landmark_4_z,landmark_5_x,landmark_5_y,landmark_5_z,landmark_6_x,landmark_6_y,landmark_6_z,landmark_7_x,landmark_7_y,landmark_7_z,landmark_8_x,landmark_8_y,landmark_8_z,landmark_9_x,landmark_9_y,landmark_9_z,landmark_10_x,landmark_10_y,landmark_10_z,landmark_11_x,landmark_11_y,landmark_11_z,landmark_12_x,landmark_12_y,landmark_12_z,landmark_13_x,landmark_13_y,landmark_13_z,landmark_14_x,landmark_14_y,landmark_14_z,landmark_15_x,landmark_15_y,landmark_15_z,landmark_16_x,landmark_16_y,landmark_16_z,landmark_17_x,landmark_17_y,landmark_17_z,landmark_18_x,landmark_18_y,landmark_18_z,landmark_19_x,landmark_19_y,landmark_19_z,landmark_20_x,landmark_20_y,landmark_20_z,class
0.19946114718914032,0.7414495944976807,-3.901496654634684e-07,0.3007420301437378,0.6916915774345398,-0.03157511726021767,0.40065664052963257,0.5810838937759399,-0.03803100064396858,0.4049721956253052,0.465710312128067,-0.04389510676264763,0.326091468334198,0.4535328447818756,-0.04196956753730774,0.3433009088039398,0.4476439952850342,0.011994128115475178,0.37996160984039307,0.3943535089492798,-0.019687620922923088,0.356901615858078,0.48705407977104187,-0.0345531702041626,0.3425183892250061,0.5097206830978394,-0.04125465825200081,0.2851831316947937,0.4295847713947296,0.00994381308555603,0.3151930570602417,0.38122740387916565,-0.028275083750486374,0.29714128375053406,0.49508142471313477,-0.03526163101196289,0.28664159774780273,0.5070962905883789,-0.028696957975625992,0.22646719217300415,0.42917168140411377,-0.0003022615273948759,0.24418939650058746,0.39027994871139526,-0.04175010323524475,0.24134981632232666,0.4977198541164398,-0.029545754194259644,0.23547488451004028,0.5145509839057922,-0.009115268476307392,0.16237474977970123,0.4362770617008209,-0.01330870296806097,0.1853533238172531,0.39100900292396545,-0.029072733595967293,0.19166672229766846,0.4651232957839966,-0.007987416349351406,0.187652587890625,0.49059852957725525,0.013558052480220795,medium
