landmark_0_x,landmark_0_y,landmark_0_z,landmark_1_x,landmark_1_y,landmark_1_z,landmark_2_x,landmark_2_y,landmark_2_z,landmark_3_x,landmark_3_y,landmark_3_z,landmark_4_x,landmark_4_y,landmark_4_z,landmark_5_x,landmark_5_y,landmark_5_z,landmark_6_x,landmark_6_y,landmark_6_z,landmark_7_x,landmark_7_y,landmark_7_z,landmark_8_x,landmark_8_y,landmark_8_z,landmark_9_x,landmark_9_y,landmark_9_z,landmark_10_x,landmark_10_y,landmark_10_z,landmark_11_x,landmark_11_y,landmark_11_z,landmark_12_x,landmark_12_y,landmark_12_z,landmark_13_x,landmark_13_y,landmark_13_z,landmark_14_x,landmark_14_y,landmark_14_z,landmark_15_x,landmark_15_y,landmark_15_z,landmark_16_x,landmark_16_y,landmark_16_z,landmark_17_x,landmark_17_y,landmark_17_z,landmark_18_x,landmark_18_y,landmark_18_z,landmark_19_x,landmark_19_y,landmark_19_z,landmark_20_x,landmark_20_y,landmark_20_z,class
0.3219432234764099,0.6662436723709106,-3.543171374076337e-07,0.3904889225959778,0.6385234594345093,-0.02648342400789261,0.46334579586982727,0.5776099562644958,-0.03815930336713791,0.47004884481430054,0.5019158124923706,-0.04812895506620407,0.4185097813606262,0.4862401485443115,-0.052646487951278687,0.4195488393306732,0.4616277813911438,-0.004212521016597748,0.45665183663368225,0.44117072224617004,-0.03049728088080883,0.4356428384780884,0.5079997777938843,-0.0440731942653656,0.41935813426971436,0.5110922455787659,-0.052151989191770554,0.38133418560028076,0.44822952151298523,-0.004621533676981926,0.41532203555107117,0.4323591887950897,-0.03317905217409134,0.3998958170413971,0.511253297328949,-0.03832623362541199,0.3859838545322418,0.5123246312141418,-0.03603618964552879,0.34292808175086975,0.44739460945129395,-0.01040432695299387,0.36688944697380066,0.4336554706096649,-0.040420882403850555,0.3623248040676117,0.5102626085281372,-0.029757415875792503,0.35140112042427063,0.5180698037147522,-0.015888629481196404,0.3002273142337799,0.4524790644645691,-0.01849166303873062,0.32623982429504395,0.4366069436073303,-0.03154688701033592,0.32835352420806885,0.4931647479534149,-0.017554325982928276,0.3198292553424835,0.5074692964553833,-0.0036176741123199463,medium
