landmark_0_x,landmark_0_y,landmark_0_z,landmark_1_x,landmark_1_y,landmark_1_z,landmark_2_x,landmark_2_y,landmark_2_z,landmark_3_x,landmark_3_y,landmark_3_z,landmark_4_x,landmark_4_y,landmark_4_z,landmark_5_x,landmark_5_y,landmark_5_z,landmark_6_x,landmark_6_y,landmark_6_z,landmark_7_x,landmark_7_y,landmark_7_z,landmark_8_x,landmark_8_y,landmark_8_z,landmark_9_x,landmark_9_y,landmark_9_z,landmark_10_x,landmark_10_y,landmark_10_z,landmark_11_x,landmark_11_y,landmark_11_z,landmark_12_x,landmark_12_y,landmark_12_z,landmark_13_x,landmark_13_y,landmark_13_z,landmark_14_x,landmark_14_y,landmark_14_z,landmark_15_x,landmark_15_y,landmark_15_z,landmark_16_x,landmark_16_y,landmark_16_z,landmark_17_x,landmark_17_y,landmark_17_z,landmark_18_x,landmark_18_y,landmark_18_z,landmark_19_x,landmark_19_y,landmark_19_z,landmark_20_x,landmark_20_y,landmark_20_z,class
0.22734296321868896,0.672698438167572,-1.5988570112313027e-07,0.3027743101119995,0.6443531513214111,-0.02918160893023014,0.3748152554035187,0.5708652138710022,-0.03638396039605141,0.38367074728012085,0.48317334055900574,-0.04216466471552849,0.3372138738632202,0.46001699566841125,-0.04332248494029045,0.32283079624176025,0.47204792499542236,0.0073817940428853035,0.35667911171913147,0.434849351644516,-0.016794774681329727,0.3437524139881134,0.48606961965560913,-0.034794311970472336,0.33641108870506287,0.5021143555641174,-0.045254211872816086,0.28584742546081543,0.45597901940345764,0.010484768077731133,0.312381386756897,0.41420477628707886,-0.01450217142701149,0.30315619707107544,0.4683365523815155,-0.025516651570796967,0.30111801624298096,0.48275819420814514,-0.026754016056656837,0.24507667124271393,0.45103341341018677,0.006888055708259344,0.2604178786277771,0.41284891963005066,-0.016706988215446472,0.25997135043144226,0.46392732858657837,-0.012942245230078697,0.2603645920753479,0.4796992242336273,-0.004048690665513277,0.19757679104804993,0.4537498354911804,5.568413689616136e-05,0.21428409218788147,0.4153914451599121,-0.008976075798273087,0.2200407236814499,0.4517797827720642,0.002172092441469431,0.22226455807685852,0.4755532443523407,0.01392623782157898,medium
