landmark_0_x,landmark_0_y,landmark_0_z,landmark_1_x,landmark_1_y,landmark_1_z,landmark_2_x,landmark_2_y,landmark_2_z,landmark_3_x,landmark_3_y,landmark_3_z,landmark_4_x,landmark_4_y,landmark_4_z,landmark_5_x,landmark_5_y,landmark_5_z,landmark_6_x,landmark_6_y,landmark_6_z,landmark_7_x,landmark_7_y,landmark_7_z,landmark_8_x,landmark_8_y,landmark_8_z,landmark_9_x,landmark_9_y,landmark_9_z,landmark_10_x,landmark_10_y,landmark_10_z,landmark_11_x,landmark_11_y,landmark_11_z,landmark_12_x,landmark_12_y,landmark_12_z,landmark_13_x,landmark_13_y,landmark_13_z,landmark_14_x,landmark_14_y,landmark_14_z,landmark_15_x,landmark_15_y,landmark_15_z,landmark_16_x,landmark_16_y,landmark_16_z,landmark_17_x,landmark_17_y,landmark_17_z,landmark_18_x,landmark_18_y,landmark_18_z,landmark_19_x,landmark_19_y,landmark_19_z,landmark_20_x,landmark_20_y,landmark_20_z,class
0.347140371799469,0.6768412590026855,-2.6105706751877733e-07,0.4252821207046509,0.6448309421539307,-0.03039156273007393,0.5059040784835815,0.5684263110160828,-0.039903510361909866,0.5114501118659973,0.4824284315109253,-0.04727477207779884,0.4518131613731384,0.4634558856487274,-0.048168253153562546,0.45511338114738464,0.45382070541381836,-0.0002683426719158888,0.488179087638855,0.42215263843536377,-0.029667824506759644,0.4689171016216278,0.49400022625923157,-0.04259123653173447,0.4551693797111511,0.506199061870575,-0.04813713952898979,0.4111080467700958,0.4374660849571228,0.0005603256868198514,0.4406088888645172,0.4028450548648834,-0.03327903524041176,0.4245230555534363,0.4933907985687256,-0.03777533397078514,0.41330015659332275,0.5004788041114807,-0.03154594078660011,0.36566799879074097,0.4341275990009308,-0.005322112236171961,0.3863967955112457,0.4054090678691864,-0.042734645307064056,0.3800971508026123,0.4951462149620056,-0.029900014400482178,0.3708619177341461,0.5072260499000549,-0.0108794579282403,0.3145018517971039,0.4365744888782501,-0.013552983291447163,0.3391425609588623,0.4097255766391754,-0.02998625859618187,0.3406657576560974,0.4733598232269287,-0.012408443726599216,0.3328903913497925,0.49057409167289734,0.005903011187911034,medium
