landmark_0_x,landmark_0_y,landmark_0_z,landmark_1_x,landmark_1_y,landmark_1_z,landmark_2_x,landmark_2_y,landmark_2_z,landmark_3_x,landmark_3_y,landmark_3_z,landmark_4_x,landmark_4_y,landmark_4_z,landmark_5_x,landmark_5_y,landmark_5_z,landmark_6_x,landmark_6_y,landmark_6_z,landmark_7_x,landmark_7_y,landmark_7_z,landmark_8_x,landmark_8_y,landmark_8_z,landmark_9_x,landmark_9_y,landmark_9_z,landmark_10_x,landmark_10_y,landmark_10_z,landmark_11_x,landmark_11_y,landmark_11_z,landmark_12_x,landmark_12_y,landmark_12_z,landmark_13_x,landmark_13_y,landmark_13_z,landmark_14_x,landmark_14_y,landmark_14_z,landmark_15_x,landmark_15_y,landmark_15_z,landmark_16_x,landmark_16_y,landmark_16_z,landmark_17_x,landmark_17_y,landmark_17_z,landmark_18_x,landmark_18_y,landmark_18_z,landmark_19_x,landmark_19_y,landmark_19_z,landmark_20_x,landmark_20_y,landmark_20_z,class
0.3167265057563782,0.7201263904571533,-3.4224046885356074e-07,0.3952590823173523,0.6964701414108276,-0.0372815802693367,0.482464075088501,0.6005216240882874,-0.04731440916657448,0.48979252576828003,0.49845004081726074,-0.053046807646751404,0.42577916383743286,0.4830891191959381,-0.050418585538864136,0.42760080099105835,0.4777371287345886,-0.0078096152283251286,0.4596543610095978,0.4338150918483734,-0.03669556975364685,0.4402957558631897,0.5183296203613281,-0.044887661933898926,0.4275590181350708,0.5286558866500854,-0.04768134653568268,0.3787909150123596,0.463390976190567,-0.003999519161880016,0.4076901376247406,0.42408445477485657,-0.03911198675632477,0.39292874932289124,0.529926598072052,-0.03923950344324112,0.38176438212394714,0.5283772945404053,-0.029391484335064888,0.33009180426597595,0.4624490737915039,-0.007467812392860651,0.35064995288848877,0.42870885133743286,-0.04707467183470726,0.3482961356639862,0.5287161469459534,-0.03049730882048607,0.3388671875,0.5339820981025696,-0.008862330578267574,0.2767374515533447,0.4663569927215576,-0.013858342543244362,0.30046936869621277,0.4364100396633148,-0.033056631684303284,0.30524131655693054,0.5052330493927002,-0.015312756411731243,0.29753726720809937,0.5198239684104919,0.0034239019732922316,medium
