landmark_0_x,landmark_0_y,landmark_0_z,landmark_1_x,landmark_1_y,landmark_1_z,landmark_2_x,landmark_2_y,landmark_2_z,landmark_3_x,landmark_3_y,landmark_3_z,landmark_4_x,landmark_4_y,landmark_4_z,landmark_5_x,landmark_5_y,landmark_5_z,landmark_6_x,landmark_6_y,landmark_6_z,landmark_7_x,landmark_7_y,landmark_7_z,landmark_8_x,landmark_8_y,landmark_8_z,landmark_9_x,landmark_9_y,landmark_9_z,landmark_10_x,landmark_10_y,landmark_10_z,landmark_11_x,landmark_11_y,landmark_11_z,landmark_12_x,landmark_12_y,landmark_12_z,landmark_13_x,landmark_13_y,landmark_13_z,landmark_14_x,landmark_14_y,landmark_14_z,landmark_15_x,landmark_15_y,landmark_15_z,landmark_16_x,landmark_16_y,landmark_16_z,landmark_17_x,landmark_17_y,landmark_17_z,landmark_18_x,landmark_18_y,landmark_18_z,landmark_19_x,landmark_19_y,landmark_19_z,landmark_20_x,landmark_20_y,landmark_20_z,class
0.3330904245376587,0.5462543964385986,-2.7479987352307944e-07,0.4034261703491211,0.5200626850128174,-0.031017862260341644,0.4803008735179901,0.44645214080810547,-0.04163419082760811,0.4808092415332794,0.35946226119995117,-0.04883340373635292,0.4229450523853302,0.33361971378326416,-0.04956568405032158,0.4370194673538208,0.34122270345687866,-0.00859890878200531,0.4646871089935303,0.3026716709136963,-0.035037048161029816,0.4449383318424225,0.376408189535141,-0.045117657631635666,0.42937377095222473,0.38802701234817505,-0.04946333169937134,0.392038494348526,0.3261742889881134,-0.006407845765352249,0.4181499481201172,0.28817182779312134,-0.03730267658829689,0.403181791305542,0.3823024034500122,-0.04078560695052147,0.38969987630844116,0.38641324639320374,-0.035226065665483475,0.3474925458431244,0.3252183198928833,-0.009595992974936962,0.36714068055152893,0.2899583876132965,-0.04392585903406143,0.3629269003868103,0.38050153851509094,-0.029895629733800888,0.35133418440818787,0.3896196186542511,-0.011721835471689701,0.29753249883651733,0.3294520974159241,-0.014792603440582752,0.3213265538215637,0.30069977045059204,-0.031210657209157944,0.3238995671272278,0.3619159162044525,-0.013973066583275795,0.3131163418292999,0.3746294379234314,0.0034667362924665213,medium
