landmark_0_x,landmark_0_y,landmark_0_z,landmark_1_x,landmark_1_y,landmark_1_z,landmark_2_x,landmark_2_y,landmark_2_z,landmark_3_x,landmark_3_y,landmark_3_z,landmark_4_x,landmark_4_y,landmark_4_z,landmark_5_x,landmark_5_y,landmark_5_z,landmark_6_x,landmark_6_y,landmark_6_z,landmark_7_x,landmark_7_y,landmark_7_z,landmark_8_x,landmark_8_y,landmark_8_z,landmark_9_x,landmark_9_y,landmark_9_z,landmark_10_x,landmark_10_y,landmark_10_z,landmark_11_x,landmark_11_y,landmark_11_z,landmark_12_x,landmark_12_y,landmark_12_z,landmark_13_x,landmark_13_y,landmark_13_z,landmark_14_x,landmark_14_y,landmark_14_z,landmark_15_x,landmark_15_y,landmark_15_z,landmark_16_x,landmark_16_y,landmark_16_z,landmark_17_x,landmark_17_y,landmark_17_z,landmark_18_x,landmark_18_y,landmark_18_z,landmark_19_x,landmark_19_y,landmark_19_z,landmark_20_x,landmark_20_y,landmark_20_z,class
0.17011135816574097,0.731143057346344,-3.261490348904772e-07,0.2740424871444702,0.6749411821365356,-0.028058188036084175,0.3687872886657715,0.5751104950904846,-0.03414168208837509,0.37385767698287964,0.4633142054080963,-0.04131225496530533,0.3001219630241394,0.4475933015346527,-0.04201151430606842,0.30752936005592346,0.44355475902557373,0.01931399665772915,0.3455040454864502,0.38468116521835327,-0.012352553196251392,0.3265039324760437,0.4700358808040619,-0.030596265569329262,0.3123733103275299,0.5018773674964905,-0.03891945257782936,0.25197210907936096,0.42661145329475403,0.016394007951021194,0.2814173996448517,0.371395081281662,-0.02220078930258751,0.2657814919948578,0.47719821333885193,-0.03453681245446205,0.25644025206565857,0.5033453702926636,-0.03098488226532936,0.19547195732593536,0.42530256509780884,0.005547454580664635,0.21236088871955872,0.3803345561027527,-0.035079389810562134,0.21137991547584534,0.48010796308517456,-0.027974897995591164,0.20771843194961548,0.5084970593452454,-0.010135571472346783,0.13294173777103424,0.43378782272338867,-0.007755754515528679,0.1558542400598526,0.38347142934799194,-0.024053240194916725,0.1643587350845337,0.4521943926811218,-0.006206569727510214,0.16297566890716553,0.48560747504234314,0.013828224502503872,medium
