landmark_0_x,landmark_0_y,landmark_0_z,landmark_1_x,landmark_1_y,landmark_1_z,landmark_2_x,landmark_2_y,landmark_2_z,landmark_3_x,landmark_3_y,landmark_3_z,landmark_4_x,landmark_4_y,landmark_4_z,landmark_5_x,landmark_5_y,landmark_5_z,landmark_6_x,landmark_6_y,landmark_6_z,landmark_7_x,landmark_7_y,landmark_7_z,landmark_8_x,landmark_8_y,landmark_8_z,landmark_9_x,landmark_9_y,landmark_9_z,landmark_10_x,landmark_10_y,landmark_10_z,landmark_11_x,landmark_11_y,landmark_11_z,landmark_12_x,landmark_12_y,landmark_12_z,landmark_13_x,landmark_13_y,landmark_13_z,landmark_14_x,landmark_14_y,landmark_14_z,landmark_15_x,landmark_15_y,landmark_15_z,landmark_16_x,landmark_16_y,landmark_16_z,landmark_17_x,landmark_17_y,landmark_17_z,landmark_18_x,landmark_18_y,landmark_18_z,landmark_19_x,landmark_19_y,landmark_19_z,landmark_20_x,landmark_20_y,landmark_20_z,class
0.3296827971935272,0.6731945276260376,-3.0090242830738134e-07,0.40155017375946045,0.6465908885002136,-0.03714052215218544,0.4887750744819641,0.572223424911499,-0.05025402829051018,0.49551355838775635,0.4852463901042938,-0.05934925004839897,0.43608132004737854,0.4581148028373718,-0.06012779846787453,0.4518798589706421,0.4546082615852356,-0.007310595829039812,0.4830004572868347,0.42418771982192993,-0.04018525406718254,0.45648616552352905,0.4993878901004791,-0.05247383192181587,0.44236403703689575,0.5027266144752502,-0.057515110820531845,0.4056793451309204,0.43347111344337463,-0.0043264287523925304,0.43193918466567993,0.4018133878707886,-0.04167727008461952,0.4087299704551697,0.49769553542137146,-0.04357573390007019,0.40091219544410706,0.4934076964855194,-0.0347086526453495,0.3584035336971283,0.42810434103012085,-0.009044097736477852,0.37484073638916016,0.4049662947654724,-0.04992813989520073,0.3639143705368042,0.4974701702594757,-0.034079235047101974,0.3592225909233093,0.4972335398197174,-0.012748285196721554,0.30635541677474976,0.42765504121780396,-0.016765199601650238,0.3257734477519989,0.41178053617477417,-0.035138241946697235,0.32397663593292236,0.47631344199180603,-0.01708083599805832,0.31936973333358765,0.4833124876022339,0.0017973603680729866,medium
