landmark_0_x,landmark_0_y,landmark_0_z,landmark_1_x,landmark_1_y,landmark_1_z,landmark_2_x,landmark_2_y,landmark_2_z,landmark_3_x,landmark_3_y,landmark_3_z,landmark_4_x,landmark_4_y,landmark_4_z,landmark_5_x,landmark_5_y,landmark_5_z,landmark_6_x,landmark_6_y,landmark_6_z,landmark_7_x,landmark_7_y,landmark_7_z,landmark_8_x,landmark_8_y,landmark_8_z,landmark_9_x,landmark_9_y,landmark_9_z,landmark_10_x,landmark_10_y,landmark_10_z,landmark_11_x,landmark_11_y,landmark_11_z,landmark_12_x,landmark_12_y,landmark_12_z,landmark_13_x,landmark_13_y,landmark_13_z,landmark_14_x,landmark_14_y,landmark_14_z,landmark_15_x,landmark_15_y,landmark_15_z,landmark_16_x,landmark_16_y,landmark_16_z,landmark_17_x,landmark_17_y,landmark_17_z,landmark_18_x,landmark_18_y,landmark_18_z,landmark_19_x,landmark_19_y,landmark_19_z,landmark_20_x,landmark_20_y,landmark_20_z,class
0.30707332491874695,0.6467553377151489,-2.0054336857810995e-07,0.3655085563659668,0.6350863575935364,-0.0222646314650774,0.42590680718421936,0.5737404227256775,-0.02556905895471573,0.43416303396224976,0.5033749341964722,-0.026864785701036453,0.3947192430496216,0.4892033040523529,-0.02407226338982582,0.38682061433792114,0.4935925006866455,0.0026273676194250584,0.40765589475631714,0.4649368226528168,-0.014566158875823021,0.3973413407802582,0.5169973969459534,-0.024078072980046272,0.39172542095184326,0.5293572545051575,-0.028804855421185493,0.3551465570926666,0.4815083146095276,0.005754061508923769,0.36818727850914,0.45296189188957214,-0.0138799287378788,0.3605407178401947,0.5107900500297546,-0.017985407263040543,0.356049507856369,0.5213420987129211,-0.015074907802045345,0.3222370147705078,0.4787766933441162,0.004032748285681009,0.3302672207355499,0.4514436423778534,-0.016809958964586258,0.32914528250694275,0.506889820098877,-0.009560891427099705,0.32603609561920166,0.5201137065887451,0.0010392009280622005,0.28497517108917236,0.48088890314102173,0.00028912676498293877,0.297310471534729,0.4555127024650574,-0.009232749231159687,0.29929137229919434,0.496059775352478,0.0009764619753696024,0.29679250717163086,0.5137549042701721,0.011836361140012741,medium
