landmark_0_x,landmark_0_y,landmark_0_z,landmark_1_x,landmark_1_y,landmark_1_z,landmark_2_x,landmark_2_y,landmark_2_z,landmark_3_x,landmark_3_y,landmark_3_z,landmark_4_x,landmark_4_y,landmark_4_z,landmark_5_x,landmark_5_y,landmark_5_z,landmark_6_x,landmark_6_y,landmark_6_z,landmark_7_x,landmark_7_y,landmark_7_z,landmark_8_x,landmark_8_y,landmark_8_z,landmark_9_x,landmark_9_y,landmark_9_z,landmark_10_x,landmark_10_y,landmark_10_z,landmark_11_x,landmark_11_y,landmark_11_z,landmark_12_x,landmark_12_y,landmark_12_z,landmark_13_x,landmark_13_y,landmark_13_z,landmark_14_x,landmark_14_y,landmark_14_z,landmark_15_x,landmark_15_y,landmark_15_z,landmark_16_x,landmark_16_y,landmark_16_z,landmark_17_x,landmark_17_y,landmark_17_z,landmark_18_x,landmark_18_y,landmark_18_z,landmark_19_x,landmark_19_y,landmark_19_z,landmark_20_x,landmark_20_y,landmark_20_z,class
0.7684598565101624,0.5586764216423035,1.6068214847564377e-07,0.7383191585540771,0.5345185399055481,-0.009391826577484608,0.7182018756866455,0.501549243927002,-0.015272327698767185,0.7131912708282471,0.4697211682796478,-0.02084793522953987,0.720820963382721,0.4513404369354248,-0.026255326345562935,0.7419290542602539,0.4578128159046173,-0.006348992697894573,0.7397738695144653,0.42242833971977234,-0.016186805441975594,0.7405487298965454,0.3998251259326935,-0.02536694146692753,0.7420831918716431,0.37877482175827026,-0.032314639538526535,0.7604856491088867,0.45755407214164734,-0.009150564670562744,0.758895993232727,0.419025182723999,-0.017216455191373825,0.7587941288948059,0.39400985836982727,-0.024724483489990234,0.7592683434486389,0.36824914813041687,-0.03016851842403412,0.7785599231719971,0.46522456407546997,-0.013573541305959225,0.7766096591949463,0.4281027019023895,-0.022193757817149162,0.7761898040771484,0.40457385778427124,-0.025851422920823097,0.7761610746383667,0.38155651092529297,-0.02800932712852955,0.7969540357589722,0.4800127446651459,-0.019066499546170235,0.7966392040252686,0.4515495002269745,-0.02661057561635971,0.7969241142272949,0.43278858065605164,-0.027651993557810783,0.7971854209899902,0.4137571454048157,-0.027755752205848694,re
