landmark_0_x,landmark_0_y,landmark_0_z,landmark_1_x,landmark_1_y,landmark_1_z,landmark_2_x,landmark_2_y,landmark_2_z,landmark_3_x,landmark_3_y,landmark_3_z,landmark_4_x,landmark_4_y,landmark_4_z,landmark_5_x,landmark_5_y,landmark_5_z,landmark_6_x,landmark_6_y,landmark_6_z,landmark_7_x,landmark_7_y,landmark_7_z,landmark_8_x,landmark_8_y,landmark_8_z,landmark_9_x,landmark_9_y,landmark_9_z,landmark_10_x,landmark_10_y,landmark_10_z,landmark_11_x,landmark_11_y,landmark_11_z,landmark_12_x,landmark_12_y,landmark_12_z,landmark_13_x,landmark_13_y,landmark_13_z,landmark_14_x,landmark_14_y,landmark_14_z,landmark_15_x,landmark_15_y,landmark_15_z,landmark_16_x,landmark_16_y,landmark_16_z,landmark_17_x,landmark_17_y,landmark_17_z,landmark_18_x,landmark_18_y,landmark_18_z,landmark_19_x,landmark_19_y,landmark_19_z,landmark_20_x,landmark_20_y,landmark_20_z,class
0.8204402327537537,0.871117889881134,1.547886228081552e-07,0.7808617949485779,0.847775399684906,-0.013196785002946854,0.7564092874526978,0.808402955532074,-0.020651061087846756,0.7507283091545105,0.769397497177124,-0.02679058350622654,0.7438445091247559,0.7425374984741211,-0.03266681730747223,0.7836636304855347,0.7541825771331787,-0.012647101655602455,0.7843595147132874,0.7193894386291504,-0.024776101112365723,0.7865573763847351,0.698969304561615,-0.03597436845302582,0.7888482809066772,0.6760121583938599,-0.04501128941774368,0.8120256066322327,0.7536002993583679,-0.01565389521420002,0.8152957558631897,0.7127826809883118,-0.02474600076675415,0.8169180154800415,0.6895047426223755,-0.033340126276016235,0.8171762228012085,0.6632258892059326,-0.04072090610861778,0.8382633328437805,0.7655178308486938,-0.020650772377848625,0.8427533507347107,0.7261266112327576,-0.031529199331998825,0.8438335061073303,0.7026234269142151,-0.03601643815636635,0.8423563241958618,0.6781723499298096,-0.0394337922334671,0.8631471991539001,0.7869767546653748,-0.026909945532679558,0.8695188164710999,0.7571613192558289,-0.0379340723156929,0.8707340359687805,0.7365349531173706,-0.040663979947566986,0.8684164881706238,0.7155898213386536,-0.042235925793647766,re
