landmark_0_x,landmark_0_y,landmark_0_z,landmark_1_x,landmark_1_y,landmark_1_z,landmark_2_x,landmark_2_y,landmark_2_z,landmark_3_x,landmark_3_y,landmark_3_z,landmark_4_x,landmark_4_y,landmark_4_z,landmark_5_x,landmark_5_y,landmark_5_z,landmark_6_x,landmark_6_y,landmark_6_z,landmark_7_x,landmark_7_y,landmark_7_z,landmark_8_x,landmark_8_y,landmark_8_z,landmark_9_x,landmark_9_y,landmark_9_z,landmark_10_x,landmark_10_y,landmark_10_z,landmark_11_x,landmark_11_y,landmark_11_z,landmark_12_x,landmark_12_y,landmark_12_z,landmark_13_x,landmark_13_y,landmark_13_z,landmark_14_x,landmark_14_y,landmark_14_z,landmark_15_x,landmark_15_y,landmark_15_z,landmark_16_x,landmark_16_y,landmark_16_z,landmark_17_x,landmark_17_y,landmark_17_z,landmark_18_x,landmark_18_y,landmark_18_z,landmark_19_x,landmark_19_y,landmark_19_z,landmark_20_x,landmark_20_y,landmark_20_z,class
0.6400125026702881,0.6715730428695679,2.568001491454197e-07,0.5944246053695679,0.657268762588501,-0.012693880125880241,0.5612056851387024,0.620943009853363,-0.02025333233177662,0.5505686402320862,0.5829164981842041,-0.026865703985095024,0.5471998453140259,0.5490351915359497,-0.03348201885819435,0.5812869668006897,0.5619200468063354,-0.01469928678125143,0.5750095248222351,0.5160129070281982,-0.02927117794752121,0.5732067823410034,0.485398530960083,-0.0412013903260231,0.5724121928215027,0.4564112424850464,-0.049870457500219345,0.6071987748146057,0.5556296110153198,-0.018495066091418266,0.5998669266700745,0.506230890750885,-0.030344581231474876,0.5965415239334106,0.4737369418144226,-0.04016075283288956,0.593718409538269,0.44162291288375854,-0.04734177142381668,0.6335839629173279,0.5606266856193542,-0.02409490942955017,0.6258897185325623,0.5123981833457947,-0.03685783967375755,0.6225418448448181,0.48321062326431274,-0.04251570627093315,0.6191859841346741,0.4543550908565521,-0.04613743722438812,0.6612188816070557,0.5743877291679382,-0.03078983910381794,0.6587350368499756,0.5397218465805054,-0.04334070160984993,0.6572068929672241,0.516183614730835,-0.04649956896901131,0.654886782169342,0.49312064051628113,-0.04777325317263603,re
