landmark_0_x,landmark_0_y,landmark_0_z,landmark_1_x,landmark_1_y,landmark_1_z,landmark_2_x,landmark_2_y,landmark_2_z,landmark_3_x,landmark_3_y,landmark_3_z,landmark_4_x,landmark_4_y,landmark_4_z,landmark_5_x,landmark_5_y,landmark_5_z,landmark_6_x,landmark_6_y,landmark_6_z,landmark_7_x,landmark_7_y,landmark_7_z,landmark_8_x,landmark_8_y,landmark_8_z,landmark_9_x,landmark_9_y,landmark_9_z,landmark_10_x,landmark_10_y,landmark_10_z,landmark_11_x,landmark_11_y,landmark_11_z,landmark_12_x,landmark_12_y,landmark_12_z,landmark_13_x,landmark_13_y,landmark_13_z,landmark_14_x,landmark_14_y,landmark_14_z,landmark_15_x,landmark_15_y,landmark_15_z,landmark_16_x,landmark_16_y,landmark_16_z,landmark_17_x,landmark_17_y,landmark_17_z,landmark_18_x,landmark_18_y,landmark_18_z,landmark_19_x,landmark_19_y,landmark_19_z,landmark_20_x,landmark_20_y,landmark_20_z,class
0.7769489884376526,0.4575541317462921,4.4304198354438995e-07,0.7203570604324341,0.4435328245162964,-0.012775818817317486,0.6791568398475647,0.3944565951824188,-0.020487142726778984,0.6627166867256165,0.34083592891693115,-0.026694804430007935,0.6463552713394165,0.30049335956573486,-0.03304314613342285,0.6994783878326416,0.31859350204467773,-0.018757767975330353,0.691989541053772,0.24923716485500336,-0.03408242389559746,0.692607581615448,0.2035161852836609,-0.04620940610766411,0.6945202350616455,0.164400115609169,-0.05398872122168541,0.731766402721405,0.30802199244499207,-0.022662606090307236,0.7229819893836975,0.23242580890655518,-0.033826619386672974,0.7194492816925049,0.1821669042110443,-0.04342242702841759,0.7163364887237549,0.13925081491470337,-0.05055496469140053,0.765083372592926,0.3106437027454376,-0.02797124907374382,0.7574998140335083,0.23673099279403687,-0.040826763957738876,0.7541727423667908,0.19011196494102478,-0.048246029764413834,0.7506663799285889,0.15078796446323395,-0.05313580483198166,0.7992887496948242,0.3234541714191437,-0.03397354111075401,0.7960056066513062,0.26292967796325684,-0.04762301221489906,0.7993903756141663,0.22991017997264862,-0.05079224705696106,0.8027234673500061,0.20258979499340057,-0.051511719822883606,re
