landmark_0_x,landmark_0_y,landmark_0_z,landmark_1_x,landmark_1_y,landmark_1_z,landmark_2_x,landmark_2_y,landmark_2_z,landmark_3_x,landmark_3_y,landmark_3_z,landmark_4_x,landmark_4_y,landmark_4_z,landmark_5_x,landmark_5_y,landmark_5_z,landmark_6_x,landmark_6_y,landmark_6_z,landmark_7_x,landmark_7_y,landmark_7_z,landmark_8_x,landmark_8_y,landmark_8_z,landmark_9_x,landmark_9_y,landmark_9_z,landmark_10_x,landmark_10_y,landmark_10_z,landmark_11_x,landmark_11_y,landmark_11_z,landmark_12_x,landmark_12_y,landmark_12_z,landmark_13_x,landmark_13_y,landmark_13_z,landmark_14_x,landmark_14_y,landmark_14_z,landmark_15_x,landmark_15_y,landmark_15_z,landmark_16_x,landmark_16_y,landmark_16_z,landmark_17_x,landmark_17_y,landmark_17_z,landmark_18_x,landmark_18_y,landmark_18_z,landmark_19_x,landmark_19_y,landmark_19_z,landmark_20_x,landmark_20_y,landmark_20_z,class
0.8764247894287109,0.5234906673431396,1.6467394914343458e-07,0.8464208245277405,0.4997236132621765,-0.010735847055912018,0.8272297382354736,0.46661660075187683,-0.016920626163482666,0.8237351179122925,0.4347781836986542,-0.022319428622722626,0.8294130563735962,0.4113770127296448,-0.02726847119629383,0.8555687665939331,0.42419666051864624,-0.008178207091987133,0.8577362298965454,0.3874894082546234,-0.017917416989803314,0.859790563583374,0.3648638427257538,-0.026495741680264473,0.8619788885116577,0.3442216217517853,-0.03272532671689987,0.8749601244926453,0.4255688190460205,-0.009979959577322006,0.8769477009773254,0.3862164616584778,-0.017745865508913994,0.8780428171157837,0.3604639768600464,-0.024661801755428314,0.8791431188583374,0.3351784646511078,-0.029748231172561646,0.8928369879722595,0.4346918761730194,-0.01351128239184618,0.8951708078384399,0.39683467149734497,-0.021881503984332085,0.8965291976928711,0.3731358051300049,-0.025625044479966164,0.8972885012626648,0.35047391057014465,-0.02793358638882637,0.910321831703186,0.45090359449386597,-0.01812613196671009,0.9134470224380493,0.4215836524963379,-0.025878727436065674,0.9152330160140991,0.40331119298934937,-0.02738536149263382,0.9161952137947083,0.38537442684173584,-0.02777099609375,re
