landmark_0_x,landmark_0_y,landmark_0_z,landmark_1_x,landmark_1_y,landmark_1_z,landmark_2_x,landmark_2_y,landmark_2_z,landmark_3_x,landmark_3_y,landmark_3_z,landmark_4_x,landmark_4_y,landmark_4_z,landmark_5_x,landmark_5_y,landmark_5_z,landmark_6_x,landmark_6_y,landmark_6_z,landmark_7_x,landmark_7_y,landmark_7_z,landmark_8_x,landmark_8_y,landmark_8_z,landmark_9_x,landmark_9_y,landmark_9_z,landmark_10_x,landmark_10_y,landmark_10_z,landmark_11_x,landmark_11_y,landmark_11_z,landmark_12_x,landmark_12_y,landmark_12_z,landmark_13_x,landmark_13_y,landmark_13_z,landmark_14_x,landmark_14_y,landmark_14_z,landmark_15_x,landmark_15_y,landmark_15_z,landmark_16_x,landmark_16_y,landmark_16_z,landmark_17_x,landmark_17_y,landmark_17_z,landmark_18_x,landmark_18_y,landmark_18_z,landmark_19_x,landmark_19_y,landmark_19_z,landmark_20_x,landmark_20_y,landmark_20_z,class
0.7438785433769226,0.7921395897865295,1.5032154010441445e-07,0.7082213163375854,0.7683438062667847,-0.008471443317830563,0.6864431500434875,0.7337457537651062,-0.01315783616155386,0.6799466013908386,0.7014949917793274,-0.017788704484701157,0.6800212264060974,0.6779496073722839,-0.022124532610177994,0.7069055438041687,0.6900533437728882,-0.005083106923848391,0.7048091292381287,0.6561123132705688,-0.015103453770279884,0.7060012221336365,0.6355963349342346,-0.02469983883202076,0.7075647115707397,0.614895224571228,-0.03206123039126396,0.7267662286758423,0.689240574836731,-0.008165325038135052,0.725101113319397,0.6539270877838135,-0.016274554654955864,0.7246078848838806,0.6310376524925232,-0.024005210027098656,0.7241908311843872,0.6073683500289917,-0.029892409220337868,0.746207594871521,0.6969091296195984,-0.012898629531264305,0.7444795370101929,0.6636084914207458,-0.021435491740703583,0.7431387305259705,0.6424228549003601,-0.02430897206068039,0.7412061095237732,0.6218909025192261,-0.026161741465330124,0.76512211561203,0.7126009464263916,-0.018731625750660896,0.7664064764976501,0.6868292093276978,-0.026234569028019905,0.765649676322937,0.6691745519638062,-0.026746420189738274,0.7632706761360168,0.6526730060577393,-0.026574643328785896,re
