landmark_0_x,landmark_0_y,landmark_0_z,landmark_1_x,landmark_1_y,landmark_1_z,landmark_2_x,landmark_2_y,landmark_2_z,landmark_3_x,landmark_3_y,landmark_3_z,landmark_4_x,landmark_4_y,landmark_4_z,landmark_5_x,landmark_5_y,landmark_5_z,landmark_6_x,landmark_6_y,landmark_6_z,landmark_7_x,landmark_7_y,landmark_7_z,landmark_8_x,landmark_8_y,landmark_8_z,landmark_9_x,landmark_9_y,landmark_9_z,landmark_10_x,landmark_10_y,landmark_10_z,landmark_11_x,landmark_11_y,landmark_11_z,landmark_12_x,landmark_12_y,landmark_12_z,landmark_13_x,landmark_13_y,landmark_13_z,landmark_14_x,landmark_14_y,landmark_14_z,landmark_15_x,landmark_15_y,landmark_15_z,landmark_16_x,landmark_16_y,landmark_16_z,landmark_17_x,landmark_17_y,landmark_17_z,landmark_18_x,landmark_18_y,landmark_18_z,landmark_19_x,landmark_19_y,landmark_19_z,landmark_20_x,landmark_20_y,landmark_20_z,class
0.7262080311775208,0.788429319858551,1.0549440787599451e-07,0.689586341381073,0.7693567872047424,-0.007548972964286804,0.6656692624092102,0.7335521578788757,-0.010983637534081936,0.6582889556884766,0.7000622153282166,-0.014300753362476826,0.6516241431236267,0.6751130223274231,-0.017384100705385208,0.6848186254501343,0.6832079291343689,-0.003460533218458295,0.6821033358573914,0.651687502861023,-0.013392436318099499,0.6791453957557678,0.6320146322250366,-0.023550130426883698,0.6752458214759827,0.6119848489761353,-0.03160764276981354,0.7051975727081299,0.6808913350105286,-0.007512260228395462,0.7017612457275391,0.644960880279541,-0.015204725787043571,0.6977277994155884,0.6228505373001099,-0.02334759756922722,0.6923145651817322,0.5993014574050903,-0.02977045066654682,0.725487470626831,0.6885398626327515,-0.013203691691160202,0.7221086621284485,0.6539313197135925,-0.02167556807398796,0.7188172936439514,0.634340763092041,-0.024749677628278732,0.7140581011772156,0.6146010160446167,-0.026882868260145187,0.7465769648551941,0.7052668333053589,-0.019982032477855682,0.7458673715591431,0.6788132190704346,-0.028296153992414474,0.7430952787399292,0.6619590520858765,-0.02947174571454525,0.7383659482002258,0.6459591388702393,-0.029717164114117622,re
