landmark_0_x,landmark_0_y,landmark_0_z,landmark_1_x,landmark_1_y,landmark_1_z,landmark_2_x,landmark_2_y,landmark_2_z,landmark_3_x,landmark_3_y,landmark_3_z,landmark_4_x,landmark_4_y,landmark_4_z,landmark_5_x,landmark_5_y,landmark_5_z,landmark_6_x,landmark_6_y,landmark_6_z,landmark_7_x,landmark_7_y,landmark_7_z,landmark_8_x,landmark_8_y,landmark_8_z,landmark_9_x,landmark_9_y,landmark_9_z,landmark_10_x,landmark_10_y,landmark_10_z,landmark_11_x,landmark_11_y,landmark_11_z,landmark_12_x,landmark_12_y,landmark_12_z,landmark_13_x,landmark_13_y,landmark_13_z,landmark_14_x,landmark_14_y,landmark_14_z,landmark_15_x,landmark_15_y,landmark_15_z,landmark_16_x,landmark_16_y,landmark_16_z,landmark_17_x,landmark_17_y,landmark_17_z,landmark_18_x,landmark_18_y,landmark_18_z,landmark_19_x,landmark_19_y,landmark_19_z,landmark_20_x,landmark_20_y,landmark_20_z,class
0.8365066647529602,0.3383907079696655,1.514064109642277e-07,0.8006093502044678,0.3037625551223755,-0.012642845511436462,0.7809548377990723,0.2585386037826538,-0.019470414146780968,0.7777317762374878,0.2157473862171173,-0.02531682886183262,0.7747048139572144,0.19087494909763336,-0.03084825538098812,0.8056001663208008,0.1998549997806549,-0.007412404287606478,0.8061745762825012,0.15431708097457886,-0.01923762820661068,0.804500162601471,0.12708520889282227,-0.031331345438957214,0.8027653098106384,0.0998142808675766,-0.04117003455758095,0.8310489058494568,0.20046734809875488,-0.010644758120179176,0.8320947885513306,0.1504513919353485,-0.01961899921298027,0.8322724103927612,0.12094330042600632,-0.02895442582666874,0.8311330080032349,0.08816182613372803,-0.03666551783680916,0.8536231517791748,0.21145790815353394,-0.016156384721398354,0.8546013236045837,0.16443686187267303,-0.02546766586601734,0.8541531562805176,0.13579943776130676,-0.02955075167119503,0.8540546894073486,0.10790440440177917,-0.03286706656217575,0.8771668672561646,0.23246493935585022,-0.023349087685346603,0.8767682909965515,0.19358369708061218,-0.03220769017934799,0.8762422204017639,0.16925576329231262,-0.03375100716948509,0.8750109076499939,0.14541687071323395,-0.03460955247282982,re
