landmark_0_x,landmark_0_y,landmark_0_z,landmark_1_x,landmark_1_y,landmark_1_z,landmark_2_x,landmark_2_y,landmark_2_z,landmark_3_x,landmark_3_y,landmark_3_z,landmark_4_x,landmark_4_y,landmark_4_z,landmark_5_x,landmark_5_y,landmark_5_z,landmark_6_x,landmark_6_y,landmark_6_z,landmark_7_x,landmark_7_y,landmark_7_z,landmark_8_x,landmark_8_y,landmark_8_z,landmark_9_x,landmark_9_y,landmark_9_z,landmark_10_x,landmark_10_y,landmark_10_z,landmark_11_x,landmark_11_y,landmark_11_z,landmark_12_x,landmark_12_y,landmark_12_z,landmark_13_x,landmark_13_y,landmark_13_z,landmark_14_x,landmark_14_y,landmark_14_z,landmark_15_x,landmark_15_y,landmark_15_z,landmark_16_x,landmark_16_y,landmark_16_z,landmark_17_x,landmark_17_y,landmark_17_z,landmark_18_x,landmark_18_y,landmark_18_z,landmark_19_x,landmark_19_y,landmark_19_z,landmark_20_x,landmark_20_y,landmark_20_z,class
0.6819581389427185,0.7696064710617065,3.23976934168968e-07,0.6144933104515076,0.7616661787033081,-0.018979506567120552,0.5593698024749756,0.7147505283355713,-0.030939335003495216,0.5399532914161682,0.6561309099197388,-0.041462961584329605,0.5324318408966064,0.6038336753845215,-0.052150312811136246,0.5846353769302368,0.6360071897506714,-0.02706850692629814,0.5681997537612915,0.5684375166893005,-0.04986754059791565,0.5627525448799133,0.5248816609382629,-0.0671238824725151,0.5595383048057556,0.4825599193572998,-0.08009123802185059,0.6234590411186218,0.6196784377098083,-0.03372109308838844,0.6082243323326111,0.5482953190803528,-0.0546032190322876,0.6003299355506897,0.4992826282978058,-0.0706048309803009,0.593226969242096,0.4509158432483673,-0.08242333680391312,0.6632423996925354,0.6215166449546814,-0.04283580183982849,0.6500027179718018,0.5541592240333557,-0.06600071489810944,0.6429455876350403,0.5122247934341431,-0.07705646008253098,0.6347565054893494,0.46949541568756104,-0.0841183289885521,0.7050173878669739,0.6358120441436768,-0.05315458029508591,0.6981555223464966,0.5857454538345337,-0.07620660960674286,0.69186931848526,0.5540258884429932,-0.08380094915628433,0.6838192939758301,0.5219501256942749,-0.08783835917711258,re
