landmark_0_x,landmark_0_y,landmark_0_z,landmark_1_x,landmark_1_y,landmark_1_z,landmark_2_x,landmark_2_y,landmark_2_z,landmark_3_x,landmark_3_y,landmark_3_z,landmark_4_x,landmark_4_y,landmark_4_z,landmark_5_x,landmark_5_y,landmark_5_z,landmark_6_x,landmark_6_y,landmark_6_z,landmark_7_x,landmark_7_y,landmark_7_z,landmark_8_x,landmark_8_y,landmark_8_z,landmark_9_x,landmark_9_y,landmark_9_z,landmark_10_x,landmark_10_y,landmark_10_z,landmark_11_x,landmark_11_y,landmark_11_z,landmark_12_x,landmark_12_y,landmark_12_z,landmark_13_x,landmark_13_y,landmark_13_z,landmark_14_x,landmark_14_y,landmark_14_z,landmark_15_x,landmark_15_y,landmark_15_z,landmark_16_x,landmark_16_y,landmark_16_z,landmark_17_x,landmark_17_y,landmark_17_z,landmark_18_x,landmark_18_y,landmark_18_z,landmark_19_x,landmark_19_y,landmark_19_z,landmark_20_x,landmark_20_y,landmark_20_z,class
0.7416911125183105,0.7544393539428711,5.3418443002328786e-08,0.7140586376190186,0.7356593608856201,-0.010862469673156738,0.6958377361297607,0.7141730189323425,-0.018656155094504356,0.6889210939407349,0.6975451707839966,-0.02583894319832325,0.695385217666626,0.6887090802192688,-0.032821547240018845,0.7177342176437378,0.6691111922264099,-0.01168197300285101,0.7199313640594482,0.6497018337249756,-0.021207045763731003,0.7228609919548035,0.6419330835342407,-0.030247895047068596,0.7265152931213379,0.6343727111816406,-0.03752012550830841,0.7355026006698608,0.6747843623161316,-0.013279236853122711,0.7377393841743469,0.6565603613853455,-0.021984221413731575,0.7383832931518555,0.6486797332763672,-0.02848958410322666,0.7391982078552246,0.6419991254806519,-0.03398376703262329,0.7505080103874207,0.6891237497329712,-0.01632148213684559,0.7527695894241333,0.6755450963973999,-0.026527050882577896,0.7527019381523132,0.6705811023712158,-0.028894521296024323,0.7528921365737915,0.6679629683494568,-0.030246686190366745,0.7644791603088379,0.7090827226638794,-0.020416036248207092,0.7679617404937744,0.6979663372039795,-0.02904062531888485,0.7663934826850891,0.6925853490829468,-0.029643123969435692,0.7637239694595337,0.6888739466667175,-0.029659761115908623,re
