landmark_0_x,landmark_0_y,landmark_0_z,landmark_1_x,landmark_1_y,landmark_1_z,landmark_2_x,landmark_2_y,landmark_2_z,landmark_3_x,landmark_3_y,landmark_3_z,landmark_4_x,landmark_4_y,landmark_4_z,landmark_5_x,landmark_5_y,landmark_5_z,landmark_6_x,landmark_6_y,landmark_6_z,landmark_7_x,landmark_7_y,landmark_7_z,landmark_8_x,landmark_8_y,landmark_8_z,landmark_9_x,landmark_9_y,landmark_9_z,landmark_10_x,landmark_10_y,landmark_10_z,landmark_11_x,landmark_11_y,landmark_11_z,landmark_12_x,landmark_12_y,landmark_12_z,landmark_13_x,landmark_13_y,landmark_13_z,landmark_14_x,landmark_14_y,landmark_14_z,landmark_15_x,landmark_15_y,landmark_15_z,landmark_16_x,landmark_16_y,landmark_16_z,landmark_17_x,landmark_17_y,landmark_17_z,landmark_18_x,landmark_18_y,landmark_18_z,landmark_19_x,landmark_19_y,landmark_19_z,landmark_20_x,landmark_20_y,landmark_20_z,class
0.8309551477432251,0.8717694282531738,1.9004826867785596e-07,0.7901780605316162,0.849881649017334,-0.01315482147037983,0.7635368704795837,0.8120859861373901,-0.0213560052216053,0.758033275604248,0.7746698260307312,-0.028338009491562843,0.7589285373687744,0.7443609833717346,-0.03534417971968651,0.7932827472686768,0.7679787874221802,-0.017228128388524055,0.7934987545013428,0.7289034724235535,-0.03026195429265499,0.7966504096984863,0.7059540748596191,-0.04053197801113129,0.8003120422363281,0.6816409826278687,-0.04860774427652359,0.8217507600784302,0.7688546180725098,-0.020687060430645943,0.8246912956237793,0.7246461510658264,-0.03172842040657997,0.8268447518348694,0.6970747113227844,-0.04093197360634804,0.8282133340835571,0.6679697036743164,-0.048349883407354355,0.8484331369400024,0.7810763716697693,-0.025779735296964645,0.8512892127037048,0.7402088642120361,-0.0384947806596756,0.8527374267578125,0.7123151421546936,-0.044837586581707,0.8519017696380615,0.6837209463119507,-0.04928459972143173,0.873467206954956,0.8001850247383118,-0.03173624351620674,0.8783280849456787,0.7701910734176636,-0.04436081275343895,0.8802821636199951,0.747654139995575,-0.048467934131622314,0.8798666596412659,0.7239991426467896,-0.05096820369362831,re
