landmark_0_x,landmark_0_y,landmark_0_z,landmark_1_x,landmark_1_y,landmark_1_z,landmark_2_x,landmark_2_y,landmark_2_z,landmark_3_x,landmark_3_y,landmark_3_z,landmark_4_x,landmark_4_y,landmark_4_z,landmark_5_x,landmark_5_y,landmark_5_z,landmark_6_x,landmark_6_y,landmark_6_z,landmark_7_x,landmark_7_y,landmark_7_z,landmark_8_x,landmark_8_y,landmark_8_z,landmark_9_x,landmark_9_y,landmark_9_z,landmark_10_x,landmark_10_y,landmark_10_z,landmark_11_x,landmark_11_y,landmark_11_z,landmark_12_x,landmark_12_y,landmark_12_z,landmark_13_x,landmark_13_y,landmark_13_z,landmark_14_x,landmark_14_y,landmark_14_z,landmark_15_x,landmark_15_y,landmark_15_z,landmark_16_x,landmark_16_y,landmark_16_z,landmark_17_x,landmark_17_y,landmark_17_z,landmark_18_x,landmark_18_y,landmark_18_z,landmark_19_x,landmark_19_y,landmark_19_z,landmark_20_x,landmark_20_y,landmark_20_z,class
0.6843655109405518,0.6707703471183777,2.3863725573392003e-07,0.6370306611061096,0.6466502547264099,-0.015465814620256424,0.6072690486907959,0.6025488376617432,-0.02317293919622898,0.5996745824813843,0.5587469339370728,-0.02926095947623253,0.595848560333252,0.5279638767242432,-0.034742940217256546,0.6296497583389282,0.5341295599937439,-0.01284069288522005,0.6274287700653076,0.48795247077941895,-0.026724135503172874,0.6288229823112488,0.4582536220550537,-0.03995209187269211,0.6300604939460754,0.42870569229125977,-0.0502314418554306,0.6580169200897217,0.5307110548019409,-0.015229012817144394,0.6561957001686096,0.47931814193725586,-0.025647439062595367,0.6562302112579346,0.44696810841560364,-0.03583673760294914,0.6557696461677551,0.41237467527389526,-0.043987296521663666,0.6853829622268677,0.5403483510017395,-0.019864454865455627,0.6845184564590454,0.49208682775497437,-0.030857807025313377,0.6834467649459839,0.46173086762428284,-0.03521784394979477,0.6821972727775574,0.43177545070648193,-0.038497086614370346,0.7127619981765747,0.5607140064239502,-0.02628423646092415,0.7136427164077759,0.5238950848579407,-0.03688853606581688,0.7132508158683777,0.4990467131137848,-0.038456909358501434,0.7113406658172607,0.4746234118938446,-0.03893933817744255,re
