landmark_0_x,landmark_0_y,landmark_0_z,landmark_1_x,landmark_1_y,landmark_1_z,landmark_2_x,landmark_2_y,landmark_2_z,landmark_3_x,landmark_3_y,landmark_3_z,landmark_4_x,landmark_4_y,landmark_4_z,landmark_5_x,landmark_5_y,landmark_5_z,landmark_6_x,landmark_6_y,landmark_6_z,landmark_7_x,landmark_7_y,landmark_7_z,landmark_8_x,landmark_8_y,landmark_8_z,landmark_9_x,landmark_9_y,landmark_9_z,landmark_10_x,landmark_10_y,landmark_10_z,landmark_11_x,landmark_11_y,landmark_11_z,landmark_12_x,landmark_12_y,landmark_12_z,landmark_13_x,landmark_13_y,landmark_13_z,landmark_14_x,landmark_14_y,landmark_14_z,landmark_15_x,landmark_15_y,landmark_15_z,landmark_16_x,landmark_16_y,landmark_16_z,landmark_17_x,landmark_17_y,landmark_17_z,landmark_18_x,landmark_18_y,landmark_18_z,landmark_19_x,landmark_19_y,landmark_19_z,landmark_20_x,landmark_20_y,landmark_20_z,class
0.7969788908958435,0.6073251962661743,3.8893176679266617e-07,0.7365717887878418,0.5800046920776367,-0.023862328380346298,0.6952320337295532,0.519019365310669,-0.037626732140779495,0.6867157220840454,0.45829230546951294,-0.04927774891257286,0.6800390481948853,0.4069569408893585,-0.061023492366075516,0.7336351871490479,0.43784114718437195,-0.02957991138100624,0.7296823859214783,0.3674428164958954,-0.052458178251981735,0.7303300499916077,0.32397717237472534,-0.07015544176101685,0.7341439127922058,0.2817908525466919,-0.08280416578054428,0.7718953490257263,0.4330597221851349,-0.03301498293876648,0.7692441344261169,0.35086309909820557,-0.0519762746989727,0.767977237701416,0.29866230487823486,-0.06693044304847717,0.7689542174339294,0.24862277507781982,-0.07795874029397964,0.8091188073158264,0.4449789226055145,-0.03952934592962265,0.8081833720207214,0.36891600489616394,-0.05877462029457092,0.8055366277694702,0.32136672735214233,-0.06913265585899353,0.8039401769638062,0.27448609471321106,-0.07616744190454483,0.8479790687561035,0.4700302183628082,-0.04813465103507042,0.8517851233482361,0.412761926651001,-0.06696620583534241,0.85113525390625,0.37593990564346313,-0.07379923015832901,0.8486966490745544,0.34004274010658264,-0.07753515988588333,re
