landmark_0_x,landmark_0_y,landmark_0_z,landmark_1_x,landmark_1_y,landmark_1_z,landmark_2_x,landmark_2_y,landmark_2_z,landmark_3_x,landmark_3_y,landmark_3_z,landmark_4_x,landmark_4_y,landmark_4_z,landmark_5_x,landmark_5_y,landmark_5_z,landmark_6_x,landmark_6_y,landmark_6_z,landmark_7_x,landmark_7_y,landmark_7_z,landmark_8_x,landmark_8_y,landmark_8_z,landmark_9_x,landmark_9_y,landmark_9_z,landmark_10_x,landmark_10_y,landmark_10_z,landmark_11_x,landmark_11_y,landmark_11_z,landmark_12_x,landmark_12_y,landmark_12_z,landmark_13_x,landmark_13_y,landmark_13_z,landmark_14_x,landmark_14_y,landmark_14_z,landmark_15_x,landmark_15_y,landmark_15_z,landmark_16_x,landmark_16_y,landmark_16_z,landmark_17_x,landmark_17_y,landmark_17_z,landmark_18_x,landmark_18_y,landmark_18_z,landmark_19_x,landmark_19_y,landmark_19_z,landmark_20_x,landmark_20_y,landmark_20_z,class
0.8965981602668762,0.38902467489242554,1.6740931130243553e-07,0.8629040718078613,0.35895588994026184,-0.01138730626553297,0.8436923623085022,0.3181225657463074,-0.016785884276032448,0.8409606218338013,0.28016579151153564,-0.021775735542178154,0.8414685130119324,0.2492503523826599,-0.02619006298482418,0.871880292892456,0.27041181921958923,-0.004868281073868275,0.8730347752571106,0.22634287178516388,-0.015131918713450432,0.8746780157089233,0.19972771406173706,-0.024657750502228737,0.876905083656311,0.17531293630599976,-0.031521137803792953,0.8934007287025452,0.269085168838501,-0.007036502473056316,0.8942703008651733,0.21953877806663513,-0.014932452701032162,0.8946515321731567,0.18773043155670166,-0.022680073976516724,0.8952784538269043,0.15812847018241882,-0.02835492044687271,0.9131138920783997,0.27645784616470337,-0.011463100090622902,0.9146754741668701,0.229497030377388,-0.01961645297706127,0.9146688580513,0.20084348320960999,-0.023880215361714363,0.9145218133926392,0.17474159598350525,-0.02674899995326996,0.9328427910804749,0.2919228971004486,-0.01732604019343853,0.9353283643722534,0.25734710693359375,-0.024661827832460403,0.9355507493019104,0.23513691127300262,-0.026280727237462997,0.9349156022071838,0.21436263620853424,-0.02687431499361992,re
