landmark_0_x,landmark_0_y,landmark_0_z,landmark_1_x,landmark_1_y,landmark_1_z,landmark_2_x,landmark_2_y,landmark_2_z,landmark_3_x,landmark_3_y,landmark_3_z,landmark_4_x,landmark_4_y,landmark_4_z,landmark_5_x,landmark_5_y,landmark_5_z,landmark_6_x,landmark_6_y,landmark_6_z,landmark_7_x,landmark_7_y,landmark_7_z,landmark_8_x,landmark_8_y,landmark_8_z,landmark_9_x,landmark_9_y,landmark_9_z,landmark_10_x,landmark_10_y,landmark_10_z,landmark_11_x,landmark_11_y,landmark_11_z,landmark_12_x,landmark_12_y,landmark_12_z,landmark_13_x,landmark_13_y,landmark_13_z,landmark_14_x,landmark_14_y,landmark_14_z,landmark_15_x,landmark_15_y,landmark_15_z,landmark_16_x,landmark_16_y,landmark_16_z,landmark_17_x,landmark_17_y,landmark_17_z,landmark_18_x,landmark_18_y,landmark_18_z,landmark_19_x,landmark_19_y,landmark_19_z,landmark_20_x,landmark_20_y,landmark_20_z,class
0.877332329750061,0.5514534115791321,4.6912339257687563e-07,0.8091801404953003,0.5288141965866089,-0.026563428342342377,0.7669931650161743,0.4699398875236511,-0.041117001324892044,0.7594566941261292,0.40503430366516113,-0.05280774086713791,0.756355345249176,0.3493553102016449,-0.06429781764745712,0.8085078597068787,0.3837064504623413,-0.03148068115115166,0.8039475679397583,0.3027026653289795,-0.055235814303159714,0.8045796751976013,0.2510443329811096,-0.07353085279464722,0.8069561123847961,0.20305588841438293,-0.08631836622953415,0.8495537638664246,0.37325552105903625,-0.0334768071770668,0.8433777689933777,0.28525295853614807,-0.0535028912127018,0.8407653570175171,0.22595766186714172,-0.07005385309457779,0.8387660384178162,0.17080114781856537,-0.08215737342834473,0.8881814479827881,0.3796304762363434,-0.03856971859931946,0.8849597573280334,0.29833802580833435,-0.05979593098163605,0.8831024765968323,0.24560874700546265,-0.0714331790804863,0.8804967403411865,0.19606627523899078,-0.07892102748155594,0.9271031618118286,0.3986853063106537,-0.04567771777510643,0.9268322587013245,0.33650416135787964,-0.06611054390668869,0.925882875919342,0.29698649048805237,-0.07305274158716202,0.9229186773300171,0.25930655002593994,-0.0765235424041748,re
