landmark_0_x,landmark_0_y,landmark_0_z,landmark_1_x,landmark_1_y,landmark_1_z,landmark_2_x,landmark_2_y,landmark_2_z,landmark_3_x,landmark_3_y,landmark_3_z,landmark_4_x,landmark_4_y,landmark_4_z,landmark_5_x,landmark_5_y,landmark_5_z,landmark_6_x,landmark_6_y,landmark_6_z,landmark_7_x,landmark_7_y,landmark_7_z,landmark_8_x,landmark_8_y,landmark_8_z,landmark_9_x,landmark_9_y,landmark_9_z,landmark_10_x,landmark_10_y,landmark_10_z,landmark_11_x,landmark_11_y,landmark_11_z,landmark_12_x,landmark_12_y,landmark_12_z,landmark_13_x,landmark_13_y,landmark_13_z,landmark_14_x,landmark_14_y,landmark_14_z,landmark_15_x,landmark_15_y,landmark_15_z,landmark_16_x,landmark_16_y,landmark_16_z,landmark_17_x,landmark_17_y,landmark_17_z,landmark_18_x,landmark_18_y,landmark_18_z,landmark_19_x,landmark_19_y,landmark_19_z,landmark_20_x,landmark_20_y,landmark_20_z,class
0.844228982925415,0.8605693578720093,2.192695518488108e-07,0.8013532161712646,0.8441992998123169,-0.014091652818024158,0.7700321078300476,0.8116059899330139,-0.023731820285320282,0.7625241279602051,0.7743538618087769,-0.03199697658419609,0.7629818916320801,0.7396402359008789,-0.03997395560145378,0.7984748482704163,0.7642702460289001,-0.019578902050852776,0.7962174415588379,0.7231175303459167,-0.03335645794868469,0.7978697419166565,0.6986086964607239,-0.04368223994970322,0.80076003074646,0.6731446981430054,-0.05167530104517937,0.8281087875366211,0.7617183327674866,-0.022706272080540657,0.8272873163223267,0.7167986631393433,-0.03484504669904709,0.8277109861373901,0.687667191028595,-0.043899886310100555,0.8278307318687439,0.6568787693977356,-0.05115565285086632,0.8558720946311951,0.7697306871414185,-0.02744808793067932,0.8554146885871887,0.7254096269607544,-0.04202383756637573,0.8561879992485046,0.6975982785224915,-0.0481431670486927,0.8546384572982788,0.6693132519721985,-0.05213715508580208,0.8831628561019897,0.7843878865242004,-0.03299681469798088,0.8879345059394836,0.7522687315940857,-0.04750855639576912,0.888256311416626,0.7304973602294922,-0.05190471187233925,0.8849653005599976,0.7074342966079712,-0.054266829043626785,re
