landmark_0_x,landmark_0_y,landmark_0_z,landmark_1_x,landmark_1_y,landmark_1_z,landmark_2_x,landmark_2_y,landmark_2_z,landmark_3_x,landmark_3_y,landmark_3_z,landmark_4_x,landmark_4_y,landmark_4_z,landmark_5_x,landmark_5_y,landmark_5_z,landmark_6_x,landmark_6_y,landmark_6_z,landmark_7_x,landmark_7_y,landmark_7_z,landmark_8_x,landmark_8_y,landmark_8_z,landmark_9_x,landmark_9_y,landmark_9_z,landmark_10_x,landmark_10_y,landmark_10_z,landmark_11_x,landmark_11_y,landmark_11_z,landmark_12_x,landmark_12_y,landmark_12_z,landmark_13_x,landmark_13_y,landmark_13_z,landmark_14_x,landmark_14_y,landmark_14_z,landmark_15_x,landmark_15_y,landmark_15_z,landmark_16_x,landmark_16_y,landmark_16_z,landmark_17_x,landmark_17_y,landmark_17_z,landmark_18_x,landmark_18_y,landmark_18_z,landmark_19_x,landmark_19_y,landmark_19_z,landmark_20_x,landmark_20_y,landmark_20_z,class
0.7838419675827026,0.6398919224739075,1.526033344134703e-07,0.7541848421096802,0.6200288534164429,-0.00977855920791626,0.7339648008346558,0.5892115831375122,-0.015571312047541142,0.7294536828994751,0.5587364435195923,-0.02073175460100174,0.7365702390670776,0.5359240770339966,-0.025619087740778923,0.7575677037239075,0.5486986637115479,-0.00811714306473732,0.7569329142570496,0.5151777267456055,-0.017947616055607796,0.7572847008705139,0.49384835362434387,-0.026481712237000465,0.7582020163536072,0.4734334945678711,-0.03284544497728348,0.7764782309532166,0.547318696975708,-0.010184105485677719,0.7765504717826843,0.5106253027915955,-0.018025115132331848,0.7765711545944214,0.48638319969177246,-0.024791017174720764,0.7765811681747437,0.46118536591529846,-0.02978210337460041,0.7948012948036194,0.55368971824646,-0.0138437170535326,0.7945981621742249,0.5184975266456604,-0.022299224510788918,0.7948362827301025,0.4956783354282379,-0.025957634672522545,0.7946304082870483,0.4726780951023102,-0.028219467028975487,0.8131103515625,0.566629946231842,-0.0184866264462471,0.8139804005622864,0.5397087931632996,-0.026416223496198654,0.814339816570282,0.5213832855224609,-0.028162505477666855,0.8139730095863342,0.5026794075965881,-0.028788262978196144,re
