landmark_0_x,landmark_0_y,landmark_0_z,landmark_1_x,landmark_1_y,landmark_1_z,landmark_2_x,landmark_2_y,landmark_2_z,landmark_3_x,landmark_3_y,landmark_3_z,landmark_4_x,landmark_4_y,landmark_4_z,landmark_5_x,landmark_5_y,landmark_5_z,landmark_6_x,landmark_6_y,landmark_6_z,landmark_7_x,landmark_7_y,landmark_7_z,landmark_8_x,landmark_8_y,landmark_8_z,landmark_9_x,landmark_9_y,landmark_9_z,landmark_10_x,landmark_10_y,landmark_10_z,landmark_11_x,landmark_11_y,landmark_11_z,landmark_12_x,landmark_12_y,landmark_12_z,landmark_13_x,landmark_13_y,landmark_13_z,landmark_14_x,landmark_14_y,landmark_14_z,landmark_15_x,landmark_15_y,landmark_15_z,landmark_16_x,landmark_16_y,landmark_16_z,landmark_17_x,landmark_17_y,landmark_17_z,landmark_18_x,landmark_18_y,landmark_18_z,landmark_19_x,landmark_19_y,landmark_19_z,landmark_20_x,landmark_20_y,landmark_20_z,class
0.7044644951820374,0.48246312141418457,3.6998969221713196e-07,0.6480993032455444,0.46108680963516235,-0.014637887477874756,0.6086026430130005,0.40543293952941895,-0.02231205627322197,0.5958055853843689,0.3530198335647583,-0.028882676735520363,0.5790126323699951,0.3190169930458069,-0.035517264157533646,0.6269621849060059,0.3336543142795563,-0.016914216801524162,0.6182370185852051,0.2666192650794983,-0.03478571027517319,0.6187512278556824,0.2216542363166809,-0.04920060560107231,0.6217560768127441,0.18026557564735413,-0.059037115424871445,0.6587692499160767,0.3262895345687866,-0.021391741931438446,0.6512054204940796,0.2532643973827362,-0.035130783915519714,0.6494107842445374,0.20547117292881012,-0.04597901552915573,0.6496672034263611,0.16173601150512695,-0.053898800164461136,0.6916019320487976,0.3311063051223755,-0.028156733140349388,0.6850911378860474,0.2630418539047241,-0.04089636728167534,0.6823385953903198,0.2182190716266632,-0.046280160546302795,0.681400716304779,0.1776653379201889,-0.05016307160258293,0.7257634401321411,0.34626153111457825,-0.03667990863323212,0.7201604247093201,0.29346364736557007,-0.04816950485110283,0.7158822417259216,0.25863194465637207,-0.05060575529932976,0.7113236784934998,0.2268756628036499,-0.05177928879857063,re
