landmark_0_x,landmark_0_y,landmark_0_z,landmark_1_x,landmark_1_y,landmark_1_z,landmark_2_x,landmark_2_y,landmark_2_z,landmark_3_x,landmark_3_y,landmark_3_z,landmark_4_x,landmark_4_y,landmark_4_z,landmark_5_x,landmark_5_y,landmark_5_z,landmark_6_x,landmark_6_y,landmark_6_z,landmark_7_x,landmark_7_y,landmark_7_z,landmark_8_x,landmark_8_y,landmark_8_z,landmark_9_x,landmark_9_y,landmark_9_z,landmark_10_x,landmark_10_y,landmark_10_z,landmark_11_x,landmark_11_y,landmark_11_z,landmark_12_x,landmark_12_y,landmark_12_z,landmark_13_x,landmark_13_y,landmark_13_z,landmark_14_x,landmark_14_y,landmark_14_z,landmark_15_x,landmark_15_y,landmark_15_z,landmark_16_x,landmark_16_y,landmark_16_z,landmark_17_x,landmark_17_y,landmark_17_z,landmark_18_x,landmark_18_y,landmark_18_z,landmark_19_x,landmark_19_y,landmark_19_z,landmark_20_x,landmark_20_y,landmark_20_z,class
0.8200177550315857,0.3490210175514221,2.2174418745635194e-07,0.7801945209503174,0.32306399941444397,-0.013525099493563175,0.7561119794845581,0.28009214997291565,-0.021563950926065445,0.7518758773803711,0.23956555128097534,-0.02891162969172001,0.7511252760887146,0.20979078114032745,-0.03624054417014122,0.7801274657249451,0.22260800004005432,-0.013675927184522152,0.7790504693984985,0.16882961988449097,-0.0282808318734169,0.7801050543785095,0.13664540648460388,-0.04012325033545494,0.7816565036773682,0.1073024645447731,-0.04852442815899849,0.8050737977027893,0.21996083855628967,-0.01703614369034767,0.8037981986999512,0.16119784116744995,-0.029274066910147667,0.8033918738365173,0.12482408434152603,-0.039135415107011795,0.802955150604248,0.09166586399078369,-0.0462796650826931,0.8291553258895874,0.22750642895698547,-0.022563736885786057,0.8281422853469849,0.17107656598091125,-0.03441975638270378,0.8267289996147156,0.13702258467674255,-0.040394220501184464,0.8251793384552002,0.10628681629896164,-0.04440256208181381,0.8535301089286804,0.2441384345293045,-0.02953764982521534,0.8541322350502014,0.20198264718055725,-0.040143538266420364,0.8527036905288696,0.17529746890068054,-0.04324503615498543,0.8507866263389587,0.15097151696681976,-0.04486139863729477,re
