landmark_0_x,landmark_0_y,landmark_0_z,landmark_1_x,landmark_1_y,landmark_1_z,landmark_2_x,landmark_2_y,landmark_2_z,landmark_3_x,landmark_3_y,landmark_3_z,landmark_4_x,landmark_4_y,landmark_4_z,landmark_5_x,landmark_5_y,landmark_5_z,landmark_6_x,landmark_6_y,landmark_6_z,landmark_7_x,landmark_7_y,landmark_7_z,landmark_8_x,landmark_8_y,landmark_8_z,landmark_9_x,landmark_9_y,landmark_9_z,landmark_10_x,landmark_10_y,landmark_10_z,landmark_11_x,landmark_11_y,landmark_11_z,landmark_12_x,landmark_12_y,landmark_12_z,landmark_13_x,landmark_13_y,landmark_13_z,landmark_14_x,landmark_14_y,landmark_14_z,landmark_15_x,landmark_15_y,landmark_15_z,landmark_16_x,landmark_16_y,landmark_16_z,landmark_17_x,landmark_17_y,landmark_17_z,landmark_18_x,landmark_18_y,landmark_18_z,landmark_19_x,landmark_19_y,landmark_19_z,landmark_20_x,landmark_20_y,landmark_20_z,class
0.7688127756118774,0.467950701713562,2.8272165764064994e-07,0.7299250364303589,0.43998199701309204,-0.020477427169680595,0.7040549516677856,0.38889819383621216,-0.033269260078668594,0.6998707056045532,0.3436003029346466,-0.04451024532318115,0.7116193771362305,0.3098309636116028,-0.05507570505142212,0.7398036122322083,0.3091203570365906,-0.018867462873458862,0.7466182112693787,0.2493152618408203,-0.039261072874069214,0.7548381090164185,0.21086208522319794,-0.05663689225912094,0.7647134065628052,0.1771424114704132,-0.06840641051530838,0.7656772136688232,0.30671393871307373,-0.020390279591083527,0.7734667658805847,0.24587656557559967,-0.036223068833351135,0.781938374042511,0.20487239956855774,-0.047937650233507156,0.7917826771736145,0.1683327853679657,-0.056138306856155396,0.7893745303153992,0.3169516921043396,-0.025304285809397697,0.7978931665420532,0.2616744041442871,-0.039268139749765396,0.8064389228820801,0.22553202509880066,-0.04448728635907173,0.8158102631568909,0.19419705867767334,-0.04746459424495697,0.8110523819923401,0.337662935256958,-0.03287728130817413,0.8190205693244934,0.2886112332344055,-0.0439702644944191,0.8253813982009888,0.2579263150691986,-0.04637087509036064,0.8324259519577026,0.23171821236610413,-0.04718709737062454,re
