landmark_0_x,landmark_0_y,landmark_0_z,landmark_1_x,landmark_1_y,landmark_1_z,landmark_2_x,landmark_2_y,landmark_2_z,landmark_3_x,landmark_3_y,landmark_3_z,landmark_4_x,landmark_4_y,landmark_4_z,landmark_5_x,landmark_5_y,landmark_5_z,landmark_6_x,landmark_6_y,landmark_6_z,landmark_7_x,landmark_7_y,landmark_7_z,landmark_8_x,landmark_8_y,landmark_8_z,landmark_9_x,landmark_9_y,landmark_9_z,landmark_10_x,landmark_10_y,landmark_10_z,landmark_11_x,landmark_11_y,landmark_11_z,landmark_12_x,landmark_12_y,landmark_12_z,landmark_13_x,landmark_13_y,landmark_13_z,landmark_14_x,landmark_14_y,landmark_14_z,landmark_15_x,landmark_15_y,landmark_15_z,landmark_16_x,landmark_16_y,landmark_16_z,landmark_17_x,landmark_17_y,landmark_17_z,landmark_18_x,landmark_18_y,landmark_18_z,landmark_19_x,landmark_19_y,landmark_19_z,landmark_20_x,landmark_20_y,landmark_20_z,class
0.8195044994354248,0.8621751070022583,1.6777364919562388e-07,0.775145947933197,0.8422010540962219,-0.01247674971818924,0.7474874258041382,0.8010375499725342,-0.018657315522432327,0.7390315532684326,0.7617196440696716,-0.023684076964855194,0.7284602522850037,0.7316255569458008,-0.028364097699522972,0.774644672870636,0.7518479824066162,-0.010970096103847027,0.7723878026008606,0.713881254196167,-0.022237081080675125,0.7753122448921204,0.6916512250900269,-0.03213627263903618,0.7789173722267151,0.6686726808547974,-0.04010213166475296,0.8054561018943787,0.7479827404022217,-0.013760645873844624,0.8039385676383972,0.70538729429245,-0.022116048261523247,0.8035692572593689,0.6794426441192627,-0.03045954741537571,0.8029581904411316,0.6518864631652832,-0.03762201964855194,0.8336145281791687,0.756818413734436,-0.018524272367358208,0.8343218564987183,0.7160869836807251,-0.028892364352941513,0.8332308530807495,0.6912736296653748,-0.03391394019126892,0.8304364085197449,0.6644229292869568,-0.03787517547607422,0.8604130744934082,0.775141716003418,-0.024344928562641144,0.8646098375320435,0.7482975721359253,-0.03513401746749878,0.8638472557067871,0.7283306121826172,-0.038340456783771515,0.8605505228042603,0.7063453793525696,-0.04035959020256996,re
