landmark_0_x,landmark_0_y,landmark_0_z,landmark_1_x,landmark_1_y,landmark_1_z,landmark_2_x,landmark_2_y,landmark_2_z,landmark_3_x,landmark_3_y,landmark_3_z,landmark_4_x,landmark_4_y,landmark_4_z,landmark_5_x,landmark_5_y,landmark_5_z,landmark_6_x,landmark_6_y,landmark_6_z,landmark_7_x,landmark_7_y,landmark_7_z,landmark_8_x,landmark_8_y,landmark_8_z,landmark_9_x,landmark_9_y,landmark_9_z,landmark_10_x,landmark_10_y,landmark_10_z,landmark_11_x,landmark_11_y,landmark_11_z,landmark_12_x,landmark_12_y,landmark_12_z,landmark_13_x,landmark_13_y,landmark_13_z,landmark_14_x,landmark_14_y,landmark_14_z,landmark_15_x,landmark_15_y,landmark_15_z,landmark_16_x,landmark_16_y,landmark_16_z,landmark_17_x,landmark_17_y,landmark_17_z,landmark_18_x,landmark_18_y,landmark_18_z,landmark_19_x,landmark_19_y,landmark_19_z,landmark_20_x,landmark_20_y,landmark_20_z,class
0.7934653759002686,0.41907650232315063,2.8907524551868846e-07,0.7431306838989258,0.385862797498703,-0.01611362211406231,0.7143259048461914,0.3227419853210449,-0.02499702014029026,0.7048343420028687,0.268341600894928,-0.03366506099700928,0.6875314712524414,0.23036763072013855,-0.04257209599018097,0.7447595596313477,0.24763837456703186,-0.012930216267704964,0.7457663416862488,0.17881594598293304,-0.0314231738448143,0.7461090087890625,0.13385631144046783,-0.047710761427879333,0.7471911907196045,0.09282828867435455,-0.059387627989053726,0.7752947807312012,0.2419145256280899,-0.01794731430709362,0.7752615809440613,0.16533391177654266,-0.0331205390393734,0.773595929145813,0.11405690014362335,-0.04665932431817055,0.7713528275489807,0.06805826723575592,-0.056609511375427246,0.8050908446311951,0.24896085262298584,-0.025891195982694626,0.8052443265914917,0.17381244897842407,-0.0404215045273304,0.8035694360733032,0.1272830069065094,-0.048603590577840805,0.8000172972679138,0.08580847084522247,-0.054315704852342606,0.8359963297843933,0.26774266362190247,-0.035852234810590744,0.8379750847816467,0.21055011451244354,-0.048663243651390076,0.8361120820045471,0.1740519106388092,-0.052943117916584015,0.8309909105300903,0.14198866486549377,-0.0555846281349659,re
