landmark_0_x,landmark_0_y,landmark_0_z,landmark_1_x,landmark_1_y,landmark_1_z,landmark_2_x,landmark_2_y,landmark_2_z,landmark_3_x,landmark_3_y,landmark_3_z,landmark_4_x,landmark_4_y,landmark_4_z,landmark_5_x,landmark_5_y,landmark_5_z,landmark_6_x,landmark_6_y,landmark_6_z,landmark_7_x,landmark_7_y,landmark_7_z,landmark_8_x,landmark_8_y,landmark_8_z,landmark_9_x,landmark_9_y,landmark_9_z,landmark_10_x,landmark_10_y,landmark_10_z,landmark_11_x,landmark_11_y,landmark_11_z,landmark_12_x,landmark_12_y,landmark_12_z,landmark_13_x,landmark_13_y,landmark_13_z,landmark_14_x,landmark_14_y,landmark_14_z,landmark_15_x,landmark_15_y,landmark_15_z,landmark_16_x,landmark_16_y,landmark_16_z,landmark_17_x,landmark_17_y,landmark_17_z,landmark_18_x,landmark_18_y,landmark_18_z,landmark_19_x,landmark_19_y,landmark_19_z,landmark_20_x,landmark_20_y,landmark_20_z,class
0.7612492442131042,0.5720700025558472,4.450726862614829e-07,0.6947196125984192,0.5430797338485718,-0.019480176270008087,0.653198778629303,0.479148805141449,-0.031260449439287186,0.6456546187400818,0.4160856306552887,-0.04124869778752327,0.6351953744888306,0.36989468336105347,-0.0519917830824852,0.6866615414619446,0.3976450264453888,-0.027886223047971725,0.6817827820777893,0.3251204490661621,-0.0509045347571373,0.6816529035568237,0.27922362089157104,-0.06945153325796127,0.6827355623245239,0.23566782474517822,-0.08277301490306854,0.7269417643547058,0.3910524845123291,-0.03407066687941551,0.722088098526001,0.30942022800445557,-0.05394963547587395,0.7175470590591431,0.2567509710788727,-0.07057766616344452,0.712626039981842,0.2076704502105713,-0.0827256515622139,0.7665979266166687,0.40151703357696533,-0.04261201620101929,0.762669563293457,0.32227185368537903,-0.061973582953214645,0.7565237283706665,0.2748280167579651,-0.07299868762493134,0.7492045760154724,0.22995857894420624,-0.08059222251176834,0.8071726560592651,0.4254815876483917,-0.05269439518451691,0.8061708807945251,0.36484211683273315,-0.07138367742300034,0.8020153045654297,0.3253345787525177,-0.0778810977935791,0.7957121729850769,0.28816819190979004,-0.08139337599277496,re
