landmark_0_x,landmark_0_y,landmark_0_z,landmark_1_x,landmark_1_y,landmark_1_z,landmark_2_x,landmark_2_y,landmark_2_z,landmark_3_x,landmark_3_y,landmark_3_z,landmark_4_x,landmark_4_y,landmark_4_z,landmark_5_x,landmark_5_y,landmark_5_z,landmark_6_x,landmark_6_y,landmark_6_z,landmark_7_x,landmark_7_y,landmark_7_z,landmark_8_x,landmark_8_y,landmark_8_z,landmark_9_x,landmark_9_y,landmark_9_z,landmark_10_x,landmark_10_y,landmark_10_z,landmark_11_x,landmark_11_y,landmark_11_z,landmark_12_x,landmark_12_y,landmark_12_z,landmark_13_x,landmark_13_y,landmark_13_z,landmark_14_x,landmark_14_y,landmark_14_z,landmark_15_x,landmark_15_y,landmark_15_z,landmark_16_x,landmark_16_y,landmark_16_z,landmark_17_x,landmark_17_y,landmark_17_z,landmark_18_x,landmark_18_y,landmark_18_z,landmark_19_x,landmark_19_y,landmark_19_z,landmark_20_x,landmark_20_y,landmark_20_z,class
0.7854170799255371,0.5580884218215942,4.316463275699789e-07,0.7233587503433228,0.5462502837181091,-0.02199641801416874,0.6808971166610718,0.49950796365737915,-0.03396075218915939,0.667549729347229,0.44428616762161255,-0.043262582272291183,0.6478120684623718,0.40200111269950867,-0.05323104187846184,0.7087448239326477,0.4295770823955536,-0.03210455924272537,0.701554536819458,0.363070547580719,-0.05400010943412781,0.7010178565979004,0.32015857100486755,-0.06991710513830185,0.7012563943862915,0.2775396704673767,-0.08127865940332413,0.7459574341773987,0.4182294011116028,-0.03555489704012871,0.7394329309463501,0.3431103825569153,-0.054349638521671295,0.7367229461669922,0.2932540476322174,-0.06848524510860443,0.7336661219596863,0.24571038782596588,-0.07908088713884354,0.7811562418937683,0.42348501086235046,-0.041395992040634155,0.7754420042037964,0.3525271713733673,-0.061916399747133255,0.7714314460754395,0.307287335395813,-0.07269424945116043,0.7658423185348511,0.26350700855255127,-0.07983628660440445,0.8166981339454651,0.43904194235801697,-0.048609159886837006,0.8147584795951843,0.387673944234848,-0.06882180273532867,0.8114349246025085,0.3545941710472107,-0.076136015355587,0.8050971031188965,0.32275256514549255,-0.08035051822662354,re
