landmark_0_x,landmark_0_y,landmark_0_z,landmark_1_x,landmark_1_y,landmark_1_z,landmark_2_x,landmark_2_y,landmark_2_z,landmark_3_x,landmark_3_y,landmark_3_z,landmark_4_x,landmark_4_y,landmark_4_z,landmark_5_x,landmark_5_y,landmark_5_z,landmark_6_x,landmark_6_y,landmark_6_z,landmark_7_x,landmark_7_y,landmark_7_z,landmark_8_x,landmark_8_y,landmark_8_z,landmark_9_x,landmark_9_y,landmark_9_z,landmark_10_x,landmark_10_y,landmark_10_z,landmark_11_x,landmark_11_y,landmark_11_z,landmark_12_x,landmark_12_y,landmark_12_z,landmark_13_x,landmark_13_y,landmark_13_z,landmark_14_x,landmark_14_y,landmark_14_z,landmark_15_x,landmark_15_y,landmark_15_z,landmark_16_x,landmark_16_y,landmark_16_z,landmark_17_x,landmark_17_y,landmark_17_z,landmark_18_x,landmark_18_y,landmark_18_z,landmark_19_x,landmark_19_y,landmark_19_z,landmark_20_x,landmark_20_y,landmark_20_z,class
0.7264821529388428,0.5791438817977905,3.271414925620775e-07,0.6602202653884888,0.5544575452804565,-0.019962795078754425,0.6122667193412781,0.4983370304107666,-0.03163951262831688,0.5962189435958862,0.43982550501823425,-0.04198753833770752,0.5857664942741394,0.38839006423950195,-0.05226374790072441,0.6391780972480774,0.4078523516654968,-0.01989678665995598,0.6262320280075073,0.3403709828853607,-0.042149487882852554,0.6204349398612976,0.29713213443756104,-0.060821209102869034,0.6169110536575317,0.25520628690719604,-0.07460307329893112,0.6758432984352112,0.3984842002391815,-0.025623861700296402,0.6618127822875977,0.32391658425331116,-0.044052738696336746,0.6548659205436707,0.2767372727394104,-0.05955073982477188,0.6493280529975891,0.23029769957065582,-0.07106263935565948,0.7131862044334412,0.40666356682777405,-0.03453784063458443,0.6995930671691895,0.33584195375442505,-0.054323483258485794,0.6917728185653687,0.2925608158111572,-0.06310557574033737,0.685236930847168,0.25047242641448975,-0.06888411194086075,0.7528949975967407,0.4280812740325928,-0.04538203030824661,0.7473045587539673,0.3753204643726349,-0.0644732266664505,0.742491602897644,0.34123650193214417,-0.0695883259177208,0.7368144989013672,0.30928558111190796,-0.07202646881341934,re
