landmark_0_x,landmark_0_y,landmark_0_z,landmark_1_x,landmark_1_y,landmark_1_z,landmark_2_x,landmark_2_y,landmark_2_z,landmark_3_x,landmark_3_y,landmark_3_z,landmark_4_x,landmark_4_y,landmark_4_z,landmark_5_x,landmark_5_y,landmark_5_z,landmark_6_x,landmark_6_y,landmark_6_z,landmark_7_x,landmark_7_y,landmark_7_z,landmark_8_x,landmark_8_y,landmark_8_z,landmark_9_x,landmark_9_y,landmark_9_z,landmark_10_x,landmark_10_y,landmark_10_z,landmark_11_x,landmark_11_y,landmark_11_z,landmark_12_x,landmark_12_y,landmark_12_z,landmark_13_x,landmark_13_y,landmark_13_z,landmark_14_x,landmark_14_y,landmark_14_z,landmark_15_x,landmark_15_y,landmark_15_z,landmark_16_x,landmark_16_y,landmark_16_z,landmark_17_x,landmark_17_y,landmark_17_z,landmark_18_x,landmark_18_y,landmark_18_z,landmark_19_x,landmark_19_y,landmark_19_z,landmark_20_x,landmark_20_y,landmark_20_z,class
0.7264096140861511,0.8081320524215698,2.5237409317924175e-07,0.6725756525993347,0.7818021178245544,-0.016947893425822258,0.6363072395324707,0.7339612245559692,-0.027098404243588448,0.6274641156196594,0.6850295662879944,-0.03617585450410843,0.631087064743042,0.6456702351570129,-0.04502673074603081,0.6700140237808228,0.661247730255127,-0.016795553267002106,0.6658371090888977,0.6087636351585388,-0.033872418105602264,0.6682660579681396,0.5787729620933533,-0.048667315393686295,0.6721478700637817,0.5463470220565796,-0.06016503646969795,0.7044077515602112,0.6587393879890442,-0.02130933664739132,0.7027599215507507,0.599620521068573,-0.03546679764986038,0.7031497955322266,0.5642799139022827,-0.048093244433403015,0.702854335308075,0.5257054567337036,-0.05794650316238403,0.7382943034172058,0.6702069044113159,-0.028383268043398857,0.7377704977989197,0.6144928336143494,-0.04397805407643318,0.7367022037506104,0.5807298421859741,-0.050667181611061096,0.7333654761314392,0.5467687845230103,-0.055209193378686905,0.7714424133300781,0.6919695138931274,-0.03709705173969269,0.773080587387085,0.650448739528656,-0.05178484320640564,0.7716869711875916,0.6215090751647949,-0.05534127727150917,0.766788125038147,0.5927419066429138,-0.057166196405887604,re
