landmark_0_x,landmark_0_y,landmark_0_z,landmark_1_x,landmark_1_y,landmark_1_z,landmark_2_x,landmark_2_y,landmark_2_z,landmark_3_x,landmark_3_y,landmark_3_z,landmark_4_x,landmark_4_y,landmark_4_z,landmark_5_x,landmark_5_y,landmark_5_z,landmark_6_x,landmark_6_y,landmark_6_z,landmark_7_x,landmark_7_y,landmark_7_z,landmark_8_x,landmark_8_y,landmark_8_z,landmark_9_x,landmark_9_y,landmark_9_z,landmark_10_x,landmark_10_y,landmark_10_z,landmark_11_x,landmark_11_y,landmark_11_z,landmark_12_x,landmark_12_y,landmark_12_z,landmark_13_x,landmark_13_y,landmark_13_z,landmark_14_x,landmark_14_y,landmark_14_z,landmark_15_x,landmark_15_y,landmark_15_z,landmark_16_x,landmark_16_y,landmark_16_z,landmark_17_x,landmark_17_y,landmark_17_z,landmark_18_x,landmark_18_y,landmark_18_z,landmark_19_x,landmark_19_y,landmark_19_z,landmark_20_x,landmark_20_y,landmark_20_z,class
0.8435282707214355,0.6449884176254272,3.912748809398181e-07,0.7852455377578735,0.6165428161621094,-0.022433022037148476,0.7477260231971741,0.564437747001648,-0.03584487736225128,0.74349445104599,0.5111415386199951,-0.04679439589381218,0.746784508228302,0.46394720673561096,-0.05789823457598686,0.7895932197570801,0.5037846565246582,-0.0318099744617939,0.7902377843856812,0.43684113025665283,-0.054044149816036224,0.7945793271064758,0.39407697319984436,-0.07058588415384293,0.7996276617050171,0.35194993019104004,-0.08233555406332016,0.8273127675056458,0.4994792938232422,-0.03494580462574959,0.8291388750076294,0.4249342083930969,-0.05435796082019806,0.8311178684234619,0.3743661046028137,-0.0692669078707695,0.8319765329360962,0.32323428988456726,-0.0802236795425415,0.8621554374694824,0.5090428590774536,-0.04037909582257271,0.8639117479324341,0.4398328363895416,-0.06051144376397133,0.8652175664901733,0.39438414573669434,-0.07019954919815063,0.8643833994865417,0.34955692291259766,-0.07630670815706253,0.8961536288261414,0.5286064743995667,-0.047383759170770645,0.8999103307723999,0.4763639271259308,-0.06573625653982162,0.9009187817573547,0.44139599800109863,-0.0711233988404274,0.899252712726593,0.40711677074432373,-0.07390489429235458,re
