landmark_0_x,landmark_0_y,landmark_0_z,landmark_1_x,landmark_1_y,landmark_1_z,landmark_2_x,landmark_2_y,landmark_2_z,landmark_3_x,landmark_3_y,landmark_3_z,landmark_4_x,landmark_4_y,landmark_4_z,landmark_5_x,landmark_5_y,landmark_5_z,landmark_6_x,landmark_6_y,landmark_6_z,landmark_7_x,landmark_7_y,landmark_7_z,landmark_8_x,landmark_8_y,landmark_8_z,landmark_9_x,landmark_9_y,landmark_9_z,landmark_10_x,landmark_10_y,landmark_10_z,landmark_11_x,landmark_11_y,landmark_11_z,landmark_12_x,landmark_12_y,landmark_12_z,landmark_13_x,landmark_13_y,landmark_13_z,landmark_14_x,landmark_14_y,landmark_14_z,landmark_15_x,landmark_15_y,landmark_15_z,landmark_16_x,landmark_16_y,landmark_16_z,landmark_17_x,landmark_17_y,landmark_17_z,landmark_18_x,landmark_18_y,landmark_18_z,landmark_19_x,landmark_19_y,landmark_19_z,landmark_20_x,landmark_20_y,landmark_20_z,class
0.8722648620605469,0.36497312784194946,1.5753177251554007e-07,0.8382517099380493,0.3287503123283386,-0.00946111511439085,0.8185927867889404,0.28269726037979126,-0.01421408262103796,0.8175603151321411,0.24122901260852814,-0.018896203488111496,0.8258190155029297,0.22032678127288818,-0.02316737174987793,0.8471750617027283,0.23500677943229675,-0.002951012458652258,0.8495208024978638,0.1906866878271103,-0.012443622574210167,0.8514904379844666,0.16473180055618286,-0.02203323319554329,0.8534224033355713,0.13944612443447113,-0.029771123081445694,0.8707628846168518,0.23669439554214478,-0.006322295870631933,0.8731730580329895,0.18893249332904816,-0.01380197610706091,0.8744034767150879,0.15999333560466766,-0.021441081538796425,0.8750016689300537,0.13027061522006989,-0.027412474155426025,0.8924936056137085,0.246871680021286,-0.01176277082413435,0.8940657377243042,0.20083850622177124,-0.019741855561733246,0.8940892219543457,0.1731463521718979,-0.023157751187682152,0.8942467570304871,0.14814704656600952,-0.025584854185581207,0.9150747656822205,0.26534295082092285,-0.018581410869956017,0.916281521320343,0.2285686880350113,-0.0257999487221241,0.9159929156303406,0.20553144812583923,-0.026679424569010735,0.9149340391159058,0.1846155822277069,-0.02688080631196499,re
