landmark_0_x,landmark_0_y,landmark_0_z,landmark_1_x,landmark_1_y,landmark_1_z,landmark_2_x,landmark_2_y,landmark_2_z,landmark_3_x,landmark_3_y,landmark_3_z,landmark_4_x,landmark_4_y,landmark_4_z,landmark_5_x,landmark_5_y,landmark_5_z,landmark_6_x,landmark_6_y,landmark_6_z,landmark_7_x,landmark_7_y,landmark_7_z,landmark_8_x,landmark_8_y,landmark_8_z,landmark_9_x,landmark_9_y,landmark_9_z,landmark_10_x,landmark_10_y,landmark_10_z,landmark_11_x,landmark_11_y,landmark_11_z,landmark_12_x,landmark_12_y,landmark_12_z,landmark_13_x,landmark_13_y,landmark_13_z,landmark_14_x,landmark_14_y,landmark_14_z,landmark_15_x,landmark_15_y,landmark_15_z,landmark_16_x,landmark_16_y,landmark_16_z,landmark_17_x,landmark_17_y,landmark_17_z,landmark_18_x,landmark_18_y,landmark_18_z,landmark_19_x,landmark_19_y,landmark_19_z,landmark_20_x,landmark_20_y,landmark_20_z,class
0.8279032111167908,0.6488656997680664,3.4927634828818555e-07,0.7736182808876038,0.6207900047302246,-0.017767926678061485,0.7408961653709412,0.568106472492218,-0.027582675218582153,0.736843466758728,0.5175267457962036,-0.035830140113830566,0.7380921244621277,0.4757760167121887,-0.04388758912682533,0.78053218126297,0.5057973265647888,-0.019835028797388077,0.7819703817367554,0.4440650939941406,-0.037156447768211365,0.7865648865699768,0.4047181010246277,-0.05122217535972595,0.7915745377540588,0.3676599860191345,-0.0613209493458271,0.8149275183677673,0.5015779733657837,-0.022848613560199738,0.8183545470237732,0.4340629577636719,-0.036886006593704224,0.8203158378601074,0.3884248733520508,-0.048938460648059845,0.8219578266143799,0.3440952003002167,-0.057973820716142654,0.8462972044944763,0.510505199432373,-0.02816072478890419,0.8515332937240601,0.44831225275993347,-0.04265369474887848,0.8524631261825562,0.4062207341194153,-0.05028529837727547,0.8520756363868713,0.36520272493362427,-0.05545582249760628,0.8761415481567383,0.5300210118293762,-0.03500540181994438,0.8838485479354858,0.4846353828907013,-0.0486636683344841,0.8862345218658447,0.4527122378349304,-0.052485473453998566,0.8862340450286865,0.42191973328590393,-0.054390620440244675,re
