landmark_0_x,landmark_0_y,landmark_0_z,landmark_1_x,landmark_1_y,landmark_1_z,landmark_2_x,landmark_2_y,landmark_2_z,landmark_3_x,landmark_3_y,landmark_3_z,landmark_4_x,landmark_4_y,landmark_4_z,landmark_5_x,landmark_5_y,landmark_5_z,landmark_6_x,landmark_6_y,landmark_6_z,landmark_7_x,landmark_7_y,landmark_7_z,landmark_8_x,landmark_8_y,landmark_8_z,landmark_9_x,landmark_9_y,landmark_9_z,landmark_10_x,landmark_10_y,landmark_10_z,landmark_11_x,landmark_11_y,landmark_11_z,landmark_12_x,landmark_12_y,landmark_12_z,landmark_13_x,landmark_13_y,landmark_13_z,landmark_14_x,landmark_14_y,landmark_14_z,landmark_15_x,landmark_15_y,landmark_15_z,landmark_16_x,landmark_16_y,landmark_16_z,landmark_17_x,landmark_17_y,landmark_17_z,landmark_18_x,landmark_18_y,landmark_18_z,landmark_19_x,landmark_19_y,landmark_19_z,landmark_20_x,landmark_20_y,landmark_20_z,class
0.6528940200805664,0.7498220801353455,1.2644382252346986e-07,0.6226791143417358,0.7442088723182678,-0.011026269756257534,0.5977272987365723,0.726309061050415,-0.01850549876689911,0.5880962014198303,0.701103150844574,-0.024904455989599228,0.5915716886520386,0.6830148696899414,-0.03114013932645321,0.6179912686347961,0.6779433488845825,-0.011620991863310337,0.6162828803062439,0.6554999351501465,-0.021240323781967163,0.6169569492340088,0.6420696973800659,-0.03010285273194313,0.6179795265197754,0.6270425319671631,-0.037242140620946884,0.6370761394500732,0.6735575199127197,-0.013435674831271172,0.6359711289405823,0.6472005844116211,-0.021443642675876617,0.6356299519538879,0.6321560740470886,-0.02808295004069805,0.6351318359375,0.6155887842178345,-0.03354083001613617,0.6560714840888977,0.6785591840744019,-0.016692331060767174,0.6543721556663513,0.6523456573486328,-0.025791164487600327,0.653901994228363,0.6377065777778625,-0.02866235189139843,0.6526394486427307,0.6228467226028442,-0.03063596598803997,0.6747121214866638,0.6902388334274292,-0.020962465554475784,0.6759713888168335,0.6695157289505005,-0.029625097289681435,0.6756866574287415,0.656191349029541,-0.031148165464401245,0.6736549735069275,0.6426705718040466,-0.03180469945073128,re
