landmark_0_x,landmark_0_y,landmark_0_z,landmark_1_x,landmark_1_y,landmark_1_z,landmark_2_x,landmark_2_y,landmark_2_z,landmark_3_x,landmark_3_y,landmark_3_z,landmark_4_x,landmark_4_y,landmark_4_z,landmark_5_x,landmark_5_y,landmark_5_z,landmark_6_x,landmark_6_y,landmark_6_z,landmark_7_x,landmark_7_y,landmark_7_z,landmark_8_x,landmark_8_y,landmark_8_z,landmark_9_x,landmark_9_y,landmark_9_z,landmark_10_x,landmark_10_y,landmark_10_z,landmark_11_x,landmark_11_y,landmark_11_z,landmark_12_x,landmark_12_y,landmark_12_z,landmark_13_x,landmark_13_y,landmark_13_z,landmark_14_x,landmark_14_y,landmark_14_z,landmark_15_x,landmark_15_y,landmark_15_z,landmark_16_x,landmark_16_y,landmark_16_z,landmark_17_x,landmark_17_y,landmark_17_z,landmark_18_x,landmark_18_y,landmark_18_z,landmark_19_x,landmark_19_y,landmark_19_z,landmark_20_x,landmark_20_y,landmark_20_z,class
0.7615665197372437,0.583628237247467,4.58775474498907e-07,0.68269944190979,0.5493165850639343,-0.029905742034316063,0.6281628608703613,0.48375508189201355,-0.04745517671108246,0.6155354380607605,0.40844205021858215,-0.06287747621536255,0.612750768661499,0.3434290289878845,-0.07794322818517685,0.6691849827766418,0.38155418634414673,-0.03141956776380539,0.6595245003700256,0.2890776991844177,-0.06153145432472229,0.6596064567565918,0.23134833574295044,-0.08573774993419647,0.6620906591415405,0.17436769604682922,-0.10342678427696228,0.7148163318634033,0.3664257824420929,-0.03683894872665405,0.7044684290885925,0.2667074203491211,-0.06320959329605103,0.7004022598266602,0.20071838796138763,-0.08478015661239624,0.6961551308631897,0.13393211364746094,-0.10087484121322632,0.7587119936943054,0.3725423812866211,-0.04656520113348961,0.7509046196937561,0.27940279245376587,-0.07393202185630798,0.7486722469329834,0.2198811173439026,-0.08812905102968216,0.7448551654815674,0.16020172834396362,-0.09769821166992188,0.803196132183075,0.3954080045223236,-0.059080950915813446,0.8013055324554443,0.32627376914024353,-0.0841878354549408,0.8007982969284058,0.2828563451766968,-0.09256282448768616,0.7984726428985596,0.2394864857196808,-0.09746823459863663,re
