landmark_0_x,landmark_0_y,landmark_0_z,landmark_1_x,landmark_1_y,landmark_1_z,landmark_2_x,landmark_2_y,landmark_2_z,landmark_3_x,landmark_3_y,landmark_3_z,landmark_4_x,landmark_4_y,landmark_4_z,landmark_5_x,landmark_5_y,landmark_5_z,landmark_6_x,landmark_6_y,landmark_6_z,landmark_7_x,landmark_7_y,landmark_7_z,landmark_8_x,landmark_8_y,landmark_8_z,landmark_9_x,landmark_9_y,landmark_9_z,landmark_10_x,landmark_10_y,landmark_10_z,landmark_11_x,landmark_11_y,landmark_11_z,landmark_12_x,landmark_12_y,landmark_12_z,landmark_13_x,landmark_13_y,landmark_13_z,landmark_14_x,landmark_14_y,landmark_14_z,landmark_15_x,landmark_15_y,landmark_15_z,landmark_16_x,landmark_16_y,landmark_16_z,landmark_17_x,landmark_17_y,landmark_17_z,landmark_18_x,landmark_18_y,landmark_18_z,landmark_19_x,landmark_19_y,landmark_19_z,landmark_20_x,landmark_20_y,landmark_20_z,class
0.7390473484992981,0.8188716769218445,1.3009466215407883e-07,0.7021884322166443,0.8073282241821289,-0.00853952020406723,0.6754090785980225,0.7789722084999084,-0.01288372091948986,0.6675751209259033,0.7476274371147156,-0.016762657091021538,0.6676937937736511,0.7217001914978027,-0.02046160399913788,0.69305819272995,0.7362945079803467,-0.006520981900393963,0.6890228986740112,0.7048565149307251,-0.015061674639582634,0.688698410987854,0.6859713196754456,-0.022497281432151794,0.6890215277671814,0.6665014028549194,-0.02859189361333847,0.7146162390708923,0.7311040163040161,-0.00960501004010439,0.7099898457527161,0.6979022026062012,-0.016524333506822586,0.70794677734375,0.6777596473693848,-0.023127948865294456,0.705804169178009,0.6558244228363037,-0.028509439900517464,0.7359191179275513,0.7352895140647888,-0.014221659861505032,0.7312543392181396,0.7037773132324219,-0.022967925295233727,0.7289142608642578,0.6849797368049622,-0.02688913606107235,0.7263436317443848,0.6648579239845276,-0.029684150591492653,0.7574661374092102,0.7466086149215698,-0.019591929391026497,0.7550051212310791,0.7233914136886597,-0.028647419065237045,0.7536264061927795,0.7085921168327332,-0.030897686257958412,0.7514825463294983,0.6932086944580078,-0.0320388488471508,re
