landmark_0_x,landmark_0_y,landmark_0_z,landmark_1_x,landmark_1_y,landmark_1_z,landmark_2_x,landmark_2_y,landmark_2_z,landmark_3_x,landmark_3_y,landmark_3_z,landmark_4_x,landmark_4_y,landmark_4_z,landmark_5_x,landmark_5_y,landmark_5_z,landmark_6_x,landmark_6_y,landmark_6_z,landmark_7_x,landmark_7_y,landmark_7_z,landmark_8_x,landmark_8_y,landmark_8_z,landmark_9_x,landmark_9_y,landmark_9_z,landmark_10_x,landmark_10_y,landmark_10_z,landmark_11_x,landmark_11_y,landmark_11_z,landmark_12_x,landmark_12_y,landmark_12_z,landmark_13_x,landmark_13_y,landmark_13_z,landmark_14_x,landmark_14_y,landmark_14_z,landmark_15_x,landmark_15_y,landmark_15_z,landmark_16_x,landmark_16_y,landmark_16_z,landmark_17_x,landmark_17_y,landmark_17_z,landmark_18_x,landmark_18_y,landmark_18_z,landmark_19_x,landmark_19_y,landmark_19_z,landmark_20_x,landmark_20_y,landmark_20_z,class
0.8585037589073181,0.6008284091949463,1.7064792245946592e-07,0.8307300209999084,0.5790058374404907,-0.007724483963102102,0.8117642998695374,0.5472516417503357,-0.01222140807658434,0.8072416186332703,0.5188348889350891,-0.016282150521874428,0.813599169254303,0.4977107346057892,-0.020007625222206116,0.8334183692932129,0.5117741227149963,-0.005512430798262358,0.8368217945098877,0.4788208603858948,-0.012944772839546204,0.8406029939651489,0.45805975794792175,-0.020030176267027855,0.8438057899475098,0.4389132857322693,-0.025266051292419434,0.8515134453773499,0.5114418268203735,-0.0070908330380916595,0.8546203970909119,0.47761470079421997,-0.012154381722211838,0.8574843406677246,0.4553794860839844,-0.017122959718108177,0.8601423501968384,0.4337758719921112,-0.021108007058501244,0.8681046366691589,0.5172298550605774,-0.009950738400220871,0.8699344396591187,0.48552650213241577,-0.015217355452477932,0.8724594116210938,0.46579509973526,-0.016540398821234703,0.8746367692947388,0.44790124893188477,-0.017564717680215836,0.8834553956985474,0.5285012722015381,-0.013719769194722176,0.8847898840904236,0.5034394860267639,-0.018069280311465263,0.8869895935058594,0.4888221323490143,-0.017050176858901978,0.888867974281311,0.47589969635009766,-0.015963813289999962,re
