landmark_0_x,landmark_0_y,landmark_0_z,landmark_1_x,landmark_1_y,landmark_1_z,landmark_2_x,landmark_2_y,landmark_2_z,landmark_3_x,landmark_3_y,landmark_3_z,landmark_4_x,landmark_4_y,landmark_4_z,landmark_5_x,landmark_5_y,landmark_5_z,landmark_6_x,landmark_6_y,landmark_6_z,landmark_7_x,landmark_7_y,landmark_7_z,landmark_8_x,landmark_8_y,landmark_8_z,landmark_9_x,landmark_9_y,landmark_9_z,landmark_10_x,landmark_10_y,landmark_10_z,landmark_11_x,landmark_11_y,landmark_11_z,landmark_12_x,landmark_12_y,landmark_12_z,landmark_13_x,landmark_13_y,landmark_13_z,landmark_14_x,landmark_14_y,landmark_14_z,landmark_15_x,landmark_15_y,landmark_15_z,landmark_16_x,landmark_16_y,landmark_16_z,landmark_17_x,landmark_17_y,landmark_17_z,landmark_18_x,landmark_18_y,landmark_18_z,landmark_19_x,landmark_19_y,landmark_19_z,landmark_20_x,landmark_20_y,landmark_20_z,class
0.6689926385879517,0.7502663731575012,2.47534671871108e-07,0.6173829436302185,0.7468392252922058,-0.015700165182352066,0.573525071144104,0.7074263691902161,-0.024879004806280136,0.5521408915519714,0.6572971940040588,-0.032318875193595886,0.5281287431716919,0.6218605041503906,-0.03994813561439514,0.5863549113273621,0.6502041816711426,-0.024244219064712524,0.5734565854072571,0.5896478891372681,-0.04109968617558479,0.5687634348869324,0.5525684952735901,-0.0526433065533638,0.5649281144142151,0.5166655778884888,-0.06091483309864998,0.6183623671531677,0.6345503926277161,-0.028209306299686432,0.6043877005577087,0.5676183104515076,-0.041761238127946854,0.5974410772323608,0.525105893611908,-0.05130525678396225,0.5912677645683289,0.48447537422180176,-0.059044044464826584,0.6510688662528992,0.6323623061180115,-0.03393610194325447,0.6379250288009644,0.5711652040481567,-0.04986228793859482,0.6322764158248901,0.5347430109977722,-0.056726135313510895,0.6257287859916687,0.49937471747398376,-0.06151362881064415,0.6855387091636658,0.6379585266113281,-0.04061221331357956,0.6768863201141357,0.5912225842475891,-0.05651090666651726,0.6731001734733582,0.5665619373321533,-0.06056426092982292,0.6675413250923157,0.5423213839530945,-0.06278040260076523,re
