landmark_0_x,landmark_0_y,landmark_0_z,landmark_1_x,landmark_1_y,landmark_1_z,landmark_2_x,landmark_2_y,landmark_2_z,landmark_3_x,landmark_3_y,landmark_3_z,landmark_4_x,landmark_4_y,landmark_4_z,landmark_5_x,landmark_5_y,landmark_5_z,landmark_6_x,landmark_6_y,landmark_6_z,landmark_7_x,landmark_7_y,landmark_7_z,landmark_8_x,landmark_8_y,landmark_8_z,landmark_9_x,landmark_9_y,landmark_9_z,landmark_10_x,landmark_10_y,landmark_10_z,landmark_11_x,landmark_11_y,landmark_11_z,landmark_12_x,landmark_12_y,landmark_12_z,landmark_13_x,landmark_13_y,landmark_13_z,landmark_14_x,landmark_14_y,landmark_14_z,landmark_15_x,landmark_15_y,landmark_15_z,landmark_16_x,landmark_16_y,landmark_16_z,landmark_17_x,landmark_17_y,landmark_17_z,landmark_18_x,landmark_18_y,landmark_18_z,landmark_19_x,landmark_19_y,landmark_19_z,landmark_20_x,landmark_20_y,landmark_20_z,class
0.6579433083534241,0.7337849140167236,1.4150214155961294e-07,0.626648485660553,0.7307929396629333,-0.0123089998960495,0.5996453762054443,0.7149632573127747,-0.02057812549173832,0.5887870192527771,0.6892701983451843,-0.02757520042359829,0.5942166447639465,0.6669811606407166,-0.034084536135196686,0.6200162768363953,0.663642942905426,-0.012189739383757114,0.6199288368225098,0.636921763420105,-0.02185445837676525,0.6211159229278564,0.6222745776176453,-0.030367586761713028,0.6225722432136536,0.6076089143753052,-0.03715415298938751,0.639795184135437,0.6580049395561218,-0.013422248885035515,0.6395990252494812,0.6302925944328308,-0.021496277302503586,0.6401340961456299,0.6141445636749268,-0.02764960750937462,0.6403577327728271,0.5975770950317383,-0.032804425805807114,0.6582974195480347,0.6617896556854248,-0.0163356252014637,0.6582563519477844,0.6353974342346191,-0.02576729655265808,0.6587376594543457,0.6203033924102783,-0.02838660404086113,0.6581242680549622,0.6047272682189941,-0.030170224606990814,0.6758916974067688,0.6724611520767212,-0.020353136584162712,0.6772562861442566,0.6509364247322083,-0.02928897552192211,0.6780357360839844,0.6380729079246521,-0.030674606561660767,0.677520751953125,0.6251712441444397,-0.03119198977947235,re
