landmark_0_x,landmark_0_y,landmark_0_z,landmark_1_x,landmark_1_y,landmark_1_z,landmark_2_x,landmark_2_y,landmark_2_z,landmark_3_x,landmark_3_y,landmark_3_z,landmark_4_x,landmark_4_y,landmark_4_z,landmark_5_x,landmark_5_y,landmark_5_z,landmark_6_x,landmark_6_y,landmark_6_z,landmark_7_x,landmark_7_y,landmark_7_z,landmark_8_x,landmark_8_y,landmark_8_z,landmark_9_x,landmark_9_y,landmark_9_z,landmark_10_x,landmark_10_y,landmark_10_z,landmark_11_x,landmark_11_y,landmark_11_z,landmark_12_x,landmark_12_y,landmark_12_z,landmark_13_x,landmark_13_y,landmark_13_z,landmark_14_x,landmark_14_y,landmark_14_z,landmark_15_x,landmark_15_y,landmark_15_z,landmark_16_x,landmark_16_y,landmark_16_z,landmark_17_x,landmark_17_y,landmark_17_z,landmark_18_x,landmark_18_y,landmark_18_z,landmark_19_x,landmark_19_y,landmark_19_z,landmark_20_x,landmark_20_y,landmark_20_z,class
0.8408597707748413,0.5332359075546265,4.2972413893949124e-07,0.7753317952156067,0.4948301911354065,-0.02651195041835308,0.7317984104156494,0.42749202251434326,-0.04231865704059601,0.7229655981063843,0.35777154564857483,-0.056168459355831146,0.7306568026542664,0.3070649206638336,-0.06984277814626694,0.7805431485176086,0.327062726020813,-0.028377704322338104,0.7746617197990417,0.2427009642124176,-0.05472161993384361,0.7738513946533203,0.1895596981048584,-0.07681839913129807,0.7748870849609375,0.13866937160491943,-0.09290800243616104,0.8222132325172424,0.3187355399131775,-0.03298135846853256,0.8183590173721313,0.22232377529144287,-0.05450596287846565,0.8147300481796265,0.15931199491024017,-0.0733279287815094,0.8107433915138245,0.09944489598274231,-0.08718021214008331,0.863647997379303,0.3300536572933197,-0.04115916043519974,0.8607059717178345,0.23774492740631104,-0.06234818324446678,0.8567083477973938,0.17919030785560608,-0.07533220946788788,0.8509218096733093,0.12617042660713196,-0.0841340720653534,0.9049597382545471,0.35750627517700195,-0.051936227828264236,0.90648353099823,0.28785988688468933,-0.07195557653903961,0.9031497240066528,0.24065372347831726,-0.0797804445028305,0.8970159888267517,0.19829201698303223,-0.08421646803617477,re
