landmark_0_x,landmark_0_y,landmark_0_z,landmark_1_x,landmark_1_y,landmark_1_z,landmark_2_x,landmark_2_y,landmark_2_z,landmark_3_x,landmark_3_y,landmark_3_z,landmark_4_x,landmark_4_y,landmark_4_z,landmark_5_x,landmark_5_y,landmark_5_z,landmark_6_x,landmark_6_y,landmark_6_z,landmark_7_x,landmark_7_y,landmark_7_z,landmark_8_x,landmark_8_y,landmark_8_z,landmark_9_x,landmark_9_y,landmark_9_z,landmark_10_x,landmark_10_y,landmark_10_z,landmark_11_x,landmark_11_y,landmark_11_z,landmark_12_x,landmark_12_y,landmark_12_z,landmark_13_x,landmark_13_y,landmark_13_z,landmark_14_x,landmark_14_y,landmark_14_z,landmark_15_x,landmark_15_y,landmark_15_z,landmark_16_x,landmark_16_y,landmark_16_z,landmark_17_x,landmark_17_y,landmark_17_z,landmark_18_x,landmark_18_y,landmark_18_z,landmark_19_x,landmark_19_y,landmark_19_z,landmark_20_x,landmark_20_y,landmark_20_z,class
0.7811383008956909,0.4226148724555969,3.476488075193629e-07,0.730442464351654,0.38644957542419434,-0.017292777076363564,0.6983368396759033,0.32025861740112305,-0.027254827320575714,0.6859652400016785,0.26475560665130615,-0.036059919744729996,0.6655125021934509,0.23588445782661438,-0.044986870139837265,0.7217565178871155,0.25406354665756226,-0.021328117698431015,0.7221808433532715,0.18598783016204834,-0.04333029314875603,0.7250877618789673,0.13895964622497559,-0.06080228462815285,0.7284057140350342,0.09662096202373505,-0.07333620637655258,0.7545024156570435,0.25290894508361816,-0.025872040539979935,0.7600571513175964,0.18585900962352753,-0.045635778456926346,0.7653458118438721,0.13851121068000793,-0.059783935546875,0.7703382968902588,0.09602849185466766,-0.07005144655704498,0.784866452217102,0.2648102045059204,-0.03315224498510361,0.7926273345947266,0.20605692267417908,-0.052709322422742844,0.7984011769294739,0.16600030660629272,-0.06119415536522865,0.8017791509628296,0.12943941354751587,-0.06653030961751938,0.8146369457244873,0.2869734764099121,-0.04227864369750023,0.8247638940811157,0.24043232202529907,-0.05949920043349266,0.8283265829086304,0.21174021065235138,-0.06533403694629669,0.827586829662323,0.18645918369293213,-0.06882338225841522,re
