landmark_0_x,landmark_0_y,landmark_0_z,landmark_1_x,landmark_1_y,landmark_1_z,landmark_2_x,landmark_2_y,landmark_2_z,landmark_3_x,landmark_3_y,landmark_3_z,landmark_4_x,landmark_4_y,landmark_4_z,landmark_5_x,landmark_5_y,landmark_5_z,landmark_6_x,landmark_6_y,landmark_6_z,landmark_7_x,landmark_7_y,landmark_7_z,landmark_8_x,landmark_8_y,landmark_8_z,landmark_9_x,landmark_9_y,landmark_9_z,landmark_10_x,landmark_10_y,landmark_10_z,landmark_11_x,landmark_11_y,landmark_11_z,landmark_12_x,landmark_12_y,landmark_12_z,landmark_13_x,landmark_13_y,landmark_13_z,landmark_14_x,landmark_14_y,landmark_14_z,landmark_15_x,landmark_15_y,landmark_15_z,landmark_16_x,landmark_16_y,landmark_16_z,landmark_17_x,landmark_17_y,landmark_17_z,landmark_18_x,landmark_18_y,landmark_18_z,landmark_19_x,landmark_19_y,landmark_19_z,landmark_20_x,landmark_20_y,landmark_20_z,class
0.8022157549858093,0.39426085352897644,2.3802442683518166e-07,0.758466362953186,0.36762529611587524,-0.014095821417868137,0.7336061596870422,0.32175081968307495,-0.021697279065847397,0.7320449352264404,0.2786504924297333,-0.028812605887651443,0.7370353937149048,0.2493315190076828,-0.03607185184955597,0.7672905325889587,0.26403847336769104,-0.01261607464402914,0.7672535181045532,0.20989003777503967,-0.027347764000296593,0.7685654759407043,0.17484185099601746,-0.03993987664580345,0.7706741094589233,0.14175860583782196,-0.0491110198199749,0.7938956022262573,0.2592655420303345,-0.016226239502429962,0.7935261130332947,0.19793902337551117,-0.028365129604935646,0.7932918667793274,0.1568668782711029,-0.0391387864947319,0.7926932573318481,0.11738777160644531,-0.047117337584495544,0.818604588508606,0.2647877037525177,-0.022081339731812477,0.8182806968688965,0.2066885232925415,-0.03419199213385582,0.8166002035140991,0.17034897208213806,-0.04063745215535164,0.8140833377838135,0.13628049194812775,-0.04494062066078186,0.8430356383323669,0.2792340815067291,-0.029542306438088417,0.8442647457122803,0.2339513748884201,-0.040214937180280685,0.8441334962844849,0.20537668466567993,-0.04313642159104347,0.8425180912017822,0.17877542972564697,-0.04467160999774933,re
