landmark_0_x,landmark_0_y,landmark_0_z,landmark_1_x,landmark_1_y,landmark_1_z,landmark_2_x,landmark_2_y,landmark_2_z,landmark_3_x,landmark_3_y,landmark_3_z,landmark_4_x,landmark_4_y,landmark_4_z,landmark_5_x,landmark_5_y,landmark_5_z,landmark_6_x,landmark_6_y,landmark_6_z,landmark_7_x,landmark_7_y,landmark_7_z,landmark_8_x,landmark_8_y,landmark_8_z,landmark_9_x,landmark_9_y,landmark_9_z,landmark_10_x,landmark_10_y,landmark_10_z,landmark_11_x,landmark_11_y,landmark_11_z,landmark_12_x,landmark_12_y,landmark_12_z,landmark_13_x,landmark_13_y,landmark_13_z,landmark_14_x,landmark_14_y,landmark_14_z,landmark_15_x,landmark_15_y,landmark_15_z,landmark_16_x,landmark_16_y,landmark_16_z,landmark_17_x,landmark_17_y,landmark_17_z,landmark_18_x,landmark_18_y,landmark_18_z,landmark_19_x,landmark_19_y,landmark_19_z,landmark_20_x,landmark_20_y,landmark_20_z,class
0.6336907744407654,0.6849296689033508,2.632401958635455e-07,0.5873668789863586,0.6726508140563965,-0.013210575096309185,0.5543838143348694,0.6367833614349365,-0.02031606063246727,0.5449556112289429,0.5958128571510315,-0.026063542813062668,0.5358823537826538,0.5616706013679504,-0.03203020244836807,0.5754222273826599,0.5867055654525757,-0.018100740388035774,0.5672276616096497,0.5387946963310242,-0.03278470039367676,0.5640060901641846,0.5080053806304932,-0.04375692456960678,0.56149822473526,0.4778013527393341,-0.05159745365381241,0.601603627204895,0.5788617134094238,-0.02154233306646347,0.5932662487030029,0.5253129601478577,-0.0338144488632679,0.5886015295982361,0.48991015553474426,-0.04342343658208847,0.5839887857437134,0.45457369089126587,-0.05050802230834961,0.6273028254508972,0.581744909286499,-0.026616709306836128,0.6200650334358215,0.5316364169120789,-0.03986519202589989,0.6158410310745239,0.49985912442207336,-0.04622913524508476,0.6111302375793457,0.4678729176521301,-0.05037403479218483,0.6542309522628784,0.5918087363243103,-0.032644301652908325,0.6501419544219971,0.5565197467803955,-0.04559432342648506,0.6471038460731506,0.5325640439987183,-0.049369003623723984,0.6429222822189331,0.5088661909103394,-0.05127079412341118,re
