landmark_0_x,landmark_0_y,landmark_0_z,landmark_1_x,landmark_1_y,landmark_1_z,landmark_2_x,landmark_2_y,landmark_2_z,landmark_3_x,landmark_3_y,landmark_3_z,landmark_4_x,landmark_4_y,landmark_4_z,landmark_5_x,landmark_5_y,landmark_5_z,landmark_6_x,landmark_6_y,landmark_6_z,landmark_7_x,landmark_7_y,landmark_7_z,landmark_8_x,landmark_8_y,landmark_8_z,landmark_9_x,landmark_9_y,landmark_9_z,landmark_10_x,landmark_10_y,landmark_10_z,landmark_11_x,landmark_11_y,landmark_11_z,landmark_12_x,landmark_12_y,landmark_12_z,landmark_13_x,landmark_13_y,landmark_13_z,landmark_14_x,landmark_14_y,landmark_14_z,landmark_15_x,landmark_15_y,landmark_15_z,landmark_16_x,landmark_16_y,landmark_16_z,landmark_17_x,landmark_17_y,landmark_17_z,landmark_18_x,landmark_18_y,landmark_18_z,landmark_19_x,landmark_19_y,landmark_19_z,landmark_20_x,landmark_20_y,landmark_20_z,class
0.8482213020324707,0.6091127991676331,2.855333320894715e-07,0.7975630760192871,0.5901539325714111,-0.017036616802215576,0.7635927796363831,0.5470972657203674,-0.027001434937119484,0.755800724029541,0.49984002113342285,-0.03548182174563408,0.7558382749557495,0.45903605222702026,-0.04388181120157242,0.7930340766906738,0.48703962564468384,-0.02051570639014244,0.7857528924942017,0.43121883273124695,-0.03829273208975792,0.7850036025047302,0.3957711458206177,-0.05197765678167343,0.7856221199035645,0.36156126856803894,-0.06180799752473831,0.8231993913650513,0.4784175157546997,-0.023598194122314453,0.8161661028862,0.41584575176239014,-0.03873009979724884,0.8135834336280823,0.3757621645927429,-0.05074712261557579,0.8104880452156067,0.33594411611557007,-0.05954858660697937,0.852409839630127,0.48238277435302734,-0.02892298996448517,0.8461955189704895,0.4227753281593323,-0.044834766536951065,0.8425037264823914,0.38594573736190796,-0.05305683612823486,0.8377407193183899,0.3500906825065613,-0.05843929573893547,0.8819196224212646,0.4962841272354126,-0.035574186593294144,0.8784646391868591,0.4521922469139099,-0.05060327425599098,0.8749270439147949,0.42379575967788696,-0.055788248777389526,0.8695968389511108,0.3957798480987549,-0.058655936270952225,re
