landmark_0_x,landmark_0_y,landmark_0_z,landmark_1_x,landmark_1_y,landmark_1_z,landmark_2_x,landmark_2_y,landmark_2_z,landmark_3_x,landmark_3_y,landmark_3_z,landmark_4_x,landmark_4_y,landmark_4_z,landmark_5_x,landmark_5_y,landmark_5_z,landmark_6_x,landmark_6_y,landmark_6_z,landmark_7_x,landmark_7_y,landmark_7_z,landmark_8_x,landmark_8_y,landmark_8_z,landmark_9_x,landmark_9_y,landmark_9_z,landmark_10_x,landmark_10_y,landmark_10_z,landmark_11_x,landmark_11_y,landmark_11_z,landmark_12_x,landmark_12_y,landmark_12_z,landmark_13_x,landmark_13_y,landmark_13_z,landmark_14_x,landmark_14_y,landmark_14_z,landmark_15_x,landmark_15_y,landmark_15_z,landmark_16_x,landmark_16_y,landmark_16_z,landmark_17_x,landmark_17_y,landmark_17_z,landmark_18_x,landmark_18_y,landmark_18_z,landmark_19_x,landmark_19_y,landmark_19_z,landmark_20_x,landmark_20_y,landmark_20_z,class
0.7721716165542603,0.875389814376831,2.0200054962060676e-07,0.7233913540840149,0.8543514013290405,-0.011232737451791763,0.6935536861419678,0.8047264814376831,-0.015934182330965996,0.6850091218948364,0.762890100479126,-0.019548548385500908,0.6723637580871582,0.734765350818634,-0.02340499497950077,0.7277230024337769,0.7623525261878967,-0.013967380858957767,0.7287063598632812,0.7204762697219849,-0.026272999122738838,0.7321798205375671,0.6935553550720215,-0.03579118847846985,0.7366346716880798,0.6661449670791626,-0.04323955997824669,0.7599196434020996,0.7590927481651306,-0.017571067437529564,0.7626458406448364,0.7106930017471313,-0.02716940827667713,0.7642494440078735,0.6787769794464111,-0.035158172249794006,0.7657566070556641,0.6458346843719482,-0.04208952561020851,0.7887191772460938,0.766718327999115,-0.022833524271845818,0.7916468977928162,0.7212456464767456,-0.03444691374897957,0.792342483997345,0.6919069290161133,-0.039461880922317505,0.7917519807815552,0.6606148481369019,-0.0433506965637207,0.8159022331237793,0.783223569393158,-0.028958532959222794,0.8202959895133972,0.7474609017372131,-0.04044496268033981,0.8218528628349304,0.7234929800033569,-0.04352913424372673,0.8215128183364868,0.69754558801651,-0.04572994261980057,re
