landmark_0_x,landmark_0_y,landmark_0_z,landmark_1_x,landmark_1_y,landmark_1_z,landmark_2_x,landmark_2_y,landmark_2_z,landmark_3_x,landmark_3_y,landmark_3_z,landmark_4_x,landmark_4_y,landmark_4_z,landmark_5_x,landmark_5_y,landmark_5_z,landmark_6_x,landmark_6_y,landmark_6_z,landmark_7_x,landmark_7_y,landmark_7_z,landmark_8_x,landmark_8_y,landmark_8_z,landmark_9_x,landmark_9_y,landmark_9_z,landmark_10_x,landmark_10_y,landmark_10_z,landmark_11_x,landmark_11_y,landmark_11_z,landmark_12_x,landmark_12_y,landmark_12_z,landmark_13_x,landmark_13_y,landmark_13_z,landmark_14_x,landmark_14_y,landmark_14_z,landmark_15_x,landmark_15_y,landmark_15_z,landmark_16_x,landmark_16_y,landmark_16_z,landmark_17_x,landmark_17_y,landmark_17_z,landmark_18_x,landmark_18_y,landmark_18_z,landmark_19_x,landmark_19_y,landmark_19_z,landmark_20_x,landmark_20_y,landmark_20_z,class
0.7212561964988708,0.8832654356956482,2.2776684716063755e-07,0.6679931879043579,0.8793370127677917,-0.013543952256441116,0.6270236372947693,0.8371543884277344,-0.020352434366941452,0.6108658313751221,0.7882435321807861,-0.025261327624320984,0.5915014743804932,0.7537045478820801,-0.03040323592722416,0.6534447073936462,0.7943246364593506,-0.023995760828256607,0.6466230154037476,0.7479574084281921,-0.04062934219837189,0.6481161117553711,0.7153382897377014,-0.051702506840229034,0.6502847671508789,0.6835216283798218,-0.05980781838297844,0.686713457107544,0.7844845652580261,-0.027754325419664383,0.6820910573005676,0.7312312126159668,-0.042288608849048615,0.6809148788452148,0.695059597492218,-0.05172467231750488,0.6797893047332764,0.6594769954681396,-0.05925106257200241,0.7174882888793945,0.7866086363792419,-0.032969359308481216,0.7142698168754578,0.7369661927223206,-0.05021165311336517,0.7137348651885986,0.7054786086082458,-0.05709178000688553,0.711329996585846,0.6729789972305298,-0.06141021475195885,0.7476133108139038,0.795415997505188,-0.038753122091293335,0.7487429976463318,0.7594354152679443,-0.05594048649072647,0.7481566667556763,0.736124575138092,-0.06157050281763077,0.7453345656394958,0.7102528214454651,-0.06486296653747559,re
