landmark_0_x,landmark_0_y,landmark_0_z,landmark_1_x,landmark_1_y,landmark_1_z,landmark_2_x,landmark_2_y,landmark_2_z,landmark_3_x,landmark_3_y,landmark_3_z,landmark_4_x,landmark_4_y,landmark_4_z,landmark_5_x,landmark_5_y,landmark_5_z,landmark_6_x,landmark_6_y,landmark_6_z,landmark_7_x,landmark_7_y,landmark_7_z,landmark_8_x,landmark_8_y,landmark_8_z,landmark_9_x,landmark_9_y,landmark_9_z,landmark_10_x,landmark_10_y,landmark_10_z,landmark_11_x,landmark_11_y,landmark_11_z,landmark_12_x,landmark_12_y,landmark_12_z,landmark_13_x,landmark_13_y,landmark_13_z,landmark_14_x,landmark_14_y,landmark_14_z,landmark_15_x,landmark_15_y,landmark_15_z,landmark_16_x,landmark_16_y,landmark_16_z,landmark_17_x,landmark_17_y,landmark_17_z,landmark_18_x,landmark_18_y,landmark_18_z,landmark_19_x,landmark_19_y,landmark_19_z,landmark_20_x,landmark_20_y,landmark_20_z,class
0.7852421998977661,0.4888486862182617,1.9196328082671243e-07,0.7564605474472046,0.4592774510383606,-0.0109361307695508,0.74061119556427,0.4182564914226532,-0.017150307074189186,0.7402687072753906,0.3836701810359955,-0.02288712188601494,0.7512696385383606,0.3605317175388336,-0.028159812092781067,0.7725304961204529,0.374559611082077,-0.006445431616157293,0.7757408618927002,0.3335929214954376,-0.016749504953622818,0.7795963883399963,0.3075043857097626,-0.026258643716573715,0.7838668823242188,0.2844874858856201,-0.03320400044322014,0.7919518351554871,0.3762893080711365,-0.00865994393825531,0.7959474325180054,0.33118966221809387,-0.016623586416244507,0.7991102337837219,0.30105337500572205,-0.024384114891290665,0.8026262521743774,0.2729021906852722,-0.030001210048794746,0.8096429109573364,0.38676196336746216,-0.012745010666549206,0.8142186999320984,0.34334635734558105,-0.020918985828757286,0.8170921206474304,0.3160949647426605,-0.02515779435634613,0.8196059465408325,0.2905886173248291,-0.027942294254899025,0.8263739347457886,0.40588808059692383,-0.018077455461025238,0.831183671951294,0.3743174076080322,-0.025413770228624344,0.8336116671562195,0.35379278659820557,-0.02683079056441784,0.8353285193443298,0.33407557010650635,-0.02724510431289673,re
