landmark_0_x,landmark_0_y,landmark_0_z,landmark_1_x,landmark_1_y,landmark_1_z,landmark_2_x,landmark_2_y,landmark_2_z,landmark_3_x,landmark_3_y,landmark_3_z,landmark_4_x,landmark_4_y,landmark_4_z,landmark_5_x,landmark_5_y,landmark_5_z,landmark_6_x,landmark_6_y,landmark_6_z,landmark_7_x,landmark_7_y,landmark_7_z,landmark_8_x,landmark_8_y,landmark_8_z,landmark_9_x,landmark_9_y,landmark_9_z,landmark_10_x,landmark_10_y,landmark_10_z,landmark_11_x,landmark_11_y,landmark_11_z,landmark_12_x,landmark_12_y,landmark_12_z,landmark_13_x,landmark_13_y,landmark_13_z,landmark_14_x,landmark_14_y,landmark_14_z,landmark_15_x,landmark_15_y,landmark_15_z,landmark_16_x,landmark_16_y,landmark_16_z,landmark_17_x,landmark_17_y,landmark_17_z,landmark_18_x,landmark_18_y,landmark_18_z,landmark_19_x,landmark_19_y,landmark_19_z,landmark_20_x,landmark_20_y,landmark_20_z,class
0.6611045598983765,0.6702020764350891,2.566970351836062e-07,0.6141369342803955,0.6531798839569092,-0.016198033466935158,0.5811061263084412,0.6125079393386841,-0.025435030460357666,0.5709740519523621,0.5696537494659424,-0.033164601773023605,0.5660627484321594,0.5327425599098206,-0.04100501164793968,0.6063839793205261,0.5572875738143921,-0.020389851182699203,0.5985798239707947,0.5072625279426575,-0.037556279450654984,0.5968719720840454,0.4746137261390686,-0.05096036568284035,0.5960608720779419,0.44300955533981323,-0.06062668189406395,0.6335580945014954,0.5516453385353088,-0.02367342822253704,0.626165509223938,0.49673885107040405,-0.038576722145080566,0.6228694915771484,0.4601801931858063,-0.05006784573197365,0.6196612119674683,0.42365288734436035,-0.058310821652412415,0.6611104607582092,0.5577987432479858,-0.0289804358035326,0.6549754738807678,0.5048056840896606,-0.04451296478509903,0.6518389582633972,0.47071748971939087,-0.05139589682221413,0.6475844383239746,0.4364212155342102,-0.05559978634119034,0.6892769932746887,0.5722483396530151,-0.03558958321809769,0.6868523955345154,0.533835768699646,-0.050394631922245026,0.6838366985321045,0.5065169334411621,-0.05461978167295456,0.678930938243866,0.4795219898223877,-0.056584618985652924,re
