landmark_0_x,landmark_0_y,landmark_0_z,landmark_1_x,landmark_1_y,landmark_1_z,landmark_2_x,landmark_2_y,landmark_2_z,landmark_3_x,landmark_3_y,landmark_3_z,landmark_4_x,landmark_4_y,landmark_4_z,landmark_5_x,landmark_5_y,landmark_5_z,landmark_6_x,landmark_6_y,landmark_6_z,landmark_7_x,landmark_7_y,landmark_7_z,landmark_8_x,landmark_8_y,landmark_8_z,landmark_9_x,landmark_9_y,landmark_9_z,landmark_10_x,landmark_10_y,landmark_10_z,landmark_11_x,landmark_11_y,landmark_11_z,landmark_12_x,landmark_12_y,landmark_12_z,landmark_13_x,landmark_13_y,landmark_13_z,landmark_14_x,landmark_14_y,landmark_14_z,landmark_15_x,landmark_15_y,landmark_15_z,landmark_16_x,landmark_16_y,landmark_16_z,landmark_17_x,landmark_17_y,landmark_17_z,landmark_18_x,landmark_18_y,landmark_18_z,landmark_19_x,landmark_19_y,landmark_19_z,landmark_20_x,landmark_20_y,landmark_20_z,class
0.6475533843040466,0.653290331363678,1.0913456804928501e-07,0.6198852062225342,0.6465193033218384,-0.011592335067689419,0.5966089963912964,0.6285912394523621,-0.02002289704978466,0.5871255993843079,0.6092869639396667,-0.027235442772507668,0.5854154229164124,0.5935330986976624,-0.03422271087765694,0.6169572472572327,0.5737274289131165,-0.012915240600705147,0.6178324818611145,0.5472024083137512,-0.022828562185168266,0.6192083358764648,0.5329022407531738,-0.03172623738646507,0.6206153631210327,0.5212255716323853,-0.03824758529663086,0.6368386745452881,0.5709376335144043,-0.014314983040094376,0.6376678347587585,0.5408391952514648,-0.021989157423377037,0.6383588314056396,0.523074746131897,-0.02882549539208412,0.6400585174560547,0.5071046352386475,-0.03421584516763687,0.6547003984451294,0.5774683356285095,-0.017234746366739273,0.6560091972351074,0.5477529168128967,-0.025364577770233154,0.6576458215713501,0.5298423171043396,-0.0289668720215559,0.660284698009491,0.5135432481765747,-0.0316111259162426,0.671649694442749,0.5913446545600891,-0.021193191409111023,0.674989640712738,0.5694841146469116,-0.028923144564032555,0.6770312786102295,0.5562228560447693,-0.030332254245877266,0.6789910197257996,0.5433775782585144,-0.030853213742375374,re
