landmark_0_x,landmark_0_y,landmark_0_z,landmark_1_x,landmark_1_y,landmark_1_z,landmark_2_x,landmark_2_y,landmark_2_z,landmark_3_x,landmark_3_y,landmark_3_z,landmark_4_x,landmark_4_y,landmark_4_z,landmark_5_x,landmark_5_y,landmark_5_z,landmark_6_x,landmark_6_y,landmark_6_z,landmark_7_x,landmark_7_y,landmark_7_z,landmark_8_x,landmark_8_y,landmark_8_z,landmark_9_x,landmark_9_y,landmark_9_z,landmark_10_x,landmark_10_y,landmark_10_z,landmark_11_x,landmark_11_y,landmark_11_z,landmark_12_x,landmark_12_y,landmark_12_z,landmark_13_x,landmark_13_y,landmark_13_z,landmark_14_x,landmark_14_y,landmark_14_z,landmark_15_x,landmark_15_y,landmark_15_z,landmark_16_x,landmark_16_y,landmark_16_z,landmark_17_x,landmark_17_y,landmark_17_z,landmark_18_x,landmark_18_y,landmark_18_z,landmark_19_x,landmark_19_y,landmark_19_z,landmark_20_x,landmark_20_y,landmark_20_z,class
0.7628065347671509,0.5961853861808777,1.5992333146641613e-07,0.7334026098251343,0.5779709815979004,-0.008565759286284447,0.714059054851532,0.544857382774353,-0.013408172875642776,0.7099934220314026,0.5139703154563904,-0.017864232882857323,0.7147276401519775,0.495410680770874,-0.022247955203056335,0.7382469773292542,0.4994538724422455,-0.005851528141647577,0.7370635867118835,0.46789637207984924,-0.014488354325294495,0.737136960029602,0.4470621943473816,-0.0229323897510767,0.7378146648406982,0.4278947710990906,-0.029360732063651085,0.757673442363739,0.49812471866607666,-0.008462624624371529,0.7568860054016113,0.46202781796455383,-0.01493315864354372,0.7555749416351318,0.4378349184989929,-0.021499112248420715,0.7543880939483643,0.4149540066719055,-0.02653840370476246,0.7766246199607849,0.5053105354309082,-0.012599093839526176,0.7761995196342468,0.46958500146865845,-0.01936018466949463,0.7748847007751465,0.44703954458236694,-0.023035096004605293,0.7730793356895447,0.426191508769989,-0.025654178112745285,0.7956573367118835,0.5200803875923157,-0.017735717818140984,0.7966617345809937,0.4913644790649414,-0.024240370839834213,0.7957230806350708,0.47314679622650146,-0.025606753304600716,0.7935726642608643,0.4561302959918976,-0.026128273457288742,re
