landmark_0_x,landmark_0_y,landmark_0_z,landmark_1_x,landmark_1_y,landmark_1_z,landmark_2_x,landmark_2_y,landmark_2_z,landmark_3_x,landmark_3_y,landmark_3_z,landmark_4_x,landmark_4_y,landmark_4_z,landmark_5_x,landmark_5_y,landmark_5_z,landmark_6_x,landmark_6_y,landmark_6_z,landmark_7_x,landmark_7_y,landmark_7_z,landmark_8_x,landmark_8_y,landmark_8_z,landmark_9_x,landmark_9_y,landmark_9_z,landmark_10_x,landmark_10_y,landmark_10_z,landmark_11_x,landmark_11_y,landmark_11_z,landmark_12_x,landmark_12_y,landmark_12_z,landmark_13_x,landmark_13_y,landmark_13_z,landmark_14_x,landmark_14_y,landmark_14_z,landmark_15_x,landmark_15_y,landmark_15_z,landmark_16_x,landmark_16_y,landmark_16_z,landmark_17_x,landmark_17_y,landmark_17_z,landmark_18_x,landmark_18_y,landmark_18_z,landmark_19_x,landmark_19_y,landmark_19_z,landmark_20_x,landmark_20_y,landmark_20_z,class
0.7621562480926514,0.5729447603225708,1.5773242978411872e-07,0.7303180694580078,0.5559700727462769,-0.008824042975902557,0.7092972993850708,0.5234746336936951,-0.013659607619047165,0.7047858238220215,0.4918895661830902,-0.017993275076150894,0.7090364694595337,0.4703487455844879,-0.02234363555908203,0.7331588268280029,0.4829811751842499,-0.008368059061467648,0.7304440140724182,0.44671958684921265,-0.018059147521853447,0.729340136051178,0.4228862226009369,-0.02640959620475769,0.7288694381713867,0.401481568813324,-0.03248707577586174,0.752133309841156,0.47894734144210815,-0.01077641174197197,0.7497479915618896,0.43872445821762085,-0.018315058201551437,0.748235285282135,0.41189301013946533,-0.024913081899285316,0.7472231984138489,0.38714003562927246,-0.02980843372642994,0.7702792882919312,0.48278743028640747,-0.014559454284608364,0.7684202194213867,0.44453346729278564,-0.0221497043967247,0.7667316198348999,0.4200698137283325,-0.026118481531739235,0.7650420069694519,0.3974756896495819,-0.02891921065747738,0.788945198059082,0.49410077929496765,-0.019256973639130592,0.7888633608818054,0.4658206105232239,-0.026259806007146835,0.7876614332199097,0.44766905903816223,-0.027858475223183632,0.7858908772468567,0.43076905608177185,-0.02861889638006687,re
