landmark_0_x,landmark_0_y,landmark_0_z,landmark_1_x,landmark_1_y,landmark_1_z,landmark_2_x,landmark_2_y,landmark_2_z,landmark_3_x,landmark_3_y,landmark_3_z,landmark_4_x,landmark_4_y,landmark_4_z,landmark_5_x,landmark_5_y,landmark_5_z,landmark_6_x,landmark_6_y,landmark_6_z,landmark_7_x,landmark_7_y,landmark_7_z,landmark_8_x,landmark_8_y,landmark_8_z,landmark_9_x,landmark_9_y,landmark_9_z,landmark_10_x,landmark_10_y,landmark_10_z,landmark_11_x,landmark_11_y,landmark_11_z,landmark_12_x,landmark_12_y,landmark_12_z,landmark_13_x,landmark_13_y,landmark_13_z,landmark_14_x,landmark_14_y,landmark_14_z,landmark_15_x,landmark_15_y,landmark_15_z,landmark_16_x,landmark_16_y,landmark_16_z,landmark_17_x,landmark_17_y,landmark_17_z,landmark_18_x,landmark_18_y,landmark_18_z,landmark_19_x,landmark_19_y,landmark_19_z,landmark_20_x,landmark_20_y,landmark_20_z,class
0.780168890953064,0.561406135559082,3.391372445094021e-07,0.7094489336013794,0.5194088816642761,-0.023191584274172783,0.6632983088493347,0.44704318046569824,-0.03491874411702156,0.6559441089630127,0.37416908144950867,-0.04550427198410034,0.6518964767456055,0.3182693123817444,-0.055523525923490524,0.7041512727737427,0.3263115882873535,-0.014189531095325947,0.6983976364135742,0.24697691202163696,-0.03676288202404976,0.6989192962646484,0.19767622649669647,-0.05873313173651695,0.7021651864051819,0.14743585884571075,-0.0759655013680458,0.747839093208313,0.3164149522781372,-0.020620521157979965,0.7437348961830139,0.2253527045249939,-0.03830122575163841,0.7418251037597656,0.16766531765460968,-0.057295314967632294,0.7404940724372864,0.10841238498687744,-0.07254521548748016,0.7903257012367249,0.3278728425502777,-0.03140677511692047,0.7896607518196106,0.2398715317249298,-0.049709491431713104,0.7876485586166382,0.18430446088314056,-0.061782535165548325,0.7851954102516174,0.13005228340625763,-0.07120414078235626,0.8332985639572144,0.35939761996269226,-0.04511801525950432,0.8337742686271667,0.2907639145851135,-0.06339606642723083,0.8314977288246155,0.24522535502910614,-0.07041427493095398,0.8275747895240784,0.20099914073944092,-0.07508767396211624,re
