landmark_0_x,landmark_0_y,landmark_0_z,landmark_1_x,landmark_1_y,landmark_1_z,landmark_2_x,landmark_2_y,landmark_2_z,landmark_3_x,landmark_3_y,landmark_3_z,landmark_4_x,landmark_4_y,landmark_4_z,landmark_5_x,landmark_5_y,landmark_5_z,landmark_6_x,landmark_6_y,landmark_6_z,landmark_7_x,landmark_7_y,landmark_7_z,landmark_8_x,landmark_8_y,landmark_8_z,landmark_9_x,landmark_9_y,landmark_9_z,landmark_10_x,landmark_10_y,landmark_10_z,landmark_11_x,landmark_11_y,landmark_11_z,landmark_12_x,landmark_12_y,landmark_12_z,landmark_13_x,landmark_13_y,landmark_13_z,landmark_14_x,landmark_14_y,landmark_14_z,landmark_15_x,landmark_15_y,landmark_15_z,landmark_16_x,landmark_16_y,landmark_16_z,landmark_17_x,landmark_17_y,landmark_17_z,landmark_18_x,landmark_18_y,landmark_18_z,landmark_19_x,landmark_19_y,landmark_19_z,landmark_20_x,landmark_20_y,landmark_20_z,class
0.6882826685905457,0.8229247331619263,2.817602648974571e-07,0.6379392743110657,0.8129396438598633,-0.018475107848644257,0.5967118740081787,0.7681812644004822,-0.028962574899196625,0.5769196152687073,0.7184455394744873,-0.03709616884589195,0.5540874600410461,0.6806570291519165,-0.045925360172986984,0.6167346239089966,0.7189852595329285,-0.031558841466903687,0.607581615447998,0.6631277203559875,-0.05236446484923363,0.6066460013389587,0.6282557249069214,-0.06673552095890045,0.6059883236885071,0.5945229530334473,-0.07686993479728699,0.6483689546585083,0.7108448147773743,-0.03517108038067818,0.6412123441696167,0.6495107412338257,-0.05301304906606674,0.6382776498794556,0.610127866268158,-0.0647849589586258,0.6349933743476868,0.5727177858352661,-0.07387875020503998,0.6812143921852112,0.7156496644020081,-0.040628932416439056,0.6738792061805725,0.6588337421417236,-0.06013660505414009,0.6698713302612305,0.6232025623321533,-0.06788080930709839,0.6644349694252014,0.5877156257629395,-0.07297026365995407,0.7146522998809814,0.728587806224823,-0.047160372138023376,0.7098361849784851,0.6868497133255005,-0.06656903028488159,0.7061703205108643,0.6590807437896729,-0.07246527075767517,0.7009840607643127,0.6317915916442871,-0.07578869163990021,re
