landmark_0_x,landmark_0_y,landmark_0_z,landmark_1_x,landmark_1_y,landmark_1_z,landmark_2_x,landmark_2_y,landmark_2_z,landmark_3_x,landmark_3_y,landmark_3_z,landmark_4_x,landmark_4_y,landmark_4_z,landmark_5_x,landmark_5_y,landmark_5_z,landmark_6_x,landmark_6_y,landmark_6_z,landmark_7_x,landmark_7_y,landmark_7_z,landmark_8_x,landmark_8_y,landmark_8_z,landmark_9_x,landmark_9_y,landmark_9_z,landmark_10_x,landmark_10_y,landmark_10_z,landmark_11_x,landmark_11_y,landmark_11_z,landmark_12_x,landmark_12_y,landmark_12_z,landmark_13_x,landmark_13_y,landmark_13_z,landmark_14_x,landmark_14_y,landmark_14_z,landmark_15_x,landmark_15_y,landmark_15_z,landmark_16_x,landmark_16_y,landmark_16_z,landmark_17_x,landmark_17_y,landmark_17_z,landmark_18_x,landmark_18_y,landmark_18_z,landmark_19_x,landmark_19_y,landmark_19_z,landmark_20_x,landmark_20_y,landmark_20_z,class
0.6461971998214722,0.6955231428146362,1.906725657363495e-07,0.599174439907074,0.6782623529434204,-0.01218639500439167,0.5659404397010803,0.638942301273346,-0.017983930185437202,0.5559763312339783,0.597478449344635,-0.023579582571983337,0.5499870777130127,0.5638302564620972,-0.02907712198793888,0.5853533744812012,0.5798764228820801,-0.006640508770942688,0.5801189541816711,0.5306990742683411,-0.019254863262176514,0.5810459852218628,0.5004150867462158,-0.030661555007100105,0.583143949508667,0.4715568423271179,-0.03922475874423981,0.6114403605461121,0.5721977353096008,-0.010347721166908741,0.6064214706420898,0.5180985331535339,-0.019820457324385643,0.6055629253387451,0.485024094581604,-0.028965381905436516,0.6057609915733337,0.4532085061073303,-0.03617614507675171,0.6372759342193604,0.5752083659172058,-0.01662338525056839,0.6318063139915466,0.5243970155715942,-0.027100885286927223,0.628811776638031,0.4942578375339508,-0.03265565633773804,0.6271109580993652,0.4661400616168976,-0.0366666242480278,0.6646345853805542,0.5873404741287231,-0.024424877017736435,0.6626591682434082,0.5506653785705566,-0.034874480217695236,0.6611706018447876,0.5289217233657837,-0.03775586187839508,0.6599217057228088,0.5091131925582886,-0.03928336128592491,re
