landmark_0_x,landmark_0_y,landmark_0_z,landmark_1_x,landmark_1_y,landmark_1_z,landmark_2_x,landmark_2_y,landmark_2_z,landmark_3_x,landmark_3_y,landmark_3_z,landmark_4_x,landmark_4_y,landmark_4_z,landmark_5_x,landmark_5_y,landmark_5_z,landmark_6_x,landmark_6_y,landmark_6_z,landmark_7_x,landmark_7_y,landmark_7_z,landmark_8_x,landmark_8_y,landmark_8_z,landmark_9_x,landmark_9_y,landmark_9_z,landmark_10_x,landmark_10_y,landmark_10_z,landmark_11_x,landmark_11_y,landmark_11_z,landmark_12_x,landmark_12_y,landmark_12_z,landmark_13_x,landmark_13_y,landmark_13_z,landmark_14_x,landmark_14_y,landmark_14_z,landmark_15_x,landmark_15_y,landmark_15_z,landmark_16_x,landmark_16_y,landmark_16_z,landmark_17_x,landmark_17_y,landmark_17_z,landmark_18_x,landmark_18_y,landmark_18_z,landmark_19_x,landmark_19_y,landmark_19_z,landmark_20_x,landmark_20_y,landmark_20_z,class
0.785179078578949,0.5161358118057251,4.3904870494770876e-07,0.7227657437324524,0.5074582099914551,-0.019528038799762726,0.6798081398010254,0.46112191677093506,-0.03102124109864235,0.6648427844047546,0.4068150520324707,-0.039557117968797684,0.6468826532363892,0.3657893240451813,-0.048366423696279526,0.7079792022705078,0.3954842686653137,-0.033481109887361526,0.6987654566764832,0.3232218027114868,-0.05260508507490158,0.6978256106376648,0.2757359743118286,-0.06572414189577103,0.6982144713401794,0.23253358900547028,-0.07425857335329056,0.7443534731864929,0.3826892673969269,-0.035149116069078445,0.7343809604644775,0.30573952198028564,-0.04994228109717369,0.7290483713150024,0.2543559670448303,-0.060260891914367676,0.7243663668632507,0.20868869125843048,-0.06833719462156296,0.7783650159835815,0.38306689262390137,-0.03827983886003494,0.770412027835846,0.31174296140670776,-0.0531773716211319,0.7642767429351807,0.26669779419898987,-0.06027654558420181,0.7577217221260071,0.22657112777233124,-0.0651787593960762,0.8121702075004578,0.39232519268989563,-0.0425981841981411,0.806102991104126,0.3359135389328003,-0.05680359899997711,0.8016393184661865,0.30119848251342773,-0.06069137901067734,0.7955297231674194,0.27029603719711304,-0.06258656829595566,re
