landmark_0_x,landmark_0_y,landmark_0_z,landmark_1_x,landmark_1_y,landmark_1_z,landmark_2_x,landmark_2_y,landmark_2_z,landmark_3_x,landmark_3_y,landmark_3_z,landmark_4_x,landmark_4_y,landmark_4_z,landmark_5_x,landmark_5_y,landmark_5_z,landmark_6_x,landmark_6_y,landmark_6_z,landmark_7_x,landmark_7_y,landmark_7_z,landmark_8_x,landmark_8_y,landmark_8_z,landmark_9_x,landmark_9_y,landmark_9_z,landmark_10_x,landmark_10_y,landmark_10_z,landmark_11_x,landmark_11_y,landmark_11_z,landmark_12_x,landmark_12_y,landmark_12_z,landmark_13_x,landmark_13_y,landmark_13_z,landmark_14_x,landmark_14_y,landmark_14_z,landmark_15_x,landmark_15_y,landmark_15_z,landmark_16_x,landmark_16_y,landmark_16_z,landmark_17_x,landmark_17_y,landmark_17_z,landmark_18_x,landmark_18_y,landmark_18_z,landmark_19_x,landmark_19_y,landmark_19_z,landmark_20_x,landmark_20_y,landmark_20_z,class
0.7759254574775696,0.46041741967201233,3.7190301327427733e-07,0.7208881378173828,0.44361796975135803,-0.01740247942507267,0.6778387427330017,0.3943406641483307,-0.02751772478222847,0.660422682762146,0.34109699726104736,-0.035864491015672684,0.6434873342514038,0.29995471239089966,-0.04416351765394211,0.7005905508995056,0.3123478591442108,-0.020884614437818527,0.6935887336730957,0.2431860864162445,-0.03879449516534805,0.6919937133789062,0.1985747367143631,-0.053304851055145264,0.692001461982727,0.15850913524627686,-0.06296895444393158,0.7329719662666321,0.30213189125061035,-0.024226808920502663,0.7246230840682983,0.22601357102394104,-0.037696778774261475,0.7196847796440125,0.1766403317451477,-0.0489446260035038,0.7157052755355835,0.13224206864833832,-0.05723293870687485,0.765498697757721,0.30574414134025574,-0.029756808653473854,0.759570837020874,0.23165100812911987,-0.04411744698882103,0.7572003602981567,0.1872381716966629,-0.0506543405354023,0.7547671794891357,0.14917126297950745,-0.05480879172682762,0.798595130443573,0.3207114040851593,-0.03680749237537384,0.7955567836761475,0.26209500432014465,-0.05042167752981186,0.7975031733512878,0.2310733199119568,-0.05255541205406189,0.7993673086166382,0.20622257888317108,-0.05271880701184273,re
