landmark_0_x,landmark_0_y,landmark_0_z,landmark_1_x,landmark_1_y,landmark_1_z,landmark_2_x,landmark_2_y,landmark_2_z,landmark_3_x,landmark_3_y,landmark_3_z,landmark_4_x,landmark_4_y,landmark_4_z,landmark_5_x,landmark_5_y,landmark_5_z,landmark_6_x,landmark_6_y,landmark_6_z,landmark_7_x,landmark_7_y,landmark_7_z,landmark_8_x,landmark_8_y,landmark_8_z,landmark_9_x,landmark_9_y,landmark_9_z,landmark_10_x,landmark_10_y,landmark_10_z,landmark_11_x,landmark_11_y,landmark_11_z,landmark_12_x,landmark_12_y,landmark_12_z,landmark_13_x,landmark_13_y,landmark_13_z,landmark_14_x,landmark_14_y,landmark_14_z,landmark_15_x,landmark_15_y,landmark_15_z,landmark_16_x,landmark_16_y,landmark_16_z,landmark_17_x,landmark_17_y,landmark_17_z,landmark_18_x,landmark_18_y,landmark_18_z,landmark_19_x,landmark_19_y,landmark_19_z,landmark_20_x,landmark_20_y,landmark_20_z,class
0.7378104329109192,0.5672814846038818,4.453348196875595e-07,0.6690007448196411,0.5417276620864868,-0.021045347675681114,0.6202253103256226,0.48364168405532837,-0.03345487639307976,0.6062962412834167,0.4205653965473175,-0.04419199004769325,0.596555769443512,0.3668057918548584,-0.05529347434639931,0.6493871212005615,0.4013528525829315,-0.026921628043055534,0.6360409259796143,0.32722458243370056,-0.05224224552512169,0.6335777640342712,0.27830934524536133,-0.07199197262525558,0.6339321732521057,0.23007746040821075,-0.0860566720366478,0.6877747774124146,0.38906142115592957,-0.03340991213917732,0.6755600571632385,0.3021713197231293,-0.054934412240982056,0.6717234253883362,0.24355942010879517,-0.07192166894674301,0.6696649789810181,0.18635492026805878,-0.08404327183961868,0.7263453602790833,0.3955274820327759,-0.04285287484526634,0.7147616744041443,0.3127298653125763,-0.06592133641242981,0.7100666165351868,0.2596885561943054,-0.07763159275054932,0.7057582139968872,0.20711305737495422,-0.08505062013864517,0.7669539451599121,0.4153575003147125,-0.05391634628176689,0.7615725994110107,0.3582122027873993,-0.07620979100465775,0.7573127150535583,0.3180324137210846,-0.08349224179983139,0.7520394325256348,0.2781677544116974,-0.0872802883386612,re
