landmark_0_x,landmark_0_y,landmark_0_z,landmark_1_x,landmark_1_y,landmark_1_z,landmark_2_x,landmark_2_y,landmark_2_z,landmark_3_x,landmark_3_y,landmark_3_z,landmark_4_x,landmark_4_y,landmark_4_z,landmark_5_x,landmark_5_y,landmark_5_z,landmark_6_x,landmark_6_y,landmark_6_z,landmark_7_x,landmark_7_y,landmark_7_z,landmark_8_x,landmark_8_y,landmark_8_z,landmark_9_x,landmark_9_y,landmark_9_z,landmark_10_x,landmark_10_y,landmark_10_z,landmark_11_x,landmark_11_y,landmark_11_z,landmark_12_x,landmark_12_y,landmark_12_z,landmark_13_x,landmark_13_y,landmark_13_z,landmark_14_x,landmark_14_y,landmark_14_z,landmark_15_x,landmark_15_y,landmark_15_z,landmark_16_x,landmark_16_y,landmark_16_z,landmark_17_x,landmark_17_y,landmark_17_z,landmark_18_x,landmark_18_y,landmark_18_z,landmark_19_x,landmark_19_y,landmark_19_z,landmark_20_x,landmark_20_y,landmark_20_z,class
0.762799859046936,0.7983236908912659,2.4885585503398033e-07,0.7174404859542847,0.7773361802101135,-0.01559104211628437,0.685556948184967,0.7364585399627686,-0.024945629760622978,0.6782041788101196,0.6933792233467102,-0.03282439708709717,0.6872413158416748,0.6588918566703796,-0.040495701134204865,0.7201122045516968,0.6842969059944153,-0.017963150516152382,0.7182194590568542,0.6357091069221497,-0.03242740035057068,0.7216311693191528,0.6064387559890747,-0.043804802000522614,0.7262880206108093,0.5777379274368286,-0.0522591695189476,0.7494483590126038,0.6804810166358948,-0.020432744175195694,0.7498867511749268,0.6283865571022034,-0.03205949813127518,0.7514445781707764,0.595649003982544,-0.04151453822851181,0.75269615650177,0.5622739791870117,-0.048779360949993134,0.7770591974258423,0.6880335807800293,-0.024927401915192604,0.7781249284744263,0.6394319534301758,-0.03732958436012268,0.7789696455001831,0.608343243598938,-0.042587269097566605,0.7781465649604797,0.5774739384651184,-0.046179670840501785,0.8033844828605652,0.7037221193313599,-0.030733760446310043,0.8059542775154114,0.6658521890640259,-0.042179469019174576,0.8070558309555054,0.6415479183197021,-0.04464675486087799,0.8056298494338989,0.617779552936554,-0.04586595296859741,re
