landmark_0_x,landmark_0_y,landmark_0_z,landmark_1_x,landmark_1_y,landmark_1_z,landmark_2_x,landmark_2_y,landmark_2_z,landmark_3_x,landmark_3_y,landmark_3_z,landmark_4_x,landmark_4_y,landmark_4_z,landmark_5_x,landmark_5_y,landmark_5_z,landmark_6_x,landmark_6_y,landmark_6_z,landmark_7_x,landmark_7_y,landmark_7_z,landmark_8_x,landmark_8_y,landmark_8_z,landmark_9_x,landmark_9_y,landmark_9_z,landmark_10_x,landmark_10_y,landmark_10_z,landmark_11_x,landmark_11_y,landmark_11_z,landmark_12_x,landmark_12_y,landmark_12_z,landmark_13_x,landmark_13_y,landmark_13_z,landmark_14_x,landmark_14_y,landmark_14_z,landmark_15_x,landmark_15_y,landmark_15_z,landmark_16_x,landmark_16_y,landmark_16_z,landmark_17_x,landmark_17_y,landmark_17_z,landmark_18_x,landmark_18_y,landmark_18_z,landmark_19_x,landmark_19_y,landmark_19_z,landmark_20_x,landmark_20_y,landmark_20_z,class
0.8012220859527588,0.8520040512084961,1.6776621691860782e-07,0.7576355338096619,0.8277927041053772,-0.009788122959434986,0.7327244877815247,0.7834255695343018,-0.014759489335119724,0.7255537509918213,0.7454521656036377,-0.019161079078912735,0.7116307020187378,0.7236782312393188,-0.02392861805856228,0.7620207667350769,0.7472301125526428,-0.010889177210628986,0.7621201872825623,0.7066859602928162,-0.02154095098376274,0.7645911574363708,0.682151734828949,-0.030271118506789207,0.7678810358047485,0.6568825244903564,-0.03741316869854927,0.7937211990356445,0.7464801073074341,-0.015169858001172543,0.7941107153892517,0.7015719413757324,-0.023821206763386726,0.7942882776260376,0.6713790893554688,-0.032234031707048416,0.7945149540901184,0.6387090682983398,-0.039511386305093765,0.8226771950721741,0.7557274103164673,-0.020874114707112312,0.8226821422576904,0.7129138708114624,-0.03216099366545677,0.8225529789924622,0.6853190660476685,-0.037884436547756195,0.821071982383728,0.6553025841712952,-0.042141981422901154,0.8507301807403564,0.7722709774971008,-0.02720186673104763,0.8527872562408447,0.7404571175575256,-0.03828366845846176,0.8523170948028564,0.7194966077804565,-0.04121583327651024,0.8498736619949341,0.6959739923477173,-0.04323305934667587,re
