landmark_0_x,landmark_0_y,landmark_0_z,landmark_1_x,landmark_1_y,landmark_1_z,landmark_2_x,landmark_2_y,landmark_2_z,landmark_3_x,landmark_3_y,landmark_3_z,landmark_4_x,landmark_4_y,landmark_4_z,landmark_5_x,landmark_5_y,landmark_5_z,landmark_6_x,landmark_6_y,landmark_6_z,landmark_7_x,landmark_7_y,landmark_7_z,landmark_8_x,landmark_8_y,landmark_8_z,landmark_9_x,landmark_9_y,landmark_9_z,landmark_10_x,landmark_10_y,landmark_10_z,landmark_11_x,landmark_11_y,landmark_11_z,landmark_12_x,landmark_12_y,landmark_12_z,landmark_13_x,landmark_13_y,landmark_13_z,landmark_14_x,landmark_14_y,landmark_14_z,landmark_15_x,landmark_15_y,landmark_15_z,landmark_16_x,landmark_16_y,landmark_16_z,landmark_17_x,landmark_17_y,landmark_17_z,landmark_18_x,landmark_18_y,landmark_18_z,landmark_19_x,landmark_19_y,landmark_19_z,landmark_20_x,landmark_20_y,landmark_20_z,class
0.8943179845809937,0.39691662788391113,1.704782448541664e-07,0.8610320091247559,0.3691425025463104,-0.012214763090014458,0.8428277969360352,0.32856473326683044,-0.01843034289777279,0.8412632346153259,0.29107701778411865,-0.024054789915680885,0.8403133153915405,0.25924432277679443,-0.02921329066157341,0.8713894486427307,0.28014075756073,-0.007353614550083876,0.8718357682228088,0.23563572764396667,-0.018612628802657127,0.8733075857162476,0.20845404267311096,-0.028691366314888,0.8758328557014465,0.18357700109481812,-0.03592725843191147,0.8922070860862732,0.2791716754436493,-0.009516886435449123,0.8924293518066406,0.23002785444259644,-0.018545830622315407,0.8925567865371704,0.19794389605522156,-0.02717669866979122,0.8934970498085022,0.16810256242752075,-0.03335851803421974,0.911735475063324,0.28737011551856995,-0.013862485066056252,0.9128987193107605,0.23985455930233002,-0.023121779784560204,0.9128541946411133,0.21063780784606934,-0.028256257995963097,0.9132240414619446,0.18353673815727234,-0.031643882393836975,0.9314153790473938,0.30422183871269226,-0.019594287499785423,0.9336482286453247,0.26932698488235474,-0.028191199526190758,0.9337721467018127,0.24730640649795532,-0.03056146763265133,0.9331795573234558,0.22639122605323792,-0.03155132010579109,re
