landmark_0_x,landmark_0_y,landmark_0_z,landmark_1_x,landmark_1_y,landmark_1_z,landmark_2_x,landmark_2_y,landmark_2_z,landmark_3_x,landmark_3_y,landmark_3_z,landmark_4_x,landmark_4_y,landmark_4_z,landmark_5_x,landmark_5_y,landmark_5_z,landmark_6_x,landmark_6_y,landmark_6_z,landmark_7_x,landmark_7_y,landmark_7_z,landmark_8_x,landmark_8_y,landmark_8_z,landmark_9_x,landmark_9_y,landmark_9_z,landmark_10_x,landmark_10_y,landmark_10_z,landmark_11_x,landmark_11_y,landmark_11_z,landmark_12_x,landmark_12_y,landmark_12_z,landmark_13_x,landmark_13_y,landmark_13_z,landmark_14_x,landmark_14_y,landmark_14_z,landmark_15_x,landmark_15_y,landmark_15_z,landmark_16_x,landmark_16_y,landmark_16_z,landmark_17_x,landmark_17_y,landmark_17_z,landmark_18_x,landmark_18_y,landmark_18_z,landmark_19_x,landmark_19_y,landmark_19_z,landmark_20_x,landmark_20_y,landmark_20_z,class
0.7954877018928528,0.8616203665733337,1.9335317347213277e-07,0.7495557069778442,0.842104434967041,-0.013639369048178196,0.7194000482559204,0.8008037209510803,-0.02076599933207035,0.7094669342041016,0.7612004280090332,-0.026688257232308388,0.6969053745269775,0.7312142848968506,-0.03242717310786247,0.7467624545097351,0.754819393157959,-0.013346986845135689,0.7440395951271057,0.7137501239776611,-0.025589320808649063,0.7462483644485474,0.6905407905578613,-0.03546476736664772,0.7492315173149109,0.6649532318115234,-0.04336078464984894,0.7785454988479614,0.750104546546936,-0.016376815736293793,0.7774976491928101,0.7039284706115723,-0.02567310631275177,0.7772814035415649,0.6765142679214478,-0.034126460552215576,0.776168942451477,0.6461821794509888,-0.04139673337340355,0.8078649044036865,0.7576814889907837,-0.021408332511782646,0.8074455261230469,0.7142115831375122,-0.03317989408969879,0.8067895174026489,0.6889063119888306,-0.0381193682551384,0.8039385080337524,0.6611328125,-0.04187304526567459,0.8363578915596008,0.7740814089775085,-0.0274980328977108,0.8386856317520142,0.7427965998649597,-0.03940698504447937,0.8381922245025635,0.7219608426094055,-0.042264457792043686,0.8344687819480896,0.6995159983634949,-0.04401560500264168,re
