landmark_0_x,landmark_0_y,landmark_0_z,landmark_1_x,landmark_1_y,landmark_1_z,landmark_2_x,landmark_2_y,landmark_2_z,landmark_3_x,landmark_3_y,landmark_3_z,landmark_4_x,landmark_4_y,landmark_4_z,landmark_5_x,landmark_5_y,landmark_5_z,landmark_6_x,landmark_6_y,landmark_6_z,landmark_7_x,landmark_7_y,landmark_7_z,landmark_8_x,landmark_8_y,landmark_8_z,landmark_9_x,landmark_9_y,landmark_9_z,landmark_10_x,landmark_10_y,landmark_10_z,landmark_11_x,landmark_11_y,landmark_11_z,landmark_12_x,landmark_12_y,landmark_12_z,landmark_13_x,landmark_13_y,landmark_13_z,landmark_14_x,landmark_14_y,landmark_14_z,landmark_15_x,landmark_15_y,landmark_15_z,landmark_16_x,landmark_16_y,landmark_16_z,landmark_17_x,landmark_17_y,landmark_17_z,landmark_18_x,landmark_18_y,landmark_18_z,landmark_19_x,landmark_19_y,landmark_19_z,landmark_20_x,landmark_20_y,landmark_20_z,class
0.7532687187194824,0.4707005023956299,3.825197154583293e-07,0.6863501071929932,0.45176225900650024,-0.023167705163359642,0.6408408880233765,0.3940982520580292,-0.03595816344022751,0.6285041570663452,0.33365631103515625,-0.04706114903092384,0.6247901320457458,0.2834025025367737,-0.05817990005016327,0.6713374257087708,0.3082595765590668,-0.025815704837441444,0.6576378345489502,0.23777660727500916,-0.04981616511940956,0.6532993912696838,0.19176238775253296,-0.06874670833349228,0.6523755788803101,0.1460731476545334,-0.08261006325483322,0.7104173302650452,0.29554200172424316,-0.030685149133205414,0.6982699632644653,0.21869251132011414,-0.05143066495656967,0.6921793818473816,0.16702695190906525,-0.06838469952344894,0.687911868095398,0.11435887217521667,-0.08075527101755142,0.7499395608901978,0.30147814750671387,-0.03880034387111664,0.7393410801887512,0.2294548749923706,-0.060659829527139664,0.7334407567977905,0.18500351905822754,-0.07152380049228668,0.7277377843856812,0.1389065682888031,-0.0786731094121933,0.7905073761940002,0.32143911719322205,-0.04895888268947601,0.7848515510559082,0.2706395387649536,-0.06972863525152206,0.7797533869743347,0.23687118291854858,-0.07656167447566986,0.7734838724136353,0.20211422443389893,-0.08029978722333908,re
