landmark_0_x,landmark_0_y,landmark_0_z,landmark_1_x,landmark_1_y,landmark_1_z,landmark_2_x,landmark_2_y,landmark_2_z,landmark_3_x,landmark_3_y,landmark_3_z,landmark_4_x,landmark_4_y,landmark_4_z,landmark_5_x,landmark_5_y,landmark_5_z,landmark_6_x,landmark_6_y,landmark_6_z,landmark_7_x,landmark_7_y,landmark_7_z,landmark_8_x,landmark_8_y,landmark_8_z,landmark_9_x,landmark_9_y,landmark_9_z,landmark_10_x,landmark_10_y,landmark_10_z,landmark_11_x,landmark_11_y,landmark_11_z,landmark_12_x,landmark_12_y,landmark_12_z,landmark_13_x,landmark_13_y,landmark_13_z,landmark_14_x,landmark_14_y,landmark_14_z,landmark_15_x,landmark_15_y,landmark_15_z,landmark_16_x,landmark_16_y,landmark_16_z,landmark_17_x,landmark_17_y,landmark_17_z,landmark_18_x,landmark_18_y,landmark_18_z,landmark_19_x,landmark_19_y,landmark_19_z,landmark_20_x,landmark_20_y,landmark_20_z,class
0.8793855309486389,0.6116365194320679,6.02623515533196e-07,0.8010724782943726,0.5757479667663574,-0.03603381663560867,0.7548881769180298,0.5015287399291992,-0.0579727478325367,0.7534122467041016,0.42547696828842163,-0.07599387317895889,0.7620843648910522,0.3595041036605835,-0.09392327070236206,0.8106545209884644,0.395084023475647,-0.04670824855566025,0.8118372559547424,0.2966163158416748,-0.07963770627975464,0.8195892572402954,0.23546336591243744,-0.10434132069349289,0.8303748965263367,0.17652814090251923,-0.12151483446359634,0.8633520007133484,0.3890894055366516,-0.04998915642499924,0.8657315969467163,0.27831417322158813,-0.07813704758882523,0.8701275587081909,0.205909863114357,-0.1003485769033432,0.8745898604393005,0.13492918014526367,-0.11654144525527954,0.9119328260421753,0.4046079218387604,-0.057247091084718704,0.9186580181121826,0.3040888011455536,-0.0861881747841835,0.9234715104103088,0.2405966967344284,-0.10168622434139252,0.9257955551147461,0.17824408411979675,-0.11160320788621902,0.9597432613372803,0.43607839941978455,-0.06724900752305984,0.9666833877563477,0.35845738649368286,-0.0938567966222763,0.9702880382537842,0.3074161410331726,-0.10323745757341385,0.9707452654838562,0.25693249702453613,-0.10838349163532257,re
