landmark_0_x,landmark_0_y,landmark_0_z,landmark_1_x,landmark_1_y,landmark_1_z,landmark_2_x,landmark_2_y,landmark_2_z,landmark_3_x,landmark_3_y,landmark_3_z,landmark_4_x,landmark_4_y,landmark_4_z,landmark_5_x,landmark_5_y,landmark_5_z,landmark_6_x,landmark_6_y,landmark_6_z,landmark_7_x,landmark_7_y,landmark_7_z,landmark_8_x,landmark_8_y,landmark_8_z,landmark_9_x,landmark_9_y,landmark_9_z,landmark_10_x,landmark_10_y,landmark_10_z,landmark_11_x,landmark_11_y,landmark_11_z,landmark_12_x,landmark_12_y,landmark_12_z,landmark_13_x,landmark_13_y,landmark_13_z,landmark_14_x,landmark_14_y,landmark_14_z,landmark_15_x,landmark_15_y,landmark_15_z,landmark_16_x,landmark_16_y,landmark_16_z,landmark_17_x,landmark_17_y,landmark_17_z,landmark_18_x,landmark_18_y,landmark_18_z,landmark_19_x,landmark_19_y,landmark_19_z,landmark_20_x,landmark_20_y,landmark_20_z,class
0.6947633624076843,0.7916551232337952,1.869684069788491e-07,0.6564506888389587,0.7757622003555298,-0.011088320054113865,0.6257717609405518,0.7453389763832092,-0.01826114021241665,0.6149627566337585,0.7112500667572021,-0.024595122784376144,0.6164928078651428,0.6814819574356079,-0.030632946640253067,0.6403865814208984,0.6829400658607483,-0.009921437129378319,0.6356474161148071,0.6468602418899536,-0.021748065948486328,0.634153425693512,0.6242190003395081,-0.03266448900103569,0.6335365772247314,0.6012898087501526,-0.04119621589779854,0.6639062762260437,0.678320586681366,-0.013305263593792915,0.659038245677948,0.6402199864387512,-0.022884294390678406,0.6561014652252197,0.615919828414917,-0.031911201775074005,0.653698205947876,0.5906863808631897,-0.03898105397820473,0.6881282329559326,0.6852520108222961,-0.01849552057683468,0.6829149723052979,0.648190438747406,-0.02896389551460743,0.6801621317863464,0.6253036260604858,-0.0334097295999527,0.6774851083755493,0.6023790836334229,-0.03652296960353851,0.7125393748283386,0.7018944025039673,-0.024845188483595848,0.7104043364524841,0.672916054725647,-0.03551168367266655,0.7086190581321716,0.6535533666610718,-0.03785139322280884,0.7059180736541748,0.6347042918205261,-0.03874032944440842,re
