landmark_0_x,landmark_0_y,landmark_0_z,landmark_1_x,landmark_1_y,landmark_1_z,landmark_2_x,landmark_2_y,landmark_2_z,landmark_3_x,landmark_3_y,landmark_3_z,landmark_4_x,landmark_4_y,landmark_4_z,landmark_5_x,landmark_5_y,landmark_5_z,landmark_6_x,landmark_6_y,landmark_6_z,landmark_7_x,landmark_7_y,landmark_7_z,landmark_8_x,landmark_8_y,landmark_8_z,landmark_9_x,landmark_9_y,landmark_9_z,landmark_10_x,landmark_10_y,landmark_10_z,landmark_11_x,landmark_11_y,landmark_11_z,landmark_12_x,landmark_12_y,landmark_12_z,landmark_13_x,landmark_13_y,landmark_13_z,landmark_14_x,landmark_14_y,landmark_14_z,landmark_15_x,landmark_15_y,landmark_15_z,landmark_16_x,landmark_16_y,landmark_16_z,landmark_17_x,landmark_17_y,landmark_17_z,landmark_18_x,landmark_18_y,landmark_18_z,landmark_19_x,landmark_19_y,landmark_19_z,landmark_20_x,landmark_20_y,landmark_20_z,class
0.781867504119873,0.4751472473144531,3.799679006988299e-07,0.7185933589935303,0.4494052529335022,-0.02455614134669304,0.6769310832023621,0.389355331659317,-0.038686081767082214,0.6672337055206299,0.32918867468833923,-0.0511174201965332,0.6670222282409668,0.27872011065483093,-0.06328114122152328,0.7105637788772583,0.29813000559806824,-0.02586807869374752,0.7048197388648987,0.22212737798690796,-0.04949457198381424,0.7030115127563477,0.17358852922916412,-0.06839131563901901,0.7032244801521301,0.12572816014289856,-0.08252130448818207,0.7507613897323608,0.2904881536960602,-0.030088700354099274,0.7454392313957214,0.21386970579624176,-0.050701700150966644,0.7420330047607422,0.16414986550807953,-0.06778820604085922,0.7386921048164368,0.1130276620388031,-0.08039852231740952,0.7898746132850647,0.3002550005912781,-0.03762190788984299,0.786601722240448,0.22997884452342987,-0.058785926550626755,0.7831754088401794,0.18635430932044983,-0.0689893439412117,0.7778891324996948,0.141241192817688,-0.0757814422249794,0.8292170763015747,0.32372501492500305,-0.047517191618680954,0.8291771411895752,0.26974424719810486,-0.06720449775457382,0.8256094455718994,0.23535537719726562,-0.0735275149345398,0.819133996963501,0.20085734128952026,-0.07692883908748627,re
