landmark_0_x,landmark_0_y,landmark_0_z,landmark_1_x,landmark_1_y,landmark_1_z,landmark_2_x,landmark_2_y,landmark_2_z,landmark_3_x,landmark_3_y,landmark_3_z,landmark_4_x,landmark_4_y,landmark_4_z,landmark_5_x,landmark_5_y,landmark_5_z,landmark_6_x,landmark_6_y,landmark_6_z,landmark_7_x,landmark_7_y,landmark_7_z,landmark_8_x,landmark_8_y,landmark_8_z,landmark_9_x,landmark_9_y,landmark_9_z,landmark_10_x,landmark_10_y,landmark_10_z,landmark_11_x,landmark_11_y,landmark_11_z,landmark_12_x,landmark_12_y,landmark_12_z,landmark_13_x,landmark_13_y,landmark_13_z,landmark_14_x,landmark_14_y,landmark_14_z,landmark_15_x,landmark_15_y,landmark_15_z,landmark_16_x,landmark_16_y,landmark_16_z,landmark_17_x,landmark_17_y,landmark_17_z,landmark_18_x,landmark_18_y,landmark_18_z,landmark_19_x,landmark_19_y,landmark_19_z,landmark_20_x,landmark_20_y,landmark_20_z,class
0.6867195963859558,0.8388365507125854,1.7205528024533123e-07,0.6490430235862732,0.8358929753303528,-0.011467931792140007,0.6143273711204529,0.8096938729286194,-0.019486069679260254,0.6002557873725891,0.7758193612098694,-0.026114553213119507,0.5982548594474792,0.7436127066612244,-0.03277788683772087,0.6259449124336243,0.760854959487915,-0.01753888465464115,0.6190528273582458,0.723303496837616,-0.02999989502131939,0.6159955263137817,0.698167085647583,-0.03961403667926788,0.6137474775314331,0.6739214658737183,-0.046981081366539,0.6505340337753296,0.7504238486289978,-0.02027096599340439,0.6443449854850769,0.7100554704666138,-0.03055056370794773,0.6404322385787964,0.6843843460083008,-0.038060396909713745,0.6362508535385132,0.6586031913757324,-0.04419165849685669,0.6758233308792114,0.7505403161048889,-0.024243850260972977,0.6690285205841064,0.7120673656463623,-0.035438422113657,0.6656745672225952,0.6890112161636353,-0.03892303630709648,0.660761296749115,0.6659820675849915,-0.041496552526950836,0.7015292048454285,0.758031964302063,-0.028992479667067528,0.6970533728599548,0.7275881171226501,-0.0399530865252018,0.6953738927841187,0.7102826237678528,-0.04182303696870804,0.6920900344848633,0.6937034726142883,-0.04262043908238411,re
