landmark_0_x,landmark_0_y,landmark_0_z,landmark_1_x,landmark_1_y,landmark_1_z,landmark_2_x,landmark_2_y,landmark_2_z,landmark_3_x,landmark_3_y,landmark_3_z,landmark_4_x,landmark_4_y,landmark_4_z,landmark_5_x,landmark_5_y,landmark_5_z,landmark_6_x,landmark_6_y,landmark_6_z,landmark_7_x,landmark_7_y,landmark_7_z,landmark_8_x,landmark_8_y,landmark_8_z,landmark_9_x,landmark_9_y,landmark_9_z,landmark_10_x,landmark_10_y,landmark_10_z,landmark_11_x,landmark_11_y,landmark_11_z,landmark_12_x,landmark_12_y,landmark_12_z,landmark_13_x,landmark_13_y,landmark_13_z,landmark_14_x,landmark_14_y,landmark_14_z,landmark_15_x,landmark_15_y,landmark_15_z,landmark_16_x,landmark_16_y,landmark_16_z,landmark_17_x,landmark_17_y,landmark_17_z,landmark_18_x,landmark_18_y,landmark_18_z,landmark_19_x,landmark_19_y,landmark_19_z,landmark_20_x,landmark_20_y,landmark_20_z,class
0.8125375509262085,0.8313766121864319,2.1860587651190144e-07,0.7817323207855225,0.8122109174728394,-0.015411431901156902,0.7629528641700745,0.7809051871299744,-0.024194076657295227,0.7644892930984497,0.7499431371688843,-0.03098502941429615,0.7714545130729675,0.7257417440414429,-0.03747805207967758,0.7964657545089722,0.7370979189872742,-0.01794746145606041,0.8021432161331177,0.7004197239875793,-0.02945658378303051,0.8078634142875671,0.6781782507896423,-0.039191704243421555,0.8134998083114624,0.6563645005226135,-0.046332947909832,0.8181272149085999,0.738272488117218,-0.01801980473101139,0.8262454271316528,0.6974837779998779,-0.027058370411396027,0.8317363262176514,0.6715879440307617,-0.034837234765291214,0.8364564776420593,0.6458601355552673,-0.040946267545223236,0.836566686630249,0.7480064034461975,-0.019710494205355644,0.8452138304710388,0.7103834748268127,-0.028837356716394424,0.8502751588821411,0.6861149668693542,-0.0333261676132679,0.8530642986297607,0.6632373332977295,-0.036553941667079926,0.8531546592712402,0.7638199329376221,-0.022776277735829353,0.8619134426116943,0.7350184321403503,-0.031329553574323654,0.8661691546440125,0.7162397503852844,-0.03348926827311516,0.867836594581604,0.6984440684318542,-0.03458975628018379,re
