landmark_0_x,landmark_0_y,landmark_0_z,landmark_1_x,landmark_1_y,landmark_1_z,landmark_2_x,landmark_2_y,landmark_2_z,landmark_3_x,landmark_3_y,landmark_3_z,landmark_4_x,landmark_4_y,landmark_4_z,landmark_5_x,landmark_5_y,landmark_5_z,landmark_6_x,landmark_6_y,landmark_6_z,landmark_7_x,landmark_7_y,landmark_7_z,landmark_8_x,landmark_8_y,landmark_8_z,landmark_9_x,landmark_9_y,landmark_9_z,landmark_10_x,landmark_10_y,landmark_10_z,landmark_11_x,landmark_11_y,landmark_11_z,landmark_12_x,landmark_12_y,landmark_12_z,landmark_13_x,landmark_13_y,landmark_13_z,landmark_14_x,landmark_14_y,landmark_14_z,landmark_15_x,landmark_15_y,landmark_15_z,landmark_16_x,landmark_16_y,landmark_16_z,landmark_17_x,landmark_17_y,landmark_17_z,landmark_18_x,landmark_18_y,landmark_18_z,landmark_19_x,landmark_19_y,landmark_19_z,landmark_20_x,landmark_20_y,landmark_20_z,class
0.7370943427085876,0.6455299854278564,3.8941186630836455e-07,0.6691514253616333,0.6401680111885071,-0.014721395447850227,0.6120148301124573,0.5985150337219238,-0.02571531943976879,0.5871782898902893,0.5414031147956848,-0.035132430493831635,0.5806127786636353,0.488558292388916,-0.04497252404689789,0.6333715319633484,0.5298050045967102,-0.029035791754722595,0.6114702224731445,0.4623875021934509,-0.04989681392908096,0.6022753715515137,0.4154760241508484,-0.06445664912462234,0.5961403846740723,0.3705434501171112,-0.07562793791294098,0.672710120677948,0.5138468742370605,-0.03649028763175011,0.6506732106208801,0.44360244274139404,-0.05485093221068382,0.6384225487709045,0.393338680267334,-0.0686640739440918,0.6275831460952759,0.34336423873901367,-0.07914099097251892,0.7156320214271545,0.5148303508758545,-0.045097775757312775,0.694826066493988,0.4499877691268921,-0.06698811054229736,0.6845635771751404,0.40409570932388306,-0.07756779342889786,0.6732028722763062,0.3566352128982544,-0.0843498483300209,0.7610509991645813,0.5245810151100159,-0.053988657891750336,0.7488219738006592,0.481849730014801,-0.07755057513713837,0.7393624782562256,0.4515196681022644,-0.08526012301445007,0.7278452515602112,0.4179072976112366,-0.08910224586725235,re
