landmark_0_x,landmark_0_y,landmark_0_z,landmark_1_x,landmark_1_y,landmark_1_z,landmark_2_x,landmark_2_y,landmark_2_z,landmark_3_x,landmark_3_y,landmark_3_z,landmark_4_x,landmark_4_y,landmark_4_z,landmark_5_x,landmark_5_y,landmark_5_z,landmark_6_x,landmark_6_y,landmark_6_z,landmark_7_x,landmark_7_y,landmark_7_z,landmark_8_x,landmark_8_y,landmark_8_z,landmark_9_x,landmark_9_y,landmark_9_z,landmark_10_x,landmark_10_y,landmark_10_z,landmark_11_x,landmark_11_y,landmark_11_z,landmark_12_x,landmark_12_y,landmark_12_z,landmark_13_x,landmark_13_y,landmark_13_z,landmark_14_x,landmark_14_y,landmark_14_z,landmark_15_x,landmark_15_y,landmark_15_z,landmark_16_x,landmark_16_y,landmark_16_z,landmark_17_x,landmark_17_y,landmark_17_z,landmark_18_x,landmark_18_y,landmark_18_z,landmark_19_x,landmark_19_y,landmark_19_z,landmark_20_x,landmark_20_y,landmark_20_z,class
0.84975266456604,0.6295777559280396,5.646030558636994e-07,0.7677169442176819,0.5821169018745422,-0.03233193978667259,0.7192097306251526,0.4990283250808716,-0.05194114148616791,0.7167013883590698,0.4201754331588745,-0.06899717450141907,0.7269705533981323,0.3571555018424988,-0.08648700267076492,0.7789870500564575,0.3959628939628601,-0.04254106059670448,0.7795553207397461,0.2881835103034973,-0.07630573213100433,0.7856492400169373,0.22171294689178467,-0.10145086795091629,0.7949423789978027,0.15819863975048065,-0.11933448910713196,0.8357923626899719,0.3922483026981354,-0.04941622540354729,0.8405810594558716,0.2732130289077759,-0.07884017378091812,0.8464372158050537,0.19534984230995178,-0.10233690589666367,0.8521288633346558,0.11734449863433838,-0.1196715459227562,0.8883948922157288,0.41076040267944336,-0.060279481112957,0.8959058523178101,0.3018113076686859,-0.09066711366176605,0.9010783433914185,0.23226843774318695,-0.1077360138297081,0.9026442766189575,0.16304397583007812,-0.11911407113075256,0.9392197728157043,0.44555118680000305,-0.07368843257427216,0.9482764601707458,0.3638330101966858,-0.10132939368486404,0.9517323970794678,0.30991101264953613,-0.11118712276220322,0.950982391834259,0.2563090920448303,-0.11709591746330261,re
