landmark_0_x,landmark_0_y,landmark_0_z,landmark_1_x,landmark_1_y,landmark_1_z,landmark_2_x,landmark_2_y,landmark_2_z,landmark_3_x,landmark_3_y,landmark_3_z,landmark_4_x,landmark_4_y,landmark_4_z,landmark_5_x,landmark_5_y,landmark_5_z,landmark_6_x,landmark_6_y,landmark_6_z,landmark_7_x,landmark_7_y,landmark_7_z,landmark_8_x,landmark_8_y,landmark_8_z,landmark_9_x,landmark_9_y,landmark_9_z,landmark_10_x,landmark_10_y,landmark_10_z,landmark_11_x,landmark_11_y,landmark_11_z,landmark_12_x,landmark_12_y,landmark_12_z,landmark_13_x,landmark_13_y,landmark_13_z,landmark_14_x,landmark_14_y,landmark_14_z,landmark_15_x,landmark_15_y,landmark_15_z,landmark_16_x,landmark_16_y,landmark_16_z,landmark_17_x,landmark_17_y,landmark_17_z,landmark_18_x,landmark_18_y,landmark_18_z,landmark_19_x,landmark_19_y,landmark_19_z,landmark_20_x,landmark_20_y,landmark_20_z,class
0.7222846746444702,0.4492529630661011,3.642736032816174e-07,0.6542415618896484,0.4269736111164093,-0.022410430014133453,0.6074217557907104,0.36892396211624146,-0.034353215247392654,0.5947965383529663,0.3058600425720215,-0.04451441392302513,0.5879794955253601,0.25352591276168823,-0.0542333647608757,0.6339986324310303,0.26830917596817017,-0.02093956433236599,0.6224549412727356,0.19879749417304993,-0.0432501919567585,0.617117166519165,0.1540592461824417,-0.062403928488492966,0.6135804653167725,0.10908105969429016,-0.07697618007659912,0.6728935837745667,0.257954478263855,-0.026004359126091003,0.660830557346344,0.18160435557365417,-0.04502081125974655,0.652291476726532,0.13191956281661987,-0.061835866421461105,0.6446347832679749,0.08130845427513123,-0.07436615973711014,0.7126625180244446,0.26662111282348633,-0.034458938986063004,0.7023263573646545,0.19478978216648102,-0.05464664101600647,0.6934556365013123,0.15003815293312073,-0.06451872736215591,0.6855130791664124,0.10432648658752441,-0.07116464525461197,0.7546184062957764,0.2907291650772095,-0.04519147053360939,0.7481528520584106,0.23777589201927185,-0.06548497080802917,0.74098801612854,0.20083552598953247,-0.07209219038486481,0.7333502173423767,0.16334261000156403,-0.0754060372710228,re
