landmark_0_x,landmark_0_y,landmark_0_z,landmark_1_x,landmark_1_y,landmark_1_z,landmark_2_x,landmark_2_y,landmark_2_z,landmark_3_x,landmark_3_y,landmark_3_z,landmark_4_x,landmark_4_y,landmark_4_z,landmark_5_x,landmark_5_y,landmark_5_z,landmark_6_x,landmark_6_y,landmark_6_z,landmark_7_x,landmark_7_y,landmark_7_z,landmark_8_x,landmark_8_y,landmark_8_z,landmark_9_x,landmark_9_y,landmark_9_z,landmark_10_x,landmark_10_y,landmark_10_z,landmark_11_x,landmark_11_y,landmark_11_z,landmark_12_x,landmark_12_y,landmark_12_z,landmark_13_x,landmark_13_y,landmark_13_z,landmark_14_x,landmark_14_y,landmark_14_z,landmark_15_x,landmark_15_y,landmark_15_z,landmark_16_x,landmark_16_y,landmark_16_z,landmark_17_x,landmark_17_y,landmark_17_z,landmark_18_x,landmark_18_y,landmark_18_z,landmark_19_x,landmark_19_y,landmark_19_z,landmark_20_x,landmark_20_y,landmark_20_z,class
0.8120062947273254,0.6255081295967102,4.474555055367091e-07,0.7422074675559998,0.594767153263092,-0.03203129395842552,0.6919481158256531,0.5329819917678833,-0.05434967204928398,0.6762603521347046,0.4667206406593323,-0.07259847968816757,0.6856470704078674,0.40560176968574524,-0.09131614863872528,0.7202669978141785,0.4320143163204193,-0.04786941036581993,0.7160835862159729,0.35039961338043213,-0.08056363463401794,0.7150319218635559,0.29559266567230225,-0.10652803629636765,0.7134093046188354,0.24664099514484406,-0.1256612241268158,0.7650974988937378,0.4229874014854431,-0.051040519028902054,0.7629428505897522,0.3382705748081207,-0.0803193524479866,0.7615910768508911,0.2825561761856079,-0.10182954370975494,0.7588129639625549,0.2323693484067917,-0.11784055829048157,0.810084342956543,0.4341304302215576,-0.05715049058198929,0.8052523136138916,0.3539714813232422,-0.08561460673809052,0.8026185035705566,0.29868245124816895,-0.09668481349945068,0.7981616258621216,0.24873293936252594,-0.10422835499048233,0.8520990610122681,0.4625888466835022,-0.06561780720949173,0.8552483320236206,0.4017961919307709,-0.09107077866792679,0.8555496335029602,0.35761210322380066,-0.09725899994373322,0.852931797504425,0.3164553642272949,-0.10058236122131348,re
