landmark_0_x,landmark_0_y,landmark_0_z,landmark_1_x,landmark_1_y,landmark_1_z,landmark_2_x,landmark_2_y,landmark_2_z,landmark_3_x,landmark_3_y,landmark_3_z,landmark_4_x,landmark_4_y,landmark_4_z,landmark_5_x,landmark_5_y,landmark_5_z,landmark_6_x,landmark_6_y,landmark_6_z,landmark_7_x,landmark_7_y,landmark_7_z,landmark_8_x,landmark_8_y,landmark_8_z,landmark_9_x,landmark_9_y,landmark_9_z,landmark_10_x,landmark_10_y,landmark_10_z,landmark_11_x,landmark_11_y,landmark_11_z,landmark_12_x,landmark_12_y,landmark_12_z,landmark_13_x,landmark_13_y,landmark_13_z,landmark_14_x,landmark_14_y,landmark_14_z,landmark_15_x,landmark_15_y,landmark_15_z,landmark_16_x,landmark_16_y,landmark_16_z,landmark_17_x,landmark_17_y,landmark_17_z,landmark_18_x,landmark_18_y,landmark_18_z,landmark_19_x,landmark_19_y,landmark_19_z,landmark_20_x,landmark_20_y,landmark_20_z,class
0.8406196236610413,0.4747357964515686,3.7091709259584604e-07,0.7886441349983215,0.43882983922958374,-0.02609337493777275,0.7555774450302124,0.3714064657688141,-0.04113925248384476,0.7554603219032288,0.3075273633003235,-0.05371911823749542,0.7792928218841553,0.2698363959789276,-0.06555091589689255,0.8057378530502319,0.27939659357070923,-0.025643814355134964,0.8159665465354919,0.20996809005737305,-0.04740887135267258,0.8256529569625854,0.1644722819328308,-0.06595407426357269,0.8367137908935547,0.1229899674654007,-0.08003124594688416,0.8433079123497009,0.2806021571159363,-0.02791946567595005,0.853543758392334,0.20543071627616882,-0.046621013432741165,0.862360417842865,0.15595565736293793,-0.0619538314640522,0.8713173270225525,0.10850520431995392,-0.073216512799263,0.8769568800926208,0.2989000082015991,-0.03366608917713165,0.8876465559005737,0.22861728072166443,-0.05339423194527626,0.8961917757987976,0.18163315951824188,-0.06352007389068604,0.9032004475593567,0.13652607798576355,-0.07003653794527054,0.9074681997299194,0.3308745324611664,-0.04190778359770775,0.9201316237449646,0.2772050201892853,-0.06066745147109032,0.9287733435630798,0.2400321215391159,-0.0671704113483429,0.9351974129676819,0.20399241149425507,-0.07070116698741913,re
