landmark_0_x,landmark_0_y,landmark_0_z,landmark_1_x,landmark_1_y,landmark_1_z,landmark_2_x,landmark_2_y,landmark_2_z,landmark_3_x,landmark_3_y,landmark_3_z,landmark_4_x,landmark_4_y,landmark_4_z,landmark_5_x,landmark_5_y,landmark_5_z,landmark_6_x,landmark_6_y,landmark_6_z,landmark_7_x,landmark_7_y,landmark_7_z,landmark_8_x,landmark_8_y,landmark_8_z,landmark_9_x,landmark_9_y,landmark_9_z,landmark_10_x,landmark_10_y,landmark_10_z,landmark_11_x,landmark_11_y,landmark_11_z,landmark_12_x,landmark_12_y,landmark_12_z,landmark_13_x,landmark_13_y,landmark_13_z,landmark_14_x,landmark_14_y,landmark_14_z,landmark_15_x,landmark_15_y,landmark_15_z,landmark_16_x,landmark_16_y,landmark_16_z,landmark_17_x,landmark_17_y,landmark_17_z,landmark_18_x,landmark_18_y,landmark_18_z,landmark_19_x,landmark_19_y,landmark_19_z,landmark_20_x,landmark_20_y,landmark_20_z,class
0.7936722040176392,0.4644559919834137,4.2000661437668896e-07,0.7273823022842407,0.44461727142333984,-0.023476507514715195,0.6836949586868286,0.3883903920650482,-0.03693435713648796,0.6761822700500488,0.32874035835266113,-0.04823016747832298,0.6725126504898071,0.2787749767303467,-0.05979614704847336,0.7150788307189941,0.3079266846179962,-0.03199285641312599,0.7071079015731812,0.23391282558441162,-0.05724335089325905,0.7072826623916626,0.18540623784065247,-0.07638312131166458,0.7096640467643738,0.13700711727142334,-0.09019075334072113,0.7561485171318054,0.29658806324005127,-0.036414168775081635,0.7488642334938049,0.21682491898536682,-0.058387335389852524,0.74693363904953,0.163119375705719,-0.07555152475833893,0.7450091242790222,0.10753192007541656,-0.0881931409239769,0.7958643436431885,0.3020733594894409,-0.04357074946165085,0.7896881103515625,0.22941911220550537,-0.06605422496795654,0.7865473628044128,0.18465286493301392,-0.07699840515851974,0.7816624045372009,0.13836823403835297,-0.08420170098543167,0.8359745740890503,0.3197721242904663,-0.05262623727321625,0.8337146043777466,0.26603907346725464,-0.07333329319953918,0.8306207656860352,0.23190821707248688,-0.08005445450544357,0.8251274228096008,0.1971142292022705,-0.08377918601036072,re
