landmark_0_x,landmark_0_y,landmark_0_z,landmark_1_x,landmark_1_y,landmark_1_z,landmark_2_x,landmark_2_y,landmark_2_z,landmark_3_x,landmark_3_y,landmark_3_z,landmark_4_x,landmark_4_y,landmark_4_z,landmark_5_x,landmark_5_y,landmark_5_z,landmark_6_x,landmark_6_y,landmark_6_z,landmark_7_x,landmark_7_y,landmark_7_z,landmark_8_x,landmark_8_y,landmark_8_z,landmark_9_x,landmark_9_y,landmark_9_z,landmark_10_x,landmark_10_y,landmark_10_z,landmark_11_x,landmark_11_y,landmark_11_z,landmark_12_x,landmark_12_y,landmark_12_z,landmark_13_x,landmark_13_y,landmark_13_z,landmark_14_x,landmark_14_y,landmark_14_z,landmark_15_x,landmark_15_y,landmark_15_z,landmark_16_x,landmark_16_y,landmark_16_z,landmark_17_x,landmark_17_y,landmark_17_z,landmark_18_x,landmark_18_y,landmark_18_z,landmark_19_x,landmark_19_y,landmark_19_z,landmark_20_x,landmark_20_y,landmark_20_z,class
0.7216833829879761,0.7722238302230835,1.712314912083457e-07,0.6800298094749451,0.7580270171165466,-0.013013109564781189,0.6477224826812744,0.7231336236000061,-0.019988564774394035,0.6381696462631226,0.6871057748794556,-0.026016194373369217,0.6420766115188599,0.6596007347106934,-0.03125040605664253,0.668839156627655,0.649429202079773,-0.007344534154981375,0.6647546291351318,0.6126814484596252,-0.018644412979483604,0.6664464473724365,0.591948390007019,-0.02948158048093319,0.6701200604438782,0.5723089575767517,-0.03781580179929733,0.6934770345687866,0.6476166248321533,-0.009368443861603737,0.6905828714370728,0.6101543307304382,-0.017935220152139664,0.6899658441543579,0.5883165001869202,-0.02548365667462349,0.6916208863258362,0.5668321847915649,-0.031417544931173325,0.7169626355171204,0.6569852828979492,-0.013970300555229187,0.7148839831352234,0.6209790706634521,-0.023505140095949173,0.713111400604248,0.6008256077766418,-0.026063913479447365,0.7134921550750732,0.5815292000770569,-0.027761336416006088,0.7417088150978088,0.6767095327377319,-0.020279278978705406,0.7427128553390503,0.647122859954834,-0.029570601880550385,0.7418825626373291,0.6297346949577332,-0.03070768341422081,0.7404512763023376,0.612711489200592,-0.030719414353370667,re
