landmark_0_x,landmark_0_y,landmark_0_z,landmark_1_x,landmark_1_y,landmark_1_z,landmark_2_x,landmark_2_y,landmark_2_z,landmark_3_x,landmark_3_y,landmark_3_z,landmark_4_x,landmark_4_y,landmark_4_z,landmark_5_x,landmark_5_y,landmark_5_z,landmark_6_x,landmark_6_y,landmark_6_z,landmark_7_x,landmark_7_y,landmark_7_z,landmark_8_x,landmark_8_y,landmark_8_z,landmark_9_x,landmark_9_y,landmark_9_z,landmark_10_x,landmark_10_y,landmark_10_z,landmark_11_x,landmark_11_y,landmark_11_z,landmark_12_x,landmark_12_y,landmark_12_z,landmark_13_x,landmark_13_y,landmark_13_z,landmark_14_x,landmark_14_y,landmark_14_z,landmark_15_x,landmark_15_y,landmark_15_z,landmark_16_x,landmark_16_y,landmark_16_z,landmark_17_x,landmark_17_y,landmark_17_z,landmark_18_x,landmark_18_y,landmark_18_z,landmark_19_x,landmark_19_y,landmark_19_z,landmark_20_x,landmark_20_y,landmark_20_z,class
0.7779219746589661,0.6773285269737244,2.092502455752765e-07,0.7342707514762878,0.6575012803077698,-0.012951179407536983,0.7023711800575256,0.6157234907150269,-0.021542398259043694,0.6949536204338074,0.5742825269699097,-0.029051603749394417,0.6998926401138306,0.5454114675521851,-0.03660126030445099,0.7290085554122925,0.542395293712616,-0.01839054375886917,0.7260532975196838,0.4982363283634186,-0.033909473568201065,0.7248076796531677,0.46930187940597534,-0.047658201307058334,0.7230788469314575,0.4409870505332947,-0.058438654989004135,0.7592655420303345,0.540169358253479,-0.023492850363254547,0.7571526169776917,0.49209511280059814,-0.037251703441143036,0.7546518445014954,0.46172457933425903,-0.04860125854611397,0.7503225803375244,0.4309845268726349,-0.0571226067841053,0.7894548177719116,0.5521285533905029,-0.03014533594250679,0.7875443696975708,0.5051108598709106,-0.04447516053915024,0.7849583625793457,0.4764862358570099,-0.050577808171510696,0.7791046500205994,0.4494851529598236,-0.054455678910017014,0.8193093538284302,0.5750700235366821,-0.03802485764026642,0.8220769166946411,0.5365352034568787,-0.05201641470193863,0.8195244669914246,0.5105192065238953,-0.05578644573688507,0.813410222530365,0.486752986907959,-0.057423923164606094,re
