landmark_0_x,landmark_0_y,landmark_0_z,landmark_1_x,landmark_1_y,landmark_1_z,landmark_2_x,landmark_2_y,landmark_2_z,landmark_3_x,landmark_3_y,landmark_3_z,landmark_4_x,landmark_4_y,landmark_4_z,landmark_5_x,landmark_5_y,landmark_5_z,landmark_6_x,landmark_6_y,landmark_6_z,landmark_7_x,landmark_7_y,landmark_7_z,landmark_8_x,landmark_8_y,landmark_8_z,landmark_9_x,landmark_9_y,landmark_9_z,landmark_10_x,landmark_10_y,landmark_10_z,landmark_11_x,landmark_11_y,landmark_11_z,landmark_12_x,landmark_12_y,landmark_12_z,landmark_13_x,landmark_13_y,landmark_13_z,landmark_14_x,landmark_14_y,landmark_14_z,landmark_15_x,landmark_15_y,landmark_15_z,landmark_16_x,landmark_16_y,landmark_16_z,landmark_17_x,landmark_17_y,landmark_17_z,landmark_18_x,landmark_18_y,landmark_18_z,landmark_19_x,landmark_19_y,landmark_19_z,landmark_20_x,landmark_20_y,landmark_20_z,class
0.8308905959129333,0.4732738137245178,2.4881765625650587e-07,0.7799127101898193,0.43812158703804016,-0.01863350160419941,0.7460892200469971,0.3653009235858917,-0.02765733189880848,0.7451556921005249,0.2973727881908417,-0.03571918606758118,0.7672296166419983,0.26845240592956543,-0.04317629709839821,0.7969947457313538,0.2687292993068695,-0.00979264359921217,0.8024113178253174,0.2038213163614273,-0.02457396499812603,0.8054057955741882,0.16403037309646606,-0.03917844220995903,0.8093570470809937,0.12891986966133118,-0.05108574032783508,0.8330771923065186,0.27065083384513855,-0.013754608109593391,0.8387895226478577,0.19894233345985413,-0.025891568511724472,0.8429054021835327,0.15531973540782928,-0.03753039240837097,0.8474387526512146,0.11446140706539154,-0.04635070264339447,0.8662673830986023,0.2889198362827301,-0.021099532023072243,0.8713976144790649,0.2196052521467209,-0.034867167472839355,0.8746731281280518,0.17734472453594208,-0.04160422086715698,0.8776073455810547,0.1373218446969986,-0.046294376254081726,0.8983358144760132,0.32120198011398315,-0.030728524550795555,0.9067417979240417,0.2664792537689209,-0.04349721968173981,0.9113841652870178,0.23137015104293823,-0.046710509806871414,0.9146867394447327,0.19792971014976501,-0.04844556376338005,re
