landmark_0_x,landmark_0_y,landmark_0_z,landmark_1_x,landmark_1_y,landmark_1_z,landmark_2_x,landmark_2_y,landmark_2_z,landmark_3_x,landmark_3_y,landmark_3_z,landmark_4_x,landmark_4_y,landmark_4_z,landmark_5_x,landmark_5_y,landmark_5_z,landmark_6_x,landmark_6_y,landmark_6_z,landmark_7_x,landmark_7_y,landmark_7_z,landmark_8_x,landmark_8_y,landmark_8_z,landmark_9_x,landmark_9_y,landmark_9_z,landmark_10_x,landmark_10_y,landmark_10_z,landmark_11_x,landmark_11_y,landmark_11_z,landmark_12_x,landmark_12_y,landmark_12_z,landmark_13_x,landmark_13_y,landmark_13_z,landmark_14_x,landmark_14_y,landmark_14_z,landmark_15_x,landmark_15_y,landmark_15_z,landmark_16_x,landmark_16_y,landmark_16_z,landmark_17_x,landmark_17_y,landmark_17_z,landmark_18_x,landmark_18_y,landmark_18_z,landmark_19_x,landmark_19_y,landmark_19_z,landmark_20_x,landmark_20_y,landmark_20_z,class
0.7586789131164551,0.645933210849762,3.5988364288641606e-07,0.6903138160705566,0.6226528286933899,-0.02508765645325184,0.6430174112319946,0.5663739442825317,-0.03994454815983772,0.627838671207428,0.506653904914856,-0.05239719897508621,0.6261003017425537,0.45623987913131714,-0.06491497904062271,0.6710772514343262,0.46371540427207947,-0.027657750993967056,0.660948634147644,0.4009256958961487,-0.052568092942237854,0.6545979380607605,0.35962820053100586,-0.07458646595478058,0.6497818827629089,0.31800925731658936,-0.09161398559808731,0.713495135307312,0.4535098671913147,-0.03178951144218445,0.7011132836341858,0.38374823331832886,-0.054219331592321396,0.6929118037223816,0.3365972638130188,-0.07456641644239426,0.6841697096824646,0.2857009768486023,-0.08981221914291382,0.758413553237915,0.4628939628601074,-0.039088018238544464,0.7453046441078186,0.39665138721466064,-0.06232727691531181,0.734620213508606,0.3548983335494995,-0.07532544434070587,0.7231815457344055,0.3109879493713379,-0.08397382497787476,0.8039482831954956,0.4879765510559082,-0.04850785806775093,0.7972705364227295,0.4370707869529724,-0.07142230868339539,0.7903382778167725,0.4026043117046356,-0.07990391552448273,0.7823647260665894,0.3671455681324005,-0.084372378885746,re
