landmark_0_x,landmark_0_y,landmark_0_z,landmark_1_x,landmark_1_y,landmark_1_z,landmark_2_x,landmark_2_y,landmark_2_z,landmark_3_x,landmark_3_y,landmark_3_z,landmark_4_x,landmark_4_y,landmark_4_z,landmark_5_x,landmark_5_y,landmark_5_z,landmark_6_x,landmark_6_y,landmark_6_z,landmark_7_x,landmark_7_y,landmark_7_z,landmark_8_x,landmark_8_y,landmark_8_z,landmark_9_x,landmark_9_y,landmark_9_z,landmark_10_x,landmark_10_y,landmark_10_z,landmark_11_x,landmark_11_y,landmark_11_z,landmark_12_x,landmark_12_y,landmark_12_z,landmark_13_x,landmark_13_y,landmark_13_z,landmark_14_x,landmark_14_y,landmark_14_z,landmark_15_x,landmark_15_y,landmark_15_z,landmark_16_x,landmark_16_y,landmark_16_z,landmark_17_x,landmark_17_y,landmark_17_z,landmark_18_x,landmark_18_y,landmark_18_z,landmark_19_x,landmark_19_y,landmark_19_z,landmark_20_x,landmark_20_y,landmark_20_z,class
0.843295156955719,0.7884900569915771,2.142729442766722e-07,0.8115058541297913,0.7635263800621033,-0.014687499962747097,0.7937740087509155,0.726384162902832,-0.02318989485502243,0.7965440154075623,0.691918671131134,-0.030048450455069542,0.8047001361846924,0.6675468683242798,-0.03663991019129753,0.8280317187309265,0.6836516857147217,-0.016055980697274208,0.8345226645469666,0.6421512365341187,-0.028308819979429245,0.8395059704780579,0.6149636507034302,-0.03869938850402832,0.8436678051948547,0.5907062888145447,-0.04592157527804375,0.8494824171066284,0.6863844394683838,-0.016733471304178238,0.8577272295951843,0.6400939226150513,-0.02642790414392948,0.8623428344726562,0.6088886260986328,-0.03446909412741661,0.8659546971321106,0.5791215896606445,-0.0404675267636776,0.8678394556045532,0.6958118081092834,-0.019194766879081726,0.8761136531829834,0.6520971655845642,-0.028492217883467674,0.880821168422699,0.6233920454978943,-0.03303996101021767,0.8837222456932068,0.5970795750617981,-0.03602477163076401,0.8849879503250122,0.7110597491264343,-0.023098232224583626,0.8933770656585693,0.6763593554496765,-0.03139962628483772,0.8978835940361023,0.6536809206008911,-0.033435385674238205,0.8998757600784302,0.6324393153190613,-0.03433658182621002,re
