landmark_0_x,landmark_0_y,landmark_0_z,landmark_1_x,landmark_1_y,landmark_1_z,landmark_2_x,landmark_2_y,landmark_2_z,landmark_3_x,landmark_3_y,landmark_3_z,landmark_4_x,landmark_4_y,landmark_4_z,landmark_5_x,landmark_5_y,landmark_5_z,landmark_6_x,landmark_6_y,landmark_6_z,landmark_7_x,landmark_7_y,landmark_7_z,landmark_8_x,landmark_8_y,landmark_8_z,landmark_9_x,landmark_9_y,landmark_9_z,landmark_10_x,landmark_10_y,landmark_10_z,landmark_11_x,landmark_11_y,landmark_11_z,landmark_12_x,landmark_12_y,landmark_12_z,landmark_13_x,landmark_13_y,landmark_13_z,landmark_14_x,landmark_14_y,landmark_14_z,landmark_15_x,landmark_15_y,landmark_15_z,landmark_16_x,landmark_16_y,landmark_16_z,landmark_17_x,landmark_17_y,landmark_17_z,landmark_18_x,landmark_18_y,landmark_18_z,landmark_19_x,landmark_19_y,landmark_19_z,landmark_20_x,landmark_20_y,landmark_20_z,class
0.7314638495445251,0.6599140763282776,3.4769914236676414e-07,0.6666731238365173,0.6562732458114624,-0.01831853576004505,0.6128161549568176,0.6150825023651123,-0.03075134940445423,0.5917983055114746,0.562256932258606,-0.041731517761945724,0.5826526284217834,0.5124032497406006,-0.05302762612700462,0.6322696805000305,0.5397947430610657,-0.029372788965702057,0.6136265993118286,0.48014503717422485,-0.052552495151758194,0.6061012744903564,0.44114354252815247,-0.06936851143836975,0.6000434756278992,0.4005239009857178,-0.08239995688199997,0.6719985604286194,0.5243926644325256,-0.036928460001945496,0.6546487212181091,0.46335870027542114,-0.0594245083630085,0.6433748602867126,0.4202377498149872,-0.07603536546230316,0.6312587857246399,0.37375789880752563,-0.08822228759527206,0.7147001028060913,0.5277161598205566,-0.04662049561738968,0.6977059245109558,0.4711729884147644,-0.07286491245031357,0.6881257891654968,0.43358758091926575,-0.08476085960865021,0.6757284998893738,0.39064857363700867,-0.09187773615121841,0.759804368019104,0.5414413809776306,-0.05709249898791313,0.7491295337677002,0.5009922385215759,-0.08412975817918777,0.7405688166618347,0.4722203016281128,-0.0934625044465065,0.7290465235710144,0.43857094645500183,-0.0982515811920166,re
