landmark_0_x,landmark_0_y,landmark_0_z,landmark_1_x,landmark_1_y,landmark_1_z,landmark_2_x,landmark_2_y,landmark_2_z,landmark_3_x,landmark_3_y,landmark_3_z,landmark_4_x,landmark_4_y,landmark_4_z,landmark_5_x,landmark_5_y,landmark_5_z,landmark_6_x,landmark_6_y,landmark_6_z,landmark_7_x,landmark_7_y,landmark_7_z,landmark_8_x,landmark_8_y,landmark_8_z,landmark_9_x,landmark_9_y,landmark_9_z,landmark_10_x,landmark_10_y,landmark_10_z,landmark_11_x,landmark_11_y,landmark_11_z,landmark_12_x,landmark_12_y,landmark_12_z,landmark_13_x,landmark_13_y,landmark_13_z,landmark_14_x,landmark_14_y,landmark_14_z,landmark_15_x,landmark_15_y,landmark_15_z,landmark_16_x,landmark_16_y,landmark_16_z,landmark_17_x,landmark_17_y,landmark_17_z,landmark_18_x,landmark_18_y,landmark_18_z,landmark_19_x,landmark_19_y,landmark_19_z,landmark_20_x,landmark_20_y,landmark_20_z,class
0.769020676612854,0.680928647518158,2.032009547292546e-07,0.7157713174819946,0.66085284948349,-0.012961325235664845,0.6789652109146118,0.6190744638442993,-0.019755398854613304,0.6680501103401184,0.5738087296485901,-0.025551795959472656,0.666838526725769,0.5407699942588806,-0.03096064366400242,0.7025516629219055,0.5434500575065613,-0.012213204987347126,0.6987088918685913,0.5006459355354309,-0.026371873915195465,0.6975963115692139,0.47548750042915344,-0.039816852658987045,0.6962944269180298,0.44677889347076416,-0.05110576003789902,0.7354575991630554,0.5374844074249268,-0.01744435913860798,0.7310059070587158,0.4890102744102478,-0.029393505305051804,0.7276402711868286,0.4603208601474762,-0.04128991439938545,0.7224975228309631,0.42708608508110046,-0.05106621980667114,0.7684330344200134,0.5475941896438599,-0.024747902527451515,0.7653775811195374,0.5009217262268066,-0.03918135538697243,0.7610832452774048,0.47559961676597595,-0.04579966887831688,0.7546375393867493,0.4485723078250885,-0.05038609355688095,0.801442563533783,0.5696927905082703,-0.03331424295902252,0.8023680448532104,0.5351833701133728,-0.04850379005074501,0.7986894845962524,0.5107333660125732,-0.053118426352739334,0.7920299768447876,0.4858909845352173,-0.05547758936882019,re
