landmark_0_x,landmark_0_y,landmark_0_z,landmark_1_x,landmark_1_y,landmark_1_z,landmark_2_x,landmark_2_y,landmark_2_z,landmark_3_x,landmark_3_y,landmark_3_z,landmark_4_x,landmark_4_y,landmark_4_z,landmark_5_x,landmark_5_y,landmark_5_z,landmark_6_x,landmark_6_y,landmark_6_z,landmark_7_x,landmark_7_y,landmark_7_z,landmark_8_x,landmark_8_y,landmark_8_z,landmark_9_x,landmark_9_y,landmark_9_z,landmark_10_x,landmark_10_y,landmark_10_z,landmark_11_x,landmark_11_y,landmark_11_z,landmark_12_x,landmark_12_y,landmark_12_z,landmark_13_x,landmark_13_y,landmark_13_z,landmark_14_x,landmark_14_y,landmark_14_z,landmark_15_x,landmark_15_y,landmark_15_z,landmark_16_x,landmark_16_y,landmark_16_z,landmark_17_x,landmark_17_y,landmark_17_z,landmark_18_x,landmark_18_y,landmark_18_z,landmark_19_x,landmark_19_y,landmark_19_z,landmark_20_x,landmark_20_y,landmark_20_z,class
0.8383222222328186,0.7901081442832947,2.0866828265297954e-07,0.809536874294281,0.7662018537521362,-0.012616061605513096,0.7946045994758606,0.7303564548492432,-0.019986961036920547,0.7980791926383972,0.69931960105896,-0.026073498651385307,0.8058288097381592,0.6758484244346619,-0.031734827905893326,0.8287507891654968,0.6849319934844971,-0.011889542452991009,0.8370376229286194,0.6467596888542175,-0.022126223891973495,0.8427692651748657,0.6232912540435791,-0.031161505728960037,0.8483155965805054,0.6035544276237488,-0.03741644322872162,0.8496174812316895,0.6889623999595642,-0.012873079627752304,0.8592821955680847,0.6469457149505615,-0.02033458650112152,0.8646571040153503,0.6201621890068054,-0.027178801596164703,0.8695256114006042,0.5969675779342651,-0.03232797607779503,0.8670900464057922,0.7003721594810486,-0.015541856177151203,0.8775144815444946,0.6601547598838806,-0.022561803460121155,0.8823593854904175,0.6353305578231812,-0.026113225147128105,0.8861489295959473,0.613654613494873,-0.028688250109553337,0.8828246593475342,0.7187533378601074,-0.0195318516343832,0.892952024936676,0.6875839829444885,-0.02609710767865181,0.8975354433059692,0.6673001050949097,-0.027246389538049698,0.9000693559646606,0.6490228176116943,-0.02748751826584339,re
