landmark_0_x,landmark_0_y,landmark_0_z,landmark_1_x,landmark_1_y,landmark_1_z,landmark_2_x,landmark_2_y,landmark_2_z,landmark_3_x,landmark_3_y,landmark_3_z,landmark_4_x,landmark_4_y,landmark_4_z,landmark_5_x,landmark_5_y,landmark_5_z,landmark_6_x,landmark_6_y,landmark_6_z,landmark_7_x,landmark_7_y,landmark_7_z,landmark_8_x,landmark_8_y,landmark_8_z,landmark_9_x,landmark_9_y,landmark_9_z,landmark_10_x,landmark_10_y,landmark_10_z,landmark_11_x,landmark_11_y,landmark_11_z,landmark_12_x,landmark_12_y,landmark_12_z,landmark_13_x,landmark_13_y,landmark_13_z,landmark_14_x,landmark_14_y,landmark_14_z,landmark_15_x,landmark_15_y,landmark_15_z,landmark_16_x,landmark_16_y,landmark_16_z,landmark_17_x,landmark_17_y,landmark_17_z,landmark_18_x,landmark_18_y,landmark_18_z,landmark_19_x,landmark_19_y,landmark_19_z,landmark_20_x,landmark_20_y,landmark_20_z,class
0.7270641326904297,0.6544184684753418,3.742567287190468e-07,0.6518992781639099,0.6389461755752563,-0.022866159677505493,0.5950144529342651,0.5874091386795044,-0.036490168422460556,0.5767745971679688,0.5219557285308838,-0.04831712692975998,0.5670618414878845,0.4623551070690155,-0.06008906289935112,0.619279682636261,0.4832864999771118,-0.02641681768000126,0.6018508076667786,0.4104452133178711,-0.050964176654815674,0.5935993790626526,0.36411988735198975,-0.07067038863897324,0.5870974063873291,0.316470205783844,-0.08593595772981644,0.6639288067817688,0.46552637219429016,-0.03305545821785927,0.646143913269043,0.385674387216568,-0.054023947566747665,0.6369524598121643,0.33498454093933105,-0.07218639552593231,0.6271198391914368,0.28137660026550293,-0.0861952006816864,0.7102211713790894,0.4703981876373291,-0.042927443981170654,0.6924886703491211,0.3959493935108185,-0.06625611335039139,0.6822861433029175,0.3518444895744324,-0.07847283780574799,0.670339047908783,0.3040156960487366,-0.08709482848644257,0.758931577205658,0.4915095865726471,-0.0546100027859211,0.7489107847213745,0.43815574049949646,-0.07823650538921356,0.7400955557823181,0.4050188660621643,-0.08635460585355759,0.7290762066841125,0.3694641590118408,-0.09091699868440628,re
