landmark_0_x,landmark_0_y,landmark_0_z,landmark_1_x,landmark_1_y,landmark_1_z,landmark_2_x,landmark_2_y,landmark_2_z,landmark_3_x,landmark_3_y,landmark_3_z,landmark_4_x,landmark_4_y,landmark_4_z,landmark_5_x,landmark_5_y,landmark_5_z,landmark_6_x,landmark_6_y,landmark_6_z,landmark_7_x,landmark_7_y,landmark_7_z,landmark_8_x,landmark_8_y,landmark_8_z,landmark_9_x,landmark_9_y,landmark_9_z,landmark_10_x,landmark_10_y,landmark_10_z,landmark_11_x,landmark_11_y,landmark_11_z,landmark_12_x,landmark_12_y,landmark_12_z,landmark_13_x,landmark_13_y,landmark_13_z,landmark_14_x,landmark_14_y,landmark_14_z,landmark_15_x,landmark_15_y,landmark_15_z,landmark_16_x,landmark_16_y,landmark_16_z,landmark_17_x,landmark_17_y,landmark_17_z,landmark_18_x,landmark_18_y,landmark_18_z,landmark_19_x,landmark_19_y,landmark_19_z,landmark_20_x,landmark_20_y,landmark_20_z,class
0.795364499092102,0.6366623640060425,5.784878567283158e-07,0.7176074385643005,0.6231138706207275,-0.03589754179120064,0.6612774729728699,0.5652163624763489,-0.06053171306848526,0.6477832794189453,0.49841004610061646,-0.08107726275920868,0.6491970419883728,0.4333637058734894,-0.10222183167934418,0.703899621963501,0.46138373017311096,-0.05785312131047249,0.697460412979126,0.3728576600551605,-0.09441201388835907,0.6983438730239868,0.3163018226623535,-0.12048980593681335,0.7021690607070923,0.26029062271118164,-0.1395818293094635,0.7570623755455017,0.45167258381843567,-0.06323201954364777,0.7520152926445007,0.35966625809669495,-0.0975998118519783,0.7514038681983948,0.2964984178543091,-0.1217845156788826,0.7501059770584106,0.2319263368844986,-0.13944531977176666,0.8084914684295654,0.4647858738899231,-0.0718940794467926,0.8071783185005188,0.37869223952293396,-0.10793952643871307,0.8089269399642944,0.32437384128570557,-0.12412706017494202,0.8062466979026794,0.26617175340652466,-0.13430681824684143,0.8593705892562866,0.4918343126773834,-0.08268848806619644,0.8642175793647766,0.42809247970581055,-0.1170954704284668,0.8645408153533936,0.38682639598846436,-0.12903356552124023,0.8599016666412354,0.3431893587112427,-0.13569577038288116,re
