landmark_0_x,landmark_0_y,landmark_0_z,landmark_1_x,landmark_1_y,landmark_1_z,landmark_2_x,landmark_2_y,landmark_2_z,landmark_3_x,landmark_3_y,landmark_3_z,landmark_4_x,landmark_4_y,landmark_4_z,landmark_5_x,landmark_5_y,landmark_5_z,landmark_6_x,landmark_6_y,landmark_6_z,landmark_7_x,landmark_7_y,landmark_7_z,landmark_8_x,landmark_8_y,landmark_8_z,landmark_9_x,landmark_9_y,landmark_9_z,landmark_10_x,landmark_10_y,landmark_10_z,landmark_11_x,landmark_11_y,landmark_11_z,landmark_12_x,landmark_12_y,landmark_12_z,landmark_13_x,landmark_13_y,landmark_13_z,landmark_14_x,landmark_14_y,landmark_14_z,landmark_15_x,landmark_15_y,landmark_15_z,landmark_16_x,landmark_16_y,landmark_16_z,landmark_17_x,landmark_17_y,landmark_17_z,landmark_18_x,landmark_18_y,landmark_18_z,landmark_19_x,landmark_19_y,landmark_19_z,landmark_20_x,landmark_20_y,landmark_20_z,class
0.8014773726463318,0.48425769805908203,3.959141281484335e-07,0.7403717041015625,0.4479488134384155,-0.023635560646653175,0.7001339197158813,0.38378390669822693,-0.03961654752492905,0.6915620565414429,0.32207345962524414,-0.053222719579935074,0.7019155025482178,0.268685519695282,-0.06668972223997116,0.7362637519836426,0.2964068055152893,-0.02971995808184147,0.7406520843505859,0.22681495547294617,-0.05421154573559761,0.7472313046455383,0.17955271899700165,-0.07470093667507172,0.7540556192398071,0.13466526567935944,-0.08968457579612732,0.7740792036056519,0.29638054966926575,-0.033358339220285416,0.7787665128707886,0.22382378578186035,-0.05408333241939545,0.7816013097763062,0.1741943657398224,-0.07049895077943802,0.7829098105430603,0.1254248172044754,-0.08256010711193085,0.8115764856338501,0.31242525577545166,-0.03971215710043907,0.8141462206840515,0.2425190657377243,-0.06049177423119545,0.8147066235542297,0.1963093876838684,-0.06861939281225204,0.8127484917640686,0.15256939828395844,-0.07361843436956406,0.8476715683937073,0.3415348529815674,-0.0481659434735775,0.851779043674469,0.2853146195411682,-0.0668809562921524,0.8529238104820251,0.24694305658340454,-0.07090622186660767,0.8511497974395752,0.21141262352466583,-0.0723821297287941,re
