landmark_0_x,landmark_0_y,landmark_0_z,landmark_1_x,landmark_1_y,landmark_1_z,landmark_2_x,landmark_2_y,landmark_2_z,landmark_3_x,landmark_3_y,landmark_3_z,landmark_4_x,landmark_4_y,landmark_4_z,landmark_5_x,landmark_5_y,landmark_5_z,landmark_6_x,landmark_6_y,landmark_6_z,landmark_7_x,landmark_7_y,landmark_7_z,landmark_8_x,landmark_8_y,landmark_8_z,landmark_9_x,landmark_9_y,landmark_9_z,landmark_10_x,landmark_10_y,landmark_10_z,landmark_11_x,landmark_11_y,landmark_11_z,landmark_12_x,landmark_12_y,landmark_12_z,landmark_13_x,landmark_13_y,landmark_13_z,landmark_14_x,landmark_14_y,landmark_14_z,landmark_15_x,landmark_15_y,landmark_15_z,landmark_16_x,landmark_16_y,landmark_16_z,landmark_17_x,landmark_17_y,landmark_17_z,landmark_18_x,landmark_18_y,landmark_18_z,landmark_19_x,landmark_19_y,landmark_19_z,landmark_20_x,landmark_20_y,landmark_20_z,class
0.8595907688140869,0.6153852939605713,5.680890353687573e-07,0.7798416018486023,0.57521653175354,-0.03604083135724068,0.7311338782310486,0.49715763330459595,-0.05772605165839195,0.7280793786048889,0.42008888721466064,-0.07620134949684143,0.73836749792099,0.35567381978034973,-0.0949317216873169,0.7903972864151001,0.3856326937675476,-0.045375753194093704,0.7892224788665771,0.2855836749076843,-0.08007021248340607,0.7928394079208374,0.22215184569358826,-0.10653350502252579,0.7996265292167664,0.1599528193473816,-0.1258743703365326,0.8453800678253174,0.37855395674705505,-0.05050375312566757,0.8473167419433594,0.2660674452781677,-0.08136499673128128,0.8516740798950195,0.19135424494743347,-0.10629148781299591,0.8560647964477539,0.11600819230079651,-0.12482593208551407,0.8961910009384155,0.39618366956710815,-0.05994125083088875,0.9010220170021057,0.29288187623023987,-0.09247945249080658,0.9048736095428467,0.22704525291919708,-0.11131992936134338,0.9058037996292114,0.1609523743391037,-0.12380436062812805,0.945827841758728,0.43147510290145874,-0.07210824638605118,0.9543648362159729,0.3536328375339508,-0.10228719562292099,0.9571849703788757,0.30185896158218384,-0.11454468965530396,0.9564434885978699,0.2496742606163025,-0.12205014377832413,re
