landmark_0_x,landmark_0_y,landmark_0_z,landmark_1_x,landmark_1_y,landmark_1_z,landmark_2_x,landmark_2_y,landmark_2_z,landmark_3_x,landmark_3_y,landmark_3_z,landmark_4_x,landmark_4_y,landmark_4_z,landmark_5_x,landmark_5_y,landmark_5_z,landmark_6_x,landmark_6_y,landmark_6_z,landmark_7_x,landmark_7_y,landmark_7_z,landmark_8_x,landmark_8_y,landmark_8_z,landmark_9_x,landmark_9_y,landmark_9_z,landmark_10_x,landmark_10_y,landmark_10_z,landmark_11_x,landmark_11_y,landmark_11_z,landmark_12_x,landmark_12_y,landmark_12_z,landmark_13_x,landmark_13_y,landmark_13_z,landmark_14_x,landmark_14_y,landmark_14_z,landmark_15_x,landmark_15_y,landmark_15_z,landmark_16_x,landmark_16_y,landmark_16_z,landmark_17_x,landmark_17_y,landmark_17_z,landmark_18_x,landmark_18_y,landmark_18_z,landmark_19_x,landmark_19_y,landmark_19_z,landmark_20_x,landmark_20_y,landmark_20_z,class
0.7707902789115906,0.6390672922134399,4.3934792870459205e-07,0.7060936093330383,0.6171736121177673,-0.02937071956694126,0.6622837781906128,0.5617418885231018,-0.04867119342088699,0.6502755880355835,0.5048765540122986,-0.06476635485887527,0.6483380794525146,0.4565246105194092,-0.08167123049497604,0.6995147466659546,0.46957680583000183,-0.045082416385412216,0.6917287111282349,0.4049963653087616,-0.0779857486486435,0.683403491973877,0.36354580521583557,-0.10383866727352142,0.6761458516120911,0.3222607374191284,-0.12251504510641098,0.7407196164131165,0.4615369737148285,-0.049732692539691925,0.7333000898361206,0.39063242077827454,-0.08181989192962646,0.7245461940765381,0.3424907326698303,-0.10547813028097153,0.7150499820709229,0.2942955195903778,-0.1219501793384552,0.7824323773384094,0.4710051417350769,-0.057270731776952744,0.7741480469703674,0.40340498089790344,-0.0880570039153099,0.7646127343177795,0.3603631854057312,-0.10291291028261185,0.753316342830658,0.31678640842437744,-0.11196693778038025,0.8241448402404785,0.49529117345809937,-0.06697570532560349,0.8210051655769348,0.441992849111557,-0.09495007991790771,0.8134250640869141,0.40503305196762085,-0.10546508431434631,0.8036941885948181,0.36922216415405273,-0.11115476489067078,re
