landmark_0_x,landmark_0_y,landmark_0_z,landmark_1_x,landmark_1_y,landmark_1_z,landmark_2_x,landmark_2_y,landmark_2_z,landmark_3_x,landmark_3_y,landmark_3_z,landmark_4_x,landmark_4_y,landmark_4_z,landmark_5_x,landmark_5_y,landmark_5_z,landmark_6_x,landmark_6_y,landmark_6_z,landmark_7_x,landmark_7_y,landmark_7_z,landmark_8_x,landmark_8_y,landmark_8_z,landmark_9_x,landmark_9_y,landmark_9_z,landmark_10_x,landmark_10_y,landmark_10_z,landmark_11_x,landmark_11_y,landmark_11_z,landmark_12_x,landmark_12_y,landmark_12_z,landmark_13_x,landmark_13_y,landmark_13_z,landmark_14_x,landmark_14_y,landmark_14_z,landmark_15_x,landmark_15_y,landmark_15_z,landmark_16_x,landmark_16_y,landmark_16_z,landmark_17_x,landmark_17_y,landmark_17_z,landmark_18_x,landmark_18_y,landmark_18_z,landmark_19_x,landmark_19_y,landmark_19_z,landmark_20_x,landmark_20_y,landmark_20_z,class
0.8006901741027832,0.6447571516036987,5.604566695183166e-07,0.7222540974617004,0.627587616443634,-0.03319182246923447,0.6665006875991821,0.5672374963760376,-0.055963676422834396,0.6541200876235962,0.5002068281173706,-0.07505583018064499,0.6574891209602356,0.4362185001373291,-0.09466468542814255,0.7105909585952759,0.4654477536678314,-0.05286157503724098,0.7040984630584717,0.38037651777267456,-0.08777841180562973,0.7070890069007874,0.3264758288860321,-0.11300157755613327,0.7131151556968689,0.27169090509414673,-0.13161252439022064,0.7643658518791199,0.4554959237575531,-0.05901516228914261,0.7617201805114746,0.3662109673023224,-0.0911523625254631,0.7635490894317627,0.30649322271347046,-0.1141316145658493,0.7647071480751038,0.2444753646850586,-0.1311214417219162,0.816018283367157,0.46916189789772034,-0.06844571977853775,0.8166932463645935,0.3856903910636902,-0.10232102125883102,0.8186846971511841,0.3318421244621277,-0.11767828464508057,0.8164951801300049,0.273581862449646,-0.12772303819656372,0.8664147257804871,0.49759641289711,-0.07989022135734558,0.8731659650802612,0.43578410148620605,-0.11167928576469421,0.8740553855895996,0.3951535224914551,-0.12223310768604279,0.8698762059211731,0.35158494114875793,-0.128377303481102,re
