landmark_0_x,landmark_0_y,landmark_0_z,landmark_1_x,landmark_1_y,landmark_1_z,landmark_2_x,landmark_2_y,landmark_2_z,landmark_3_x,landmark_3_y,landmark_3_z,landmark_4_x,landmark_4_y,landmark_4_z,landmark_5_x,landmark_5_y,landmark_5_z,landmark_6_x,landmark_6_y,landmark_6_z,landmark_7_x,landmark_7_y,landmark_7_z,landmark_8_x,landmark_8_y,landmark_8_z,landmark_9_x,landmark_9_y,landmark_9_z,landmark_10_x,landmark_10_y,landmark_10_z,landmark_11_x,landmark_11_y,landmark_11_z,landmark_12_x,landmark_12_y,landmark_12_z,landmark_13_x,landmark_13_y,landmark_13_z,landmark_14_x,landmark_14_y,landmark_14_z,landmark_15_x,landmark_15_y,landmark_15_z,landmark_16_x,landmark_16_y,landmark_16_z,landmark_17_x,landmark_17_y,landmark_17_z,landmark_18_x,landmark_18_y,landmark_18_z,landmark_19_x,landmark_19_y,landmark_19_z,landmark_20_x,landmark_20_y,landmark_20_z,class
0.7536209225654602,0.4663901925086975,4.2391724264234654e-07,0.6828454732894897,0.45146363973617554,-0.025875229388475418,0.634413480758667,0.39823296666145325,-0.04008730500936508,0.6213130354881287,0.3358590602874756,-0.052178263664245605,0.6164673566818237,0.2795148193836212,-0.06424907594919205,0.6639885306358337,0.30989930033683777,-0.02918791025876999,0.6477027535438538,0.23447689414024353,-0.05467267334461212,0.6428679823875427,0.18545623123645782,-0.07432892173528671,0.6408864259719849,0.13730140030384064,-0.08857417106628418,0.7038908004760742,0.29439952969551086,-0.03302013501524925,0.689197838306427,0.21314993500709534,-0.055871907621622086,0.6820147037506104,0.15906569361686707,-0.07395372539758682,0.6755006313323975,0.10489818453788757,-0.08686188608407974,0.7442935705184937,0.2971092760562897,-0.040299274027347565,0.7310871481895447,0.22308138012886047,-0.06426754593849182,0.7236545085906982,0.17808732390403748,-0.07589327543973923,0.7154468297958374,0.1320957988500595,-0.08319184184074402,0.7862020134925842,0.31259027123451233,-0.04972841590642929,0.777422308921814,0.2596532106399536,-0.0722237303853035,0.7699018120765686,0.22604581713676453,-0.07964792102575302,0.7606818675994873,0.1917799711227417,-0.08348296582698822,re
