landmark_0_x,landmark_0_y,landmark_0_z,landmark_1_x,landmark_1_y,landmark_1_z,landmark_2_x,landmark_2_y,landmark_2_z,landmark_3_x,landmark_3_y,landmark_3_z,landmark_4_x,landmark_4_y,landmark_4_z,landmark_5_x,landmark_5_y,landmark_5_z,landmark_6_x,landmark_6_y,landmark_6_z,landmark_7_x,landmark_7_y,landmark_7_z,landmark_8_x,landmark_8_y,landmark_8_z,landmark_9_x,landmark_9_y,landmark_9_z,landmark_10_x,landmark_10_y,landmark_10_z,landmark_11_x,landmark_11_y,landmark_11_z,landmark_12_x,landmark_12_y,landmark_12_z,landmark_13_x,landmark_13_y,landmark_13_z,landmark_14_x,landmark_14_y,landmark_14_z,landmark_15_x,landmark_15_y,landmark_15_z,landmark_16_x,landmark_16_y,landmark_16_z,landmark_17_x,landmark_17_y,landmark_17_z,landmark_18_x,landmark_18_y,landmark_18_z,landmark_19_x,landmark_19_y,landmark_19_z,landmark_20_x,landmark_20_y,landmark_20_z,class
0.7924590706825256,0.4623621106147766,3.9798055695428047e-07,0.7286643385887146,0.4391810894012451,-0.020690180361270905,0.6856760382652283,0.3803451955318451,-0.031481996178627014,0.6773689985275269,0.32186251878738403,-0.04105377942323685,0.6801291704177856,0.2766703963279724,-0.050481945276260376,0.720022976398468,0.2944890856742859,-0.02047097124159336,0.7136549353599548,0.22462140023708344,-0.04153788089752197,0.7142599821090698,0.18001005053520203,-0.0587720163166523,0.7180976867675781,0.13619251549243927,-0.07145008444786072,0.7593803405761719,0.2867603600025177,-0.02544509805738926,0.7538100481033325,0.21036472916603088,-0.04353472962975502,0.7524934411048889,0.15794062614440918,-0.059199973940849304,0.752416729927063,0.1044236570596695,-0.07063404470682144,0.7985605597496033,0.2951643466949463,-0.03356856107711792,0.7943140268325806,0.22508230805397034,-0.053227175027132034,0.7922873497009277,0.1802545189857483,-0.06313999742269516,0.7888886332511902,0.1343226134777069,-0.06946694850921631,0.8387035131454468,0.31590521335601807,-0.04366917908191681,0.838056743144989,0.26373574137687683,-0.061767205595970154,0.8348425030708313,0.2307918220758438,-0.06687787175178528,0.828598141670227,0.1974138617515564,-0.06946185976266861,re
