landmark_0_x,landmark_0_y,landmark_0_z,landmark_1_x,landmark_1_y,landmark_1_z,landmark_2_x,landmark_2_y,landmark_2_z,landmark_3_x,landmark_3_y,landmark_3_z,landmark_4_x,landmark_4_y,landmark_4_z,landmark_5_x,landmark_5_y,landmark_5_z,landmark_6_x,landmark_6_y,landmark_6_z,landmark_7_x,landmark_7_y,landmark_7_z,landmark_8_x,landmark_8_y,landmark_8_z,landmark_9_x,landmark_9_y,landmark_9_z,landmark_10_x,landmark_10_y,landmark_10_z,landmark_11_x,landmark_11_y,landmark_11_z,landmark_12_x,landmark_12_y,landmark_12_z,landmark_13_x,landmark_13_y,landmark_13_z,landmark_14_x,landmark_14_y,landmark_14_z,landmark_15_x,landmark_15_y,landmark_15_z,landmark_16_x,landmark_16_y,landmark_16_z,landmark_17_x,landmark_17_y,landmark_17_z,landmark_18_x,landmark_18_y,landmark_18_z,landmark_19_x,landmark_19_y,landmark_19_z,landmark_20_x,landmark_20_y,landmark_20_z,class
0.7830115556716919,0.48201024532318115,3.325300781398255e-07,0.7206248641014099,0.45367106795310974,-0.022709140554070473,0.6792489290237427,0.3917715847492218,-0.03836074098944664,0.6708195805549622,0.3302576541900635,-0.052019935101270676,0.6814392805099487,0.2850482761859894,-0.06627144664525986,0.7128002643585205,0.3058893382549286,-0.03584490343928337,0.7091677188873291,0.23424620926380157,-0.06319581717252731,0.7084278464317322,0.18555393815040588,-0.08456898480653763,0.7081035375595093,0.14094755053520203,-0.1000748723745346,0.750787079334259,0.3016209304332733,-0.04151444137096405,0.7463154196739197,0.2258925437927246,-0.06702356040477753,0.7433484792709351,0.17508992552757263,-0.08510449528694153,0.7391537427902222,0.12671475112438202,-0.09766943007707596,0.7881899476051331,0.31422898173332214,-0.04946986213326454,0.7824726104736328,0.24144679307937622,-0.07464629411697388,0.779157280921936,0.19523313641548157,-0.08456330746412277,0.7737184166908264,0.15193885564804077,-0.09019894152879715,0.8250836730003357,0.3403165340423584,-0.05928052216768265,0.825157642364502,0.2836235463619232,-0.08182612806558609,0.8233487010002136,0.2455569952726364,-0.08782386779785156,0.8188044428825378,0.21176989376544952,-0.0903983935713768,re
