landmark_0_x,landmark_0_y,landmark_0_z,landmark_1_x,landmark_1_y,landmark_1_z,landmark_2_x,landmark_2_y,landmark_2_z,landmark_3_x,landmark_3_y,landmark_3_z,landmark_4_x,landmark_4_y,landmark_4_z,landmark_5_x,landmark_5_y,landmark_5_z,landmark_6_x,landmark_6_y,landmark_6_z,landmark_7_x,landmark_7_y,landmark_7_z,landmark_8_x,landmark_8_y,landmark_8_z,landmark_9_x,landmark_9_y,landmark_9_z,landmark_10_x,landmark_10_y,landmark_10_z,landmark_11_x,landmark_11_y,landmark_11_z,landmark_12_x,landmark_12_y,landmark_12_z,landmark_13_x,landmark_13_y,landmark_13_z,landmark_14_x,landmark_14_y,landmark_14_z,landmark_15_x,landmark_15_y,landmark_15_z,landmark_16_x,landmark_16_y,landmark_16_z,landmark_17_x,landmark_17_y,landmark_17_z,landmark_18_x,landmark_18_y,landmark_18_z,landmark_19_x,landmark_19_y,landmark_19_z,landmark_20_x,landmark_20_y,landmark_20_z,class
0.18222814798355103,0.8514924049377441,-1.928043786847411e-07,0.23004603385925293,0.8149684071540833,-0.032961178570985794,0.2755606174468994,0.7563862800598145,-0.04840553179383278,0.2588697075843811,0.7061229348182678,-0.061072979122400284,0.21429499983787537,0.7084447741508484,-0.06747040897607803,0.24195915460586548,0.6384332180023193,-0.006069650873541832,0.2588951587677002,0.6270798444747925,-0.03564726188778877,0.24819515645503998,0.6860330104827881,-0.05314470827579498,0.2407243549823761,0.6895136833190918,-0.06256523728370667,0.20516861975193024,0.6323940753936768,-0.0037366203032433987,0.21609938144683838,0.6291536092758179,-0.03456322103738785,0.21046513319015503,0.6934009790420532,-0.0429171584546566,0.20907312631607056,0.6898602247238159,-0.04156583175063133,0.1703479290008545,0.642401933670044,-0.008143461309373379,0.17568403482437134,0.6449456214904785,-0.036212459206581116,0.17796443402767181,0.6993618607521057,-0.029893437400460243,0.18023136258125305,0.6971104741096497,-0.018675286322832108,0.1342819631099701,0.6605578064918518,-0.016178026795387268,0.14324109256267548,0.6589332818984985,-0.02716814912855625,0.1471710354089737,0.6945410966873169,-0.017300782725214958,0.14738211035728455,0.6991295218467712,-0.005962458439171314,low
