landmark_0_x,landmark_0_y,landmark_0_z,landmark_1_x,landmark_1_y,landmark_1_z,landmark_2_x,landmark_2_y,landmark_2_z,landmark_3_x,landmark_3_y,landmark_3_z,landmark_4_x,landmark_4_y,landmark_4_z,landmark_5_x,landmark_5_y,landmark_5_z,landmark_6_x,landmark_6_y,landmark_6_z,landmark_7_x,landmark_7_y,landmark_7_z,landmark_8_x,landmark_8_y,landmark_8_z,landmark_9_x,landmark_9_y,landmark_9_z,landmark_10_x,landmark_10_y,landmark_10_z,landmark_11_x,landmark_11_y,landmark_11_z,landmark_12_x,landmark_12_y,landmark_12_z,landmark_13_x,landmark_13_y,landmark_13_z,landmark_14_x,landmark_14_y,landmark_14_z,landmark_15_x,landmark_15_y,landmark_15_z,landmark_16_x,landmark_16_y,landmark_16_z,landmark_17_x,landmark_17_y,landmark_17_z,landmark_18_x,landmark_18_y,landmark_18_z,landmark_19_x,landmark_19_y,landmark_19_z,landmark_20_x,landmark_20_y,landmark_20_z,class
0.139939546585083,0.8464207053184509,-1.5080541970746708e-07,0.18831270933151245,0.8191924095153809,-0.040940772742033005,0.2326795756816864,0.7556065320968628,-0.05814353749155998,0.2005561888217926,0.711429238319397,-0.06862655282020569,0.14851950109004974,0.7175891995429993,-0.07209793478250504,0.21003863215446472,0.6416994333267212,-0.02164367027580738,0.19840648770332336,0.6444125175476074,-0.05153772234916687,0.1950734555721283,0.7063745856285095,-0.06702640652656555,0.19659218192100525,0.7079756259918213,-0.07520956546068192,0.1658407598733902,0.6323300004005432,-0.014184984378516674,0.1530236303806305,0.6450285315513611,-0.04363754764199257,0.158503919839859,0.7171274423599243,-0.048827920109033585,0.16361355781555176,0.7070353627204895,-0.04648609831929207,0.12601880729198456,0.6427475214004517,-0.013375719077885151,0.11287418752908707,0.6582440137863159,-0.04392586648464203,0.12247854471206665,0.7199920415878296,-0.03762896731495857,0.12925565242767334,0.7057359218597412,-0.027362244203686714,0.08896037191152573,0.661109447479248,-0.016112053766846657,0.08257079124450684,0.6687707901000977,-0.030935415998101234,0.09159445017576218,0.7078225016593933,-0.02293059416115284,0.0975695550441742,0.7012262344360352,-0.013585834763944149,low
