landmark_0_x,landmark_0_y,landmark_0_z,landmark_1_x,landmark_1_y,landmark_1_z,landmark_2_x,landmark_2_y,landmark_2_z,landmark_3_x,landmark_3_y,landmark_3_z,landmark_4_x,landmark_4_y,landmark_4_z,landmark_5_x,landmark_5_y,landmark_5_z,landmark_6_x,landmark_6_y,landmark_6_z,landmark_7_x,landmark_7_y,landmark_7_z,landmark_8_x,landmark_8_y,landmark_8_z,landmark_9_x,landmark_9_y,landmark_9_z,landmark_10_x,landmark_10_y,landmark_10_z,landmark_11_x,landmark_11_y,landmark_11_z,landmark_12_x,landmark_12_y,landmark_12_z,landmark_13_x,landmark_13_y,landmark_13_z,landmark_14_x,landmark_14_y,landmark_14_z,landmark_15_x,landmark_15_y,landmark_15_z,landmark_16_x,landmark_16_y,landmark_16_z,landmark_17_x,landmark_17_y,landmark_17_z,landmark_18_x,landmark_18_y,landmark_18_z,landmark_19_x,landmark_19_y,landmark_19_z,landmark_20_x,landmark_20_y,landmark_20_z,class
0.19832448661327362,0.8517009615898132,-1.09076786714013e-07,0.24964652955532074,0.8129146099090576,-0.027047842741012573,0.3001423478126526,0.7603195309638977,-0.040249310433864594,0.28576135635375977,0.7071406841278076,-0.05193767696619034,0.23759610950946808,0.7088932394981384,-0.058834247291088104,0.25425875186920166,0.6472716927528381,0.00044410431291908026,0.27396267652511597,0.6349819898605347,-0.022005651146173477,0.27069640159606934,0.6859073042869568,-0.0384557768702507,0.2662617564201355,0.6919328570365906,-0.04843800887465477,0.22090661525726318,0.6395912170410156,0.0019399237353354692,0.23381729423999786,0.6383870840072632,-0.018530912697315216,0.23585014045238495,0.6868480443954468,-0.028571831062436104,0.23586802184581757,0.6832919716835022,-0.031749214977025986,0.18898530304431915,0.6491014957427979,-0.001991033321246505,0.19929343461990356,0.6513025760650635,-0.021368490532040596,0.2061437964439392,0.6934333443641663,-0.018901143223047256,0.20788368582725525,0.6914343237876892,-0.013130987994372845,0.15431782603263855,0.6670348048210144,-0.009016159921884537,0.16768674552440643,0.6650577187538147,-0.015782197937369347,0.17415586113929749,0.6943484544754028,-0.007252052426338196,0.17408451437950134,0.7009189128875732,0.0016932990401983261,low
