landmark_0_x,landmark_0_y,landmark_0_z,landmark_1_x,landmark_1_y,landmark_1_z,landmark_2_x,landmark_2_y,landmark_2_z,landmark_3_x,landmark_3_y,landmark_3_z,landmark_4_x,landmark_4_y,landmark_4_z,landmark_5_x,landmark_5_y,landmark_5_z,landmark_6_x,landmark_6_y,landmark_6_z,landmark_7_x,landmark_7_y,landmark_7_z,landmark_8_x,landmark_8_y,landmark_8_z,landmark_9_x,landmark_9_y,landmark_9_z,landmark_10_x,landmark_10_y,landmark_10_z,landmark_11_x,landmark_11_y,landmark_11_z,landmark_12_x,landmark_12_y,landmark_12_z,landmark_13_x,landmark_13_y,landmark_13_z,landmark_14_x,landmark_14_y,landmark_14_z,landmark_15_x,landmark_15_y,landmark_15_z,landmark_16_x,landmark_16_y,landmark_16_z,landmark_17_x,landmark_17_y,landmark_17_z,landmark_18_x,landmark_18_y,landmark_18_z,landmark_19_x,landmark_19_y,landmark_19_z,landmark_20_x,landmark_20_y,landmark_20_z,class
0.1545150876045227,0.9031747579574585,-2.768613569514855e-07,0.20435947179794312,0.8730058670043945,-0.03339368849992752,0.25140389800071716,0.8198620676994324,-0.053097862750291824,0.2615920901298523,0.7678543329238892,-0.06959056854248047,0.2361077070236206,0.7506714463233948,-0.08050987124443054,0.2011447548866272,0.6741165518760681,-0.016428252682089806,0.22172240912914276,0.689307451248169,-0.04804215580224991,0.21727551519870758,0.753164529800415,-0.06768917292356491,0.20639009773731232,0.7708978652954102,-0.07755418121814728,0.16207408905029297,0.6704151034355164,-0.01277876552194357,0.18423250317573547,0.6990710496902466,-0.03999989107251167,0.18494537472724915,0.7713587284088135,-0.045824263244867325,0.17620931565761566,0.7825213074684143,-0.04467392712831497,0.1238262802362442,0.6862407922744751,-0.015020817518234253,0.14481836557388306,0.7113304734230042,-0.04163099080324173,0.15099772810935974,0.7750133872032166,-0.03308805450797081,0.14482992887496948,0.7884961366653442,-0.02157832682132721,0.08796656876802444,0.7138397693634033,-0.020772699266672134,0.10838023573160172,0.7219750881195068,-0.03384765237569809,0.11863898485898972,0.7675635814666748,-0.024105129763484,0.11597149819135666,0.7816087603569031,-0.012430860660970211,low
