landmark_0_x,landmark_0_y,landmark_0_z,landmark_1_x,landmark_1_y,landmark_1_z,landmark_2_x,landmark_2_y,landmark_2_z,landmark_3_x,landmark_3_y,landmark_3_z,landmark_4_x,landmark_4_y,landmark_4_z,landmark_5_x,landmark_5_y,landmark_5_z,landmark_6_x,landmark_6_y,landmark_6_z,landmark_7_x,landmark_7_y,landmark_7_z,landmark_8_x,landmark_8_y,landmark_8_z,landmark_9_x,landmark_9_y,landmark_9_z,landmark_10_x,landmark_10_y,landmark_10_z,landmark_11_x,landmark_11_y,landmark_11_z,landmark_12_x,landmark_12_y,landmark_12_z,landmark_13_x,landmark_13_y,landmark_13_z,landmark_14_x,landmark_14_y,landmark_14_z,landmark_15_x,landmark_15_y,landmark_15_z,landmark_16_x,landmark_16_y,landmark_16_z,landmark_17_x,landmark_17_y,landmark_17_z,landmark_18_x,landmark_18_y,landmark_18_z,landmark_19_x,landmark_19_y,landmark_19_z,landmark_20_x,landmark_20_y,landmark_20_z,class
0.12931019067764282,0.9002999663352966,-4.730973728328536e-07,0.17450103163719177,0.866996169090271,-0.029023297131061554,0.22111591696739197,0.8057616353034973,-0.04823928326368332,0.2220650017261505,0.7503954768180847,-0.06479761749505997,0.17663410305976868,0.7415115833282471,-0.07609333842992783,0.16203981637954712,0.6671762466430664,-0.01815449260175228,0.19129303097724915,0.6772528290748596,-0.051060158759355545,0.1864914745092392,0.7469216585159302,-0.07075637578964233,0.1716601550579071,0.7569629549980164,-0.08223365992307663,0.12225359678268433,0.6688772439956665,-0.019166218116879463,0.1501103937625885,0.6847578287124634,-0.04952983558177948,0.15199744701385498,0.7638747692108154,-0.05565955489873886,0.14355868101119995,0.7731943726539612,-0.055025678128004074,0.08452731370925903,0.6901407241821289,-0.02520156465470791,0.11161091923713684,0.7086775302886963,-0.05385119840502739,0.12008869647979736,0.7794815301895142,-0.04372230917215347,0.11409822106361389,0.78975510597229,-0.03157563507556915,0.04783019423484802,0.7225620150566101,-0.03441908583045006,0.07273069769144058,0.7327892184257507,-0.04702128469944,0.08495353162288666,0.783764123916626,-0.03563058748841286,0.08313142508268356,0.7945668697357178,-0.023646686226129532,low
