landmark_0_x,landmark_0_y,landmark_0_z,landmark_1_x,landmark_1_y,landmark_1_z,landmark_2_x,landmark_2_y,landmark_2_z,landmark_3_x,landmark_3_y,landmark_3_z,landmark_4_x,landmark_4_y,landmark_4_z,landmark_5_x,landmark_5_y,landmark_5_z,landmark_6_x,landmark_6_y,landmark_6_z,landmark_7_x,landmark_7_y,landmark_7_z,landmark_8_x,landmark_8_y,landmark_8_z,landmark_9_x,landmark_9_y,landmark_9_z,landmark_10_x,landmark_10_y,landmark_10_z,landmark_11_x,landmark_11_y,landmark_11_z,landmark_12_x,landmark_12_y,landmark_12_z,landmark_13_x,landmark_13_y,landmark_13_z,landmark_14_x,landmark_14_y,landmark_14_z,landmark_15_x,landmark_15_y,landmark_15_z,landmark_16_x,landmark_16_y,landmark_16_z,landmark_17_x,landmark_17_y,landmark_17_z,landmark_18_x,landmark_18_y,landmark_18_z,landmark_19_x,landmark_19_y,landmark_19_z,landmark_20_x,landmark_20_y,landmark_20_z,class
0.10352396965026855,0.8927597999572754,-2.9091998499097826e-07,0.14956986904144287,0.8649531006813049,-0.03715241327881813,0.2021285742521286,0.8044509887695312,-0.05566515028476715,0.20169344544410706,0.7445470690727234,-0.06924442946910858,0.16138345003128052,0.724278450012207,-0.07651117444038391,0.16276675462722778,0.6664355993270874,-0.022605884820222855,0.1613268107175827,0.6744204759597778,-0.0577089861035347,0.15786013007164001,0.7470287680625916,-0.07612114399671555,0.1577867716550827,0.7659724950790405,-0.08390974253416061,0.11752443760633469,0.6620792150497437,-0.017598982900381088,0.11848863214254379,0.6759405732154846,-0.050529543310403824,0.12129135429859161,0.7563672661781311,-0.05452842265367508,0.12381219118833542,0.7695194482803345,-0.04979470744729042,0.07463890314102173,0.6774467825889587,-0.018826231360435486,0.07468338310718536,0.6942064762115479,-0.05172526463866234,0.08489677309989929,0.7669954895973206,-0.04015824943780899,0.09098361432552338,0.7800135612487793,-0.024444108828902245,0.033902041614055634,0.7036188244819641,-0.023479623720049858,0.03956761956214905,0.7128763198852539,-0.04054446890950203,0.05265815928578377,0.7634382843971252,-0.029460234567523003,0.05943967401981354,0.7745819687843323,-0.015497798100113869,low
