landmark_0_x,landmark_0_y,landmark_0_z,landmark_1_x,landmark_1_y,landmark_1_z,landmark_2_x,landmark_2_y,landmark_2_z,landmark_3_x,landmark_3_y,landmark_3_z,landmark_4_x,landmark_4_y,landmark_4_z,landmark_5_x,landmark_5_y,landmark_5_z,landmark_6_x,landmark_6_y,landmark_6_z,landmark_7_x,landmark_7_y,landmark_7_z,landmark_8_x,landmark_8_y,landmark_8_z,landmark_9_x,landmark_9_y,landmark_9_z,landmark_10_x,landmark_10_y,landmark_10_z,landmark_11_x,landmark_11_y,landmark_11_z,landmark_12_x,landmark_12_y,landmark_12_z,landmark_13_x,landmark_13_y,landmark_13_z,landmark_14_x,landmark_14_y,landmark_14_z,landmark_15_x,landmark_15_y,landmark_15_z,landmark_16_x,landmark_16_y,landmark_16_z,landmark_17_x,landmark_17_y,landmark_17_z,landmark_18_x,landmark_18_y,landmark_18_z,landmark_19_x,landmark_19_y,landmark_19_z,landmark_20_x,landmark_20_y,landmark_20_z,class
0.25698336958885193,0.8916435241699219,3.0131533890198625e-07,0.3006763458251953,0.8663500547409058,-0.01375059224665165,0.3413550853729248,0.8098973631858826,-0.018048709258437157,0.3476940989494324,0.7658255696296692,-0.023578086867928505,0.3393329083919525,0.7519330978393555,-0.028908707201480865,0.28958120942115784,0.7365978360176086,0.008270402438938618,0.2986735999584198,0.7065613865852356,-0.006394647993147373,0.31817856431007385,0.695448637008667,-0.02047525718808174,0.340141236782074,0.687423825263977,-0.029060816392302513,0.2673807144165039,0.7320778369903564,0.0068184370175004005,0.2797951102256775,0.702056348323822,-0.007251801434904337,0.29844674468040466,0.7072408199310303,-0.01762237399816513,0.3164045810699463,0.7039586305618286,-0.022323284298181534,0.23878298699855804,0.7357253432273865,0.0015206901589408517,0.25425148010253906,0.7115107178688049,-0.017225833609700203,0.2668062746524811,0.7385373711585999,-0.018322410061955452,0.27541306614875793,0.7505773901939392,-0.013993356376886368,0.20567047595977783,0.7472454309463501,-0.00536559009924531,0.21733087301254272,0.7172925472259521,-0.01668628118932247,0.2322787344455719,0.7300431728363037,-0.012457188218832016,0.24113039672374725,0.7396706938743591,-0.0061116269789636135,low
