landmark_0_x,landmark_0_y,landmark_0_z,landmark_1_x,landmark_1_y,landmark_1_z,landmark_2_x,landmark_2_y,landmark_2_z,landmark_3_x,landmark_3_y,landmark_3_z,landmark_4_x,landmark_4_y,landmark_4_z,landmark_5_x,landmark_5_y,landmark_5_z,landmark_6_x,landmark_6_y,landmark_6_z,landmark_7_x,landmark_7_y,landmark_7_z,landmark_8_x,landmark_8_y,landmark_8_z,landmark_9_x,landmark_9_y,landmark_9_z,landmark_10_x,landmark_10_y,landmark_10_z,landmark_11_x,landmark_11_y,landmark_11_z,landmark_12_x,landmark_12_y,landmark_12_z,landmark_13_x,landmark_13_y,landmark_13_z,landmark_14_x,landmark_14_y,landmark_14_z,landmark_15_x,landmark_15_y,landmark_15_z,landmark_16_x,landmark_16_y,landmark_16_z,landmark_17_x,landmark_17_y,landmark_17_z,landmark_18_x,landmark_18_y,landmark_18_z,landmark_19_x,landmark_19_y,landmark_19_z,landmark_20_x,landmark_20_y,landmark_20_z,class
0.2737109065055847,0.598055362701416,-1.689537612037384e-07,0.3374253809452057,0.5683571696281433,-0.023518556728959084,0.3994532823562622,0.5128627419471741,-0.03101668320596218,0.40728506445884705,0.44424766302108765,-0.03749231994152069,0.3605356216430664,0.42912280559539795,-0.039425332099199295,0.34784966707229614,0.4114863872528076,0.004484410397708416,0.37583017349243164,0.3854072690010071,-0.015844063833355904,0.3703054189682007,0.43926742672920227,-0.027313539758324623,0.3636026084423065,0.4489636719226837,-0.033214371651411057,0.31748640537261963,0.40443557500839233,0.0056589525192976,0.34113091230392456,0.379911869764328,-0.017924992367625237,0.336249440908432,0.4411812424659729,-0.025962337851524353,0.32685819268226624,0.44532299041748047,-0.025908024981617928,0.2853371500968933,0.40618595480918884,0.0017780240159481764,0.304399698972702,0.3818485736846924,-0.023414604365825653,0.3026106357574463,0.43988868594169617,-0.017917422577738762,0.2922477722167969,0.44829410314559937,-0.007741746958345175,0.2469700276851654,0.4119266867637634,-0.004207702353596687,0.2692829370498657,0.3840024173259735,-0.015350699424743652,0.2721579074859619,0.42427507042884827,-0.004680199082940817,0.2641095817089081,0.439506471157074,0.006788306403905153,low
