landmark_0_x,landmark_0_y,landmark_0_z,landmark_1_x,landmark_1_y,landmark_1_z,landmark_2_x,landmark_2_y,landmark_2_z,landmark_3_x,landmark_3_y,landmark_3_z,landmark_4_x,landmark_4_y,landmark_4_z,landmark_5_x,landmark_5_y,landmark_5_z,landmark_6_x,landmark_6_y,landmark_6_z,landmark_7_x,landmark_7_y,landmark_7_z,landmark_8_x,landmark_8_y,landmark_8_z,landmark_9_x,landmark_9_y,landmark_9_z,landmark_10_x,landmark_10_y,landmark_10_z,landmark_11_x,landmark_11_y,landmark_11_z,landmark_12_x,landmark_12_y,landmark_12_z,landmark_13_x,landmark_13_y,landmark_13_z,landmark_14_x,landmark_14_y,landmark_14_z,landmark_15_x,landmark_15_y,landmark_15_z,landmark_16_x,landmark_16_y,landmark_16_z,landmark_17_x,landmark_17_y,landmark_17_z,landmark_18_x,landmark_18_y,landmark_18_z,landmark_19_x,landmark_19_y,landmark_19_z,landmark_20_x,landmark_20_y,landmark_20_z,class
0.07371535152196884,0.6300034523010254,6.507850969228457e-08,0.1272200495004654,0.5937823057174683,-0.02463519759476185,0.17115738987922668,0.5386946201324463,-0.03460708260536194,0.15749847888946533,0.4779413640499115,-0.044357284903526306,0.111129030585289,0.467313289642334,-0.050953209400177,0.12102723121643066,0.4489902853965759,0.006768624763935804,0.13576576113700867,0.41814157366752625,-0.018483558669686317,0.1519378423690796,0.4578869938850403,-0.039033275097608566,0.16080406308174133,0.47817882895469666,-0.049792949110269547,0.0903867557644844,0.44375285506248474,0.007739553693681955,0.10218396782875061,0.4148799180984497,-0.01824815385043621,0.11985599994659424,0.4645564556121826,-0.03516682609915733,0.12481896579265594,0.48123252391815186,-0.04071810469031334,0.05923759564757347,0.44907549023628235,0.0032358465250581503,0.06840960681438446,0.4255070388317108,-0.02406058833003044,0.08637497574090958,0.4737393856048584,-0.02850678563117981,0.09042397886514664,0.49032074213027954,-0.023691019043326378,0.024137921631336212,0.46077901124954224,-0.0033958747517317533,0.037467390298843384,0.4351465106010437,-0.017693808302283287,0.054233819246292114,0.46756404638290405,-0.012968211434781551,0.05983845144510269,0.4893258512020111,-0.0047196573577821255,low
