landmark_0_x,landmark_0_y,landmark_0_z,landmark_1_x,landmark_1_y,landmark_1_z,landmark_2_x,landmark_2_y,landmark_2_z,landmark_3_x,landmark_3_y,landmark_3_z,landmark_4_x,landmark_4_y,landmark_4_z,landmark_5_x,landmark_5_y,landmark_5_z,landmark_6_x,landmark_6_y,landmark_6_z,landmark_7_x,landmark_7_y,landmark_7_z,landmark_8_x,landmark_8_y,landmark_8_z,landmark_9_x,landmark_9_y,landmark_9_z,landmark_10_x,landmark_10_y,landmark_10_z,landmark_11_x,landmark_11_y,landmark_11_z,landmark_12_x,landmark_12_y,landmark_12_z,landmark_13_x,landmark_13_y,landmark_13_z,landmark_14_x,landmark_14_y,landmark_14_z,landmark_15_x,landmark_15_y,landmark_15_z,landmark_16_x,landmark_16_y,landmark_16_z,landmark_17_x,landmark_17_y,landmark_17_z,landmark_18_x,landmark_18_y,landmark_18_z,landmark_19_x,landmark_19_y,landmark_19_z,landmark_20_x,landmark_20_y,landmark_20_z,class
0.14363540709018707,0.8824053406715393,-2.7811918812403746e-07,0.19392484426498413,0.8578827381134033,-0.033654648810625076,0.24941472709178925,0.8085785508155823,-0.05253230035305023,0.257978618144989,0.7535539269447327,-0.06760267168283463,0.2235954850912094,0.7283539175987244,-0.07661846280097961,0.20643901824951172,0.6615054607391357,-0.018791619688272476,0.2264815866947174,0.6729218363761902,-0.0499037466943264,0.21585439145565033,0.7400845289230347,-0.06737985461950302,0.20276817679405212,0.749150812625885,-0.07661858946084976,0.16436348855495453,0.6539737582206726,-0.015760768204927444,0.18557743728160858,0.6798111200332642,-0.046305831521749496,0.1815687119960785,0.7577295899391174,-0.05351759120821953,0.17162708938121796,0.7588184475898743,-0.052647531032562256,0.12340398132801056,0.6684554815292358,-0.01809772662818432,0.14085903763771057,0.6957302689552307,-0.048042554408311844,0.144119530916214,0.7634839415550232,-0.04027581214904785,0.13574811816215515,0.7647485136985779,-0.02900788187980652,0.08467745780944824,0.6931452751159668,-0.023527275770902634,0.1022607609629631,0.7098657488822937,-0.03931105136871338,0.11006752401590347,0.7549713850021362,-0.030778633430600166,0.10480818897485733,0.756531298160553,-0.020049557089805603,low
