landmark_0_x,landmark_0_y,landmark_0_z,landmark_1_x,landmark_1_y,landmark_1_z,landmark_2_x,landmark_2_y,landmark_2_z,landmark_3_x,landmark_3_y,landmark_3_z,landmark_4_x,landmark_4_y,landmark_4_z,landmark_5_x,landmark_5_y,landmark_5_z,landmark_6_x,landmark_6_y,landmark_6_z,landmark_7_x,landmark_7_y,landmark_7_z,landmark_8_x,landmark_8_y,landmark_8_z,landmark_9_x,landmark_9_y,landmark_9_z,landmark_10_x,landmark_10_y,landmark_10_z,landmark_11_x,landmark_11_y,landmark_11_z,landmark_12_x,landmark_12_y,landmark_12_z,landmark_13_x,landmark_13_y,landmark_13_z,landmark_14_x,landmark_14_y,landmark_14_z,landmark_15_x,landmark_15_y,landmark_15_z,landmark_16_x,landmark_16_y,landmark_16_z,landmark_17_x,landmark_17_y,landmark_17_z,landmark_18_x,landmark_18_y,landmark_18_z,landmark_19_x,landmark_19_y,landmark_19_z,landmark_20_x,landmark_20_y,landmark_20_z,class
0.2541182339191437,0.8396914005279541,-1.827165085899196e-08,0.3089990019798279,0.8049213886260986,-0.01975996047258377,0.35527560114860535,0.7534817457199097,-0.027997061610221863,0.3421475887298584,0.7053936123847961,-0.035731226205825806,0.3027133345603943,0.7044178247451782,-0.04080422595143318,0.31170564889907837,0.6709489226341248,0.004659561440348625,0.3253476619720459,0.65777587890625,-0.013059867545962334,0.32560813426971436,0.692277729511261,-0.028778355568647385,0.325776070356369,0.698373556137085,-0.038895752280950546,0.2782360017299652,0.6610380411148071,0.004117513075470924,0.28606221079826355,0.6466995477676392,-0.010716758668422699,0.2953442335128784,0.6684422492980957,-0.02267693728208542,0.3060893416404724,0.6654905676841736,-0.02877015992999077,0.24435372650623322,0.6661093235015869,-0.0008214304689317942,0.2511966824531555,0.6563230752944946,-0.01818118803203106,0.267280638217926,0.6794852018356323,-0.02177264913916588,0.27973419427871704,0.6798480749130249,-0.020609917119145393,0.2100427746772766,0.6818956136703491,-0.007731459569185972,0.21633031964302063,0.6664613485336304,-0.017209483310580254,0.2316206842660904,0.6852783560752869,-0.012975568883121014,0.2431456595659256,0.6952940225601196,-0.00715041346848011,low
