landmark_0_x,landmark_0_y,landmark_0_z,landmark_1_x,landmark_1_y,landmark_1_z,landmark_2_x,landmark_2_y,landmark_2_z,landmark_3_x,landmark_3_y,landmark_3_z,landmark_4_x,landmark_4_y,landmark_4_z,landmark_5_x,landmark_5_y,landmark_5_z,landmark_6_x,landmark_6_y,landmark_6_z,landmark_7_x,landmark_7_y,landmark_7_z,landmark_8_x,landmark_8_y,landmark_8_z,landmark_9_x,landmark_9_y,landmark_9_z,landmark_10_x,landmark_10_y,landmark_10_z,landmark_11_x,landmark_11_y,landmark_11_z,landmark_12_x,landmark_12_y,landmark_12_z,landmark_13_x,landmark_13_y,landmark_13_z,landmark_14_x,landmark_14_y,landmark_14_z,landmark_15_x,landmark_15_y,landmark_15_z,landmark_16_x,landmark_16_y,landmark_16_z,landmark_17_x,landmark_17_y,landmark_17_z,landmark_18_x,landmark_18_y,landmark_18_z,landmark_19_x,landmark_19_y,landmark_19_z,landmark_20_x,landmark_20_y,landmark_20_z,class
0.3198992609977722,0.710404098033905,-7.37571852482688e-08,0.3748508393764496,0.6764851212501526,-0.01578761264681816,0.43360090255737305,0.626583456993103,-0.022856343537569046,0.4460442066192627,0.5710647106170654,-0.029769914224743843,0.4133296012878418,0.5427122712135315,-0.03316861763596535,0.40336960554122925,0.5386670827865601,0.002587293740361929,0.42142361402511597,0.5080267190933228,-0.01562759093940258,0.41663894057273865,0.5591054558753967,-0.02684956043958664,0.4108772575855255,0.5712378025054932,-0.03226742520928383,0.36908501386642456,0.5283838510513306,0.0014893014449626207,0.3827866315841675,0.49851736426353455,-0.015491821803152561,0.3813840448856354,0.5552423000335693,-0.02114233560860157,0.37519294023513794,0.5637779831886292,-0.02102968841791153,0.3337182104587555,0.5281212329864502,-0.0032446158584207296,0.3419685959815979,0.4958270788192749,-0.01973576471209526,0.34536129236221313,0.5513057708740234,-0.010404062457382679,0.34073665738105774,0.5650341510772705,-0.00026172545040026307,0.2950352430343628,0.5358086824417114,-0.009673452004790306,0.30476123094558716,0.5089125633239746,-0.016390405595302582,0.3119899332523346,0.5488557815551758,-0.003829722525551915,0.31143659353256226,0.5667845606803894,0.008380560204386711,low
