landmark_0_x,landmark_0_y,landmark_0_z,landmark_1_x,landmark_1_y,landmark_1_z,landmark_2_x,landmark_2_y,landmark_2_z,landmark_3_x,landmark_3_y,landmark_3_z,landmark_4_x,landmark_4_y,landmark_4_z,landmark_5_x,landmark_5_y,landmark_5_z,landmark_6_x,landmark_6_y,landmark_6_z,landmark_7_x,landmark_7_y,landmark_7_z,landmark_8_x,landmark_8_y,landmark_8_z,landmark_9_x,landmark_9_y,landmark_9_z,landmark_10_x,landmark_10_y,landmark_10_z,landmark_11_x,landmark_11_y,landmark_11_z,landmark_12_x,landmark_12_y,landmark_12_z,landmark_13_x,landmark_13_y,landmark_13_z,landmark_14_x,landmark_14_y,landmark_14_z,landmark_15_x,landmark_15_y,landmark_15_z,landmark_16_x,landmark_16_y,landmark_16_z,landmark_17_x,landmark_17_y,landmark_17_z,landmark_18_x,landmark_18_y,landmark_18_z,landmark_19_x,landmark_19_y,landmark_19_z,landmark_20_x,landmark_20_y,landmark_20_z,class
0.25311213731765747,0.902455747127533,-2.644945880092564e-07,0.3087393641471863,0.8823548555374146,-0.02149827964603901,0.36595723032951355,0.8362178206443787,-0.035911113023757935,0.3900151252746582,0.7928294539451599,-0.049370989203453064,0.378347247838974,0.7737337350845337,-0.0584266260266304,0.31968680024147034,0.6814399361610413,-0.011452020145952702,0.3639848530292511,0.7083050608634949,-0.039885129779577255,0.35057559609413147,0.7693503499031067,-0.057874735444784164,0.33270692825317383,0.7738725543022156,-0.06821528822183609,0.28241193294525146,0.6771075129508972,-0.014363070949912071,0.3307872712612152,0.7195777297019958,-0.0390186682343483,0.32028329372406006,0.7872563004493713,-0.044972747564315796,0.30591848492622375,0.7870527505874634,-0.045929525047540665,0.2461724877357483,0.6921252012252808,-0.021632449701428413,0.2904914617538452,0.7341558337211609,-0.0453203059732914,0.2856132388114929,0.7951627373695374,-0.03803960233926773,0.2726437449455261,0.7966868877410889,-0.029443157836794853,0.21360015869140625,0.7189515829086304,-0.03138938173651695,0.2519008219242096,0.7444779872894287,-0.041529443114995956,0.2511146366596222,0.7884625196456909,-0.03194281458854675,0.2379317581653595,0.7937576770782471,-0.022449640557169914,low
