landmark_0_x,landmark_0_y,landmark_0_z,landmark_1_x,landmark_1_y,landmark_1_z,landmark_2_x,landmark_2_y,landmark_2_z,landmark_3_x,landmark_3_y,landmark_3_z,landmark_4_x,landmark_4_y,landmark_4_z,landmark_5_x,landmark_5_y,landmark_5_z,landmark_6_x,landmark_6_y,landmark_6_z,landmark_7_x,landmark_7_y,landmark_7_z,landmark_8_x,landmark_8_y,landmark_8_z,landmark_9_x,landmark_9_y,landmark_9_z,landmark_10_x,landmark_10_y,landmark_10_z,landmark_11_x,landmark_11_y,landmark_11_z,landmark_12_x,landmark_12_y,landmark_12_z,landmark_13_x,landmark_13_y,landmark_13_z,landmark_14_x,landmark_14_y,landmark_14_z,landmark_15_x,landmark_15_y,landmark_15_z,landmark_16_x,landmark_16_y,landmark_16_z,landmark_17_x,landmark_17_y,landmark_17_z,landmark_18_x,landmark_18_y,landmark_18_z,landmark_19_x,landmark_19_y,landmark_19_z,landmark_20_x,landmark_20_y,landmark_20_z,class
0.10740622878074646,0.892877995967865,-2.892850261559943e-07,0.15561124682426453,0.8654802441596985,-0.037146877497434616,0.2068031281232834,0.8098189830780029,-0.056415311992168427,0.20411479473114014,0.7510378956794739,-0.07077749073505402,0.16399995982646942,0.7293860912322998,-0.07920492440462112,0.15903054177761078,0.66679447889328,-0.02318383753299713,0.16489805281162262,0.677888035774231,-0.05769478529691696,0.16167740523815155,0.7498835325241089,-0.07532528042793274,0.15869218111038208,0.7731448411941528,-0.08262063562870026,0.11261075735092163,0.6621590852737427,-0.018197523429989815,0.11883833259344101,0.6797303557395935,-0.05194897949695587,0.12186860293149948,0.7652811408042908,-0.056258782744407654,0.12155644595623016,0.784251868724823,-0.05112883076071739,0.06975026428699493,0.6785649061203003,-0.01926383003592491,0.07443727552890778,0.7032110095024109,-0.05289904400706291,0.08285504579544067,0.7764100432395935,-0.042345378547906876,0.08367245644330978,0.7902880311012268,-0.02681422419846058,0.02981739491224289,0.7075872421264648,-0.023587407544255257,0.03815878927707672,0.7212279438972473,-0.04098077863454819,0.05056386440992355,0.7706177234649658,-0.03046891652047634,0.052876755595207214,0.779101550579071,-0.01681538298726082,low
