landmark_0_x,landmark_0_y,landmark_0_z,landmark_1_x,landmark_1_y,landmark_1_z,landmark_2_x,landmark_2_y,landmark_2_z,landmark_3_x,landmark_3_y,landmark_3_z,landmark_4_x,landmark_4_y,landmark_4_z,landmark_5_x,landmark_5_y,landmark_5_z,landmark_6_x,landmark_6_y,landmark_6_z,landmark_7_x,landmark_7_y,landmark_7_z,landmark_8_x,landmark_8_y,landmark_8_z,landmark_9_x,landmark_9_y,landmark_9_z,landmark_10_x,landmark_10_y,landmark_10_z,landmark_11_x,landmark_11_y,landmark_11_z,landmark_12_x,landmark_12_y,landmark_12_z,landmark_13_x,landmark_13_y,landmark_13_z,landmark_14_x,landmark_14_y,landmark_14_z,landmark_15_x,landmark_15_y,landmark_15_z,landmark_16_x,landmark_16_y,landmark_16_z,landmark_17_x,landmark_17_y,landmark_17_z,landmark_18_x,landmark_18_y,landmark_18_z,landmark_19_x,landmark_19_y,landmark_19_z,landmark_20_x,landmark_20_y,landmark_20_z,class
0.17783436179161072,0.8639092445373535,-1.8694659331686125e-07,0.22760504484176636,0.8248477578163147,-0.022092370316386223,0.2838994562625885,0.77104252576828,-0.03228812664747238,0.2930730879306793,0.7181438207626343,-0.040841974318027496,0.25353550910949707,0.7074992060661316,-0.044901058077812195,0.2330664098262787,0.6616635918617249,-0.002555650193244219,0.2656392753124237,0.6484053134918213,-0.023784706369042397,0.257161945104599,0.7081218361854553,-0.0378255732357502,0.24281209707260132,0.7091297507286072,-0.04640227556228638,0.19998294115066528,0.6582617163658142,-0.002036590361967683,0.22695736587047577,0.6573852896690369,-0.020684920251369476,0.22410224378108978,0.7228126525878906,-0.0266162920743227,0.21273952722549438,0.7157192826271057,-0.027917657047510147,0.1680401861667633,0.6686735153198242,-0.005793999880552292,0.18688726425170898,0.6674538850784302,-0.02417556382715702,0.1912701278924942,0.726940929889679,-0.01610753871500492,0.18352201581001282,0.7256543040275574,-0.0075252242386341095,0.13422897458076477,0.6850110292434692,-0.011783002875745296,0.1520126760005951,0.6770794987678528,-0.017226368188858032,0.15916723012924194,0.7203397154808044,-0.00454576313495636,0.15410447120666504,0.7296934127807617,0.006729391869157553,low
