landmark_0_x,landmark_0_y,landmark_0_z,landmark_1_x,landmark_1_y,landmark_1_z,landmark_2_x,landmark_2_y,landmark_2_z,landmark_3_x,landmark_3_y,landmark_3_z,landmark_4_x,landmark_4_y,landmark_4_z,landmark_5_x,landmark_5_y,landmark_5_z,landmark_6_x,landmark_6_y,landmark_6_z,landmark_7_x,landmark_7_y,landmark_7_z,landmark_8_x,landmark_8_y,landmark_8_z,landmark_9_x,landmark_9_y,landmark_9_z,landmark_10_x,landmark_10_y,landmark_10_z,landmark_11_x,landmark_11_y,landmark_11_z,landmark_12_x,landmark_12_y,landmark_12_z,landmark_13_x,landmark_13_y,landmark_13_z,landmark_14_x,landmark_14_y,landmark_14_z,landmark_15_x,landmark_15_y,landmark_15_z,landmark_16_x,landmark_16_y,landmark_16_z,landmark_17_x,landmark_17_y,landmark_17_z,landmark_18_x,landmark_18_y,landmark_18_z,landmark_19_x,landmark_19_y,landmark_19_z,landmark_20_x,landmark_20_y,landmark_20_z,class
0.23052111268043518,0.90416419506073,-6.370654404008746e-08,0.27848222851753235,0.8703780174255371,-0.026618609204888344,0.32569968700408936,0.8180945515632629,-0.038086436688899994,0.328641414642334,0.7739592790603638,-0.04736509174108505,0.29494819045066833,0.7675840258598328,-0.05269729346036911,0.268132746219635,0.7028457522392273,-0.0022404196206480265,0.2792060077190399,0.7136166095733643,-0.02552167698740959,0.2783887982368469,0.7612038850784302,-0.044847168028354645,0.2767058312892914,0.7706279754638672,-0.05613769218325615,0.23334674537181854,0.7059220671653748,0.0004187260929029435,0.24298779666423798,0.7218109369277954,-0.019623219966888428,0.24757862091064453,0.7730726003646851,-0.03033524937927723,0.24822691082954407,0.7824363708496094,-0.03411208838224411,0.20225271582603455,0.7246996164321899,-0.0019180846866220236,0.21127867698669434,0.7376664280891418,-0.02097036875784397,0.22081586718559265,0.7812666893005371,-0.01796841435134411,0.22167621552944183,0.787747859954834,-0.011721419170498848,0.17475175857543945,0.7539647221565247,-0.007149047218263149,0.1859249770641327,0.7563814520835876,-0.013415155932307243,0.19409304857254028,0.7864810228347778,-0.004369546193629503,0.19689756631851196,0.7938989996910095,0.005144271533936262,low
