landmark_0_x,landmark_0_y,landmark_0_z,landmark_1_x,landmark_1_y,landmark_1_z,landmark_2_x,landmark_2_y,landmark_2_z,landmark_3_x,landmark_3_y,landmark_3_z,landmark_4_x,landmark_4_y,landmark_4_z,landmark_5_x,landmark_5_y,landmark_5_z,landmark_6_x,landmark_6_y,landmark_6_z,landmark_7_x,landmark_7_y,landmark_7_z,landmark_8_x,landmark_8_y,landmark_8_z,landmark_9_x,landmark_9_y,landmark_9_z,landmark_10_x,landmark_10_y,landmark_10_z,landmark_11_x,landmark_11_y,landmark_11_z,landmark_12_x,landmark_12_y,landmark_12_z,landmark_13_x,landmark_13_y,landmark_13_z,landmark_14_x,landmark_14_y,landmark_14_z,landmark_15_x,landmark_15_y,landmark_15_z,landmark_16_x,landmark_16_y,landmark_16_z,landmark_17_x,landmark_17_y,landmark_17_z,landmark_18_x,landmark_18_y,landmark_18_z,landmark_19_x,landmark_19_y,landmark_19_z,landmark_20_x,landmark_20_y,landmark_20_z,class
0.9027478694915771,0.40198761224746704,2.8424426545825554e-07,0.846010684967041,0.29795733094215393,0.005782945081591606,0.7547580003738403,0.2356572151184082,0.0013470841804519296,0.6746307611465454,0.21150223910808563,-0.004016021266579628,0.6146189570426941,0.19733567535877228,-0.012380584143102169,0.709946870803833,0.23408155143260956,-0.0333828330039978,0.5933018922805786,0.24965119361877441,-0.05344496667385101,0.5275740623474121,0.25294485688209534,-0.06425970792770386,0.47379833459854126,0.2545114755630493,-0.07052749395370483,0.7094743847846985,0.30535706877708435,-0.048180241137742996,0.5820834040641785,0.3186888098716736,-0.06763676553964615,0.5050036907196045,0.31944912672042847,-0.07898320257663727,0.445452481508255,0.3169911503791809,-0.08730408549308777,0.7129671573638916,0.3811284899711609,-0.06000850349664688,0.5963809490203857,0.38620585203170776,-0.07530300319194794,0.5239731073379517,0.38007500767707825,-0.08296913653612137,0.4713841676712036,0.3712896704673767,-0.08826212584972382,0.7214229702949524,0.4564136266708374,-0.07010523974895477,0.6261226534843445,0.4471454620361328,-0.08219194412231445,0.574344277381897,0.43696051836013794,-0.0838405042886734,0.5345475673675537,0.4245506823062897,-0.0835745707154274,sol
