landmark_0_x,landmark_0_y,landmark_0_z,landmark_1_x,landmark_1_y,landmark_1_z,landmark_2_x,landmark_2_y,landmark_2_z,landmark_3_x,landmark_3_y,landmark_3_z,landmark_4_x,landmark_4_y,landmark_4_z,landmark_5_x,landmark_5_y,landmark_5_z,landmark_6_x,landmark_6_y,landmark_6_z,landmark_7_x,landmark_7_y,landmark_7_z,landmark_8_x,landmark_8_y,landmark_8_z,landmark_9_x,landmark_9_y,landmark_9_z,landmark_10_x,landmark_10_y,landmark_10_z,landmark_11_x,landmark_11_y,landmark_11_z,landmark_12_x,landmark_12_y,landmark_12_z,landmark_13_x,landmark_13_y,landmark_13_z,landmark_14_x,landmark_14_y,landmark_14_z,landmark_15_x,landmark_15_y,landmark_15_z,landmark_16_x,landmark_16_y,landmark_16_z,landmark_17_x,landmark_17_y,landmark_17_z,landmark_18_x,landmark_18_y,landmark_18_z,landmark_19_x,landmark_19_y,landmark_19_z,landmark_20_x,landmark_20_y,landmark_20_z,class
0.9100217223167419,0.4843124747276306,1.6748039399772097e-07,0.8795816898345947,0.43947523832321167,-0.0010934415040537715,0.8376263976097107,0.4121687114238739,-0.005492031574249268,0.8024891018867493,0.405109703540802,-0.009569413028657436,0.7765693068504333,0.39546120166778564,-0.015054639428853989,0.8231004476547241,0.43003183603286743,-0.023718392476439476,0.7698570489883423,0.4409228265285492,-0.035326067358255386,0.7391459941864014,0.44472676515579224,-0.04056428372859955,0.7148757576942444,0.4466385543346405,-0.04344657436013222,0.8267278075218201,0.46356770396232605,-0.029613792896270752,0.7686139345169067,0.4721478521823883,-0.04131339490413666,0.7329100966453552,0.4729457497596741,-0.04702433943748474,0.7065994739532471,0.4716340899467468,-0.05086597427725792,0.8326069116592407,0.4965777099132538,-0.0342082679271698,0.7772576212882996,0.5032323598861694,-0.04411895200610161,0.7430744171142578,0.5021953582763672,-0.04916928708553314,0.7180143594741821,0.49829551577568054,-0.052398037165403366,0.8402731418609619,0.5282288789749146,-0.038045965135097504,0.7972966432571411,0.5323197245597839,-0.04772964119911194,0.7708650231361389,0.5313528776168823,-0.051512353122234344,0.7499943971633911,0.5282781720161438,-0.05320722237229347,sol
