landmark_0_x,landmark_0_y,landmark_0_z,landmark_1_x,landmark_1_y,landmark_1_z,landmark_2_x,landmark_2_y,landmark_2_z,landmark_3_x,landmark_3_y,landmark_3_z,landmark_4_x,landmark_4_y,landmark_4_z,landmark_5_x,landmark_5_y,landmark_5_z,landmark_6_x,landmark_6_y,landmark_6_z,landmark_7_x,landmark_7_y,landmark_7_z,landmark_8_x,landmark_8_y,landmark_8_z,landmark_9_x,landmark_9_y,landmark_9_z,landmark_10_x,landmark_10_y,landmark_10_z,landmark_11_x,landmark_11_y,landmark_11_z,landmark_12_x,landmark_12_y,landmark_12_z,landmark_13_x,landmark_13_y,landmark_13_z,landmark_14_x,landmark_14_y,landmark_14_z,landmark_15_x,landmark_15_y,landmark_15_z,landmark_16_x,landmark_16_y,landmark_16_z,landmark_17_x,landmark_17_y,landmark_17_z,landmark_18_x,landmark_18_y,landmark_18_z,landmark_19_x,landmark_19_y,landmark_19_z,landmark_20_x,landmark_20_y,landmark_20_z,class
0.8990762233734131,0.6700100302696228,1.2185677178422338e-07,0.8796213865280151,0.6256815791130066,-0.00705336406826973,0.8444803357124329,0.5933843851089478,-0.011648071929812431,0.8126262426376343,0.5824785828590393,-0.014544970355927944,0.7907596826553345,0.576180100440979,-0.01799587532877922,0.8269262313842773,0.6169813871383667,-0.023430606350302696,0.7803363800048828,0.6256362795829773,-0.0337282232940197,0.7517893314361572,0.6293419003486633,-0.038958583027124405,0.7298720479011536,0.6320555210113525,-0.041765179485082626,0.8272397518157959,0.6504845023155212,-0.024195300415158272,0.7785326838493347,0.6557289361953735,-0.03372359275817871,0.7481653690338135,0.6553139090538025,-0.03816838189959526,0.725294291973114,0.6541140675544739,-0.04096279293298721,0.8287405371665955,0.6784376502037048,-0.024302028119564056,0.7833558320999146,0.6817814707756042,-0.030897244811058044,0.7543935775756836,0.6795774102210999,-0.0329214446246624,0.733177661895752,0.6768102049827576,-0.03390854597091675,0.8315348625183105,0.7013837695121765,-0.024700665846467018,0.7937095761299133,0.7010784149169922,-0.02941812574863434,0.7710662484169006,0.6990857720375061,-0.029717696830630302,0.7535237669944763,0.6960731744766235,-0.02911747433245182,sol
