landmark_0_x,landmark_0_y,landmark_0_z,landmark_1_x,landmark_1_y,landmark_1_z,landmark_2_x,landmark_2_y,landmark_2_z,landmark_3_x,landmark_3_y,landmark_3_z,landmark_4_x,landmark_4_y,landmark_4_z,landmark_5_x,landmark_5_y,landmark_5_z,landmark_6_x,landmark_6_y,landmark_6_z,landmark_7_x,landmark_7_y,landmark_7_z,landmark_8_x,landmark_8_y,landmark_8_z,landmark_9_x,landmark_9_y,landmark_9_z,landmark_10_x,landmark_10_y,landmark_10_z,landmark_11_x,landmark_11_y,landmark_11_z,landmark_12_x,landmark_12_y,landmark_12_z,landmark_13_x,landmark_13_y,landmark_13_z,landmark_14_x,landmark_14_y,landmark_14_z,landmark_15_x,landmark_15_y,landmark_15_z,landmark_16_x,landmark_16_y,landmark_16_z,landmark_17_x,landmark_17_y,landmark_17_z,landmark_18_x,landmark_18_y,landmark_18_z,landmark_19_x,landmark_19_y,landmark_19_z,landmark_20_x,landmark_20_y,landmark_20_z,class
0.6873810291290283,0.6613971590995789,1.2066415422395949e-07,0.6651129722595215,0.6118071675300598,0.004962444771081209,0.6303443908691406,0.5808435082435608,0.005120705813169479,0.5989693403244019,0.567531406879425,0.00478358194231987,0.5770107507705688,0.5556290149688721,0.003595315618440509,0.6055954694747925,0.5934563875198364,-0.01138236466795206,0.5556311011314392,0.5929584503173828,-0.01794520579278469,0.5275397896766663,0.593566358089447,-0.019934117794036865,0.5061262845993042,0.5954717397689819,-0.02040499448776245,0.6028459668159485,0.624542772769928,-0.017104260623455048,0.5493240356445312,0.6215111017227173,-0.02497841976583004,0.5164681077003479,0.6197309494018555,-0.027613211423158646,0.4917370676994324,0.6188675761222839,-0.028750071302056313,0.602723240852356,0.6561992168426514,-0.02126087248325348,0.5555826425552368,0.651776134967804,-0.02642643451690674,0.5267090201377869,0.6471239924430847,-0.02760195918381214,0.5061370134353638,0.6435027718544006,-0.02792174369096756,0.6064211130142212,0.6871841549873352,-0.02445223741233349,0.5696858763694763,0.6817758679389954,-0.02815270982682705,0.5477980971336365,0.6771723628044128,-0.027720294892787933,0.5308199524879456,0.6727467179298401,-0.02640896663069725,sol
