landmark_0_x,landmark_0_y,landmark_0_z,landmark_1_x,landmark_1_y,landmark_1_z,landmark_2_x,landmark_2_y,landmark_2_z,landmark_3_x,landmark_3_y,landmark_3_z,landmark_4_x,landmark_4_y,landmark_4_z,landmark_5_x,landmark_5_y,landmark_5_z,landmark_6_x,landmark_6_y,landmark_6_z,landmark_7_x,landmark_7_y,landmark_7_z,landmark_8_x,landmark_8_y,landmark_8_z,landmark_9_x,landmark_9_y,landmark_9_z,landmark_10_x,landmark_10_y,landmark_10_z,landmark_11_x,landmark_11_y,landmark_11_z,landmark_12_x,landmark_12_y,landmark_12_z,landmark_13_x,landmark_13_y,landmark_13_z,landmark_14_x,landmark_14_y,landmark_14_z,landmark_15_x,landmark_15_y,landmark_15_z,landmark_16_x,landmark_16_y,landmark_16_z,landmark_17_x,landmark_17_y,landmark_17_z,landmark_18_x,landmark_18_y,landmark_18_z,landmark_19_x,landmark_19_y,landmark_19_z,landmark_20_x,landmark_20_y,landmark_20_z,class
1.0517934560775757,0.6075116395950317,2.9310842819540994e-07,1.0257006883621216,0.5487079620361328,-0.004852734971791506,0.9799814224243164,0.5118051171302795,-0.014012370258569717,0.9376777410507202,0.49802306294441223,-0.02218356542289257,0.9062016010284424,0.4808381199836731,-0.031848061829805374,0.9644409418106079,0.5297942161560059,-0.03971400484442711,0.8891364932060242,0.5319315195083618,-0.05732284486293793,0.8474953770637512,0.5289058089256287,-0.06348667293787003,0.8145229816436768,0.5264847278594971,-0.06607359647750854,0.9654940962791443,0.5767239928245544,-0.046467673033475876,0.8832034468650818,0.5749285817146301,-0.06503261625766754,0.8342268466949463,0.567575216293335,-0.0717841163277626,0.7974880337715149,0.5606324076652527,-0.07533177733421326,0.9672375321388245,0.6219841241836548,-0.051593419164419174,0.8896471261978149,0.6200397610664368,-0.06634653359651566,0.8430491089820862,0.6121081709861755,-0.07143735140562057,0.8093018531799316,0.6028786301612854,-0.07339585572481155,0.9685250520706177,0.6623113751411438,-0.05594475567340851,0.9062687754631042,0.6600031852722168,-0.0677737295627594,0.8699063062667847,0.6527090668678284,-0.07100346684455872,0.8426583409309387,0.6440998911857605,-0.07165148854255676,sol
