landmark_0_x,landmark_0_y,landmark_0_z,landmark_1_x,landmark_1_y,landmark_1_z,landmark_2_x,landmark_2_y,landmark_2_z,landmark_3_x,landmark_3_y,landmark_3_z,landmark_4_x,landmark_4_y,landmark_4_z,landmark_5_x,landmark_5_y,landmark_5_z,landmark_6_x,landmark_6_y,landmark_6_z,landmark_7_x,landmark_7_y,landmark_7_z,landmark_8_x,landmark_8_y,landmark_8_z,landmark_9_x,landmark_9_y,landmark_9_z,landmark_10_x,landmark_10_y,landmark_10_z,landmark_11_x,landmark_11_y,landmark_11_z,landmark_12_x,landmark_12_y,landmark_12_z,landmark_13_x,landmark_13_y,landmark_13_z,landmark_14_x,landmark_14_y,landmark_14_z,landmark_15_x,landmark_15_y,landmark_15_z,landmark_16_x,landmark_16_y,landmark_16_z,landmark_17_x,landmark_17_y,landmark_17_z,landmark_18_x,landmark_18_y,landmark_18_z,landmark_19_x,landmark_19_y,landmark_19_z,landmark_20_x,landmark_20_y,landmark_20_z,class
0.9094815254211426,0.4608708322048187,2.870540356525453e-07,0.8534003496170044,0.3500860929489136,0.003352181287482381,0.7596913576126099,0.2859433889389038,-0.0001165488429251127,0.6791204214096069,0.2600887417793274,-0.0037200432270765305,0.6238707304000854,0.23340721428394318,-0.009984089061617851,0.716835081577301,0.29890942573547363,-0.037759359925985336,0.5992369651794434,0.3136642277240753,-0.05837208032608032,0.5308679342269897,0.3188897967338562,-0.06787698715925217,0.47516006231307983,0.32414841651916504,-0.0732925608754158,0.7140637636184692,0.37555789947509766,-0.051037974655628204,0.5865699052810669,0.38269659876823425,-0.0729748085141182,0.5057821869850159,0.3830605149269104,-0.08402138203382492,0.4437478184700012,0.38205718994140625,-0.09156908094882965,0.7151123881340027,0.4536268413066864,-0.061630334705114365,0.5960391759872437,0.45416224002838135,-0.08013994246721268,0.5196271538734436,0.4508708119392395,-0.09025672823190689,0.4626866281032562,0.44561946392059326,-0.09649433195590973,0.7202463746070862,0.5295574069023132,-0.07043655216693878,0.6223891973495483,0.5185793042182922,-0.08709574490785599,0.5643223524093628,0.5079084634780884,-0.09382721781730652,0.5182954668998718,0.4952552914619446,-0.09681277722120285,sol
