landmark_0_x,landmark_0_y,landmark_0_z,landmark_1_x,landmark_1_y,landmark_1_z,landmark_2_x,landmark_2_y,landmark_2_z,landmark_3_x,landmark_3_y,landmark_3_z,landmark_4_x,landmark_4_y,landmark_4_z,landmark_5_x,landmark_5_y,landmark_5_z,landmark_6_x,landmark_6_y,landmark_6_z,landmark_7_x,landmark_7_y,landmark_7_z,landmark_8_x,landmark_8_y,landmark_8_z,landmark_9_x,landmark_9_y,landmark_9_z,landmark_10_x,landmark_10_y,landmark_10_z,landmark_11_x,landmark_11_y,landmark_11_z,landmark_12_x,landmark_12_y,landmark_12_z,landmark_13_x,landmark_13_y,landmark_13_z,landmark_14_x,landmark_14_y,landmark_14_z,landmark_15_x,landmark_15_y,landmark_15_z,landmark_16_x,landmark_16_y,landmark_16_z,landmark_17_x,landmark_17_y,landmark_17_z,landmark_18_x,landmark_18_y,landmark_18_z,landmark_19_x,landmark_19_y,landmark_19_z,landmark_20_x,landmark_20_y,landmark_20_z,class
0.7204440832138062,0.7010630369186401,1.5307684009258082e-07,0.6941770911216736,0.6303436160087585,0.0016455018194392323,0.647049605846405,0.5914503335952759,0.0013887521345168352,0.6018981337547302,0.5819143056869507,0.001449213712476194,0.5702869892120361,0.5702409744262695,0.00106044951826334,0.6127733588218689,0.6173774600028992,-0.01334015280008316,0.5512412190437317,0.6243787407875061,-0.01958031766116619,0.5161793231964111,0.6286556720733643,-0.02175552397966385,0.48916083574295044,0.6326175928115845,-0.02260202169418335,0.6081188917160034,0.6621453166007996,-0.017214059829711914,0.5419929623603821,0.6655136942863464,-0.024049336090683937,0.502220094203949,0.6669789552688599,-0.0266812015324831,0.4727347791194916,0.6679419875144958,-0.028134018182754517,0.6077401041984558,0.7029059529304504,-0.019565025344491005,0.549263060092926,0.7028971314430237,-0.02285343036055565,0.5139924883842468,0.7005215883255005,-0.02343738079071045,0.48818719387054443,0.698408305644989,-0.024012744426727295,0.6125116944313049,0.7392419576644897,-0.021372860297560692,0.5672586560249329,0.73709636926651,-0.02275037206709385,0.5407302975654602,0.7352341413497925,-0.0209332462400198,0.5200310945510864,0.7330698370933533,-0.018876535817980766,sol
