landmark_0_x,landmark_0_y,landmark_0_z,landmark_1_x,landmark_1_y,landmark_1_z,landmark_2_x,landmark_2_y,landmark_2_z,landmark_3_x,landmark_3_y,landmark_3_z,landmark_4_x,landmark_4_y,landmark_4_z,landmark_5_x,landmark_5_y,landmark_5_z,landmark_6_x,landmark_6_y,landmark_6_z,landmark_7_x,landmark_7_y,landmark_7_z,landmark_8_x,landmark_8_y,landmark_8_z,landmark_9_x,landmark_9_y,landmark_9_z,landmark_10_x,landmark_10_y,landmark_10_z,landmark_11_x,landmark_11_y,landmark_11_z,landmark_12_x,landmark_12_y,landmark_12_z,landmark_13_x,landmark_13_y,landmark_13_z,landmark_14_x,landmark_14_y,landmark_14_z,landmark_15_x,landmark_15_y,landmark_15_z,landmark_16_x,landmark_16_y,landmark_16_z,landmark_17_x,landmark_17_y,landmark_17_z,landmark_18_x,landmark_18_y,landmark_18_z,landmark_19_x,landmark_19_y,landmark_19_z,landmark_20_x,landmark_20_y,landmark_20_z,class
0.9029241800308228,0.30136096477508545,1.377823366510711e-07,0.8657493591308594,0.24955928325653076,0.0024202719796448946,0.8125351071357727,0.22261539101600647,-0.00035210521309636533,0.7685622572898865,0.21519380807876587,-0.0035238347481936216,0.7380342483520508,0.20875516533851624,-0.008147325366735458,0.7919251322746277,0.2303200513124466,-0.02099795453250408,0.7299454808235168,0.2504289448261261,-0.033070873469114304,0.6938385963439941,0.2596825957298279,-0.0390048511326313,0.665184497833252,0.26500561833381653,-0.04222368448972702,0.7946205735206604,0.26753389835357666,-0.028978850692510605,0.7249114513397217,0.28923121094703674,-0.03988738730549812,0.681581437587738,0.2967056334018707,-0.04507600888609886,0.6493127346038818,0.2995623052120209,-0.04882807657122612,0.7999545931816101,0.3069240152835846,-0.03549977391958237,0.735973060131073,0.3268848657608032,-0.043924640864133835,0.6955718994140625,0.3317359983921051,-0.04823463037610054,0.6660029292106628,0.33074790239334106,-0.05143243819475174,0.8081846833229065,0.34671688079833984,-0.04120851680636406,0.7588158845901489,0.3610294461250305,-0.04895365983247757,0.728206992149353,0.3639780282974243,-0.05152669921517372,0.7030234336853027,0.3623915910720825,-0.05271436274051666,sol
