landmark_0_x,landmark_0_y,landmark_0_z,landmark_1_x,landmark_1_y,landmark_1_z,landmark_2_x,landmark_2_y,landmark_2_z,landmark_3_x,landmark_3_y,landmark_3_z,landmark_4_x,landmark_4_y,landmark_4_z,landmark_5_x,landmark_5_y,landmark_5_z,landmark_6_x,landmark_6_y,landmark_6_z,landmark_7_x,landmark_7_y,landmark_7_z,landmark_8_x,landmark_8_y,landmark_8_z,landmark_9_x,landmark_9_y,landmark_9_z,landmark_10_x,landmark_10_y,landmark_10_z,landmark_11_x,landmark_11_y,landmark_11_z,landmark_12_x,landmark_12_y,landmark_12_z,landmark_13_x,landmark_13_y,landmark_13_z,landmark_14_x,landmark_14_y,landmark_14_z,landmark_15_x,landmark_15_y,landmark_15_z,landmark_16_x,landmark_16_y,landmark_16_z,landmark_17_x,landmark_17_y,landmark_17_z,landmark_18_x,landmark_18_y,landmark_18_z,landmark_19_x,landmark_19_y,landmark_19_z,landmark_20_x,landmark_20_y,landmark_20_z,class
0.951546847820282,0.5702686309814453,2.4882979232643265e-07,0.904236376285553,0.4888961613178253,0.0027467990294098854,0.8328325748443604,0.4462500810623169,-0.0019814311526715755,0.7714347839355469,0.43212899565696716,-0.006713940296322107,0.7283087968826294,0.41516023874282837,-0.013685613870620728,0.8017248511314392,0.46770578622817993,-0.03494648635387421,0.7091051340103149,0.4862692654132843,-0.051959328353405,0.6572567224502563,0.4930059611797333,-0.05852493643760681,0.6167987585067749,0.4988517761230469,-0.06117141991853714,0.8052061796188354,0.5267828106880188,-0.045595474541187286,0.7008828520774841,0.5398646593093872,-0.06262034922838211,0.6387926936149597,0.543999969959259,-0.06875453889369965,0.5940408110618591,0.5473350286483765,-0.07203937321901321,0.8123818635940552,0.5853214859962463,-0.05366431176662445,0.7148548364639282,0.5901393294334412,-0.06685543805360794,0.6574459671974182,0.5894327163696289,-0.07123444974422455,0.6170002222061157,0.5880943536758423,-0.07312288880348206,0.8236151337623596,0.6422128677368164,-0.060182467103004456,0.7447920441627502,0.6426800489425659,-0.07133982330560684,0.6997689008712769,0.6383955478668213,-0.07272053509950638,0.6654309034347534,0.6335266828536987,-0.07174189388751984,sol
