landmark_0_x,landmark_0_y,landmark_0_z,landmark_1_x,landmark_1_y,landmark_1_z,landmark_2_x,landmark_2_y,landmark_2_z,landmark_3_x,landmark_3_y,landmark_3_z,landmark_4_x,landmark_4_y,landmark_4_z,landmark_5_x,landmark_5_y,landmark_5_z,landmark_6_x,landmark_6_y,landmark_6_z,landmark_7_x,landmark_7_y,landmark_7_z,landmark_8_x,landmark_8_y,landmark_8_z,landmark_9_x,landmark_9_y,landmark_9_z,landmark_10_x,landmark_10_y,landmark_10_z,landmark_11_x,landmark_11_y,landmark_11_z,landmark_12_x,landmark_12_y,landmark_12_z,landmark_13_x,landmark_13_y,landmark_13_z,landmark_14_x,landmark_14_y,landmark_14_z,landmark_15_x,landmark_15_y,landmark_15_z,landmark_16_x,landmark_16_y,landmark_16_z,landmark_17_x,landmark_17_y,landmark_17_z,landmark_18_x,landmark_18_y,landmark_18_z,landmark_19_x,landmark_19_y,landmark_19_z,landmark_20_x,landmark_20_y,landmark_20_z,class
0.7278342247009277,0.7599842548370361,1.445826569579367e-07,0.7027401924133301,0.6992426514625549,-0.002577246865257621,0.6610952019691467,0.6615154147148132,-0.005722858011722565,0.6180639863014221,0.6553515791893005,-0.008091227151453495,0.5864968299865723,0.647645115852356,-0.010808381251990795,0.6317843198776245,0.6896219849586487,-0.01573515124619007,0.57471764087677,0.6974639892578125,-0.024428438395261765,0.5424985289573669,0.703075647354126,-0.028809120878577232,0.5178926587104797,0.7085511088371277,-0.03101002611219883,0.6298286318778992,0.7310179471969604,-0.018880730494856834,0.5685930848121643,0.734832763671875,-0.026747023686766624,0.5315183997154236,0.7377998232841492,-0.030969196930527687,0.5036770105361938,0.7399821877479553,-0.033861272037029266,0.6312274932861328,0.7678489685058594,-0.02125970646739006,0.5755634903907776,0.7685787677764893,-0.026449836790561676,0.5424821376800537,0.7676861882209778,-0.02872742898762226,0.5180514454841614,0.7660034894943237,-0.030518019571900368,0.6355750560760498,0.8005723357200623,-0.023468872532248497,0.5915589332580566,0.7981022000312805,-0.027620693668723106,0.5660289525985718,0.7959895133972168,-0.02797771245241165,0.5451621413230896,0.7932475805282593,-0.027494413778185844,sol
