landmark_0_x,landmark_0_y,landmark_0_z,landmark_1_x,landmark_1_y,landmark_1_z,landmark_2_x,landmark_2_y,landmark_2_z,landmark_3_x,landmark_3_y,landmark_3_z,landmark_4_x,landmark_4_y,landmark_4_z,landmark_5_x,landmark_5_y,landmark_5_z,landmark_6_x,landmark_6_y,landmark_6_z,landmark_7_x,landmark_7_y,landmark_7_z,landmark_8_x,landmark_8_y,landmark_8_z,landmark_9_x,landmark_9_y,landmark_9_z,landmark_10_x,landmark_10_y,landmark_10_z,landmark_11_x,landmark_11_y,landmark_11_z,landmark_12_x,landmark_12_y,landmark_12_z,landmark_13_x,landmark_13_y,landmark_13_z,landmark_14_x,landmark_14_y,landmark_14_z,landmark_15_x,landmark_15_y,landmark_15_z,landmark_16_x,landmark_16_y,landmark_16_z,landmark_17_x,landmark_17_y,landmark_17_z,landmark_18_x,landmark_18_y,landmark_18_z,landmark_19_x,landmark_19_y,landmark_19_z,landmark_20_x,landmark_20_y,landmark_20_z,class
0.6967247128486633,0.6942155361175537,1.1514336506479594e-07,0.67611163854599,0.6433004140853882,0.003905483055859804,0.6375685930252075,0.6092912554740906,0.003964168019592762,0.6016151905059814,0.5958291292190552,0.003938122186809778,0.5775021314620972,0.5821171998977661,0.00324500584974885,0.6127726435661316,0.6195790767669678,-0.011930975131690502,0.5585732460021973,0.6237511038780212,-0.0178284402936697,0.5284167528152466,0.6256271004676819,-0.019242366775870323,0.5054554343223572,0.6278764009475708,-0.01937432400882244,0.6095055341720581,0.6524659395217896,-0.016761895269155502,0.5514705777168274,0.6545418500900269,-0.023357342928647995,0.5173155665397644,0.6546156406402588,-0.02488366886973381,0.49193811416625977,0.654493510723114,-0.025281114503741264,0.6081905961036682,0.6858540773391724,-0.02010318450629711,0.5563845634460449,0.6840267777442932,-0.023974893614649773,0.5252170562744141,0.6794766187667847,-0.024037977680563927,0.5028343200683594,0.6749042868614197,-0.02381773293018341,0.6105051040649414,0.7192085981369019,-0.022620121017098427,0.5713737607002258,0.7160418033599854,-0.02482721209526062,0.5493187308311462,0.7127213478088379,-0.023078780621290207,0.5323010087013245,0.7092543244361877,-0.020944034680724144,sol
