landmark_0_x,landmark_0_y,landmark_0_z,landmark_1_x,landmark_1_y,landmark_1_z,landmark_2_x,landmark_2_y,landmark_2_z,landmark_3_x,landmark_3_y,landmark_3_z,landmark_4_x,landmark_4_y,landmark_4_z,landmark_5_x,landmark_5_y,landmark_5_z,landmark_6_x,landmark_6_y,landmark_6_z,landmark_7_x,landmark_7_y,landmark_7_z,landmark_8_x,landmark_8_y,landmark_8_z,landmark_9_x,landmark_9_y,landmark_9_z,landmark_10_x,landmark_10_y,landmark_10_z,landmark_11_x,landmark_11_y,landmark_11_z,landmark_12_x,landmark_12_y,landmark_12_z,landmark_13_x,landmark_13_y,landmark_13_z,landmark_14_x,landmark_14_y,landmark_14_z,landmark_15_x,landmark_15_y,landmark_15_z,landmark_16_x,landmark_16_y,landmark_16_z,landmark_17_x,landmark_17_y,landmark_17_z,landmark_18_x,landmark_18_y,landmark_18_z,landmark_19_x,landmark_19_y,landmark_19_z,landmark_20_x,landmark_20_y,landmark_20_z,class
0.902850329875946,0.6386371850967407,1.2954635053574748e-07,0.8779811859130859,0.5936907529830933,-1.1963028555328492e-05,0.8420128226280212,0.565205454826355,-0.003442952875047922,0.810894250869751,0.5568610429763794,-0.006528708152472973,0.7874965071678162,0.5487001538276672,-0.010461080819368362,0.8281338214874268,0.5811392068862915,-0.019828367978334427,0.7809645533561707,0.5892005562782288,-0.028993181884288788,0.7541360855102539,0.5935013890266418,-0.03231621906161308,0.7334150671958923,0.5968325138092041,-0.0338173434138298,0.8294495344161987,0.6140958666801453,-0.024616647511720657,0.7783547639846802,0.6203536987304688,-0.035411085933446884,0.7476125955581665,0.6227552890777588,-0.03927065432071686,0.7251746654510498,0.6237544417381287,-0.04131344333291054,0.8319375514984131,0.645642876625061,-0.02813364379107952,0.78474360704422,0.6491913795471191,-0.036007508635520935,0.7546460628509521,0.6497243046760559,-0.03829546645283699,0.7325902581214905,0.6484289169311523,-0.03924433887004852,0.8364465832710266,0.6748349666595459,-0.031008698046207428,0.7980394959449768,0.6762474179267883,-0.0366668775677681,0.7746787071228027,0.6749352216720581,-0.037568461149930954,0.7569478750228882,0.6724522709846497,-0.03730529174208641,sol
