landmark_0_x,landmark_0_y,landmark_0_z,landmark_1_x,landmark_1_y,landmark_1_z,landmark_2_x,landmark_2_y,landmark_2_z,landmark_3_x,landmark_3_y,landmark_3_z,landmark_4_x,landmark_4_y,landmark_4_z,landmark_5_x,landmark_5_y,landmark_5_z,landmark_6_x,landmark_6_y,landmark_6_z,landmark_7_x,landmark_7_y,landmark_7_z,landmark_8_x,landmark_8_y,landmark_8_z,landmark_9_x,landmark_9_y,landmark_9_z,landmark_10_x,landmark_10_y,landmark_10_z,landmark_11_x,landmark_11_y,landmark_11_z,landmark_12_x,landmark_12_y,landmark_12_z,landmark_13_x,landmark_13_y,landmark_13_z,landmark_14_x,landmark_14_y,landmark_14_z,landmark_15_x,landmark_15_y,landmark_15_z,landmark_16_x,landmark_16_y,landmark_16_z,landmark_17_x,landmark_17_y,landmark_17_z,landmark_18_x,landmark_18_y,landmark_18_z,landmark_19_x,landmark_19_y,landmark_19_z,landmark_20_x,landmark_20_y,landmark_20_z,class
0.9106405377388,0.8479060530662537,1.0553839047133806e-07,0.8930138945579529,0.7969474792480469,-0.0033925834577530622,0.8584433794021606,0.7647177577018738,-0.00651291711255908,0.8270405530929565,0.7524544596672058,-0.008632336743175983,0.8042088747024536,0.7422884702682495,-0.011227380484342575,0.8422226905822754,0.7865509986877441,-0.017326489090919495,0.7969263792037964,0.7937211394309998,-0.024573152884840965,0.7705106139183044,0.7993046641349792,-0.02767091803252697,0.7504781484603882,0.8053532838821411,-0.029356196522712708,0.8414614200592041,0.8201431632041931,-0.019071055576205254,0.7940609455108643,0.8251792192459106,-0.026273434981703758,0.7650736570358276,0.8276261687278748,-0.02971942536532879,0.743722140789032,0.8295081257820129,-0.03226003050804138,0.8421106934547424,0.8502125144004822,-0.02003617398440838,0.7986559271812439,0.8510986566543579,-0.0248624999076128,0.7724103927612305,0.850713312625885,-0.026886457577347755,0.7532559633255005,0.8500845432281494,-0.028523623943328857,0.8444881439208984,0.8753519058227539,-0.020864753052592278,0.8111591935157776,0.8774374723434448,-0.02493245154619217,0.7908617258071899,0.8786644339561462,-0.02590637281537056,0.7753960490226746,0.8793423175811768,-0.026079775765538216,sol
