landmark_0_x,landmark_0_y,landmark_0_z,landmark_1_x,landmark_1_y,landmark_1_z,landmark_2_x,landmark_2_y,landmark_2_z,landmark_3_x,landmark_3_y,landmark_3_z,landmark_4_x,landmark_4_y,landmark_4_z,landmark_5_x,landmark_5_y,landmark_5_z,landmark_6_x,landmark_6_y,landmark_6_z,landmark_7_x,landmark_7_y,landmark_7_z,landmark_8_x,landmark_8_y,landmark_8_z,landmark_9_x,landmark_9_y,landmark_9_z,landmark_10_x,landmark_10_y,landmark_10_z,landmark_11_x,landmark_11_y,landmark_11_z,landmark_12_x,landmark_12_y,landmark_12_z,landmark_13_x,landmark_13_y,landmark_13_z,landmark_14_x,landmark_14_y,landmark_14_z,landmark_15_x,landmark_15_y,landmark_15_z,landmark_16_x,landmark_16_y,landmark_16_z,landmark_17_x,landmark_17_y,landmark_17_z,landmark_18_x,landmark_18_y,landmark_18_z,landmark_19_x,landmark_19_y,landmark_19_z,landmark_20_x,landmark_20_y,landmark_20_z,class
0.7458321452140808,0.5322191119194031,1.4135144965621294e-07,0.7150626182556152,0.4894185960292816,0.0005452812765724957,0.6707295179367065,0.4648687243461609,-0.004258082248270512,0.6344919204711914,0.4549478590488434,-0.009305504150688648,0.6118342876434326,0.4414973258972168,-0.01609855517745018,0.6515689492225647,0.46655088663101196,-0.020362501963973045,0.597132682800293,0.4762641489505768,-0.03266875818371773,0.5644070506095886,0.48198172450065613,-0.04006991907954216,0.538705587387085,0.48558688163757324,-0.04484250396490097,0.6560087203979492,0.4964384436607361,-0.02779368869960308,0.5952737331390381,0.5044607520103455,-0.03955757990479469,0.5594826936721802,0.5059759616851807,-0.04639185592532158,0.5324225425720215,0.5052614808082581,-0.05141431465744972,0.6627781987190247,0.5297989845275879,-0.03389868512749672,0.6046435832977295,0.5378285646438599,-0.043997496366500854,0.5697202086448669,0.5370500683784485,-0.04815388843417168,0.5448063015937805,0.5334975719451904,-0.05086145177483559,0.6708065271377563,0.5654106140136719,-0.0392376184463501,0.6242324709892273,0.568498432636261,-0.0482291541993618,0.5971420407295227,0.567395806312561,-0.05028868466615677,0.5760104060173035,0.5644022226333618,-0.05091235414147377,sol
