landmark_0_x,landmark_0_y,landmark_0_z,landmark_1_x,landmark_1_y,landmark_1_z,landmark_2_x,landmark_2_y,landmark_2_z,landmark_3_x,landmark_3_y,landmark_3_z,landmark_4_x,landmark_4_y,landmark_4_z,landmark_5_x,landmark_5_y,landmark_5_z,landmark_6_x,landmark_6_y,landmark_6_z,landmark_7_x,landmark_7_y,landmark_7_z,landmark_8_x,landmark_8_y,landmark_8_z,landmark_9_x,landmark_9_y,landmark_9_z,landmark_10_x,landmark_10_y,landmark_10_z,landmark_11_x,landmark_11_y,landmark_11_z,landmark_12_x,landmark_12_y,landmark_12_z,landmark_13_x,landmark_13_y,landmark_13_z,landmark_14_x,landmark_14_y,landmark_14_z,landmark_15_x,landmark_15_y,landmark_15_z,landmark_16_x,landmark_16_y,landmark_16_z,landmark_17_x,landmark_17_y,landmark_17_z,landmark_18_x,landmark_18_y,landmark_18_z,landmark_19_x,landmark_19_y,landmark_19_z,landmark_20_x,landmark_20_y,landmark_20_z,class
0.739719033241272,0.6547088027000427,1.8638543508586736e-07,0.7001059055328369,0.5737671256065369,0.005641958210617304,0.6382347345352173,0.5312330722808838,0.0072644855827093124,0.5836259126663208,0.5188674330711365,0.008861606009304523,0.5446199774742126,0.5120004415512085,0.009892746806144714,0.6053565740585327,0.5660302639007568,-0.014477599412202835,0.5283260345458984,0.5817165970802307,-0.02134806104004383,0.48584720492362976,0.5892894268035889,-0.022164078429341316,0.454565167427063,0.5951716899871826,-0.021642521023750305,0.6028277277946472,0.6181201338768005,-0.021147647872567177,0.5186277031898499,0.628949761390686,-0.030213862657546997,0.47022688388824463,0.6333886384963989,-0.03216477856040001,0.43515926599502563,0.6350056529045105,-0.03225257992744446,0.6047388315200806,0.6665146946907043,-0.025759968906641006,0.5287997126579285,0.6717351078987122,-0.030801083892583847,0.4851797819137573,0.6707704067230225,-0.030716994777321815,0.452832967042923,0.667077898979187,-0.030278243124485016,0.6123719811439514,0.7105879187583923,-0.02928154356777668,0.5528339147567749,0.7132197618484497,-0.03155392035841942,0.5201339721679688,0.7115792036056519,-0.028889775276184082,0.4945807158946991,0.7074695825576782,-0.025877129286527634,sol
