landmark_0_x,landmark_0_y,landmark_0_z,landmark_1_x,landmark_1_y,landmark_1_z,landmark_2_x,landmark_2_y,landmark_2_z,landmark_3_x,landmark_3_y,landmark_3_z,landmark_4_x,landmark_4_y,landmark_4_z,landmark_5_x,landmark_5_y,landmark_5_z,landmark_6_x,landmark_6_y,landmark_6_z,landmark_7_x,landmark_7_y,landmark_7_z,landmark_8_x,landmark_8_y,landmark_8_z,landmark_9_x,landmark_9_y,landmark_9_z,landmark_10_x,landmark_10_y,landmark_10_z,landmark_11_x,landmark_11_y,landmark_11_z,landmark_12_x,landmark_12_y,landmark_12_z,landmark_13_x,landmark_13_y,landmark_13_z,landmark_14_x,landmark_14_y,landmark_14_z,landmark_15_x,landmark_15_y,landmark_15_z,landmark_16_x,landmark_16_y,landmark_16_z,landmark_17_x,landmark_17_y,landmark_17_z,landmark_18_x,landmark_18_y,landmark_18_z,landmark_19_x,landmark_19_y,landmark_19_z,landmark_20_x,landmark_20_y,landmark_20_z,class
0.6685609817504883,0.7849712371826172,1.338675730266914e-07,0.6513899564743042,0.7381918430328369,-0.0010343133471906185,0.6182423830032349,0.7083603739738464,-0.003112521255388856,0.5874856114387512,0.6964717507362366,-0.0049552456475794315,0.5651124119758606,0.6858279705047607,-0.007264266721904278,0.5946752429008484,0.7262930274009705,-0.013164721429347992,0.5501421093940735,0.7269797325134277,-0.02007225900888443,0.5243800282478333,0.7275259494781494,-0.023185666650533676,0.5047933459281921,0.7284931540489197,-0.024859875440597534,0.5920944213867188,0.7568897604942322,-0.01657993160188198,0.5442022681236267,0.7558671832084656,-0.02415315993130207,0.5146832466125488,0.7537800073623657,-0.027967281639575958,0.4923182725906372,0.7517602443695068,-0.030277274549007416,0.592414379119873,0.785554051399231,-0.019184434786438942,0.548134446144104,0.7828249931335449,-0.024694006890058517,0.5216420292854309,0.7787259817123413,-0.027261484414339066,0.5015575289726257,0.7739906311035156,-0.02889544516801834,0.5958726406097412,0.8113740086555481,-0.021457072347402573,0.5624808073043823,0.8076660633087158,-0.025964725762605667,0.5427089929580688,0.8042808175086975,-0.02690269984304905,0.527168333530426,0.8004216551780701,-0.026811325922608376,sol
