landmark_0_x,landmark_0_y,landmark_0_z,landmark_1_x,landmark_1_y,landmark_1_z,landmark_2_x,landmark_2_y,landmark_2_z,landmark_3_x,landmark_3_y,landmark_3_z,landmark_4_x,landmark_4_y,landmark_4_z,landmark_5_x,landmark_5_y,landmark_5_z,landmark_6_x,landmark_6_y,landmark_6_z,landmark_7_x,landmark_7_y,landmark_7_z,landmark_8_x,landmark_8_y,landmark_8_z,landmark_9_x,landmark_9_y,landmark_9_z,landmark_10_x,landmark_10_y,landmark_10_z,landmark_11_x,landmark_11_y,landmark_11_z,landmark_12_x,landmark_12_y,landmark_12_z,landmark_13_x,landmark_13_y,landmark_13_z,landmark_14_x,landmark_14_y,landmark_14_z,landmark_15_x,landmark_15_y,landmark_15_z,landmark_16_x,landmark_16_y,landmark_16_z,landmark_17_x,landmark_17_y,landmark_17_z,landmark_18_x,landmark_18_y,landmark_18_z,landmark_19_x,landmark_19_y,landmark_19_z,landmark_20_x,landmark_20_y,landmark_20_z,class
0.8220505714416504,0.6807721853256226,2.398098217781808e-07,0.7712013721466064,0.5969077348709106,0.002391176763921976,0.6988288164138794,0.5467621088027954,-0.0010543940588831902,0.6381021738052368,0.5320988893508911,-0.0039125047624111176,0.5928199291229248,0.5234925150871277,-0.008757226169109344,0.6666558384895325,0.5790263414382935,-0.0353669747710228,0.5772503614425659,0.599372923374176,-0.05156403034925461,0.5256547927856445,0.613490104675293,-0.05784819647669792,0.48528045415878296,0.6259410381317139,-0.060930680483579636,0.6713963747024536,0.643706738948822,-0.04465419054031372,0.5736262798309326,0.6651340126991272,-0.0625978410243988,0.5130486488342285,0.6766759157180786,-0.06944537162780762,0.4666558504104614,0.6851183772087097,-0.07363066077232361,0.679551362991333,0.7057359218597412,-0.051305435597896576,0.5898270606994629,0.7216406464576721,-0.06485407054424286,0.5329394340515137,0.7273196578025818,-0.07003390043973923,0.49016129970550537,0.7296130657196045,-0.07308372110128403,0.6925173997879028,0.7632566094398499,-0.05647924169898033,0.6227687001228333,0.7723811268806458,-0.06814729422330856,0.5800358653068542,0.7754040956497192,-0.07130035758018494,0.5461227893829346,0.7756314277648926,-0.07196422666311264,sol
