landmark_0_x,landmark_0_y,landmark_0_z,landmark_1_x,landmark_1_y,landmark_1_z,landmark_2_x,landmark_2_y,landmark_2_z,landmark_3_x,landmark_3_y,landmark_3_z,landmark_4_x,landmark_4_y,landmark_4_z,landmark_5_x,landmark_5_y,landmark_5_z,landmark_6_x,landmark_6_y,landmark_6_z,landmark_7_x,landmark_7_y,landmark_7_z,landmark_8_x,landmark_8_y,landmark_8_z,landmark_9_x,landmark_9_y,landmark_9_z,landmark_10_x,landmark_10_y,landmark_10_z,landmark_11_x,landmark_11_y,landmark_11_z,landmark_12_x,landmark_12_y,landmark_12_z,landmark_13_x,landmark_13_y,landmark_13_z,landmark_14_x,landmark_14_y,landmark_14_z,landmark_15_x,landmark_15_y,landmark_15_z,landmark_16_x,landmark_16_y,landmark_16_z,landmark_17_x,landmark_17_y,landmark_17_z,landmark_18_x,landmark_18_y,landmark_18_z,landmark_19_x,landmark_19_y,landmark_19_z,landmark_20_x,landmark_20_y,landmark_20_z,class
0.7789257168769836,0.7869610786437988,1.6023192017655674e-07,0.7556920647621155,0.731708288192749,-0.003192328615114093,0.7156540751457214,0.6977561116218567,-0.00636998750269413,0.6785130500793457,0.68880695104599,-0.008662013337016106,0.6498412489891052,0.6840381026268005,-0.011618032120168209,0.6969612240791321,0.720803439617157,-0.02124299854040146,0.6452697515487671,0.7283253073692322,-0.031093493103981018,0.6146695613861084,0.7333996891975403,-0.03540786728262901,0.5907570123672485,0.7384137511253357,-0.03749099746346474,0.694926917552948,0.7588715553283691,-0.024316303431987762,0.6392951607704163,0.7635675072669983,-0.03425096720457077,0.6040977835655212,0.7655006647109985,-0.038577161729335785,0.5774936676025391,0.7664223909378052,-0.04117570072412491,0.6953638195991516,0.7932398915290833,-0.02643672190606594,0.6452929973602295,0.7954041957855225,-0.03310477361083031,0.6130338311195374,0.794340968132019,-0.03589373826980591,0.5887805223464966,0.791630744934082,-0.037680137902498245,0.6985435485839844,0.823549747467041,-0.02840813621878624,0.6592656970024109,0.8216607570648193,-0.03355856239795685,0.6349775195121765,0.8192024230957031,-0.03483269363641739,0.6157249212265015,0.8160654306411743,-0.03496405482292175,sol
