landmark_0_x,landmark_0_y,landmark_0_z,landmark_1_x,landmark_1_y,landmark_1_z,landmark_2_x,landmark_2_y,landmark_2_z,landmark_3_x,landmark_3_y,landmark_3_z,landmark_4_x,landmark_4_y,landmark_4_z,landmark_5_x,landmark_5_y,landmark_5_z,landmark_6_x,landmark_6_y,landmark_6_z,landmark_7_x,landmark_7_y,landmark_7_z,landmark_8_x,landmark_8_y,landmark_8_z,landmark_9_x,landmark_9_y,landmark_9_z,landmark_10_x,landmark_10_y,landmark_10_z,landmark_11_x,landmark_11_y,landmark_11_z,landmark_12_x,landmark_12_y,landmark_12_z,landmark_13_x,landmark_13_y,landmark_13_z,landmark_14_x,landmark_14_y,landmark_14_z,landmark_15_x,landmark_15_y,landmark_15_z,landmark_16_x,landmark_16_y,landmark_16_z,landmark_17_x,landmark_17_y,landmark_17_z,landmark_18_x,landmark_18_y,landmark_18_z,landmark_19_x,landmark_19_y,landmark_19_z,landmark_20_x,landmark_20_y,landmark_20_z,class
0.9868003726005554,0.6023786664009094,2.443900939397281e-07,0.9457364082336426,0.5208259224891663,0.003801675047725439,0.8809852004051208,0.47287899255752563,0.0012941239401698112,0.823946475982666,0.45482853055000305,-0.001279456540942192,0.7808727622032166,0.44245877861976624,-0.005797279998660088,0.8443612456321716,0.49739351868629456,-0.027755945920944214,0.7565503120422363,0.5102621912956238,-0.041915617883205414,0.7070514559745789,0.514441192150116,-0.047396764159202576,0.6685616374015808,0.5184124708175659,-0.049514010548591614,0.8446747660636902,0.5520755648612976,-0.03747318312525749,0.7479663491249084,0.5578406453132629,-0.05169656500220299,0.6899312734603882,0.5581522583961487,-0.057067133486270905,0.6484673023223877,0.5580684542655945,-0.06003031134605408,0.849848747253418,0.6073732972145081,-0.04491151124238968,0.7611218690872192,0.6074169278144836,-0.05556567758321762,0.7078768014907837,0.6034529209136963,-0.05958724394440651,0.6702114343643188,0.5985749363899231,-0.06180015578866005,0.8605054020881653,0.6629242897033691,-0.050913646817207336,0.7909040451049805,0.6602636575698853,-0.059970561414957047,0.7500442862510681,0.6543354392051697,-0.06094076484441757,0.7180594205856323,0.6474373936653137,-0.0600818432867527,sol
