landmark_0_x,landmark_0_y,landmark_0_z,landmark_1_x,landmark_1_y,landmark_1_z,landmark_2_x,landmark_2_y,landmark_2_z,landmark_3_x,landmark_3_y,landmark_3_z,landmark_4_x,landmark_4_y,landmark_4_z,landmark_5_x,landmark_5_y,landmark_5_z,landmark_6_x,landmark_6_y,landmark_6_z,landmark_7_x,landmark_7_y,landmark_7_z,landmark_8_x,landmark_8_y,landmark_8_z,landmark_9_x,landmark_9_y,landmark_9_z,landmark_10_x,landmark_10_y,landmark_10_z,landmark_11_x,landmark_11_y,landmark_11_z,landmark_12_x,landmark_12_y,landmark_12_z,landmark_13_x,landmark_13_y,landmark_13_z,landmark_14_x,landmark_14_y,landmark_14_z,landmark_15_x,landmark_15_y,landmark_15_z,landmark_16_x,landmark_16_y,landmark_16_z,landmark_17_x,landmark_17_y,landmark_17_z,landmark_18_x,landmark_18_y,landmark_18_z,landmark_19_x,landmark_19_y,landmark_19_z,landmark_20_x,landmark_20_y,landmark_20_z,class
0.9088413715362549,0.5414965748786926,1.2280285943688796e-07,0.8833007216453552,0.502672553062439,-0.002969830995425582,0.8442850708961487,0.48008525371551514,-0.008653378114104271,0.811682939529419,0.4721215069293976,-0.013722570613026619,0.7898550629615784,0.461829274892807,-0.020025895908474922,0.8271543383598328,0.4895021319389343,-0.02472844533622265,0.7773231267929077,0.5033356547355652,-0.03765644133090973,0.7466505169868469,0.5105432271957397,-0.04472442343831062,0.7231618762016296,0.515699565410614,-0.04878878965973854,0.8307414054870605,0.5211328864097595,-0.029052983969449997,0.777254045009613,0.5318905115127563,-0.040615808218717575,0.7439587712287903,0.5350245833396912,-0.045671816915273666,0.71885746717453,0.5352916717529297,-0.04902965575456619,0.8361280560493469,0.5514470934867859,-0.032316677272319794,0.7865537405014038,0.5599329471588135,-0.04099182412028313,0.7549031972885132,0.5607259273529053,-0.04285387694835663,0.7325611710548401,0.5584700107574463,-0.04368187487125397,0.8429117202758789,0.5799946784973145,-0.03535183519124985,0.802649199962616,0.5805314183235168,-0.04214021563529968,0.7785736918449402,0.5787321329116821,-0.04255307465791702,0.7602996230125427,0.5756850242614746,-0.04186692088842392,sol
