landmark_0_x,landmark_0_y,landmark_0_z,landmark_1_x,landmark_1_y,landmark_1_z,landmark_2_x,landmark_2_y,landmark_2_z,landmark_3_x,landmark_3_y,landmark_3_z,landmark_4_x,landmark_4_y,landmark_4_z,landmark_5_x,landmark_5_y,landmark_5_z,landmark_6_x,landmark_6_y,landmark_6_z,landmark_7_x,landmark_7_y,landmark_7_z,landmark_8_x,landmark_8_y,landmark_8_z,landmark_9_x,landmark_9_y,landmark_9_z,landmark_10_x,landmark_10_y,landmark_10_z,landmark_11_x,landmark_11_y,landmark_11_z,landmark_12_x,landmark_12_y,landmark_12_z,landmark_13_x,landmark_13_y,landmark_13_z,landmark_14_x,landmark_14_y,landmark_14_z,landmark_15_x,landmark_15_y,landmark_15_z,landmark_16_x,landmark_16_y,landmark_16_z,landmark_17_x,landmark_17_y,landmark_17_z,landmark_18_x,landmark_18_y,landmark_18_z,landmark_19_x,landmark_19_y,landmark_19_z,landmark_20_x,landmark_20_y,landmark_20_z,class
0.7723584175109863,0.7743940949440002,7.411800595491513e-08,0.7516002655029297,0.7358000874519348,0.0002333223237656057,0.7194896340370178,0.7105773687362671,-0.00372243020683527,0.6912258863449097,0.7014237642288208,-0.007495722733438015,0.6714981198310852,0.6915987133979797,-0.012443817220628262,0.7104158401489258,0.7200947403907776,-0.020474374294281006,0.6665050983428955,0.7248720526695251,-0.030074983835220337,0.641431987285614,0.7285271286964417,-0.03428691625595093,0.6220018863677979,0.7316653728485107,-0.03648927062749863,0.7107778191566467,0.7491875290870667,-0.02586873061954975,0.6615545749664307,0.7510565519332886,-0.035516709089279175,0.6318299174308777,0.7518566846847534,-0.039781104773283005,0.6097385287284851,0.752323567867279,-0.042521361261606216,0.7122157216072083,0.7777033448219299,-0.029837118461728096,0.6659374237060547,0.7778996825218201,-0.03713245317339897,0.638523280620575,0.77586430311203,-0.039495937526226044,0.6186796426773071,0.77349454164505,-0.040867242962121964,0.7146841287612915,0.804172694683075,-0.03314056620001793,0.6787719130516052,0.8018869161605835,-0.038836248219013214,0.658018171787262,0.7985410094261169,-0.039451099932193756,0.642246663570404,0.7954922914505005,-0.03919649124145508,sol
