landmark_0_x,landmark_0_y,landmark_0_z,landmark_1_x,landmark_1_y,landmark_1_z,landmark_2_x,landmark_2_y,landmark_2_z,landmark_3_x,landmark_3_y,landmark_3_z,landmark_4_x,landmark_4_y,landmark_4_z,landmark_5_x,landmark_5_y,landmark_5_z,landmark_6_x,landmark_6_y,landmark_6_z,landmark_7_x,landmark_7_y,landmark_7_z,landmark_8_x,landmark_8_y,landmark_8_z,landmark_9_x,landmark_9_y,landmark_9_z,landmark_10_x,landmark_10_y,landmark_10_z,landmark_11_x,landmark_11_y,landmark_11_z,landmark_12_x,landmark_12_y,landmark_12_z,landmark_13_x,landmark_13_y,landmark_13_z,landmark_14_x,landmark_14_y,landmark_14_z,landmark_15_x,landmark_15_y,landmark_15_z,landmark_16_x,landmark_16_y,landmark_16_z,landmark_17_x,landmark_17_y,landmark_17_z,landmark_18_x,landmark_18_y,landmark_18_z,landmark_19_x,landmark_19_y,landmark_19_z,landmark_20_x,landmark_20_y,landmark_20_z,class
0.7526674270629883,0.2355390191078186,1.417727304442451e-07,0.7176730036735535,0.18578670918941498,0.006736365612596273,0.6688269376754761,0.15657779574394226,0.0045952098444104195,0.6263591051101685,0.14188840985298157,0.0014033428160473704,0.5956811904907227,0.13201385736465454,-0.004252518527209759,0.6486964225769043,0.16050326824188232,-0.02426745928823948,0.58135986328125,0.17049039900302887,-0.03766956180334091,0.5441530346870422,0.17115209996700287,-0.04285484552383423,0.5159980654716492,0.16902539134025574,-0.04536322504281998,0.6519726514816284,0.19196510314941406,-0.0355224646627903,0.5765448808670044,0.20136144757270813,-0.04903807491064072,0.5316213965415955,0.20141726732254028,-0.05450243875384331,0.5000758767127991,0.19769731163978577,-0.0579046756029129,0.6586655974388123,0.2290559709072113,-0.04463517293334007,0.5888694524765015,0.23898062109947205,-0.057218730449676514,0.5475144982337952,0.23717164993286133,-0.06317063421010971,0.5181869864463806,0.2299187183380127,-0.06666464358568192,0.6683576703071594,0.2700607478618622,-0.05198710784316063,0.6150951981544495,0.2756536602973938,-0.06567041575908661,0.5834124088287354,0.2728503346443176,-0.0709521621465683,0.5574820041656494,0.2659059166908264,-0.073299340903759,sol
