landmark_0_x,landmark_0_y,landmark_0_z,landmark_1_x,landmark_1_y,landmark_1_z,landmark_2_x,landmark_2_y,landmark_2_z,landmark_3_x,landmark_3_y,landmark_3_z,landmark_4_x,landmark_4_y,landmark_4_z,landmark_5_x,landmark_5_y,landmark_5_z,landmark_6_x,landmark_6_y,landmark_6_z,landmark_7_x,landmark_7_y,landmark_7_z,landmark_8_x,landmark_8_y,landmark_8_z,landmark_9_x,landmark_9_y,landmark_9_z,landmark_10_x,landmark_10_y,landmark_10_z,landmark_11_x,landmark_11_y,landmark_11_z,landmark_12_x,landmark_12_y,landmark_12_z,landmark_13_x,landmark_13_y,landmark_13_z,landmark_14_x,landmark_14_y,landmark_14_z,landmark_15_x,landmark_15_y,landmark_15_z,landmark_16_x,landmark_16_y,landmark_16_z,landmark_17_x,landmark_17_y,landmark_17_z,landmark_18_x,landmark_18_y,landmark_18_z,landmark_19_x,landmark_19_y,landmark_19_z,landmark_20_x,landmark_20_y,landmark_20_z,class
0.7659800052642822,0.6995346546173096,2.2730343118837482e-07,0.73466956615448,0.6295598149299622,-0.0006062249303795397,0.6836242079734802,0.587799072265625,-0.0025702782440930605,0.6366745233535767,0.5752398371696472,-0.0037621092051267624,0.6004670262336731,0.5716289281845093,-0.005191362928599119,0.6509504318237305,0.6175516247749329,-0.01889836974442005,0.5829207301139832,0.6240334510803223,-0.02774551510810852,0.5452938079833984,0.6283419132232666,-0.030972998589277267,0.5164615511894226,0.6324931383132935,-0.032072193920612335,0.648533284664154,0.6639981865882874,-0.023371484130620956,0.5742921829223633,0.6661185622215271,-0.03319545462727547,0.5305203199386597,0.6667425632476807,-0.03686466068029404,0.4976751208305359,0.6678017973899841,-0.03856828436255455,0.6492525935173035,0.7070167064666748,-0.026433153077960014,0.5827237367630005,0.7048537731170654,-0.032526079565286636,0.5431836247444153,0.7003660202026367,-0.03390545770525932,0.5137814283370972,0.6964809894561768,-0.03451807424426079,0.654624342918396,0.7464825510978699,-0.029032764956355095,0.6039594411849976,0.7410923838615417,-0.03241591900587082,0.5747155547142029,0.7366122007369995,-0.030869528651237488,0.5525399446487427,0.7323235273361206,-0.028751762583851814,sol
