landmark_0_x,landmark_0_y,landmark_0_z,landmark_1_x,landmark_1_y,landmark_1_z,landmark_2_x,landmark_2_y,landmark_2_z,landmark_3_x,landmark_3_y,landmark_3_z,landmark_4_x,landmark_4_y,landmark_4_z,landmark_5_x,landmark_5_y,landmark_5_z,landmark_6_x,landmark_6_y,landmark_6_z,landmark_7_x,landmark_7_y,landmark_7_z,landmark_8_x,landmark_8_y,landmark_8_z,landmark_9_x,landmark_9_y,landmark_9_z,landmark_10_x,landmark_10_y,landmark_10_z,landmark_11_x,landmark_11_y,landmark_11_z,landmark_12_x,landmark_12_y,landmark_12_z,landmark_13_x,landmark_13_y,landmark_13_z,landmark_14_x,landmark_14_y,landmark_14_z,landmark_15_x,landmark_15_y,landmark_15_z,landmark_16_x,landmark_16_y,landmark_16_z,landmark_17_x,landmark_17_y,landmark_17_z,landmark_18_x,landmark_18_y,landmark_18_z,landmark_19_x,landmark_19_y,landmark_19_z,landmark_20_x,landmark_20_y,landmark_20_z,class
0.6846508979797363,0.79400634765625,1.1255802689902339e-07,0.6641747951507568,0.7510052919387817,-0.0016618150984868407,0.6322245597839355,0.7237842679023743,-0.0048088436014950275,0.6039732098579407,0.7140985131263733,-0.0076711466535925865,0.5824166536331177,0.7065343260765076,-0.011254321783781052,0.611271858215332,0.7426002621650696,-0.015469381585717201,0.5680305361747742,0.7474250793457031,-0.02391524240374565,0.5434021949768066,0.750161349773407,-0.02824127860367298,0.524385929107666,0.7522108554840088,-0.030412817373871803,0.6107646822929382,0.7733011841773987,-0.019152576103806496,0.5636465549468994,0.7777395248413086,-0.027288533747196198,0.5345706343650818,0.7788723111152649,-0.0313464030623436,0.5120822191238403,0.7793464660644531,-0.0338255949318409,0.6129074692726135,0.8017906546592712,-0.02208125963807106,0.5699048638343811,0.8046044111251831,-0.02772681601345539,0.5436028242111206,0.802952229976654,-0.029652658849954605,0.5233301520347595,0.7999244332313538,-0.030767450109124184,0.6173123121261597,0.8273422122001648,-0.024848461151123047,0.5834205746650696,0.8266834616661072,-0.028921034187078476,0.5632594227790833,0.8229972720146179,-0.028978480026125908,0.5476253628730774,0.8185274004936218,-0.02828502655029297,sol
