landmark_0_x,landmark_0_y,landmark_0_z,landmark_1_x,landmark_1_y,landmark_1_z,landmark_2_x,landmark_2_y,landmark_2_z,landmark_3_x,landmark_3_y,landmark_3_z,landmark_4_x,landmark_4_y,landmark_4_z,landmark_5_x,landmark_5_y,landmark_5_z,landmark_6_x,landmark_6_y,landmark_6_z,landmark_7_x,landmark_7_y,landmark_7_z,landmark_8_x,landmark_8_y,landmark_8_z,landmark_9_x,landmark_9_y,landmark_9_z,landmark_10_x,landmark_10_y,landmark_10_z,landmark_11_x,landmark_11_y,landmark_11_z,landmark_12_x,landmark_12_y,landmark_12_z,landmark_13_x,landmark_13_y,landmark_13_z,landmark_14_x,landmark_14_y,landmark_14_z,landmark_15_x,landmark_15_y,landmark_15_z,landmark_16_x,landmark_16_y,landmark_16_z,landmark_17_x,landmark_17_y,landmark_17_z,landmark_18_x,landmark_18_y,landmark_18_z,landmark_19_x,landmark_19_y,landmark_19_z,landmark_20_x,landmark_20_y,landmark_20_z,class
0.8265412449836731,0.5164393186569214,2.284407827346513e-07,0.7821334004402161,0.4292427897453308,-0.010932756587862968,0.7080045938491821,0.37847599387168884,-0.024497319012880325,0.6382519006729126,0.36372384428977966,-0.035419829189777374,0.5870013236999512,0.3468889594078064,-0.04904639720916748,0.6796547174453735,0.3936757743358612,-0.052665967494249344,0.5846993327140808,0.4078747034072876,-0.07767775654792786,0.5273477435112,0.42292681336402893,-0.09205847233533859,0.4818973243236542,0.4389644265174866,-0.10121235996484756,0.6809418201446533,0.4614977538585663,-0.0596482940018177,0.578653872013092,0.4751394987106323,-0.08288729190826416,0.5154989957809448,0.485065758228302,-0.09610902518033981,0.46665048599243164,0.49383553862571716,-0.10620549321174622,0.6867825984954834,0.5270822048187256,-0.06467121094465256,0.5891222953796387,0.5377253890037537,-0.08354733139276505,0.5326882600784302,0.5385791659355164,-0.09083875268697739,0.4910133481025696,0.5370392203330994,-0.09644179791212082,0.6954129934310913,0.586529552936554,-0.06909947097301483,0.6206820607185364,0.5872091054916382,-0.08558766543865204,0.5809914469718933,0.5811046957969666,-0.08923882246017456,0.5498064160346985,0.5713415741920471,-0.0906742736697197,sol
