landmark_0_x,landmark_0_y,landmark_0_z,landmark_1_x,landmark_1_y,landmark_1_z,landmark_2_x,landmark_2_y,landmark_2_z,landmark_3_x,landmark_3_y,landmark_3_z,landmark_4_x,landmark_4_y,landmark_4_z,landmark_5_x,landmark_5_y,landmark_5_z,landmark_6_x,landmark_6_y,landmark_6_z,landmark_7_x,landmark_7_y,landmark_7_z,landmark_8_x,landmark_8_y,landmark_8_z,landmark_9_x,landmark_9_y,landmark_9_z,landmark_10_x,landmark_10_y,landmark_10_z,landmark_11_x,landmark_11_y,landmark_11_z,landmark_12_x,landmark_12_y,landmark_12_z,landmark_13_x,landmark_13_y,landmark_13_z,landmark_14_x,landmark_14_y,landmark_14_z,landmark_15_x,landmark_15_y,landmark_15_z,landmark_16_x,landmark_16_y,landmark_16_z,landmark_17_x,landmark_17_y,landmark_17_z,landmark_18_x,landmark_18_y,landmark_18_z,landmark_19_x,landmark_19_y,landmark_19_z,landmark_20_x,landmark_20_y,landmark_20_z,class
0.9629197716712952,0.5377364158630371,2.984473042033642e-07,0.9140774011611938,0.44601744413375854,0.006774920970201492,0.8381362557411194,0.3978259265422821,0.004141681827604771,0.7735247015953064,0.38047176599502563,0.0013108595740050077,0.7292340993881226,0.3586384952068329,-0.004639218095690012,0.801527738571167,0.41746512055397034,-0.03713113069534302,0.6992473006248474,0.43153509497642517,-0.05503055080771446,0.6403034329414368,0.43611404299736023,-0.06103333458304405,0.5949837565422058,0.44119757413864136,-0.06331059336662292,0.8038849234580994,0.4816199839115143,-0.04981469362974167,0.6898770928382874,0.49003106355667114,-0.06916778534650803,0.6199039220809937,0.49250519275665283,-0.07612993568181992,0.5680520534515381,0.49388396739959717,-0.07991089671850204,0.8100786805152893,0.5472019910812378,-0.05923809856176376,0.7040843367576599,0.5476125478744507,-0.07507626712322235,0.638347327709198,0.545956015586853,-0.08219197392463684,0.5903218388557434,0.5425200462341309,-0.08601199090480804,0.8212887644767761,0.613245964050293,-0.0662035271525383,0.7384602427482605,0.6108239889144897,-0.08092955499887466,0.6898325085639954,0.6045863032341003,-0.0851525068283081,0.6513304114341736,0.5952873229980469,-0.08606669306755066,sol
