landmark_0_x,landmark_0_y,landmark_0_z,landmark_1_x,landmark_1_y,landmark_1_z,landmark_2_x,landmark_2_y,landmark_2_z,landmark_3_x,landmark_3_y,landmark_3_z,landmark_4_x,landmark_4_y,landmark_4_z,landmark_5_x,landmark_5_y,landmark_5_z,landmark_6_x,landmark_6_y,landmark_6_z,landmark_7_x,landmark_7_y,landmark_7_z,landmark_8_x,landmark_8_y,landmark_8_z,landmark_9_x,landmark_9_y,landmark_9_z,landmark_10_x,landmark_10_y,landmark_10_z,landmark_11_x,landmark_11_y,landmark_11_z,landmark_12_x,landmark_12_y,landmark_12_z,landmark_13_x,landmark_13_y,landmark_13_z,landmark_14_x,landmark_14_y,landmark_14_z,landmark_15_x,landmark_15_y,landmark_15_z,landmark_16_x,landmark_16_y,landmark_16_z,landmark_17_x,landmark_17_y,landmark_17_z,landmark_18_x,landmark_18_y,landmark_18_z,landmark_19_x,landmark_19_y,landmark_19_z,landmark_20_x,landmark_20_y,landmark_20_z,class
0.8232114315032959,0.7432527542114258,1.1981890679635399e-07,0.7853306531906128,0.6638333797454834,0.0036771928425878286,0.73298579454422,0.6159893870353699,0.0012084953486919403,0.680720329284668,0.6029300093650818,-0.0007761633023619652,0.6430957913398743,0.5899357795715332,-0.003902535419911146,0.7037390470504761,0.6485278010368347,-0.024987146258354187,0.6282155513763428,0.6596152186393738,-0.0370263010263443,0.5863339304924011,0.6684924960136414,-0.04105265066027641,0.5540748238563538,0.6767914891242981,-0.042616453021764755,0.7009252905845642,0.7006511092185974,-0.03189209848642349,0.6203839182853699,0.7066537737846375,-0.045906081795692444,0.5705763101577759,0.7123288512229919,-0.05112622305750847,0.5332487225532532,0.7171712517738342,-0.05401928350329399,0.703033447265625,0.7485670447349548,-0.03631216660141945,0.6298714876174927,0.7509873509407043,-0.04564633220434189,0.5868019461631775,0.7520539164543152,-0.04774388298392296,0.5552819967269897,0.7530683875083923,-0.04868597909808159,0.7115268707275391,0.7915850877761841,-0.03949901834130287,0.6532456278800964,0.7870702147483826,-0.04605131596326828,0.619610071182251,0.784275233745575,-0.046296022832393646,0.5924006700515747,0.7811322212219238,-0.04522323235869408,sol
