landmark_0_x,landmark_0_y,landmark_0_z,landmark_1_x,landmark_1_y,landmark_1_z,landmark_2_x,landmark_2_y,landmark_2_z,landmark_3_x,landmark_3_y,landmark_3_z,landmark_4_x,landmark_4_y,landmark_4_z,landmark_5_x,landmark_5_y,landmark_5_z,landmark_6_x,landmark_6_y,landmark_6_z,landmark_7_x,landmark_7_y,landmark_7_z,landmark_8_x,landmark_8_y,landmark_8_z,landmark_9_x,landmark_9_y,landmark_9_z,landmark_10_x,landmark_10_y,landmark_10_z,landmark_11_x,landmark_11_y,landmark_11_z,landmark_12_x,landmark_12_y,landmark_12_z,landmark_13_x,landmark_13_y,landmark_13_z,landmark_14_x,landmark_14_y,landmark_14_z,landmark_15_x,landmark_15_y,landmark_15_z,landmark_16_x,landmark_16_y,landmark_16_z,landmark_17_x,landmark_17_y,landmark_17_z,landmark_18_x,landmark_18_y,landmark_18_z,landmark_19_x,landmark_19_y,landmark_19_z,landmark_20_x,landmark_20_y,landmark_20_z,class
0.902801513671875,0.5904960632324219,1.1681203915259175e-07,0.8757326006889343,0.5443806648254395,-0.0013314198004081845,0.8364326357841492,0.5157129168510437,-0.004951565060764551,0.8019497990608215,0.5080456733703613,-0.008066718466579914,0.7762863039970398,0.5024829506874084,-0.012291770428419113,0.8205910921096802,0.5339898467063904,-0.020543478429317474,0.7720558047294617,0.5470237135887146,-0.030419306829571724,0.7441656589508057,0.5536807179450989,-0.0350552462041378,0.7220900058746338,0.558415412902832,-0.03770655021071434,0.8228152394294739,0.5684393048286438,-0.025333499535918236,0.7699275612831116,0.5794883966445923,-0.035437386482954025,0.7370128631591797,0.5830162763595581,-0.04049142450094223,0.7119086980819702,0.5845028758049011,-0.044005051255226135,0.8273950219154358,0.601114809513092,-0.02898457832634449,0.7770941257476807,0.6082451343536377,-0.03697039186954498,0.7450916767120361,0.6092721223831177,-0.04076020419597626,0.7209955453872681,0.6077037453651428,-0.04331120848655701,0.833922266960144,0.6303267478942871,-0.03209514543414116,0.7943105697631836,0.6348196268081665,-0.039611466228961945,0.769525408744812,0.6358897686004639,-0.04207402467727661,0.7500427961349487,0.6350845694541931,-0.042945876717567444,sol
