landmark_0_x,landmark_0_y,landmark_0_z,landmark_1_x,landmark_1_y,landmark_1_z,landmark_2_x,landmark_2_y,landmark_2_z,landmark_3_x,landmark_3_y,landmark_3_z,landmark_4_x,landmark_4_y,landmark_4_z,landmark_5_x,landmark_5_y,landmark_5_z,landmark_6_x,landmark_6_y,landmark_6_z,landmark_7_x,landmark_7_y,landmark_7_z,landmark_8_x,landmark_8_y,landmark_8_z,landmark_9_x,landmark_9_y,landmark_9_z,landmark_10_x,landmark_10_y,landmark_10_z,landmark_11_x,landmark_11_y,landmark_11_z,landmark_12_x,landmark_12_y,landmark_12_z,landmark_13_x,landmark_13_y,landmark_13_z,landmark_14_x,landmark_14_y,landmark_14_z,landmark_15_x,landmark_15_y,landmark_15_z,landmark_16_x,landmark_16_y,landmark_16_z,landmark_17_x,landmark_17_y,landmark_17_z,landmark_18_x,landmark_18_y,landmark_18_z,landmark_19_x,landmark_19_y,landmark_19_z,landmark_20_x,landmark_20_y,landmark_20_z,class
0.7452835440635681,0.25044146180152893,1.350015850221098e-07,0.712981104850769,0.20156754553318024,0.00827627070248127,0.6655529737472534,0.1773088276386261,0.007881274446845055,0.6264161467552185,0.16674046218395233,0.006007683463394642,0.598496675491333,0.15652666985988617,0.0021270785946398973,0.6430400609970093,0.17821671068668365,-0.016846520826220512,0.5807762742042542,0.187909796833992,-0.02748146280646324,0.5468255281448364,0.18797287344932556,-0.031512029469013214,0.5204590559005737,0.18623881042003632,-0.033263079822063446,0.6451732516288757,0.20872940123081207,-0.027519531548023224,0.5741866230964661,0.21694177389144897,-0.038691774010658264,0.5319982767105103,0.21655316650867462,-0.04305242374539375,0.5017708539962769,0.21408656239509583,-0.045429546386003494,0.6500750780105591,0.24356484413146973,-0.03625532239675522,0.5843339562416077,0.2515917122364044,-0.046236664056777954,0.5455094575881958,0.24925090372562408,-0.050816841423511505,0.5181517004966736,0.24344676733016968,-0.053136248141527176,0.6577801704406738,0.281781405210495,-0.04331495240330696,0.6048882007598877,0.28733524680137634,-0.0535547100007534,0.5745416879653931,0.2846485376358032,-0.05692283809185028,0.5505367517471313,0.27863720059394836,-0.057938382029533386,sol
