landmark_0_x,landmark_0_y,landmark_0_z,landmark_1_x,landmark_1_y,landmark_1_z,landmark_2_x,landmark_2_y,landmark_2_z,landmark_3_x,landmark_3_y,landmark_3_z,landmark_4_x,landmark_4_y,landmark_4_z,landmark_5_x,landmark_5_y,landmark_5_z,landmark_6_x,landmark_6_y,landmark_6_z,landmark_7_x,landmark_7_y,landmark_7_z,landmark_8_x,landmark_8_y,landmark_8_z,landmark_9_x,landmark_9_y,landmark_9_z,landmark_10_x,landmark_10_y,landmark_10_z,landmark_11_x,landmark_11_y,landmark_11_z,landmark_12_x,landmark_12_y,landmark_12_z,landmark_13_x,landmark_13_y,landmark_13_z,landmark_14_x,landmark_14_y,landmark_14_z,landmark_15_x,landmark_15_y,landmark_15_z,landmark_16_x,landmark_16_y,landmark_16_z,landmark_17_x,landmark_17_y,landmark_17_z,landmark_18_x,landmark_18_y,landmark_18_z,landmark_19_x,landmark_19_y,landmark_19_z,landmark_20_x,landmark_20_y,landmark_20_z,class
0.9635739922523499,0.5346551537513733,2.8303875865276495e-07,0.9118356108665466,0.43844690918922424,0.007552744820713997,0.8288310170173645,0.3890875577926636,0.005096073262393475,0.7566579580307007,0.36917635798454285,0.0023333588615059853,0.7062333226203918,0.3490850627422333,-0.003586978418752551,0.7908334136009216,0.4099493622779846,-0.03997796028852463,0.6808363199234009,0.42390191555023193,-0.058873407542705536,0.6188786625862122,0.43125835061073303,-0.06529902666807175,0.5711884498596191,0.4396452307701111,-0.06759101897478104,0.7915207147598267,0.47828155755996704,-0.05355989187955856,0.6685299873352051,0.48694536089897156,-0.07441073656082153,0.5949305295944214,0.49214762449264526,-0.08199817687273026,0.5420944094657898,0.4971846640110016,-0.08602778613567352,0.798602283000946,0.5473055839538574,-0.0633416548371315,0.686367392539978,0.5490033626556396,-0.07893020659685135,0.6199121475219727,0.5481220483779907,-0.08471203595399857,0.5729910135269165,0.54709792137146,-0.08755473047494888,0.8121612668037415,0.6162157654762268,-0.0706905797123909,0.722937285900116,0.6146784424781799,-0.08396903425455093,0.6725295186042786,0.6100351214408875,-0.08646775037050247,0.6328589916229248,0.6057114601135254,-0.08615593612194061,sol
