landmark_0_x,landmark_0_y,landmark_0_z,landmark_1_x,landmark_1_y,landmark_1_z,landmark_2_x,landmark_2_y,landmark_2_z,landmark_3_x,landmark_3_y,landmark_3_z,landmark_4_x,landmark_4_y,landmark_4_z,landmark_5_x,landmark_5_y,landmark_5_z,landmark_6_x,landmark_6_y,landmark_6_z,landmark_7_x,landmark_7_y,landmark_7_z,landmark_8_x,landmark_8_y,landmark_8_z,landmark_9_x,landmark_9_y,landmark_9_z,landmark_10_x,landmark_10_y,landmark_10_z,landmark_11_x,landmark_11_y,landmark_11_z,landmark_12_x,landmark_12_y,landmark_12_z,landmark_13_x,landmark_13_y,landmark_13_z,landmark_14_x,landmark_14_y,landmark_14_z,landmark_15_x,landmark_15_y,landmark_15_z,landmark_16_x,landmark_16_y,landmark_16_z,landmark_17_x,landmark_17_y,landmark_17_z,landmark_18_x,landmark_18_y,landmark_18_z,landmark_19_x,landmark_19_y,landmark_19_z,landmark_20_x,landmark_20_y,landmark_20_z,class
0.7355664372444153,0.5866257548332214,1.105090490227667e-07,0.7065224647521973,0.5460678935050964,0.0029382556676864624,0.6622956991195679,0.5215792059898376,-0.0010744088795036077,0.6272345781326294,0.5092670917510986,-0.005771438125520945,0.6026948094367981,0.49904665350914,-0.012520341202616692,0.6417680382728577,0.5159571766853333,-0.02119210734963417,0.588773787021637,0.5256564021110535,-0.03414282202720642,0.5555154085159302,0.5327757596969604,-0.04191257804632187,0.5290296077728271,0.538581907749176,-0.04720162972807884,0.6459442377090454,0.5442789793014526,-0.030528441071510315,0.5863102674484253,0.5521208643913269,-0.04359835758805275,0.5491499900817871,0.5565941333770752,-0.05073981732130051,0.5202897787094116,0.560049831867218,-0.056000545620918274,0.6528935432434082,0.57900470495224,-0.038295309990644455,0.5945335626602173,0.5873624682426453,-0.049848444759845734,0.5594373941421509,0.5881074666976929,-0.05436887592077255,0.533042848110199,0.5866125822067261,-0.05743745341897011,0.6616212129592896,0.6179845929145813,-0.0449514277279377,0.6169182658195496,0.6209772825241089,-0.05612492188811302,0.5899382829666138,0.6195657849311829,-0.059424836188554764,0.5683839321136475,0.6163390874862671,-0.0609462633728981,sol
