landmark_0_x,landmark_0_y,landmark_0_z,landmark_1_x,landmark_1_y,landmark_1_z,landmark_2_x,landmark_2_y,landmark_2_z,landmark_3_x,landmark_3_y,landmark_3_z,landmark_4_x,landmark_4_y,landmark_4_z,landmark_5_x,landmark_5_y,landmark_5_z,landmark_6_x,landmark_6_y,landmark_6_z,landmark_7_x,landmark_7_y,landmark_7_z,landmark_8_x,landmark_8_y,landmark_8_z,landmark_9_x,landmark_9_y,landmark_9_z,landmark_10_x,landmark_10_y,landmark_10_z,landmark_11_x,landmark_11_y,landmark_11_z,landmark_12_x,landmark_12_y,landmark_12_z,landmark_13_x,landmark_13_y,landmark_13_z,landmark_14_x,landmark_14_y,landmark_14_z,landmark_15_x,landmark_15_y,landmark_15_z,landmark_16_x,landmark_16_y,landmark_16_z,landmark_17_x,landmark_17_y,landmark_17_z,landmark_18_x,landmark_18_y,landmark_18_z,landmark_19_x,landmark_19_y,landmark_19_z,landmark_20_x,landmark_20_y,landmark_20_z,class
0.9306976199150085,0.5170858502388,3.268249031407322e-07,0.8736898303031921,0.3979165852069855,0.003306906670331955,0.7800552845001221,0.32654333114624023,-0.0015220504719763994,0.6974374055862427,0.3000982403755188,-0.006089834962040186,0.6377029418945312,0.279531329870224,-0.013764604926109314,0.7314941883087158,0.3605978786945343,-0.04387271776795387,0.6104410290718079,0.3744593858718872,-0.06487681716680527,0.5411423444747925,0.38105887174606323,-0.07366056740283966,0.4864429235458374,0.3876059353351593,-0.07819817215204239,0.7301038503646851,0.43982550501823425,-0.05735861137509346,0.5943719148635864,0.44362181425094604,-0.07914252579212189,0.513873815536499,0.44391125440597534,-0.08875353634357452,0.45528677105903625,0.44405174255371094,-0.09498588740825653,0.7351900935173035,0.5183380842208862,-0.06755673140287399,0.6085306406021118,0.512662410736084,-0.0848628580570221,0.5305377244949341,0.5102168321609497,-0.09421288222074509,0.47390538454055786,0.5085028409957886,-0.1004837229847908,0.7469125986099243,0.5946327447891235,-0.07569068670272827,0.6471056938171387,0.5829964876174927,-0.0915232002735138,0.5890236496925354,0.5748180150985718,-0.09672603011131287,0.5425388216972351,0.5669925212860107,-0.09873238950967789,sol
