landmark_0_x,landmark_0_y,landmark_0_z,landmark_1_x,landmark_1_y,landmark_1_z,landmark_2_x,landmark_2_y,landmark_2_z,landmark_3_x,landmark_3_y,landmark_3_z,landmark_4_x,landmark_4_y,landmark_4_z,landmark_5_x,landmark_5_y,landmark_5_z,landmark_6_x,landmark_6_y,landmark_6_z,landmark_7_x,landmark_7_y,landmark_7_z,landmark_8_x,landmark_8_y,landmark_8_z,landmark_9_x,landmark_9_y,landmark_9_z,landmark_10_x,landmark_10_y,landmark_10_z,landmark_11_x,landmark_11_y,landmark_11_z,landmark_12_x,landmark_12_y,landmark_12_z,landmark_13_x,landmark_13_y,landmark_13_z,landmark_14_x,landmark_14_y,landmark_14_z,landmark_15_x,landmark_15_y,landmark_15_z,landmark_16_x,landmark_16_y,landmark_16_z,landmark_17_x,landmark_17_y,landmark_17_z,landmark_18_x,landmark_18_y,landmark_18_z,landmark_19_x,landmark_19_y,landmark_19_z,landmark_20_x,landmark_20_y,landmark_20_z,class
0.6913471817970276,0.5737845301628113,1.5948475606819557e-07,0.669558584690094,0.52649986743927,0.0005008772714063525,0.63288813829422,0.4973929822444916,-0.0015343924751505256,0.5995158553123474,0.4864681363105774,-0.0034161233343183994,0.5740364789962769,0.4791758060455322,-0.006095455959439278,0.6105406284332275,0.5073119401931763,-0.015022103674709797,0.55849689245224,0.5087004899978638,-0.0228402279317379,0.5300765037536621,0.5071264505386353,-0.02631979063153267,0.5078206062316895,0.5059410333633423,-0.027765225619077682,0.6088047623634338,0.537595272064209,-0.01974494196474552,0.5522472858428955,0.5355960726737976,-0.02682030200958252,0.5192245244979858,0.5316526889801025,-0.03008866123855114,0.4949433505535126,0.528300404548645,-0.03210444003343582,0.6095905900001526,0.5686917304992676,-0.023346342146396637,0.5585958361625671,0.5651541352272034,-0.02838960662484169,0.527674674987793,0.5595165491104126,-0.03066357783973217,0.5055325627326965,0.5539844632148743,-0.03210171312093735,0.6129493713378906,0.5995302200317383,-0.026393821462988853,0.5725737810134888,0.5946263074874878,-0.030365610495209694,0.550504207611084,0.5884189009666443,-0.030191266909241676,0.5343330502510071,0.5822931528091431,-0.029274161905050278,sol
