landmark_0_x,landmark_0_y,landmark_0_z,landmark_1_x,landmark_1_y,landmark_1_z,landmark_2_x,landmark_2_y,landmark_2_z,landmark_3_x,landmark_3_y,landmark_3_z,landmark_4_x,landmark_4_y,landmark_4_z,landmark_5_x,landmark_5_y,landmark_5_z,landmark_6_x,landmark_6_y,landmark_6_z,landmark_7_x,landmark_7_y,landmark_7_z,landmark_8_x,landmark_8_y,landmark_8_z,landmark_9_x,landmark_9_y,landmark_9_z,landmark_10_x,landmark_10_y,landmark_10_z,landmark_11_x,landmark_11_y,landmark_11_z,landmark_12_x,landmark_12_y,landmark_12_z,landmark_13_x,landmark_13_y,landmark_13_z,landmark_14_x,landmark_14_y,landmark_14_z,landmark_15_x,landmark_15_y,landmark_15_z,landmark_16_x,landmark_16_y,landmark_16_z,landmark_17_x,landmark_17_y,landmark_17_z,landmark_18_x,landmark_18_y,landmark_18_z,landmark_19_x,landmark_19_y,landmark_19_z,landmark_20_x,landmark_20_y,landmark_20_z,class
0.7136980891227722,0.7091425657272339,1.258194117781386e-07,0.6833561062812805,0.6667183041572571,0.00010168621520278975,0.6369847059249878,0.6383001804351807,-0.005349642131477594,0.6001193523406982,0.6273072957992554,-0.010932105593383312,0.5767215490341187,0.6060736775398254,-0.018321599811315536,0.627621054649353,0.6403941512107849,-0.026338042691349983,0.5718128681182861,0.6493578553199768,-0.040284186601638794,0.537959098815918,0.6561890244483948,-0.047265008091926575,0.5102517604827881,0.6623559594154358,-0.05168582499027252,0.6319637894630432,0.6713793873786926,-0.03463092818856239,0.5708954334259033,0.6779832243919373,-0.048042308539152145,0.5310916900634766,0.6846963167190552,-0.05447344109416008,0.5005955696105957,0.6917275786399841,-0.059431832283735275,0.6384881138801575,0.707438051700592,-0.041479066014289856,0.5804920792579651,0.7147757411003113,-0.05294094234704971,0.5444412231445312,0.7200355529785156,-0.056999966502189636,0.5174923539161682,0.723792314529419,-0.05983579158782959,0.6450603008270264,0.7475212812423706,-0.04751415178179741,0.5999451279640198,0.7491462826728821,-0.058181773871183395,0.5716046094894409,0.7484718561172485,-0.061667222529649734,0.5484305620193481,0.7472016215324402,-0.06351461261510849,sol
