landmark_0_x,landmark_0_y,landmark_0_z,landmark_1_x,landmark_1_y,landmark_1_z,landmark_2_x,landmark_2_y,landmark_2_z,landmark_3_x,landmark_3_y,landmark_3_z,landmark_4_x,landmark_4_y,landmark_4_z,landmark_5_x,landmark_5_y,landmark_5_z,landmark_6_x,landmark_6_y,landmark_6_z,landmark_7_x,landmark_7_y,landmark_7_z,landmark_8_x,landmark_8_y,landmark_8_z,landmark_9_x,landmark_9_y,landmark_9_z,landmark_10_x,landmark_10_y,landmark_10_z,landmark_11_x,landmark_11_y,landmark_11_z,landmark_12_x,landmark_12_y,landmark_12_z,landmark_13_x,landmark_13_y,landmark_13_z,landmark_14_x,landmark_14_y,landmark_14_z,landmark_15_x,landmark_15_y,landmark_15_z,landmark_16_x,landmark_16_y,landmark_16_z,landmark_17_x,landmark_17_y,landmark_17_z,landmark_18_x,landmark_18_y,landmark_18_z,landmark_19_x,landmark_19_y,landmark_19_z,landmark_20_x,landmark_20_y,landmark_20_z,class
0.8090747594833374,0.43408817052841187,8.052793276647208e-08,0.7797863483428955,0.39737191796302795,0.002560374094173312,0.7412450909614563,0.37607985734939575,0.00019861137843690813,0.7097864151000977,0.36796432733535767,-0.0029372689314186573,0.6876921653747559,0.3564372658729553,-0.007399377878755331,0.7303712368011475,0.3780583143234253,-0.014370033517479897,0.6856957674026489,0.38358479738235474,-0.023954734206199646,0.6592383980751038,0.385772168636322,-0.029138874262571335,0.6378694176673889,0.3864602744579315,-0.03230716660618782,0.733316957950592,0.4010021984577179,-0.021729378029704094,0.6837974786758423,0.40677374601364136,-0.0306521225720644,0.6531481742858887,0.4083058834075928,-0.03582863137125969,0.6296654939651489,0.40824249386787415,-0.039819326251745224,0.7383580207824707,0.4276409447193146,-0.02801153063774109,0.6911852359771729,0.43274378776550293,-0.03570083528757095,0.6613470911979675,0.43392255902290344,-0.03982629254460335,0.6381464600563049,0.43285179138183594,-0.04295579344034195,0.7453226447105408,0.45666149258613586,-0.03347297012805939,0.7096654772758484,0.4603593945503235,-0.04056182876229286,0.6876019239425659,0.45962008833885193,-0.04298152029514313,0.6692841053009033,0.4578298330307007,-0.04441620782017708,sol
