landmark_0_x,landmark_0_y,landmark_0_z,landmark_1_x,landmark_1_y,landmark_1_z,landmark_2_x,landmark_2_y,landmark_2_z,landmark_3_x,landmark_3_y,landmark_3_z,landmark_4_x,landmark_4_y,landmark_4_z,landmark_5_x,landmark_5_y,landmark_5_z,landmark_6_x,landmark_6_y,landmark_6_z,landmark_7_x,landmark_7_y,landmark_7_z,landmark_8_x,landmark_8_y,landmark_8_z,landmark_9_x,landmark_9_y,landmark_9_z,landmark_10_x,landmark_10_y,landmark_10_z,landmark_11_x,landmark_11_y,landmark_11_z,landmark_12_x,landmark_12_y,landmark_12_z,landmark_13_x,landmark_13_y,landmark_13_z,landmark_14_x,landmark_14_y,landmark_14_z,landmark_15_x,landmark_15_y,landmark_15_z,landmark_16_x,landmark_16_y,landmark_16_z,landmark_17_x,landmark_17_y,landmark_17_z,landmark_18_x,landmark_18_y,landmark_18_z,landmark_19_x,landmark_19_y,landmark_19_z,landmark_20_x,landmark_20_y,landmark_20_z,class
0.7840088605880737,0.7677931785583496,1.1737093075225857e-07,0.7621983885765076,0.7276164889335632,0.0002781086368486285,0.7306880354881287,0.7003005743026733,-0.0032219220884144306,0.7039227485656738,0.68845134973526,-0.0063874018378555775,0.6838546395301819,0.6796262264251709,-0.010614189319312572,0.7215693593025208,0.7098814845085144,-0.020344454795122147,0.6783707737922668,0.7140640020370483,-0.029438087716698647,0.6535301208496094,0.7163873314857483,-0.03313107416033745,0.6343474388122559,0.7176961302757263,-0.03494132310152054,0.7218022346496582,0.7386255264282227,-0.02534787729382515,0.6736681461334229,0.7408109903335571,-0.03491877019405365,0.6449066996574402,0.7399394512176514,-0.03880307078361511,0.6236209273338318,0.7379480004310608,-0.04120967537164688,0.7232071161270142,0.7674232721328735,-0.028949925675988197,0.6780917048454285,0.7674978971481323,-0.03640216588973999,0.6502365469932556,0.7656031847000122,-0.0393228754401207,0.629513680934906,0.7625030279159546,-0.04103882238268852,0.7260500192642212,0.7943496704101562,-0.031807634979486465,0.691737711429596,0.7921072244644165,-0.038210541009902954,0.6710128784179688,0.789280891418457,-0.03978245332837105,0.6549429893493652,0.7864766120910645,-0.040104929357767105,sol
