landmark_0_x,landmark_0_y,landmark_0_z,landmark_1_x,landmark_1_y,landmark_1_z,landmark_2_x,landmark_2_y,landmark_2_z,landmark_3_x,landmark_3_y,landmark_3_z,landmark_4_x,landmark_4_y,landmark_4_z,landmark_5_x,landmark_5_y,landmark_5_z,landmark_6_x,landmark_6_y,landmark_6_z,landmark_7_x,landmark_7_y,landmark_7_z,landmark_8_x,landmark_8_y,landmark_8_z,landmark_9_x,landmark_9_y,landmark_9_z,landmark_10_x,landmark_10_y,landmark_10_z,landmark_11_x,landmark_11_y,landmark_11_z,landmark_12_x,landmark_12_y,landmark_12_z,landmark_13_x,landmark_13_y,landmark_13_z,landmark_14_x,landmark_14_y,landmark_14_z,landmark_15_x,landmark_15_y,landmark_15_z,landmark_16_x,landmark_16_y,landmark_16_z,landmark_17_x,landmark_17_y,landmark_17_z,landmark_18_x,landmark_18_y,landmark_18_z,landmark_19_x,landmark_19_y,landmark_19_z,landmark_20_x,landmark_20_y,landmark_20_z,class
0.8301485776901245,0.23092210292816162,1.9177876708909025e-07,0.7863196730613708,0.17525845766067505,0.006678602192550898,0.7307977676391602,0.14974907040596008,0.005641127936542034,0.6840388178825378,0.14342941343784332,0.0029359261970967054,0.64882493019104,0.13989076018333435,-0.0013498113257810473,0.7036614418029785,0.1651972085237503,-0.014659197069704533,0.6358024477958679,0.18585754930973053,-0.027177078649401665,0.5970205664634705,0.19332589209079742,-0.03298312798142433,0.5664130449295044,0.19615910947322845,-0.03546178713440895,0.7052604556083679,0.20355968177318573,-0.02517394721508026,0.6322312951087952,0.2209509015083313,-0.03848995640873909,0.5873352289199829,0.22603052854537964,-0.04396716132760048,0.5534037947654724,0.2254878580570221,-0.04647468402981758,0.7105751037597656,0.2440183162689209,-0.03429080918431282,0.641261637210846,0.25790226459503174,-0.044984009116888046,0.5969301462173462,0.26160866022109985,-0.04813322424888611,0.5639307498931885,0.2593783140182495,-0.04876662790775299,0.720437228679657,0.2852887511253357,-0.04231969639658928,0.6597816944122314,0.2924070954322815,-0.05064583197236061,0.6235690712928772,0.2931995987892151,-0.05144890397787094,0.5953478217124939,0.2906586825847626,-0.05004193261265755,sol
