landmark_0_x,landmark_0_y,landmark_0_z,landmark_1_x,landmark_1_y,landmark_1_z,landmark_2_x,landmark_2_y,landmark_2_z,landmark_3_x,landmark_3_y,landmark_3_z,landmark_4_x,landmark_4_y,landmark_4_z,landmark_5_x,landmark_5_y,landmark_5_z,landmark_6_x,landmark_6_y,landmark_6_z,landmark_7_x,landmark_7_y,landmark_7_z,landmark_8_x,landmark_8_y,landmark_8_z,landmark_9_x,landmark_9_y,landmark_9_z,landmark_10_x,landmark_10_y,landmark_10_z,landmark_11_x,landmark_11_y,landmark_11_z,landmark_12_x,landmark_12_y,landmark_12_z,landmark_13_x,landmark_13_y,landmark_13_z,landmark_14_x,landmark_14_y,landmark_14_z,landmark_15_x,landmark_15_y,landmark_15_z,landmark_16_x,landmark_16_y,landmark_16_z,landmark_17_x,landmark_17_y,landmark_17_z,landmark_18_x,landmark_18_y,landmark_18_z,landmark_19_x,landmark_19_y,landmark_19_z,landmark_20_x,landmark_20_y,landmark_20_z,class
0.849892258644104,0.29014673829078674,1.7777581717837165e-07,0.8116678595542908,0.19503222405910492,0.014918971806764603,0.7414361834526062,0.13704580068588257,0.016186688095331192,0.6739322543144226,0.11267764866352081,0.015745632350444794,0.6375105977058411,0.09643834084272385,0.012687074951827526,0.6996551752090454,0.13793617486953735,-0.02734774723649025,0.608022928237915,0.1509505808353424,-0.04498543217778206,0.5537736415863037,0.15693043172359467,-0.05603816360235214,0.5125052332878113,0.16268301010131836,-0.062017567455768585,0.6937767863273621,0.19964417815208435,-0.039309967309236526,0.592621922492981,0.201887845993042,-0.05390477180480957,0.5311814546585083,0.20232538878917694,-0.05912405252456665,0.4849123954772949,0.20457777380943298,-0.06265034526586533,0.6951692700386047,0.2626562714576721,-0.046661924570798874,0.6145716309547424,0.2690010666847229,-0.054270654916763306,0.6140474081039429,0.2645489275455475,-0.0432136207818985,0.6284509897232056,0.2613546848297119,-0.033214326947927475,0.7025753855705261,0.3253747224807739,-0.05257377773523331,0.6260495781898499,0.3111453056335449,-0.05414688214659691,0.5969011783599854,0.29811975359916687,-0.04311421513557434,0.5777791142463684,0.2841017544269562,-0.033299777656793594,sol
