landmark_0_x,landmark_0_y,landmark_0_z,landmark_1_x,landmark_1_y,landmark_1_z,landmark_2_x,landmark_2_y,landmark_2_z,landmark_3_x,landmark_3_y,landmark_3_z,landmark_4_x,landmark_4_y,landmark_4_z,landmark_5_x,landmark_5_y,landmark_5_z,landmark_6_x,landmark_6_y,landmark_6_z,landmark_7_x,landmark_7_y,landmark_7_z,landmark_8_x,landmark_8_y,landmark_8_z,landmark_9_x,landmark_9_y,landmark_9_z,landmark_10_x,landmark_10_y,landmark_10_z,landmark_11_x,landmark_11_y,landmark_11_z,landmark_12_x,landmark_12_y,landmark_12_z,landmark_13_x,landmark_13_y,landmark_13_z,landmark_14_x,landmark_14_y,landmark_14_z,landmark_15_x,landmark_15_y,landmark_15_z,landmark_16_x,landmark_16_y,landmark_16_z,landmark_17_x,landmark_17_y,landmark_17_z,landmark_18_x,landmark_18_y,landmark_18_z,landmark_19_x,landmark_19_y,landmark_19_z,landmark_20_x,landmark_20_y,landmark_20_z,class
0.9710701704025269,0.6434552073478699,1.5046317969336087e-07,0.9406508207321167,0.5885014533996582,-0.0007402532501146197,0.8967912197113037,0.5522809624671936,-0.00662710377946496,0.857871413230896,0.5366644263267517,-0.01229663472622633,0.8281620144844055,0.5258352160453796,-0.019618116319179535,0.8846194744110107,0.5648099780082703,-0.03046165220439434,0.8204004168510437,0.5665976405143738,-0.04572201520204544,0.782581627368927,0.565355122089386,-0.05257328972220421,0.7522783279418945,0.5640377998352051,-0.056364789605140686,0.8837683796882629,0.6044511795043945,-0.03883407264947891,0.8125619292259216,0.6026228070259094,-0.05477244779467583,0.7682787775993347,0.5975826382637024,-0.06273995339870453,0.7351400852203369,0.5927035212516785,-0.06789341568946838,0.884860098361969,0.6452204585075378,-0.04542124271392822,0.8176193237304688,0.641974151134491,-0.05864866450428963,0.7742470502853394,0.6360363364219666,-0.06522607058286667,0.7418619394302368,0.6293010711669922,-0.06916061788797379,0.8874143362045288,0.6842604279518127,-0.05102314054965973,0.8358767032623291,0.6792367100715637,-0.06251541525125504,0.803072988986969,0.6718859672546387,-0.06669221073389053,0.7773451209068298,0.6641270518302917,-0.06856800615787506,sol
