landmark_0_x,landmark_0_y,landmark_0_z,landmark_1_x,landmark_1_y,landmark_1_z,landmark_2_x,landmark_2_y,landmark_2_z,landmark_3_x,landmark_3_y,landmark_3_z,landmark_4_x,landmark_4_y,landmark_4_z,landmark_5_x,landmark_5_y,landmark_5_z,landmark_6_x,landmark_6_y,landmark_6_z,landmark_7_x,landmark_7_y,landmark_7_z,landmark_8_x,landmark_8_y,landmark_8_z,landmark_9_x,landmark_9_y,landmark_9_z,landmark_10_x,landmark_10_y,landmark_10_z,landmark_11_x,landmark_11_y,landmark_11_z,landmark_12_x,landmark_12_y,landmark_12_z,landmark_13_x,landmark_13_y,landmark_13_z,landmark_14_x,landmark_14_y,landmark_14_z,landmark_15_x,landmark_15_y,landmark_15_z,landmark_16_x,landmark_16_y,landmark_16_z,landmark_17_x,landmark_17_y,landmark_17_z,landmark_18_x,landmark_18_y,landmark_18_z,landmark_19_x,landmark_19_y,landmark_19_z,landmark_20_x,landmark_20_y,landmark_20_z,class
0.8076174259185791,0.7668601870536804,2.7107327582598373e-07,0.7616244554519653,0.6771888136863708,0.0012089816154912114,0.6947228908538818,0.6262791752815247,-0.004491220694035292,0.6312642693519592,0.6153639554977417,-0.008884657174348831,0.5881109833717346,0.5946384072303772,-0.0149546442553401,0.6656923294067383,0.667528510093689,-0.03755968436598778,0.5731014013290405,0.6885337829589844,-0.05272186920046806,0.5217173099517822,0.7025899291038513,-0.05676179751753807,0.48169055581092834,0.7144094705581665,-0.05803897604346275,0.6660308241844177,0.7303028106689453,-0.04460138455033302,0.5652905702590942,0.7471646666526794,-0.0632433146238327,0.5061918497085571,0.7585227489471436,-0.06912913918495178,0.4622446298599243,0.7657132744789124,-0.07168453931808472,0.6703923344612122,0.7881715893745422,-0.048411812633275986,0.5792589783668518,0.7998908162117004,-0.06079433113336563,0.5261129140853882,0.8047668933868408,-0.06305378675460815,0.4863869249820709,0.8064891695976257,-0.06369256973266602,0.6807706952095032,0.8412428498268127,-0.05073881894350052,0.6101201772689819,0.8468378186225891,-0.05884316936135292,0.5710040330886841,0.847233235836029,-0.05833470821380615,0.5383461713790894,0.8461783528327942,-0.056323934346437454,sol
