landmark_0_x,landmark_0_y,landmark_0_z,landmark_1_x,landmark_1_y,landmark_1_z,landmark_2_x,landmark_2_y,landmark_2_z,landmark_3_x,landmark_3_y,landmark_3_z,landmark_4_x,landmark_4_y,landmark_4_z,landmark_5_x,landmark_5_y,landmark_5_z,landmark_6_x,landmark_6_y,landmark_6_z,landmark_7_x,landmark_7_y,landmark_7_z,landmark_8_x,landmark_8_y,landmark_8_z,landmark_9_x,landmark_9_y,landmark_9_z,landmark_10_x,landmark_10_y,landmark_10_z,landmark_11_x,landmark_11_y,landmark_11_z,landmark_12_x,landmark_12_y,landmark_12_z,landmark_13_x,landmark_13_y,landmark_13_z,landmark_14_x,landmark_14_y,landmark_14_z,landmark_15_x,landmark_15_y,landmark_15_z,landmark_16_x,landmark_16_y,landmark_16_z,landmark_17_x,landmark_17_y,landmark_17_z,landmark_18_x,landmark_18_y,landmark_18_z,landmark_19_x,landmark_19_y,landmark_19_z,landmark_20_x,landmark_20_y,landmark_20_z,class
0.9087680578231812,0.4908546507358551,1.7281530517720967e-07,0.8787621259689331,0.4462970495223999,-0.0005355929606594145,0.835942268371582,0.4200175404548645,-0.005210204515606165,0.8002031445503235,0.4124106466770172,-0.009420524351298809,0.7740143537521362,0.4016125202178955,-0.01509779505431652,0.8227629661560059,0.434356153011322,-0.025614026933908463,0.7707058191299438,0.44598910212516785,-0.03728897124528885,0.7413584589958191,0.4502066969871521,-0.04212132468819618,0.7184257507324219,0.45231837034225464,-0.04463883489370346,0.8266680240631104,0.4684407114982605,-0.03168715164065361,0.7688094973564148,0.4777967035770416,-0.04370998591184616,0.7335847020149231,0.4784201681613922,-0.04870998486876488,0.7076762318611145,0.47677692770957947,-0.05194491893053055,0.8328142166137695,0.5024205446243286,-0.03629248961806297,0.7772897481918335,0.5100922584533691,-0.04630456119775772,0.742943286895752,0.5098191499710083,-0.050937194377183914,0.7175716161727905,0.5068433880805969,-0.05383956432342529,0.8408728837966919,0.5346867442131042,-0.039984311908483505,0.7979757785797119,0.538558840751648,-0.049353647977113724,0.771416187286377,0.5378372073173523,-0.052856747061014175,0.7503160238265991,0.5353347659111023,-0.054415419697761536,sol
