landmark_0_x,landmark_0_y,landmark_0_z,landmark_1_x,landmark_1_y,landmark_1_z,landmark_2_x,landmark_2_y,landmark_2_z,landmark_3_x,landmark_3_y,landmark_3_z,landmark_4_x,landmark_4_y,landmark_4_z,landmark_5_x,landmark_5_y,landmark_5_z,landmark_6_x,landmark_6_y,landmark_6_z,landmark_7_x,landmark_7_y,landmark_7_z,landmark_8_x,landmark_8_y,landmark_8_z,landmark_9_x,landmark_9_y,landmark_9_z,landmark_10_x,landmark_10_y,landmark_10_z,landmark_11_x,landmark_11_y,landmark_11_z,landmark_12_x,landmark_12_y,landmark_12_z,landmark_13_x,landmark_13_y,landmark_13_z,landmark_14_x,landmark_14_y,landmark_14_z,landmark_15_x,landmark_15_y,landmark_15_z,landmark_16_x,landmark_16_y,landmark_16_z,landmark_17_x,landmark_17_y,landmark_17_z,landmark_18_x,landmark_18_y,landmark_18_z,landmark_19_x,landmark_19_y,landmark_19_z,landmark_20_x,landmark_20_y,landmark_20_z,class
0.8215328454971313,0.7286702394485474,2.1022147222993226e-07,0.7853178977966309,0.6424220204353333,0.006696955766528845,0.7254994511604309,0.5985018014907837,0.00872904434800148,0.6707088947296143,0.5889061093330383,0.010447037406265736,0.6317877769470215,0.580142617225647,0.011414613574743271,0.6828931570053101,0.6278266906738281,-0.012051302939653397,0.6067364811897278,0.6389341950416565,-0.018548155203461647,0.5647143125534058,0.6447178721427917,-0.02052779123187065,0.5322683453559875,0.6496817469596863,-0.021286090835928917,0.6801210641860962,0.6834124326705933,-0.018965749070048332,0.5978020429611206,0.690990149974823,-0.027629580348730087,0.5493767261505127,0.6930002570152283,-0.03105713240802288,0.5125929117202759,0.6939002275466919,-0.03287384286522865,0.6826778650283813,0.7331196069717407,-0.023787526413798332,0.6083123683929443,0.7329382300376892,-0.029382674023509026,0.5636383891105652,0.7273004055023193,-0.031601399183273315,0.5303207635879517,0.7213239073753357,-0.03296573460102081,0.6913591623306274,0.7757384181022644,-0.027292797341942787,0.63396155834198,0.7718997001647949,-0.031198415905237198,0.6002265214920044,0.7697702646255493,-0.03057285025715828,0.5741278529167175,0.7666217684745789,-0.02882927842438221,sol
