landmark_0_x,landmark_0_y,landmark_0_z,landmark_1_x,landmark_1_y,landmark_1_z,landmark_2_x,landmark_2_y,landmark_2_z,landmark_3_x,landmark_3_y,landmark_3_z,landmark_4_x,landmark_4_y,landmark_4_z,landmark_5_x,landmark_5_y,landmark_5_z,landmark_6_x,landmark_6_y,landmark_6_z,landmark_7_x,landmark_7_y,landmark_7_z,landmark_8_x,landmark_8_y,landmark_8_z,landmark_9_x,landmark_9_y,landmark_9_z,landmark_10_x,landmark_10_y,landmark_10_z,landmark_11_x,landmark_11_y,landmark_11_z,landmark_12_x,landmark_12_y,landmark_12_z,landmark_13_x,landmark_13_y,landmark_13_z,landmark_14_x,landmark_14_y,landmark_14_z,landmark_15_x,landmark_15_y,landmark_15_z,landmark_16_x,landmark_16_y,landmark_16_z,landmark_17_x,landmark_17_y,landmark_17_z,landmark_18_x,landmark_18_y,landmark_18_z,landmark_19_x,landmark_19_y,landmark_19_z,landmark_20_x,landmark_20_y,landmark_20_z,class
0.7656934857368469,0.2608339190483093,8.269834239627016e-08,0.7292693853378296,0.22336575388908386,0.0040772645734250546,0.6883305311203003,0.2088862657546997,0.0013325290055945516,0.6548340916633606,0.20413503050804138,-0.0031112150754779577,0.6309699416160583,0.19420693814754486,-0.00884239375591278,0.6703212857246399,0.2215198278427124,-0.010382095351815224,0.6187469959259033,0.23928619921207428,-0.020579595118761063,0.5891326069831848,0.24719034135341644,-0.026493845507502556,0.5660474300384521,0.252713143825531,-0.02992364764213562,0.6739115118980408,0.24759536981582642,-0.018945293501019478,0.6170758605003357,0.2646239399909973,-0.02794954553246498,0.5820167660713196,0.27121952176094055,-0.033437684178352356,0.5548195838928223,0.2735341489315033,-0.03737149015069008,0.6809428334236145,0.27515271306037903,-0.026649340987205505,0.6268153786659241,0.28859931230545044,-0.033822737634181976,0.593987226486206,0.2924778163433075,-0.03752809390425682,0.5686330199241638,0.2916676700115204,-0.04041215404868126,0.6903510689735413,0.3029767870903015,-0.033612847328186035,0.6513282656669617,0.3118707835674286,-0.0399201326072216,0.6271399855613708,0.314182311296463,-0.04120749980211258,0.6070960164070129,0.3145368695259094,-0.04163910448551178,sol
