landmark_0_x,landmark_0_y,landmark_0_z,landmark_1_x,landmark_1_y,landmark_1_z,landmark_2_x,landmark_2_y,landmark_2_z,landmark_3_x,landmark_3_y,landmark_3_z,landmark_4_x,landmark_4_y,landmark_4_z,landmark_5_x,landmark_5_y,landmark_5_z,landmark_6_x,landmark_6_y,landmark_6_z,landmark_7_x,landmark_7_y,landmark_7_z,landmark_8_x,landmark_8_y,landmark_8_z,landmark_9_x,landmark_9_y,landmark_9_z,landmark_10_x,landmark_10_y,landmark_10_z,landmark_11_x,landmark_11_y,landmark_11_z,landmark_12_x,landmark_12_y,landmark_12_z,landmark_13_x,landmark_13_y,landmark_13_z,landmark_14_x,landmark_14_y,landmark_14_z,landmark_15_x,landmark_15_y,landmark_15_z,landmark_16_x,landmark_16_y,landmark_16_z,landmark_17_x,landmark_17_y,landmark_17_z,landmark_18_x,landmark_18_y,landmark_18_z,landmark_19_x,landmark_19_y,landmark_19_z,landmark_20_x,landmark_20_y,landmark_20_z,class
0.7517141699790955,0.5020595788955688,1.6639916111671482e-07,0.7218520641326904,0.4619092345237732,0.0002720878110267222,0.6768125891685486,0.43836838006973267,-0.004437155555933714,0.6412443518638611,0.4254818558692932,-0.009130839258432388,0.6187363266944885,0.4087374210357666,-0.015385218895971775,0.6601560711860657,0.43648719787597656,-0.021556582301855087,0.6063534617424011,0.44731849431991577,-0.03330812230706215,0.573765218257904,0.45294395089149475,-0.03958923742175102,0.5473134517669678,0.4556753635406494,-0.04349787160754204,0.6639007925987244,0.46541303396224976,-0.028861379250884056,0.6040650606155396,0.47406333684921265,-0.04034494608640671,0.5667642951011658,0.47692209482192993,-0.046432383358478546,0.5371151566505432,0.4766389727592468,-0.05059211328625679,0.6701703667640686,0.4983843266963959,-0.03475949168205261,0.6131235361099243,0.5066852569580078,-0.044664472341537476,0.5783235430717468,0.5058025121688843,-0.048698410391807556,0.551774263381958,0.5014980435371399,-0.051196906715631485,0.6783507466316223,0.5343030691146851,-0.039883747696876526,0.6340128779411316,0.5374030470848083,-0.048283860087394714,0.6090460419654846,0.5360917448997498,-0.049808453768491745,0.5888796448707581,0.5328595638275146,-0.05010996013879776,sol
