landmark_0_x,landmark_0_y,landmark_0_z,landmark_1_x,landmark_1_y,landmark_1_z,landmark_2_x,landmark_2_y,landmark_2_z,landmark_3_x,landmark_3_y,landmark_3_z,landmark_4_x,landmark_4_y,landmark_4_z,landmark_5_x,landmark_5_y,landmark_5_z,landmark_6_x,landmark_6_y,landmark_6_z,landmark_7_x,landmark_7_y,landmark_7_z,landmark_8_x,landmark_8_y,landmark_8_z,landmark_9_x,landmark_9_y,landmark_9_z,landmark_10_x,landmark_10_y,landmark_10_z,landmark_11_x,landmark_11_y,landmark_11_z,landmark_12_x,landmark_12_y,landmark_12_z,landmark_13_x,landmark_13_y,landmark_13_z,landmark_14_x,landmark_14_y,landmark_14_z,landmark_15_x,landmark_15_y,landmark_15_z,landmark_16_x,landmark_16_y,landmark_16_z,landmark_17_x,landmark_17_y,landmark_17_z,landmark_18_x,landmark_18_y,landmark_18_z,landmark_19_x,landmark_19_y,landmark_19_z,landmark_20_x,landmark_20_y,landmark_20_z,class
0.8577443361282349,0.2514953911304474,1.641654421291605e-07,0.8139008283615112,0.1601250171661377,0.007805333938449621,0.741311252117157,0.10601828247308731,0.005340863019227982,0.678872287273407,0.08249777555465698,0.0017917932709679008,0.6358093619346619,0.0574946403503418,-0.004658469930291176,0.7068490982055664,0.11057307571172714,-0.02959338389337063,0.6121126413345337,0.11697005480527878,-0.046046655625104904,0.5579751133918762,0.11817192286252975,-0.05332522839307785,0.515285074710846,0.11939721554517746,-0.05732918530702591,0.7049188017845154,0.1680280566215515,-0.043153222650289536,0.5984227657318115,0.16938908398151398,-0.059771180152893066,0.5346881747245789,0.16660289466381073,-0.06744562834501266,0.48827195167541504,0.16383859515190125,-0.07275323569774628,0.7081465125083923,0.2298089563846588,-0.05380478501319885,0.6111928224563599,0.22734807431697845,-0.06720338016748428,0.5536131262779236,0.22050459682941437,-0.07367490231990814,0.512962281703949,0.2142987847328186,-0.07791762799024582,0.7168627977371216,0.2939058244228363,-0.062402378767728806,0.6403952836990356,0.28692826628685,-0.07437140494585037,0.5965080857276917,0.2810192108154297,-0.0777372419834137,0.5616593360900879,0.276644229888916,-0.07890868932008743,sol
