landmark_0_x,landmark_0_y,landmark_0_z,landmark_1_x,landmark_1_y,landmark_1_z,landmark_2_x,landmark_2_y,landmark_2_z,landmark_3_x,landmark_3_y,landmark_3_z,landmark_4_x,landmark_4_y,landmark_4_z,landmark_5_x,landmark_5_y,landmark_5_z,landmark_6_x,landmark_6_y,landmark_6_z,landmark_7_x,landmark_7_y,landmark_7_z,landmark_8_x,landmark_8_y,landmark_8_z,landmark_9_x,landmark_9_y,landmark_9_z,landmark_10_x,landmark_10_y,landmark_10_z,landmark_11_x,landmark_11_y,landmark_11_z,landmark_12_x,landmark_12_y,landmark_12_z,landmark_13_x,landmark_13_y,landmark_13_z,landmark_14_x,landmark_14_y,landmark_14_z,landmark_15_x,landmark_15_y,landmark_15_z,landmark_16_x,landmark_16_y,landmark_16_z,landmark_17_x,landmark_17_y,landmark_17_z,landmark_18_x,landmark_18_y,landmark_18_z,landmark_19_x,landmark_19_y,landmark_19_z,landmark_20_x,landmark_20_y,landmark_20_z,class
0.6706268191337585,0.7665291428565979,1.5525745311606443e-07,0.6494443416595459,0.7173660397529602,0.0014509313041344285,0.6158542037010193,0.6852005124092102,-0.0002810682635754347,0.585832417011261,0.6715199947357178,-0.0017525493167340755,0.5633429288864136,0.661934494972229,-0.003720164066180587,0.5964200496673584,0.7030829191207886,-0.015393898822367191,0.5494975447654724,0.7023395299911499,-0.022068051621317863,0.5229372978210449,0.7026883959770203,-0.023898709565401077,0.5027111768722534,0.7033224701881409,-0.024406511336565018,0.5938236713409424,0.7353366613388062,-0.019619189202785492,0.5425105690956116,0.7329772710800171,-0.027794282883405685,0.511629581451416,0.7307456135749817,-0.030580371618270874,0.4888564944267273,0.7286309599876404,-0.031818654388189316,0.5937561392784119,0.7653993368148804,-0.022369928658008575,0.547250509262085,0.7615308165550232,-0.027865175157785416,0.5186707973480225,0.7568057775497437,-0.029659012332558632,0.49784743785858154,0.7518444657325745,-0.03053181804716587,0.5970289707183838,0.7926228046417236,-0.024421419948339462,0.5622109770774841,0.7890180349349976,-0.0282676350325346,0.5419511198997498,0.7856823205947876,-0.028253519907593727,0.5266520380973816,0.7820520401000977,-0.027351796627044678,sol
