landmark_0_x,landmark_0_y,landmark_0_z,landmark_1_x,landmark_1_y,landmark_1_z,landmark_2_x,landmark_2_y,landmark_2_z,landmark_3_x,landmark_3_y,landmark_3_z,landmark_4_x,landmark_4_y,landmark_4_z,landmark_5_x,landmark_5_y,landmark_5_z,landmark_6_x,landmark_6_y,landmark_6_z,landmark_7_x,landmark_7_y,landmark_7_z,landmark_8_x,landmark_8_y,landmark_8_z,landmark_9_x,landmark_9_y,landmark_9_z,landmark_10_x,landmark_10_y,landmark_10_z,landmark_11_x,landmark_11_y,landmark_11_z,landmark_12_x,landmark_12_y,landmark_12_z,landmark_13_x,landmark_13_y,landmark_13_z,landmark_14_x,landmark_14_y,landmark_14_z,landmark_15_x,landmark_15_y,landmark_15_z,landmark_16_x,landmark_16_y,landmark_16_z,landmark_17_x,landmark_17_y,landmark_17_z,landmark_18_x,landmark_18_y,landmark_18_z,landmark_19_x,landmark_19_y,landmark_19_z,landmark_20_x,landmark_20_y,landmark_20_z,class
1.0246237516403198,0.6149787902832031,3.617189747728844e-07,0.9941537976264954,0.5387123823165894,-0.003625894896686077,0.9378780126571655,0.48802411556243896,-0.011515325866639614,0.8855357766151428,0.4635426998138428,-0.017963193356990814,0.8447239398956299,0.44865626096725464,-0.025969460606575012,0.9095377326011658,0.5095171928405762,-0.040105558931827545,0.8222351670265198,0.5151824951171875,-0.05764599144458771,0.7733234763145447,0.5163669586181641,-0.06387268751859665,0.7364906668663025,0.5172773003578186,-0.06592147797346115,0.9084924459457397,0.563075840473175,-0.04668547958135605,0.812591552734375,0.5644175410270691,-0.06414095312356949,0.7551376819610596,0.5610065460205078,-0.07036104053258896,0.7144556045532227,0.556863009929657,-0.0735301822423935,0.9103958606719971,0.6155290007591248,-0.05121904984116554,0.823686957359314,0.6121741533279419,-0.0643705502152443,0.7704474925994873,0.6070372462272644,-0.06936027854681015,0.7324948906898499,0.6001018285751343,-0.07181033492088318,0.9160570502281189,0.6640801429748535,-0.054660893976688385,0.8502029776573181,0.6610743403434753,-0.06513004750013351,0.8107970952987671,0.6570371389389038,-0.06690496951341629,0.7814795970916748,0.6514713168144226,-0.06642226129770279,sol
