landmark_0_x,landmark_0_y,landmark_0_z,landmark_1_x,landmark_1_y,landmark_1_z,landmark_2_x,landmark_2_y,landmark_2_z,landmark_3_x,landmark_3_y,landmark_3_z,landmark_4_x,landmark_4_y,landmark_4_z,landmark_5_x,landmark_5_y,landmark_5_z,landmark_6_x,landmark_6_y,landmark_6_z,landmark_7_x,landmark_7_y,landmark_7_z,landmark_8_x,landmark_8_y,landmark_8_z,landmark_9_x,landmark_9_y,landmark_9_z,landmark_10_x,landmark_10_y,landmark_10_z,landmark_11_x,landmark_11_y,landmark_11_z,landmark_12_x,landmark_12_y,landmark_12_z,landmark_13_x,landmark_13_y,landmark_13_z,landmark_14_x,landmark_14_y,landmark_14_z,landmark_15_x,landmark_15_y,landmark_15_z,landmark_16_x,landmark_16_y,landmark_16_z,landmark_17_x,landmark_17_y,landmark_17_z,landmark_18_x,landmark_18_y,landmark_18_z,landmark_19_x,landmark_19_y,landmark_19_z,landmark_20_x,landmark_20_y,landmark_20_z,class
0.9142223000526428,0.8348222374916077,4.784826757031624e-08,0.893805742263794,0.7862313985824585,-0.0009262780076824129,0.8595229387283325,0.7566772103309631,-0.004123994614928961,0.8295421600341797,0.7447713017463684,-0.006955753546208143,0.8056109547615051,0.7388219833374023,-0.010666213929653168,0.844212532043457,0.7728301286697388,-0.017515279352664948,0.7977409362792969,0.7827921509742737,-0.026423480361700058,0.7724719643592834,0.7895610332489014,-0.031181575730443,0.7535056471824646,0.7948829531669617,-0.03386421501636505,0.84507155418396,0.8059073090553284,-0.02144986391067505,0.7961074113845825,0.8155790567398071,-0.029827110469341278,0.7665547132492065,0.8198459148406982,-0.034622374922037125,0.7442761063575745,0.8231634497642517,-0.03833385184407234,0.847754180431366,0.8361635804176331,-0.02438371814787388,0.8032997846603394,0.843805193901062,-0.030245549976825714,0.776572585105896,0.8456071019172668,-0.032747142016887665,0.7561517357826233,0.8464050889015198,-0.03487471118569374,0.8520287871360779,0.8615531921386719,-0.026968957856297493,0.8179188966751099,0.866419792175293,-0.031844817101955414,0.7972138524055481,0.8675644993782043,-0.032914210110902786,0.7806710600852966,0.8675498366355896,-0.03331538662314415,sol
