landmark_0_x,landmark_0_y,landmark_0_z,landmark_1_x,landmark_1_y,landmark_1_z,landmark_2_x,landmark_2_y,landmark_2_z,landmark_3_x,landmark_3_y,landmark_3_z,landmark_4_x,landmark_4_y,landmark_4_z,landmark_5_x,landmark_5_y,landmark_5_z,landmark_6_x,landmark_6_y,landmark_6_z,landmark_7_x,landmark_7_y,landmark_7_z,landmark_8_x,landmark_8_y,landmark_8_z,landmark_9_x,landmark_9_y,landmark_9_z,landmark_10_x,landmark_10_y,landmark_10_z,landmark_11_x,landmark_11_y,landmark_11_z,landmark_12_x,landmark_12_y,landmark_12_z,landmark_13_x,landmark_13_y,landmark_13_z,landmark_14_x,landmark_14_y,landmark_14_z,landmark_15_x,landmark_15_y,landmark_15_z,landmark_16_x,landmark_16_y,landmark_16_z,landmark_17_x,landmark_17_y,landmark_17_z,landmark_18_x,landmark_18_y,landmark_18_z,landmark_19_x,landmark_19_y,landmark_19_z,landmark_20_x,landmark_20_y,landmark_20_z,class
0.8429755568504333,0.33763962984085083,9.34972490540531e-08,0.8114533424377441,0.3114752173423767,0.0011964241275563836,0.7743303179740906,0.30095624923706055,-0.0019102341029793024,0.7445805668830872,0.296688973903656,-0.005825129337608814,0.7229781746864319,0.2908743619918823,-0.01071682758629322,0.7657828330993652,0.29708540439605713,-0.011718315072357655,0.7232158184051514,0.3043195903301239,-0.02184784598648548,0.6966439485549927,0.30924713611602783,-0.028351979330182076,0.6758120656013489,0.31142333149909973,-0.032534629106521606,0.7696724534034729,0.3149842321872711,-0.018278401345014572,0.7233996987342834,0.3249913156032562,-0.02695758454501629,0.6943708062171936,0.32835641503334045,-0.03210851550102234,0.6724392175674438,0.3278002142906189,-0.03621160611510277,0.7756646275520325,0.3383086323738098,-0.024318015202879906,0.7307000160217285,0.34845900535583496,-0.03185763582587242,0.7024052739143372,0.35049882531166077,-0.03516438975930214,0.6815735101699829,0.3482111394405365,-0.03772526979446411,0.7835037112236023,0.36533400416374207,-0.029901282861828804,0.7502490878105164,0.37307462096214294,-0.03722377493977547,0.7289393544197083,0.37533023953437805,-0.03938877210021019,0.7119534015655518,0.3760658800601959,-0.040503934025764465,sol
