landmark_0_x,landmark_0_y,landmark_0_z,landmark_1_x,landmark_1_y,landmark_1_z,landmark_2_x,landmark_2_y,landmark_2_z,landmark_3_x,landmark_3_y,landmark_3_z,landmark_4_x,landmark_4_y,landmark_4_z,landmark_5_x,landmark_5_y,landmark_5_z,landmark_6_x,landmark_6_y,landmark_6_z,landmark_7_x,landmark_7_y,landmark_7_z,landmark_8_x,landmark_8_y,landmark_8_z,landmark_9_x,landmark_9_y,landmark_9_z,landmark_10_x,landmark_10_y,landmark_10_z,landmark_11_x,landmark_11_y,landmark_11_z,landmark_12_x,landmark_12_y,landmark_12_z,landmark_13_x,landmark_13_y,landmark_13_z,landmark_14_x,landmark_14_y,landmark_14_z,landmark_15_x,landmark_15_y,landmark_15_z,landmark_16_x,landmark_16_y,landmark_16_z,landmark_17_x,landmark_17_y,landmark_17_z,landmark_18_x,landmark_18_y,landmark_18_z,landmark_19_x,landmark_19_y,landmark_19_z,landmark_20_x,landmark_20_y,landmark_20_z,class
0.8286226391792297,0.4142231345176697,2.9782162869196327e-07,0.7825216054916382,0.32934337854385376,-0.002064293250441551,0.7100892066955566,0.2819039523601532,-0.008766970597207546,0.6460065245628357,0.2672482132911682,-0.013972089625895023,0.5987908840179443,0.2563619613647461,-0.02167123183608055,0.6737524271011353,0.300101637840271,-0.040301159024238586,0.5798484086990356,0.31511780619621277,-0.058234408497810364,0.5249584317207336,0.32144099473953247,-0.06733784079551697,0.4804125130176544,0.32827386260032654,-0.07253431528806686,0.672399640083313,0.3663919270038605,-0.04831584170460701,0.5728030204772949,0.37349438667297363,-0.06510734558105469,0.5102505087852478,0.37387615442276,-0.07373452186584473,0.4619755446910858,0.37424755096435547,-0.08001714944839478,0.6767902970314026,0.43070417642593384,-0.053617291152477264,0.5840253829956055,0.43177735805511475,-0.06578553467988968,0.5299302339553833,0.4239588677883148,-0.0703594759106636,0.490161657333374,0.4149046540260315,-0.07397311925888062,0.6863477826118469,0.49121689796447754,-0.057835765182971954,0.6107140183448792,0.4880390167236328,-0.06824026256799698,0.5704970359802246,0.47989070415496826,-0.06895916163921356,0.5394806265830994,0.46934956312179565,-0.06831088662147522,sol
