landmark_0_x,landmark_0_y,landmark_0_z,landmark_1_x,landmark_1_y,landmark_1_z,landmark_2_x,landmark_2_y,landmark_2_z,landmark_3_x,landmark_3_y,landmark_3_z,landmark_4_x,landmark_4_y,landmark_4_z,landmark_5_x,landmark_5_y,landmark_5_z,landmark_6_x,landmark_6_y,landmark_6_z,landmark_7_x,landmark_7_y,landmark_7_z,landmark_8_x,landmark_8_y,landmark_8_z,landmark_9_x,landmark_9_y,landmark_9_z,landmark_10_x,landmark_10_y,landmark_10_z,landmark_11_x,landmark_11_y,landmark_11_z,landmark_12_x,landmark_12_y,landmark_12_z,landmark_13_x,landmark_13_y,landmark_13_z,landmark_14_x,landmark_14_y,landmark_14_z,landmark_15_x,landmark_15_y,landmark_15_z,landmark_16_x,landmark_16_y,landmark_16_z,landmark_17_x,landmark_17_y,landmark_17_z,landmark_18_x,landmark_18_y,landmark_18_z,landmark_19_x,landmark_19_y,landmark_19_z,landmark_20_x,landmark_20_y,landmark_20_z,class
0.8804304599761963,0.8033295273780823,2.7482511200105364e-07,0.8470542430877686,0.7016489505767822,-0.0034320331178605556,0.7879189252853394,0.6400941610336304,-0.006989450193941593,0.7215622067451477,0.6271964311599731,-0.00821695476770401,0.6738457083702087,0.6121604442596436,-0.009945662692189217,0.734165370464325,0.6905968189239502,-0.026169152930378914,0.6443455219268799,0.7004114985466003,-0.03526708483695984,0.5962972044944763,0.7069887518882751,-0.037672847509384155,0.560174822807312,0.7138681411743164,-0.03802485018968582,0.7295309901237488,0.7557687759399414,-0.028695808723568916,0.6325306296348572,0.7578704953193665,-0.03861267492175102,0.5765318274497986,0.7598094344139099,-0.041950467973947525,0.5371114015579224,0.7614789009094238,-0.04337504133582115,0.7317100167274475,0.8130474090576172,-0.02940620295703411,0.6437498331069946,0.8097317218780518,-0.03562482073903084,0.593278169631958,0.8056050539016724,-0.038231298327445984,0.5562946200370789,0.801700234413147,-0.03983165696263313,0.7407867908477783,0.8632899522781372,-0.02936684712767601,0.6712556481361389,0.8542459011077881,-0.033828362822532654,0.6335621476173401,0.8490896224975586,-0.0333867110311985,0.6030506491661072,0.8429164290428162,-0.031603775918483734,sol
