landmark_0_x,landmark_0_y,landmark_0_z,landmark_1_x,landmark_1_y,landmark_1_z,landmark_2_x,landmark_2_y,landmark_2_z,landmark_3_x,landmark_3_y,landmark_3_z,landmark_4_x,landmark_4_y,landmark_4_z,landmark_5_x,landmark_5_y,landmark_5_z,landmark_6_x,landmark_6_y,landmark_6_z,landmark_7_x,landmark_7_y,landmark_7_z,landmark_8_x,landmark_8_y,landmark_8_z,landmark_9_x,landmark_9_y,landmark_9_z,landmark_10_x,landmark_10_y,landmark_10_z,landmark_11_x,landmark_11_y,landmark_11_z,landmark_12_x,landmark_12_y,landmark_12_z,landmark_13_x,landmark_13_y,landmark_13_z,landmark_14_x,landmark_14_y,landmark_14_z,landmark_15_x,landmark_15_y,landmark_15_z,landmark_16_x,landmark_16_y,landmark_16_z,landmark_17_x,landmark_17_y,landmark_17_z,landmark_18_x,landmark_18_y,landmark_18_z,landmark_19_x,landmark_19_y,landmark_19_z,landmark_20_x,landmark_20_y,landmark_20_z,class
0.833942174911499,0.7214987277984619,1.1577847658372775e-07,0.7978829145431519,0.6500046849250793,0.0027354422491043806,0.7453799843788147,0.6028187274932861,-0.0011262622429057956,0.6971443891525269,0.586955189704895,-0.004537840373814106,0.6625745296478271,0.5715917348861694,-0.00935276784002781,0.723182201385498,0.6260006427764893,-0.028387339785695076,0.6519213914871216,0.6382263898849487,-0.04147177189588547,0.6116173267364502,0.6452202796936035,-0.046184927225112915,0.5803207755088806,0.6517845988273621,-0.048075269907712936,0.7229201793670654,0.6746801733970642,-0.035741593688726425,0.6446428894996643,0.6815227270126343,-0.049233611673116684,0.5980952382087708,0.6846515536308289,-0.05359583720564842,0.5644702315330505,0.6867532134056091,-0.05615910515189171,0.7252328395843506,0.7201266884803772,-0.040824033319950104,0.6536586880683899,0.7227166891098022,-0.0497928149998188,0.6116679310798645,0.7222121953964233,-0.05179335176944733,0.5821895599365234,0.7211328148841858,-0.052967414259910583,0.7311488389968872,0.7621506452560425,-0.044863011687994,0.6752046346664429,0.7594965100288391,-0.05155855789780617,0.6431058049201965,0.7559301853179932,-0.05210845544934273,0.6179853081703186,0.752322256565094,-0.05148438364267349,sol
