landmark_0_x,landmark_0_y,landmark_0_z,landmark_1_x,landmark_1_y,landmark_1_z,landmark_2_x,landmark_2_y,landmark_2_z,landmark_3_x,landmark_3_y,landmark_3_z,landmark_4_x,landmark_4_y,landmark_4_z,landmark_5_x,landmark_5_y,landmark_5_z,landmark_6_x,landmark_6_y,landmark_6_z,landmark_7_x,landmark_7_y,landmark_7_z,landmark_8_x,landmark_8_y,landmark_8_z,landmark_9_x,landmark_9_y,landmark_9_z,landmark_10_x,landmark_10_y,landmark_10_z,landmark_11_x,landmark_11_y,landmark_11_z,landmark_12_x,landmark_12_y,landmark_12_z,landmark_13_x,landmark_13_y,landmark_13_z,landmark_14_x,landmark_14_y,landmark_14_z,landmark_15_x,landmark_15_y,landmark_15_z,landmark_16_x,landmark_16_y,landmark_16_z,landmark_17_x,landmark_17_y,landmark_17_z,landmark_18_x,landmark_18_y,landmark_18_z,landmark_19_x,landmark_19_y,landmark_19_z,landmark_20_x,landmark_20_y,landmark_20_z,class
0.8527601361274719,0.23841430246829987,1.4659028124697215e-07,0.8092617988586426,0.14506369829177856,0.011163079179823399,0.7387357950210571,0.09264741837978363,0.009497537277638912,0.6758791208267212,0.06722541898488998,0.006779531016945839,0.6316494941711426,0.043559879064559937,0.001139133470132947,0.7037181854248047,0.09904977679252625,-0.033057887107133865,0.604464054107666,0.10863783210515976,-0.05061063542962074,0.550035834312439,0.10916809737682343,-0.05633199214935303,0.5076703429222107,0.10789962112903595,-0.058492615818977356,0.700532078742981,0.15620262920856476,-0.04745056852698326,0.5911778807640076,0.15963587164878845,-0.06724608689546585,0.5282731652259827,0.15752798318862915,-0.07324230670928955,0.4841459095478058,0.15320372581481934,-0.07608462870121002,0.7029834985733032,0.21786880493164062,-0.05812978744506836,0.6050060987472534,0.21831421554088593,-0.07268141955137253,0.5487151145935059,0.2127256542444229,-0.07516977936029434,0.5089036822319031,0.20407544076442719,-0.07571043074131012,0.7124613523483276,0.282615602016449,-0.06641516834497452,0.6352542042732239,0.2767952084541321,-0.07739841938018799,0.5945421457290649,0.2695905268192291,-0.07728073000907898,0.5626299977302551,0.2614506483078003,-0.07535911351442337,sol
