landmark_0_x,landmark_0_y,landmark_0_z,landmark_1_x,landmark_1_y,landmark_1_z,landmark_2_x,landmark_2_y,landmark_2_z,landmark_3_x,landmark_3_y,landmark_3_z,landmark_4_x,landmark_4_y,landmark_4_z,landmark_5_x,landmark_5_y,landmark_5_z,landmark_6_x,landmark_6_y,landmark_6_z,landmark_7_x,landmark_7_y,landmark_7_z,landmark_8_x,landmark_8_y,landmark_8_z,landmark_9_x,landmark_9_y,landmark_9_z,landmark_10_x,landmark_10_y,landmark_10_z,landmark_11_x,landmark_11_y,landmark_11_z,landmark_12_x,landmark_12_y,landmark_12_z,landmark_13_x,landmark_13_y,landmark_13_z,landmark_14_x,landmark_14_y,landmark_14_z,landmark_15_x,landmark_15_y,landmark_15_z,landmark_16_x,landmark_16_y,landmark_16_z,landmark_17_x,landmark_17_y,landmark_17_z,landmark_18_x,landmark_18_y,landmark_18_z,landmark_19_x,landmark_19_y,landmark_19_z,landmark_20_x,landmark_20_y,landmark_20_z,class
1.047982096672058,0.5935755968093872,3.8859090523146733e-07,1.0151708126068115,0.5337876677513123,-0.00479514105245471,0.9620528817176819,0.4947378635406494,-0.01658218912780285,0.9172908067703247,0.47858020663261414,-0.026868339627981186,0.8820220232009888,0.4606871008872986,-0.03958676755428314,0.9444449543952942,0.512974739074707,-0.04846419021487236,0.8632151484489441,0.5186466574668884,-0.06922755390405655,0.8167117238044739,0.5183961391448975,-0.07717443257570267,0.7813705205917358,0.5172184109687805,-0.08038084208965302,0.9504333734512329,0.561687171459198,-0.05649976059794426,0.8597669005393982,0.5641461610794067,-0.07770833373069763,0.805452823638916,0.5596923232078552,-0.0856282040476799,0.7660169005393982,0.5534461140632629,-0.08983204513788223,0.9570788145065308,0.610623836517334,-0.06229320541024208,0.8690667152404785,0.6124539375305176,-0.0798305794596672,0.8151835799217224,0.6077241897583008,-0.08653172105550766,0.7765585780143738,0.5999316573143005,-0.0894007533788681,0.964123010635376,0.6565588712692261,-0.06671322137117386,0.8938458561897278,0.6573130488395691,-0.08192883431911469,0.8518617749214172,0.6521449089050293,-0.08623896539211273,0.8203933238983154,0.6450791954994202,-0.08706837147474289,sol
