landmark_0_x,landmark_0_y,landmark_0_z,landmark_1_x,landmark_1_y,landmark_1_z,landmark_2_x,landmark_2_y,landmark_2_z,landmark_3_x,landmark_3_y,landmark_3_z,landmark_4_x,landmark_4_y,landmark_4_z,landmark_5_x,landmark_5_y,landmark_5_z,landmark_6_x,landmark_6_y,landmark_6_z,landmark_7_x,landmark_7_y,landmark_7_z,landmark_8_x,landmark_8_y,landmark_8_z,landmark_9_x,landmark_9_y,landmark_9_z,landmark_10_x,landmark_10_y,landmark_10_z,landmark_11_x,landmark_11_y,landmark_11_z,landmark_12_x,landmark_12_y,landmark_12_z,landmark_13_x,landmark_13_y,landmark_13_z,landmark_14_x,landmark_14_y,landmark_14_z,landmark_15_x,landmark_15_y,landmark_15_z,landmark_16_x,landmark_16_y,landmark_16_z,landmark_17_x,landmark_17_y,landmark_17_z,landmark_18_x,landmark_18_y,landmark_18_z,landmark_19_x,landmark_19_y,landmark_19_z,landmark_20_x,landmark_20_y,landmark_20_z,class
0.7028532028198242,0.32005348801612854,1.3605740889488516e-07,0.6706756949424744,0.27735307812690735,0.004806896205991507,0.6301578879356384,0.26217037439346313,0.003361472161486745,0.5954726338386536,0.2621845602989197,0.0007350770756602287,0.5698224902153015,0.2647099792957306,-0.003492506919428706,0.6152767539024353,0.26769426465034485,-0.015640411525964737,0.5605405569076538,0.2764345407485962,-0.025865934789180756,0.5292930603027344,0.2785711884498596,-0.030571170151233673,0.5046882629394531,0.2794727683067322,-0.03292398527264595,0.6159456372261047,0.2943410277366638,-0.02372596599161625,0.5552750825881958,0.3003925681114197,-0.033279839903116226,0.5180638432502747,0.30047500133514404,-0.03791255131363869,0.49061673879623413,0.29913273453712463,-0.04092756658792496,0.6193391680717468,0.3239949345588684,-0.03034907393157482,0.5634574890136719,0.32816022634506226,-0.03800969570875168,0.5290866494178772,0.32611003518104553,-0.042748212814331055,0.5046140551567078,0.3222406804561615,-0.045985639095306396,0.6254221200942993,0.3542822003364563,-0.03591343015432358,0.5834841728210449,0.35828280448913574,-0.043410684913396835,0.5575867891311646,0.3583860695362091,-0.04617628455162048,0.5377246737480164,0.35733741521835327,-0.047402843832969666,sol
