landmark_0_x,landmark_0_y,landmark_0_z,landmark_1_x,landmark_1_y,landmark_1_z,landmark_2_x,landmark_2_y,landmark_2_z,landmark_3_x,landmark_3_y,landmark_3_z,landmark_4_x,landmark_4_y,landmark_4_z,landmark_5_x,landmark_5_y,landmark_5_z,landmark_6_x,landmark_6_y,landmark_6_z,landmark_7_x,landmark_7_y,landmark_7_z,landmark_8_x,landmark_8_y,landmark_8_z,landmark_9_x,landmark_9_y,landmark_9_z,landmark_10_x,landmark_10_y,landmark_10_z,landmark_11_x,landmark_11_y,landmark_11_z,landmark_12_x,landmark_12_y,landmark_12_z,landmark_13_x,landmark_13_y,landmark_13_z,landmark_14_x,landmark_14_y,landmark_14_z,landmark_15_x,landmark_15_y,landmark_15_z,landmark_16_x,landmark_16_y,landmark_16_z,landmark_17_x,landmark_17_y,landmark_17_z,landmark_18_x,landmark_18_y,landmark_18_z,landmark_19_x,landmark_19_y,landmark_19_z,landmark_20_x,landmark_20_y,landmark_20_z,class
0.7155964970588684,0.31128010153770447,1.476550579582181e-07,0.6853840947151184,0.26727044582366943,0.002537465188652277,0.6418782472610474,0.24809609353542328,0.0007881246274337173,0.6058357357978821,0.25138014554977417,-0.0016976107144728303,0.5803420543670654,0.25899553298950195,-0.005585175938904285,0.6260790824890137,0.24834245443344116,-0.01704217493534088,0.568629264831543,0.26017430424690247,-0.028110219165682793,0.5338556170463562,0.2638969421386719,-0.03375515714287758,0.506527841091156,0.26569968461990356,-0.03666938096284866,0.626333475112915,0.2765474021434784,-0.02437923289835453,0.5643495321273804,0.28658780455589294,-0.034758422523736954,0.5238983035087585,0.28786587715148926,-0.0402013398706913,0.49325671792030334,0.2862429618835449,-0.04379822313785553,0.6282041072845459,0.30769672989845276,-0.030543457716703415,0.5711723566055298,0.31299540400505066,-0.039014775305986404,0.534475564956665,0.31130504608154297,-0.044421564787626266,0.5084680914878845,0.30697017908096313,-0.04761527106165886,0.6315800547599792,0.33957570791244507,-0.03594436123967171,0.5857579112052917,0.34033554792404175,-0.04382753744721413,0.5581483244895935,0.33826106786727905,-0.04716674983501434,0.5376180410385132,0.335538774728775,-0.048531077802181244,sol
