landmark_0_x,landmark_0_y,landmark_0_z,landmark_1_x,landmark_1_y,landmark_1_z,landmark_2_x,landmark_2_y,landmark_2_z,landmark_3_x,landmark_3_y,landmark_3_z,landmark_4_x,landmark_4_y,landmark_4_z,landmark_5_x,landmark_5_y,landmark_5_z,landmark_6_x,landmark_6_y,landmark_6_z,landmark_7_x,landmark_7_y,landmark_7_z,landmark_8_x,landmark_8_y,landmark_8_z,landmark_9_x,landmark_9_y,landmark_9_z,landmark_10_x,landmark_10_y,landmark_10_z,landmark_11_x,landmark_11_y,landmark_11_z,landmark_12_x,landmark_12_y,landmark_12_z,landmark_13_x,landmark_13_y,landmark_13_z,landmark_14_x,landmark_14_y,landmark_14_z,landmark_15_x,landmark_15_y,landmark_15_z,landmark_16_x,landmark_16_y,landmark_16_z,landmark_17_x,landmark_17_y,landmark_17_z,landmark_18_x,landmark_18_y,landmark_18_z,landmark_19_x,landmark_19_y,landmark_19_z,landmark_20_x,landmark_20_y,landmark_20_z,class
0.7891569137573242,0.6953750848770142,2.2429753698816057e-07,0.7549321055412292,0.6200838088989258,0.005198526196181774,0.7005211114883423,0.5791055560112,0.005318197887390852,0.6501330137252808,0.5692263841629028,0.004993699956685305,0.613710343837738,0.5615642070770264,0.004216879140585661,0.6619872450828552,0.6062865853309631,-0.013497324660420418,0.588640570640564,0.6171929240226746,-0.02151600457727909,0.5496715307235718,0.6223997473716736,-0.024295002222061157,0.5204770565032959,0.6271024346351624,-0.02481388859450817,0.658271312713623,0.6551377177238464,-0.020342960953712463,0.5788624286651611,0.6576712727546692,-0.028066538274288177,0.5332659482955933,0.6591523289680481,-0.030496081337332726,0.49954962730407715,0.6608085036277771,-0.0316072441637516,0.6591657996177673,0.7009245157241821,-0.025502242147922516,0.588941216468811,0.6972622275352478,-0.029295360669493675,0.5475281476974487,0.6936672329902649,-0.030006926506757736,0.5176167488098145,0.6902589201927185,-0.03073575347661972,0.6653547286987305,0.7427884340286255,-0.029802944511175156,0.6122090816497803,0.7369702458381653,-0.03136510029435158,0.5813179612159729,0.7339454293251038,-0.029155855998396873,0.5574703812599182,0.7301738262176514,-0.02675999514758587,sol
