landmark_0_x,landmark_0_y,landmark_0_z,landmark_1_x,landmark_1_y,landmark_1_z,landmark_2_x,landmark_2_y,landmark_2_z,landmark_3_x,landmark_3_y,landmark_3_z,landmark_4_x,landmark_4_y,landmark_4_z,landmark_5_x,landmark_5_y,landmark_5_z,landmark_6_x,landmark_6_y,landmark_6_z,landmark_7_x,landmark_7_y,landmark_7_z,landmark_8_x,landmark_8_y,landmark_8_z,landmark_9_x,landmark_9_y,landmark_9_z,landmark_10_x,landmark_10_y,landmark_10_z,landmark_11_x,landmark_11_y,landmark_11_z,landmark_12_x,landmark_12_y,landmark_12_z,landmark_13_x,landmark_13_y,landmark_13_z,landmark_14_x,landmark_14_y,landmark_14_z,landmark_15_x,landmark_15_y,landmark_15_z,landmark_16_x,landmark_16_y,landmark_16_z,landmark_17_x,landmark_17_y,landmark_17_z,landmark_18_x,landmark_18_y,landmark_18_z,landmark_19_x,landmark_19_y,landmark_19_z,landmark_20_x,landmark_20_y,landmark_20_z,class
0.9630398750305176,0.5520849227905273,2.8122542516939575e-07,0.9154098629951477,0.46273088455200195,0.0039146095514297485,0.8421803116798401,0.41169774532318115,-0.0003880397416651249,0.7785957455635071,0.39413705468177795,-0.005077006295323372,0.7336438894271851,0.3714104890823364,-0.012542295269668102,0.8080993294715881,0.43429890275001526,-0.037128522992134094,0.708763599395752,0.4451904892921448,-0.05629781261086464,0.6519194841384888,0.4487721621990204,-0.06420432031154633,0.6071486473083496,0.4532083570957184,-0.06771203130483627,0.8096141815185547,0.4949004650115967,-0.04914834722876549,0.7003913521766663,0.5002959370613098,-0.06730001419782639,0.6328927278518677,0.5026923418045044,-0.07484418153762817,0.5830308794975281,0.504935622215271,-0.07979967445135117,0.8149359226226807,0.5577705502510071,-0.058462802320718765,0.7147480249404907,0.5574948191642761,-0.07276766002178192,0.6531326174736023,0.5560222864151001,-0.07905752956867218,0.6088616251945496,0.5538371801376343,-0.08291906118392944,0.824273943901062,0.6228590607643127,-0.06599970906972885,0.7448902130126953,0.6181586980819702,-0.07899469882249832,0.6981556415557861,0.6126230955123901,-0.08226539194583893,0.6613027453422546,0.6067810654640198,-0.08300487697124481,sol
