landmark_0_x,landmark_0_y,landmark_0_z,landmark_1_x,landmark_1_y,landmark_1_z,landmark_2_x,landmark_2_y,landmark_2_z,landmark_3_x,landmark_3_y,landmark_3_z,landmark_4_x,landmark_4_y,landmark_4_z,landmark_5_x,landmark_5_y,landmark_5_z,landmark_6_x,landmark_6_y,landmark_6_z,landmark_7_x,landmark_7_y,landmark_7_z,landmark_8_x,landmark_8_y,landmark_8_z,landmark_9_x,landmark_9_y,landmark_9_z,landmark_10_x,landmark_10_y,landmark_10_z,landmark_11_x,landmark_11_y,landmark_11_z,landmark_12_x,landmark_12_y,landmark_12_z,landmark_13_x,landmark_13_y,landmark_13_z,landmark_14_x,landmark_14_y,landmark_14_z,landmark_15_x,landmark_15_y,landmark_15_z,landmark_16_x,landmark_16_y,landmark_16_z,landmark_17_x,landmark_17_y,landmark_17_z,landmark_18_x,landmark_18_y,landmark_18_z,landmark_19_x,landmark_19_y,landmark_19_z,landmark_20_x,landmark_20_y,landmark_20_z,class
0.9281071424484253,0.3416251242160797,1.5644077677734458e-07,0.8694838285446167,0.23396554589271545,0.01735493168234825,0.7841812372207642,0.17790645360946655,0.016902709379792213,0.709650456905365,0.15128536522388458,0.013478669337928295,0.6592807769775391,0.12806041538715363,0.005424197297543287,0.7357168197631836,0.18576867878437042,-0.029902691021561623,0.6211447715759277,0.1944943368434906,-0.04817645251750946,0.5578098297119141,0.19060564041137695,-0.05644313618540764,0.5078958868980408,0.18617956340312958,-0.06131546571850777,0.7379526495933533,0.2549307346343994,-0.050926323980093,0.609449565410614,0.2525138258934021,-0.07128293812274933,0.5342761278152466,0.24258151650428772,-0.0828147679567337,0.47757333517074585,0.23079384863376617,-0.09091293066740036,0.7471708059310913,0.32714933156967163,-0.06750472635030746,0.6282000541687012,0.31744444370269775,-0.08602955937385559,0.5564696788787842,0.30669522285461426,-0.0973791778087616,0.5034622550010681,0.29531362652778625,-0.10476844757795334,0.7654164433479309,0.4009157419204712,-0.08048826456069946,0.6699305772781372,0.38840723037719727,-0.09692534059286118,0.6192741394042969,0.37729087471961975,-0.10156746953725815,0.5789976716041565,0.36516913771629333,-0.10354893654584885,sol
