landmark_0_x,landmark_0_y,landmark_0_z,landmark_1_x,landmark_1_y,landmark_1_z,landmark_2_x,landmark_2_y,landmark_2_z,landmark_3_x,landmark_3_y,landmark_3_z,landmark_4_x,landmark_4_y,landmark_4_z,landmark_5_x,landmark_5_y,landmark_5_z,landmark_6_x,landmark_6_y,landmark_6_z,landmark_7_x,landmark_7_y,landmark_7_z,landmark_8_x,landmark_8_y,landmark_8_z,landmark_9_x,landmark_9_y,landmark_9_z,landmark_10_x,landmark_10_y,landmark_10_z,landmark_11_x,landmark_11_y,landmark_11_z,landmark_12_x,landmark_12_y,landmark_12_z,landmark_13_x,landmark_13_y,landmark_13_z,landmark_14_x,landmark_14_y,landmark_14_z,landmark_15_x,landmark_15_y,landmark_15_z,landmark_16_x,landmark_16_y,landmark_16_z,landmark_17_x,landmark_17_y,landmark_17_z,landmark_18_x,landmark_18_y,landmark_18_z,landmark_19_x,landmark_19_y,landmark_19_z,landmark_20_x,landmark_20_y,landmark_20_z,class
0.9208579659461975,0.45195361971855164,1.5051273294375278e-07,0.8934641480445862,0.4042738974094391,-0.0038288149517029524,0.8487522006034851,0.3767653703689575,-0.00881595816463232,0.809727132320404,0.3695865273475647,-0.012730307877063751,0.7817267179489136,0.3630794286727905,-0.01790919341146946,0.8374060392379761,0.3848925530910492,-0.026329927146434784,0.7823699116706848,0.3980700373649597,-0.038149643689394,0.7500543594360352,0.40433254837989807,-0.04330515116453171,0.7247732877731323,0.40791913866996765,-0.04614697024226189,0.8399087190628052,0.41934922337532043,-0.03067501075565815,0.7805535197257996,0.4304414689540863,-0.04247076064348221,0.7443349957466125,0.4330291450023651,-0.04812084883451462,0.7170063853263855,0.4318665862083435,-0.05189134553074837,0.8437873721122742,0.45349207520484924,-0.03382202982902527,0.7879259586334229,0.46181291341781616,-0.04365544393658638,0.7526943683624268,0.46177688241004944,-0.04803376644849777,0.7267234325408936,0.4577888250350952,-0.05072307214140892,0.8487480878829956,0.48639488220214844,-0.0364692285656929,0.8050287961959839,0.4904460906982422,-0.045053135603666306,0.7796939015388489,0.4888611137866974,-0.047417208552360535,0.7602856755256653,0.48500296473503113,-0.048200879245996475,sol
