landmark_0_x,landmark_0_y,landmark_0_z,landmark_1_x,landmark_1_y,landmark_1_z,landmark_2_x,landmark_2_y,landmark_2_z,landmark_3_x,landmark_3_y,landmark_3_z,landmark_4_x,landmark_4_y,landmark_4_z,landmark_5_x,landmark_5_y,landmark_5_z,landmark_6_x,landmark_6_y,landmark_6_z,landmark_7_x,landmark_7_y,landmark_7_z,landmark_8_x,landmark_8_y,landmark_8_z,landmark_9_x,landmark_9_y,landmark_9_z,landmark_10_x,landmark_10_y,landmark_10_z,landmark_11_x,landmark_11_y,landmark_11_z,landmark_12_x,landmark_12_y,landmark_12_z,landmark_13_x,landmark_13_y,landmark_13_z,landmark_14_x,landmark_14_y,landmark_14_z,landmark_15_x,landmark_15_y,landmark_15_z,landmark_16_x,landmark_16_y,landmark_16_z,landmark_17_x,landmark_17_y,landmark_17_z,landmark_18_x,landmark_18_y,landmark_18_z,landmark_19_x,landmark_19_y,landmark_19_z,landmark_20_x,landmark_20_y,landmark_20_z,class
0.7107827663421631,0.8024967312812805,1.2217080325171992e-07,0.6902080178260803,0.7617855072021484,-0.0034348636399954557,0.6581199169158936,0.7350946068763733,-0.008359681814908981,0.6286093592643738,0.724658191204071,-0.012538837268948555,0.6061125993728638,0.7161685824394226,-0.017285238951444626,0.6460217833518982,0.7518612742424011,-0.021012671291828156,0.6023834943771362,0.7592030167579651,-0.031265951693058014,0.5766425132751465,0.7639760375022888,-0.03577016666531563,0.5566161274909973,0.7676427960395813,-0.037806686013936996,0.6451826095581055,0.7832193970680237,-0.024137159809470177,0.5971812605857849,0.7888737916946411,-0.034600358456373215,0.5668675303459167,0.7917957901954651,-0.038611095398664474,0.5436385869979858,0.7932676076889038,-0.04072504863142967,0.6453235149383545,0.8121106624603271,-0.026467829942703247,0.6012651920318604,0.8143433928489685,-0.033818330615758896,0.5733785033226013,0.8147244453430176,-0.03569171950221062,0.5525270104408264,0.8137075901031494,-0.0362120047211647,0.646594762802124,0.8373095989227295,-0.028710797429084778,0.6101072430610657,0.8354009389877319,-0.03372690826654434,0.5873293876647949,0.8323389887809753,-0.03435760363936424,0.5695996880531311,0.8293427228927612,-0.033886801451444626,sol
