landmark_0_x,landmark_0_y,landmark_0_z,landmark_1_x,landmark_1_y,landmark_1_z,landmark_2_x,landmark_2_y,landmark_2_z,landmark_3_x,landmark_3_y,landmark_3_z,landmark_4_x,landmark_4_y,landmark_4_z,landmark_5_x,landmark_5_y,landmark_5_z,landmark_6_x,landmark_6_y,landmark_6_z,landmark_7_x,landmark_7_y,landmark_7_z,landmark_8_x,landmark_8_y,landmark_8_z,landmark_9_x,landmark_9_y,landmark_9_z,landmark_10_x,landmark_10_y,landmark_10_z,landmark_11_x,landmark_11_y,landmark_11_z,landmark_12_x,landmark_12_y,landmark_12_z,landmark_13_x,landmark_13_y,landmark_13_z,landmark_14_x,landmark_14_y,landmark_14_z,landmark_15_x,landmark_15_y,landmark_15_z,landmark_16_x,landmark_16_y,landmark_16_z,landmark_17_x,landmark_17_y,landmark_17_z,landmark_18_x,landmark_18_y,landmark_18_z,landmark_19_x,landmark_19_y,landmark_19_z,landmark_20_x,landmark_20_y,landmark_20_z,class
0.7353264689445496,0.6079723834991455,1.2735326038182393e-07,0.7024312615394592,0.5670648813247681,0.0031753373332321644,0.6567739844322205,0.5428707003593445,-7.92460996308364e-05,0.6201249957084656,0.5302809476852417,-0.004019589629024267,0.596574604511261,0.5131319165229797,-0.009457232430577278,0.6408863663673401,0.5480635166168213,-0.018420638516545296,0.5859168171882629,0.553272008895874,-0.02976362779736519,0.5531286597251892,0.5559850931167603,-0.035674382001161575,0.5263361930847168,0.5577653050422668,-0.03935975208878517,0.6435226202011108,0.5774827599525452,-0.027074148878455162,0.5811644792556763,0.583179771900177,-0.03810616210103035,0.5427702069282532,0.583504855632782,-0.043468326330184937,0.5131146907806396,0.5823957920074463,-0.047308728098869324,0.6486449837684631,0.6108474731445312,-0.03426312282681465,0.5900813937187195,0.6176177859306335,-0.04330424591898918,0.5549625754356384,0.6152861714363098,-0.04685908928513527,0.5281317830085754,0.6105817556381226,-0.049398183822631836,0.656096875667572,0.6462070941925049,-0.04053858667612076,0.6115132570266724,0.649548351764679,-0.048927709460258484,0.584932267665863,0.6476001143455505,-0.05101499333977699,0.5628830790519714,0.6439608335494995,-0.05185522884130478,sol
