landmark_0_x,landmark_0_y,landmark_0_z,landmark_1_x,landmark_1_y,landmark_1_z,landmark_2_x,landmark_2_y,landmark_2_z,landmark_3_x,landmark_3_y,landmark_3_z,landmark_4_x,landmark_4_y,landmark_4_z,landmark_5_x,landmark_5_y,landmark_5_z,landmark_6_x,landmark_6_y,landmark_6_z,landmark_7_x,landmark_7_y,landmark_7_z,landmark_8_x,landmark_8_y,landmark_8_z,landmark_9_x,landmark_9_y,landmark_9_z,landmark_10_x,landmark_10_y,landmark_10_z,landmark_11_x,landmark_11_y,landmark_11_z,landmark_12_x,landmark_12_y,landmark_12_z,landmark_13_x,landmark_13_y,landmark_13_z,landmark_14_x,landmark_14_y,landmark_14_z,landmark_15_x,landmark_15_y,landmark_15_z,landmark_16_x,landmark_16_y,landmark_16_z,landmark_17_x,landmark_17_y,landmark_17_z,landmark_18_x,landmark_18_y,landmark_18_z,landmark_19_x,landmark_19_y,landmark_19_z,landmark_20_x,landmark_20_y,landmark_20_z,class
0.8312026262283325,0.31314146518707275,5.328988805786139e-08,0.8016974925994873,0.2804587185382843,0.0040271468460559845,0.7638375163078308,0.2617385685443878,0.0019009070238098502,0.7334851622581482,0.25203096866607666,-0.001357867382466793,0.7117083668708801,0.24163958430290222,-0.006008341908454895,0.7568148374557495,0.2567391097545624,-0.013097595423460007,0.7155850529670715,0.2609409987926483,-0.02220609039068222,0.6909855604171753,0.2626110911369324,-0.02730529196560383,0.6708697080612183,0.26421672105789185,-0.030523784458637238,0.7599408626556396,0.2783408463001251,-0.021141627803444862,0.7139275074005127,0.2838623523712158,-0.02947651781141758,0.6844820380210876,0.28652799129486084,-0.034209124743938446,0.6611203551292419,0.2886178493499756,-0.03799990192055702,0.7653763890266418,0.3042280077934265,-0.028071725741028786,0.7217747569084167,0.3086034059524536,-0.03506390005350113,0.6941848397254944,0.31018924713134766,-0.03858257457613945,0.6732451319694519,0.31056615710258484,-0.04141545295715332,0.7724800109863281,0.33282047510147095,-0.034165434539318085,0.7390867471694946,0.3338453769683838,-0.04068944603204727,0.7174978852272034,0.3331427574157715,-0.042855650186538696,0.6996710896492004,0.33243536949157715,-0.04419998824596405,sol
