landmark_0_x,landmark_0_y,landmark_0_z,landmark_1_x,landmark_1_y,landmark_1_z,landmark_2_x,landmark_2_y,landmark_2_z,landmark_3_x,landmark_3_y,landmark_3_z,landmark_4_x,landmark_4_y,landmark_4_z,landmark_5_x,landmark_5_y,landmark_5_z,landmark_6_x,landmark_6_y,landmark_6_z,landmark_7_x,landmark_7_y,landmark_7_z,landmark_8_x,landmark_8_y,landmark_8_z,landmark_9_x,landmark_9_y,landmark_9_z,landmark_10_x,landmark_10_y,landmark_10_z,landmark_11_x,landmark_11_y,landmark_11_z,landmark_12_x,landmark_12_y,landmark_12_z,landmark_13_x,landmark_13_y,landmark_13_z,landmark_14_x,landmark_14_y,landmark_14_z,landmark_15_x,landmark_15_y,landmark_15_z,landmark_16_x,landmark_16_y,landmark_16_z,landmark_17_x,landmark_17_y,landmark_17_z,landmark_18_x,landmark_18_y,landmark_18_z,landmark_19_x,landmark_19_y,landmark_19_z,landmark_20_x,landmark_20_y,landmark_20_z,class
0.8841233253479004,0.8476811647415161,1.8064687878904806e-07,0.8651721477508545,0.8047007322311401,-0.009793021716177464,0.8345242738723755,0.7790754437446594,-0.0161588191986084,0.8042173385620117,0.7754157185554504,-0.02045428939163685,0.780508279800415,0.7723569273948669,-0.025094395503401756,0.8198689818382263,0.8079466819763184,-0.026228738948702812,0.7757555842399597,0.8173582553863525,-0.03727162256836891,0.7492144703865051,0.823923647403717,-0.04222466051578522,0.7285482287406921,0.8298315405845642,-0.044759973883628845,0.8198164105415344,0.8410773277282715,-0.0257970429956913,0.7736648321151733,0.8504474759101868,-0.036705777049064636,0.7437310814857483,0.8540533185005188,-0.04159014672040939,0.7204541563987732,0.8563128113746643,-0.04455045238137245,0.8212887048721313,0.8684837818145752,-0.025045959278941154,0.7793880105018616,0.8765017986297607,-0.03339947387576103,0.7520016431808472,0.8788453340530396,-0.037377867847681046,0.7301501035690308,0.8795416951179504,-0.039701707661151886,0.823968768119812,0.8891063332557678,-0.02466530352830887,0.7915982007980347,0.8953985571861267,-0.032049648463726044,0.7706114053726196,0.8980193734169006,-0.03538620099425316,0.7529797554016113,0.8993169665336609,-0.036863774061203,sol
