landmark_0_x,landmark_0_y,landmark_0_z,landmark_1_x,landmark_1_y,landmark_1_z,landmark_2_x,landmark_2_y,landmark_2_z,landmark_3_x,landmark_3_y,landmark_3_z,landmark_4_x,landmark_4_y,landmark_4_z,landmark_5_x,landmark_5_y,landmark_5_z,landmark_6_x,landmark_6_y,landmark_6_z,landmark_7_x,landmark_7_y,landmark_7_z,landmark_8_x,landmark_8_y,landmark_8_z,landmark_9_x,landmark_9_y,landmark_9_z,landmark_10_x,landmark_10_y,landmark_10_z,landmark_11_x,landmark_11_y,landmark_11_z,landmark_12_x,landmark_12_y,landmark_12_z,landmark_13_x,landmark_13_y,landmark_13_z,landmark_14_x,landmark_14_y,landmark_14_z,landmark_15_x,landmark_15_y,landmark_15_z,landmark_16_x,landmark_16_y,landmark_16_z,landmark_17_x,landmark_17_y,landmark_17_z,landmark_18_x,landmark_18_y,landmark_18_z,landmark_19_x,landmark_19_y,landmark_19_z,landmark_20_x,landmark_20_y,landmark_20_z,class
0.7500048875808716,0.6055938005447388,2.5340730758216523e-07,0.6982887387275696,0.5967178344726562,-0.021717170253396034,0.6534138917922974,0.5776605010032654,-0.03755689039826393,0.6241052150726318,0.5614300966262817,-0.052603915333747864,0.6183373332023621,0.5449581146240234,-0.06677287817001343,0.6613031029701233,0.4474655091762543,-0.007946102879941463,0.6549263000488281,0.39543092250823975,-0.02451229654252529,0.6513352990150452,0.3702066242694855,-0.04303779825568199,0.6464038491249084,0.3536437451839447,-0.05682838708162308,0.693515956401825,0.4336141049861908,-0.009269212372601032,0.6857354044914246,0.3777301013469696,-0.024192113429307938,0.6805220246315002,0.35490402579307556,-0.040372662246227264,0.6723508834838867,0.34462082386016846,-0.051985692232847214,0.7269982099533081,0.4325563311576843,-0.014631436206400394,0.719399631023407,0.37799620628356934,-0.02862478792667389,0.710647702217102,0.3593781292438507,-0.03860459849238396,0.6991506218910217,0.35627520084381104,-0.04445626959204674,0.7623608112335205,0.4440808892250061,-0.022524014115333557,0.7537729144096375,0.3933647871017456,-0.03447684273123741,0.7427831292152405,0.372763067483902,-0.039894286543130875,0.7290300130844116,0.3639426529407501,-0.042535871267318726,la
