landmark_0_x,landmark_0_y,landmark_0_z,landmark_1_x,landmark_1_y,landmark_1_z,landmark_2_x,landmark_2_y,landmark_2_z,landmark_3_x,landmark_3_y,landmark_3_z,landmark_4_x,landmark_4_y,landmark_4_z,landmark_5_x,landmark_5_y,landmark_5_z,landmark_6_x,landmark_6_y,landmark_6_z,landmark_7_x,landmark_7_y,landmark_7_z,landmark_8_x,landmark_8_y,landmark_8_z,landmark_9_x,landmark_9_y,landmark_9_z,landmark_10_x,landmark_10_y,landmark_10_z,landmark_11_x,landmark_11_y,landmark_11_z,landmark_12_x,landmark_12_y,landmark_12_z,landmark_13_x,landmark_13_y,landmark_13_z,landmark_14_x,landmark_14_y,landmark_14_z,landmark_15_x,landmark_15_y,landmark_15_z,landmark_16_x,landmark_16_y,landmark_16_z,landmark_17_x,landmark_17_y,landmark_17_z,landmark_18_x,landmark_18_y,landmark_18_z,landmark_19_x,landmark_19_y,landmark_19_z,landmark_20_x,landmark_20_y,landmark_20_z,class
0.6880699396133423,0.45798709988594055,3.3624991147007677e-07,0.6417600512504578,0.4632137417793274,-0.028406260535120964,0.5900136828422546,0.4486483633518219,-0.04625314101576805,0.5546287298202515,0.43564215302467346,-0.061778172850608826,0.5429267287254333,0.4240032732486725,-0.07607922703027725,0.588061511516571,0.3028707206249237,-0.01665799506008625,0.5780549645423889,0.24633872509002686,-0.0344596803188324,0.5776165127754211,0.21611353754997253,-0.05318187177181244,0.5814042687416077,0.19804725050926208,-0.06660819798707962,0.6240329146385193,0.28229832649230957,-0.01556197740137577,0.615768313407898,0.22191224992275238,-0.03134147450327873,0.6173791885375977,0.19738465547561646,-0.04757639393210411,0.6224783062934875,0.18973661959171295,-0.058235764503479004,0.66136234998703,0.2768310010433197,-0.01864277385175228,0.6533531546592712,0.21962398290634155,-0.03398308902978897,0.6514490246772766,0.19839583337306976,-0.04397830367088318,0.6532295346260071,0.19422490894794464,-0.04923318699002266,0.7000651359558105,0.2845361530780792,-0.02472429722547531,0.6905133724212646,0.23535826802253723,-0.03794972226023674,0.685596764087677,0.21715959906578064,-0.042385395616292953,0.6834183931350708,0.21130786836147308,-0.04356709495186806,la
