landmark_0_x,landmark_0_y,landmark_0_z,landmark_1_x,landmark_1_y,landmark_1_z,landmark_2_x,landmark_2_y,landmark_2_z,landmark_3_x,landmark_3_y,landmark_3_z,landmark_4_x,landmark_4_y,landmark_4_z,landmark_5_x,landmark_5_y,landmark_5_z,landmark_6_x,landmark_6_y,landmark_6_z,landmark_7_x,landmark_7_y,landmark_7_z,landmark_8_x,landmark_8_y,landmark_8_z,landmark_9_x,landmark_9_y,landmark_9_z,landmark_10_x,landmark_10_y,landmark_10_z,landmark_11_x,landmark_11_y,landmark_11_z,landmark_12_x,landmark_12_y,landmark_12_z,landmark_13_x,landmark_13_y,landmark_13_z,landmark_14_x,landmark_14_y,landmark_14_z,landmark_15_x,landmark_15_y,landmark_15_z,landmark_16_x,landmark_16_y,landmark_16_z,landmark_17_x,landmark_17_y,landmark_17_z,landmark_18_x,landmark_18_y,landmark_18_z,landmark_19_x,landmark_19_y,landmark_19_z,landmark_20_x,landmark_20_y,landmark_20_z,class
0.6908482313156128,0.7688090801239014,7.637226673296027e-08,0.6627746224403381,0.7722117304801941,-0.009137789718806744,0.6351922750473022,0.7651856541633606,-0.016019467264413834,0.6167812347412109,0.7638047337532043,-0.022649863734841347,0.6011627912521362,0.7640451788902283,-0.029114918783307076,0.6405829787254333,0.706760585308075,-0.007160925772041082,0.6345124840736389,0.6791670918464661,-0.016352934762835503,0.626794695854187,0.6693422794342041,-0.02466174215078354,0.6193200349807739,0.6663916707038879,-0.029918057844042778,0.6559568047523499,0.6992882490158081,-0.008942818269133568,0.6499387621879578,0.6655251979827881,-0.018616417422890663,0.6411217451095581,0.6601793169975281,-0.0252460315823555,0.6335349082946777,0.6648974418640137,-0.028497304767370224,0.671647846698761,0.6978264451026917,-0.012300245463848114,0.6653376221656799,0.6676653623580933,-0.021454492583870888,0.6555546522140503,0.6653183698654175,-0.0253197830170393,0.6465755105018616,0.6709205508232117,-0.02628238871693611,0.6881564855575562,0.7022410035133362,-0.016467677429318428,0.6806748509407043,0.6790525317192078,-0.023867061361670494,0.6717894077301025,0.6744635701179504,-0.02564120478928089,0.6627324819564819,0.6773518323898315,-0.025614311918616295,la
