landmark_0_x,landmark_0_y,landmark_0_z,landmark_1_x,landmark_1_y,landmark_1_z,landmark_2_x,landmark_2_y,landmark_2_z,landmark_3_x,landmark_3_y,landmark_3_z,landmark_4_x,landmark_4_y,landmark_4_z,landmark_5_x,landmark_5_y,landmark_5_z,landmark_6_x,landmark_6_y,landmark_6_z,landmark_7_x,landmark_7_y,landmark_7_z,landmark_8_x,landmark_8_y,landmark_8_z,landmark_9_x,landmark_9_y,landmark_9_z,landmark_10_x,landmark_10_y,landmark_10_z,landmark_11_x,landmark_11_y,landmark_11_z,landmark_12_x,landmark_12_y,landmark_12_z,landmark_13_x,landmark_13_y,landmark_13_z,landmark_14_x,landmark_14_y,landmark_14_z,landmark_15_x,landmark_15_y,landmark_15_z,landmark_16_x,landmark_16_y,landmark_16_z,landmark_17_x,landmark_17_y,landmark_17_z,landmark_18_x,landmark_18_y,landmark_18_z,landmark_19_x,landmark_19_y,landmark_19_z,landmark_20_x,landmark_20_y,landmark_20_z,class
0.6811259984970093,0.8357508182525635,1.7281634256960388e-07,0.6501071453094482,0.8399980068206787,-0.011306563392281532,0.6214610934257507,0.8311985731124878,-0.020056715235114098,0.603221595287323,0.8296912908554077,-0.028390539810061455,0.5863416790962219,0.8305736184120178,-0.0372498594224453,0.6307351589202881,0.7572848796844482,-0.011357378214597702,0.6257227659225464,0.7282137274742126,-0.02203010767698288,0.6206408739089966,0.7131007313728333,-0.03252406045794487,0.6138585805892944,0.7031823396682739,-0.04037319868803024,0.6507847905158997,0.7486840486526489,-0.014431645162403584,0.6469584107398987,0.7165948748588562,-0.024885395541787148,0.6400043368339539,0.7030202746391296,-0.03407253324985504,0.6311235427856445,0.696446418762207,-0.04068818315863609,0.6714704036712646,0.7506069540977478,-0.019291725009679794,0.6693973541259766,0.722445547580719,-0.030073821544647217,0.662929892539978,0.7109032869338989,-0.03603935241699219,0.6535257697105408,0.7044845819473267,-0.03984691947698593,0.6924511194229126,0.7614247798919678,-0.025210751220583916,0.6902540326118469,0.7382026314735413,-0.03525862842798233,0.6848909258842468,0.7276543974876404,-0.038610100746154785,0.6761523485183716,0.7212623953819275,-0.04042475298047066,la
