landmark_0_x,landmark_0_y,landmark_0_z,landmark_1_x,landmark_1_y,landmark_1_z,landmark_2_x,landmark_2_y,landmark_2_z,landmark_3_x,landmark_3_y,landmark_3_z,landmark_4_x,landmark_4_y,landmark_4_z,landmark_5_x,landmark_5_y,landmark_5_z,landmark_6_x,landmark_6_y,landmark_6_z,landmark_7_x,landmark_7_y,landmark_7_z,landmark_8_x,landmark_8_y,landmark_8_z,landmark_9_x,landmark_9_y,landmark_9_z,landmark_10_x,landmark_10_y,landmark_10_z,landmark_11_x,landmark_11_y,landmark_11_z,landmark_12_x,landmark_12_y,landmark_12_z,landmark_13_x,landmark_13_y,landmark_13_z,landmark_14_x,landmark_14_y,landmark_14_z,landmark_15_x,landmark_15_y,landmark_15_z,landmark_16_x,landmark_16_y,landmark_16_z,landmark_17_x,landmark_17_y,landmark_17_z,landmark_18_x,landmark_18_y,landmark_18_z,landmark_19_x,landmark_19_y,landmark_19_z,landmark_20_x,landmark_20_y,landmark_20_z,class
0.80837482213974,0.8079211711883545,2.2111899511401134e-07,0.7435035705566406,0.8278104066848755,-0.040355928242206573,0.6809005737304688,0.8277197480201721,-0.07719859480857849,0.6381219625473022,0.8318256735801697,-0.11363235116004944,0.6042600274085999,0.8336279988288879,-0.14956946671009064,0.6811326742172241,0.6325308680534363,-0.044401708990335464,0.6766995191574097,0.5525505542755127,-0.09184867143630981,0.6810374855995178,0.5473021864891052,-0.13054651021957397,0.6920739412307739,0.5828314423561096,-0.1512608677148819,0.7373352646827698,0.6044633388519287,-0.05259652063250542,0.7283270955085754,0.4833802282810211,-0.10098809003829956,0.7318703532218933,0.5014968514442444,-0.13312706351280212,0.7408901453018188,0.5623264908790588,-0.14568284153938293,0.7945029139518738,0.6062278747558594,-0.06590870022773743,0.7895950078964233,0.5079702138900757,-0.10953497141599655,0.7927833795547485,0.5338491797447205,-0.12701110541820526,0.7958157062530518,0.5925164818763733,-0.129071906208992,0.8484560251235962,0.6310102939605713,-0.08202394098043442,0.8416844010353088,0.5639302730560303,-0.1131419762969017,0.8405405282974243,0.5765960216522217,-0.11809128522872925,0.8389880061149597,0.6151405572891235,-0.11464320123195648,la
