landmark_0_x,landmark_0_y,landmark_0_z,landmark_1_x,landmark_1_y,landmark_1_z,landmark_2_x,landmark_2_y,landmark_2_z,landmark_3_x,landmark_3_y,landmark_3_z,landmark_4_x,landmark_4_y,landmark_4_z,landmark_5_x,landmark_5_y,landmark_5_z,landmark_6_x,landmark_6_y,landmark_6_z,landmark_7_x,landmark_7_y,landmark_7_z,landmark_8_x,landmark_8_y,landmark_8_z,landmark_9_x,landmark_9_y,landmark_9_z,landmark_10_x,landmark_10_y,landmark_10_z,landmark_11_x,landmark_11_y,landmark_11_z,landmark_12_x,landmark_12_y,landmark_12_z,landmark_13_x,landmark_13_y,landmark_13_z,landmark_14_x,landmark_14_y,landmark_14_z,landmark_15_x,landmark_15_y,landmark_15_z,landmark_16_x,landmark_16_y,landmark_16_z,landmark_17_x,landmark_17_y,landmark_17_z,landmark_18_x,landmark_18_y,landmark_18_z,landmark_19_x,landmark_19_y,landmark_19_z,landmark_20_x,landmark_20_y,landmark_20_z,class
0.6882612109184265,0.693569004535675,2.7206885988562135e-07,0.6402220726013184,0.7019580602645874,-0.021200507879257202,0.5882925391197205,0.6897931694984436,-0.036572717130184174,0.5549322366714478,0.6819639801979065,-0.05052240192890167,0.540217936038971,0.6668701767921448,-0.0639466866850853,0.5889272689819336,0.5712149143218994,-0.01917857863008976,0.5776615738868713,0.518458366394043,-0.03835492953658104,0.5729465484619141,0.48798003792762756,-0.05691627785563469,0.5736662149429321,0.47425585985183716,-0.06926646828651428,0.6216651201248169,0.5505459904670715,-0.021713586524128914,0.6087473630905151,0.4911724030971527,-0.039239972829818726,0.6029179692268372,0.46357059478759766,-0.0546732135117054,0.6028969287872314,0.4602927565574646,-0.0646546483039856,0.6564953923225403,0.5459533333778381,-0.02725055068731308,0.6429052352905273,0.490089476108551,-0.04423195868730545,0.6377689838409424,0.46725040674209595,-0.05351128429174423,0.6374838948249817,0.4685159921646118,-0.05832039192318916,0.6916291117668152,0.555314838886261,-0.03469594568014145,0.6793708801269531,0.5080851316452026,-0.05041885003447533,0.6726322174072266,0.4874173402786255,-0.05469183623790741,0.6684305667877197,0.4845051169395447,-0.0555131770670414,la
