landmark_0_x,landmark_0_y,landmark_0_z,landmark_1_x,landmark_1_y,landmark_1_z,landmark_2_x,landmark_2_y,landmark_2_z,landmark_3_x,landmark_3_y,landmark_3_z,landmark_4_x,landmark_4_y,landmark_4_z,landmark_5_x,landmark_5_y,landmark_5_z,landmark_6_x,landmark_6_y,landmark_6_z,landmark_7_x,landmark_7_y,landmark_7_z,landmark_8_x,landmark_8_y,landmark_8_z,landmark_9_x,landmark_9_y,landmark_9_z,landmark_10_x,landmark_10_y,landmark_10_z,landmark_11_x,landmark_11_y,landmark_11_z,landmark_12_x,landmark_12_y,landmark_12_z,landmark_13_x,landmark_13_y,landmark_13_z,landmark_14_x,landmark_14_y,landmark_14_z,landmark_15_x,landmark_15_y,landmark_15_z,landmark_16_x,landmark_16_y,landmark_16_z,landmark_17_x,landmark_17_y,landmark_17_z,landmark_18_x,landmark_18_y,landmark_18_z,landmark_19_x,landmark_19_y,landmark_19_z,landmark_20_x,landmark_20_y,landmark_20_z,class
0.720855176448822,0.6913670897483826,2.836809187556355e-07,0.6854697465896606,0.7005314230918884,-0.016009068116545677,0.6502994298934937,0.6962293386459351,-0.021230503916740417,0.6254233717918396,0.6932915449142456,-0.025053169578313828,0.6059975624084473,0.6899946331977844,-0.02758205495774746,0.6489481329917908,0.6079973578453064,0.006761763244867325,0.6392971873283386,0.5691695809364319,0.005407254211604595,0.6381421089172363,0.5457133650779724,-0.0017558594699949026,0.6409345865249634,0.5303685069084167,-0.0073897335678339005,0.6674777269363403,0.5972787737846375,0.010847634635865688,0.6585781574249268,0.5609041452407837,0.011906628496944904,0.6576558351516724,0.5405988693237305,0.004923666827380657,0.6610360145568848,0.5306888818740845,-0.0008952014613896608,0.685913622379303,0.596140444278717,0.011859292164444923,0.6811627149581909,0.5637223124504089,0.011703507043421268,0.6817163825035095,0.5481227040290833,0.007218986749649048,0.6853902339935303,0.5416368246078491,0.003541982965543866,0.7073794007301331,0.6005107164382935,0.01078365370631218,0.7032400965690613,0.5742192268371582,0.009630000218749046,0.7021363973617554,0.5611703395843506,0.008786284364759922,0.7023617625236511,0.5525863170623779,0.008192176930606365,la
