landmark_0_x,landmark_0_y,landmark_0_z,landmark_1_x,landmark_1_y,landmark_1_z,landmark_2_x,landmark_2_y,landmark_2_z,landmark_3_x,landmark_3_y,landmark_3_z,landmark_4_x,landmark_4_y,landmark_4_z,landmark_5_x,landmark_5_y,landmark_5_z,landmark_6_x,landmark_6_y,landmark_6_z,landmark_7_x,landmark_7_y,landmark_7_z,landmark_8_x,landmark_8_y,landmark_8_z,landmark_9_x,landmark_9_y,landmark_9_z,landmark_10_x,landmark_10_y,landmark_10_z,landmark_11_x,landmark_11_y,landmark_11_z,landmark_12_x,landmark_12_y,landmark_12_z,landmark_13_x,landmark_13_y,landmark_13_z,landmark_14_x,landmark_14_y,landmark_14_z,landmark_15_x,landmark_15_y,landmark_15_z,landmark_16_x,landmark_16_y,landmark_16_z,landmark_17_x,landmark_17_y,landmark_17_z,landmark_18_x,landmark_18_y,landmark_18_z,landmark_19_x,landmark_19_y,landmark_19_z,landmark_20_x,landmark_20_y,landmark_20_z,class
0.7385654449462891,0.42637327313423157,4.078400195339782e-07,0.6903501152992249,0.4287528395652771,-0.03954590857028961,0.6419755220413208,0.4068886637687683,-0.0666683241724968,0.611993670463562,0.3862903118133545,-0.09061767160892487,0.6230108737945557,0.38427066802978516,-0.11313961446285248,0.6486721634864807,0.2595822811126709,-0.029967956244945526,0.6493324041366577,0.18638943135738373,-0.05567443370819092,0.6611902713775635,0.15641430020332336,-0.07983822375535965,0.6761335730552673,0.14834383130073547,-0.09531170129776001,0.6846743226051331,0.24528855085372925,-0.02474387176334858,0.6829684376716614,0.17315317690372467,-0.04604111984372139,0.6921623945236206,0.1510029137134552,-0.0639631599187851,0.7030728459358215,0.1507866233587265,-0.0747622400522232,0.7200285792350769,0.2442505657672882,-0.024580249562859535,0.717706024646759,0.17665253579616547,-0.04123586788773537,0.7228814959526062,0.15986967086791992,-0.0488806813955307,0.7290880680084229,0.16337662935256958,-0.05219883471727371,0.7548242211341858,0.25391921401023865,-0.02871709316968918,0.7520492076873779,0.19777658581733704,-0.03922917693853378,0.7528857588768005,0.1866651177406311,-0.03997395560145378,0.7534311413764954,0.1911054253578186,-0.03883441537618637,la
