landmark_0_x,landmark_0_y,landmark_0_z,landmark_1_x,landmark_1_y,landmark_1_z,landmark_2_x,landmark_2_y,landmark_2_z,landmark_3_x,landmark_3_y,landmark_3_z,landmark_4_x,landmark_4_y,landmark_4_z,landmark_5_x,landmark_5_y,landmark_5_z,landmark_6_x,landmark_6_y,landmark_6_z,landmark_7_x,landmark_7_y,landmark_7_z,landmark_8_x,landmark_8_y,landmark_8_z,landmark_9_x,landmark_9_y,landmark_9_z,landmark_10_x,landmark_10_y,landmark_10_z,landmark_11_x,landmark_11_y,landmark_11_z,landmark_12_x,landmark_12_y,landmark_12_z,landmark_13_x,landmark_13_y,landmark_13_z,landmark_14_x,landmark_14_y,landmark_14_z,landmark_15_x,landmark_15_y,landmark_15_z,landmark_16_x,landmark_16_y,landmark_16_z,landmark_17_x,landmark_17_y,landmark_17_z,landmark_18_x,landmark_18_y,landmark_18_z,landmark_19_x,landmark_19_y,landmark_19_z,landmark_20_x,landmark_20_y,landmark_20_z,class
0.8074434995651245,0.7389672994613647,2.1598276589429588e-07,0.7858216166496277,0.7455345988273621,-0.027316462248563766,0.7635965943336487,0.7442061901092529,-0.04572970047593117,0.7495263814926147,0.7368107438087463,-0.061696916818618774,0.7390311360359192,0.7321415543556213,-0.07750652730464935,0.7622347474098206,0.6698232889175415,-0.026906967163085938,0.7592822909355164,0.6398106813430786,-0.045004770159721375,0.7670134902000427,0.6292858123779297,-0.060742150992155075,0.7795444130897522,0.628415048122406,-0.07078292220830917,0.7810856103897095,0.6558178663253784,-0.022969553247094154,0.7788166999816895,0.6169978380203247,-0.041902925819158554,0.7880391478538513,0.612561047077179,-0.057715777307748795,0.7998853325843811,0.6218249797821045,-0.06678243726491928,0.7990244626998901,0.6514444947242737,-0.02164912223815918,0.7977133393287659,0.617196798324585,-0.0369526706635952,0.8051139116287231,0.6147512197494507,-0.04784606397151947,0.8135107755661011,0.6265671253204346,-0.053386472165584564,0.8171374201774597,0.6552342176437378,-0.022685598582029343,0.8166583180427551,0.6286216974258423,-0.0342169925570488,0.8206261992454529,0.6262639164924622,-0.04051510617136955,0.8251672387123108,0.6351650953292847,-0.043739572167396545,la
