landmark_0_x,landmark_0_y,landmark_0_z,landmark_1_x,landmark_1_y,landmark_1_z,landmark_2_x,landmark_2_y,landmark_2_z,landmark_3_x,landmark_3_y,landmark_3_z,landmark_4_x,landmark_4_y,landmark_4_z,landmark_5_x,landmark_5_y,landmark_5_z,landmark_6_x,landmark_6_y,landmark_6_z,landmark_7_x,landmark_7_y,landmark_7_z,landmark_8_x,landmark_8_y,landmark_8_z,landmark_9_x,landmark_9_y,landmark_9_z,landmark_10_x,landmark_10_y,landmark_10_z,landmark_11_x,landmark_11_y,landmark_11_z,landmark_12_x,landmark_12_y,landmark_12_z,landmark_13_x,landmark_13_y,landmark_13_z,landmark_14_x,landmark_14_y,landmark_14_z,landmark_15_x,landmark_15_y,landmark_15_z,landmark_16_x,landmark_16_y,landmark_16_z,landmark_17_x,landmark_17_y,landmark_17_z,landmark_18_x,landmark_18_y,landmark_18_z,landmark_19_x,landmark_19_y,landmark_19_z,landmark_20_x,landmark_20_y,landmark_20_z,class
0.822881281375885,0.829264760017395,1.0981300135881611e-07,0.794235110282898,0.8215301036834717,-0.016064709052443504,0.7688290476799011,0.8096364140510559,-0.02919580042362213,0.7495685815811157,0.805696427822113,-0.04204448685050011,0.7383548021316528,0.8003162741661072,-0.05445469915866852,0.7741168737411499,0.7259087562561035,-0.011621500365436077,0.7706860303878784,0.6874128580093384,-0.02991689182817936,0.7658045887947083,0.6761708855628967,-0.047166723757982254,0.7624709606170654,0.6813205480575562,-0.05744423717260361,0.7943772673606873,0.7187771797180176,-0.013527801260352135,0.791624128818512,0.6706246137619019,-0.03195732459425926,0.7856960296630859,0.6656186580657959,-0.04760688915848732,0.7806181907653809,0.6821926236152649,-0.05575798451900482,0.8144130110740662,0.7208819389343262,-0.0180828720331192,0.8116124272346497,0.677295446395874,-0.03181803598999977,0.8044658303260803,0.6726243495941162,-0.041610006242990494,0.7987383008003235,0.6871745586395264,-0.045950982719659805,0.8353102207183838,0.732700765132904,-0.02430802956223488,0.8322532176971436,0.698733389377594,-0.033750809729099274,0.8251186609268188,0.6862475275993347,-0.03876001760363579,0.8178859353065491,0.6868908405303955,-0.04082205891609192,la
