landmark_0_x,landmark_0_y,landmark_0_z,landmark_1_x,landmark_1_y,landmark_1_z,landmark_2_x,landmark_2_y,landmark_2_z,landmark_3_x,landmark_3_y,landmark_3_z,landmark_4_x,landmark_4_y,landmark_4_z,landmark_5_x,landmark_5_y,landmark_5_z,landmark_6_x,landmark_6_y,landmark_6_z,landmark_7_x,landmark_7_y,landmark_7_z,landmark_8_x,landmark_8_y,landmark_8_z,landmark_9_x,landmark_9_y,landmark_9_z,landmark_10_x,landmark_10_y,landmark_10_z,landmark_11_x,landmark_11_y,landmark_11_z,landmark_12_x,landmark_12_y,landmark_12_z,landmark_13_x,landmark_13_y,landmark_13_z,landmark_14_x,landmark_14_y,landmark_14_z,landmark_15_x,landmark_15_y,landmark_15_z,landmark_16_x,landmark_16_y,landmark_16_z,landmark_17_x,landmark_17_y,landmark_17_z,landmark_18_x,landmark_18_y,landmark_18_z,landmark_19_x,landmark_19_y,landmark_19_z,landmark_20_x,landmark_20_y,landmark_20_z,class
0.9248046875,0.6465516090393066,2.3769894141878467e-07,0.8971301317214966,0.640472948551178,-0.025402873754501343,0.871229887008667,0.6262025833129883,-0.04271520674228668,0.8486361503601074,0.6168957948684692,-0.05763095244765282,0.8321202993392944,0.6191700100898743,-0.0719180703163147,0.8641981482505798,0.5286760330200195,-0.019997814670205116,0.855467677116394,0.488348126411438,-0.03709452971816063,0.8565171360969543,0.4650840163230896,-0.05439620092511177,0.8613073825836182,0.4508472681045532,-0.06673228740692139,0.8886856436729431,0.5161507725715637,-0.01792687177658081,0.8799378275871277,0.4723832905292511,-0.03301823139190674,0.8797112703323364,0.4525592029094696,-0.0482039712369442,0.8819114565849304,0.4444113075733185,-0.05917799472808838,0.9131633639335632,0.5156124830245972,-0.018929461017251015,0.9086002707481384,0.47440898418426514,-0.03161493316292763,0.9070643186569214,0.45620429515838623,-0.040547292679548264,0.9082932472229004,0.4518406391143799,-0.04639233276247978,0.9397796988487244,0.5249441862106323,-0.02259453758597374,0.9354040026664734,0.4883270561695099,-0.03197978064417839,0.9313410520553589,0.469817578792572,-0.03621404990553856,0.927775502204895,0.4595199525356293,-0.038962993770837784,la
