landmark_0_x,landmark_0_y,landmark_0_z,landmark_1_x,landmark_1_y,landmark_1_z,landmark_2_x,landmark_2_y,landmark_2_z,landmark_3_x,landmark_3_y,landmark_3_z,landmark_4_x,landmark_4_y,landmark_4_z,landmark_5_x,landmark_5_y,landmark_5_z,landmark_6_x,landmark_6_y,landmark_6_z,landmark_7_x,landmark_7_y,landmark_7_z,landmark_8_x,landmark_8_y,landmark_8_z,landmark_9_x,landmark_9_y,landmark_9_z,landmark_10_x,landmark_10_y,landmark_10_z,landmark_11_x,landmark_11_y,landmark_11_z,landmark_12_x,landmark_12_y,landmark_12_z,landmark_13_x,landmark_13_y,landmark_13_z,landmark_14_x,landmark_14_y,landmark_14_z,landmark_15_x,landmark_15_y,landmark_15_z,landmark_16_x,landmark_16_y,landmark_16_z,landmark_17_x,landmark_17_y,landmark_17_z,landmark_18_x,landmark_18_y,landmark_18_z,landmark_19_x,landmark_19_y,landmark_19_z,landmark_20_x,landmark_20_y,landmark_20_z,class
0.815603494644165,0.6200510859489441,2.828925005360361e-07,0.7716089487075806,0.6123033761978149,-0.030651818960905075,0.7326360940933228,0.5918407440185547,-0.05159958451986313,0.7042049765586853,0.5745179653167725,-0.07002892345190048,0.6989858746528625,0.5481147170066833,-0.08775035291910172,0.744010865688324,0.46975457668304443,-0.023760663345456123,0.7333911061286926,0.42299962043762207,-0.0453781858086586,0.7333034873008728,0.3967301547527313,-0.06660406291484833,0.7366981506347656,0.3718760013580322,-0.08214405924081802,0.7744088768959045,0.4547261595726013,-0.02060355432331562,0.7644943594932556,0.4025097191333771,-0.0394602008163929,0.7604259848594666,0.37627583742141724,-0.05717461556196213,0.755776047706604,0.3549581468105316,-0.07009410113096237,0.8063660860061646,0.45309731364250183,-0.021676134318113327,0.7994676232337952,0.3987681269645691,-0.0389716811478138,0.7928322553634644,0.3745062053203583,-0.04977274686098099,0.7838089466094971,0.3586461544036865,-0.05634758993983269,0.839203417301178,0.4642012417316437,-0.025793228298425674,0.8341894149780273,0.4117748737335205,-0.04105896130204201,0.8260104060173035,0.3876607418060303,-0.04813943803310394,0.813744306564331,0.3696736693382263,-0.0519675575196743,la
