landmark_0_x,landmark_0_y,landmark_0_z,landmark_1_x,landmark_1_y,landmark_1_z,landmark_2_x,landmark_2_y,landmark_2_z,landmark_3_x,landmark_3_y,landmark_3_z,landmark_4_x,landmark_4_y,landmark_4_z,landmark_5_x,landmark_5_y,landmark_5_z,landmark_6_x,landmark_6_y,landmark_6_z,landmark_7_x,landmark_7_y,landmark_7_z,landmark_8_x,landmark_8_y,landmark_8_z,landmark_9_x,landmark_9_y,landmark_9_z,landmark_10_x,landmark_10_y,landmark_10_z,landmark_11_x,landmark_11_y,landmark_11_z,landmark_12_x,landmark_12_y,landmark_12_z,landmark_13_x,landmark_13_y,landmark_13_z,landmark_14_x,landmark_14_y,landmark_14_z,landmark_15_x,landmark_15_y,landmark_15_z,landmark_16_x,landmark_16_y,landmark_16_z,landmark_17_x,landmark_17_y,landmark_17_z,landmark_18_x,landmark_18_y,landmark_18_z,landmark_19_x,landmark_19_y,landmark_19_z,landmark_20_x,landmark_20_y,landmark_20_z,class
0.8527172207832336,0.525206446647644,4.961177069162659e-07,0.7911813259124756,0.5161036252975464,-0.05483778193593025,0.7373605370521545,0.4871678352355957,-0.09378815442323685,0.6934981942176819,0.4703100323677063,-0.12796849012374878,0.6617181301116943,0.43917790055274963,-0.1620001494884491,0.7476988434791565,0.306215763092041,-0.05178346112370491,0.7335675954818726,0.22171814739704132,-0.09590686857700348,0.7331832647323608,0.18175052106380463,-0.13796406984329224,0.7434674501419067,0.1658705621957779,-0.16515804827213287,0.7954946756362915,0.285591185092926,-0.04460034519433975,0.78363436460495,0.19124026596546173,-0.08584126830101013,0.7809017300605774,0.15437443554401398,-0.1262228786945343,0.7802796363830566,0.14482666552066803,-0.15292316675186157,0.8442367315292358,0.2847665846347809,-0.04360027611255646,0.8358283042907715,0.19385860860347748,-0.07566927373409271,0.8265482187271118,0.15513496100902557,-0.10453037172555923,0.8161849975585938,0.14803414046764374,-0.12260493636131287,0.8930573463439941,0.30282121896743774,-0.047276318073272705,0.8887978792190552,0.2233733832836151,-0.07329180091619492,0.8725419044494629,0.18381372094154358,-0.09203112125396729,0.8519167900085449,0.16648134589195251,-0.10415595024824142,la
