landmark_0_x,landmark_0_y,landmark_0_z,landmark_1_x,landmark_1_y,landmark_1_z,landmark_2_x,landmark_2_y,landmark_2_z,landmark_3_x,landmark_3_y,landmark_3_z,landmark_4_x,landmark_4_y,landmark_4_z,landmark_5_x,landmark_5_y,landmark_5_z,landmark_6_x,landmark_6_y,landmark_6_z,landmark_7_x,landmark_7_y,landmark_7_z,landmark_8_x,landmark_8_y,landmark_8_z,landmark_9_x,landmark_9_y,landmark_9_z,landmark_10_x,landmark_10_y,landmark_10_z,landmark_11_x,landmark_11_y,landmark_11_z,landmark_12_x,landmark_12_y,landmark_12_z,landmark_13_x,landmark_13_y,landmark_13_z,landmark_14_x,landmark_14_y,landmark_14_z,landmark_15_x,landmark_15_y,landmark_15_z,landmark_16_x,landmark_16_y,landmark_16_z,landmark_17_x,landmark_17_y,landmark_17_z,landmark_18_x,landmark_18_y,landmark_18_z,landmark_19_x,landmark_19_y,landmark_19_z,landmark_20_x,landmark_20_y,landmark_20_z,class
0.8379958868026733,0.8244548439979553,1.4652060542630352e-07,0.8191365003585815,0.8217679262161255,-0.021998612210154533,0.8025807738304138,0.8116636872291565,-0.03879472613334656,0.7958284616470337,0.806613564491272,-0.05426480621099472,0.7902435660362244,0.8098000288009644,-0.0693245604634285,0.8046643137931824,0.733306884765625,-0.02208031341433525,0.8042387366294861,0.696995735168457,-0.04035518690943718,0.8111620545387268,0.6901060342788696,-0.05611579865217209,0.8192319869995117,0.6981149315834045,-0.0650327280163765,0.8242208957672119,0.72419673204422,-0.020560475066304207,0.8221112489700317,0.6769536137580872,-0.03763427212834358,0.829524576663971,0.6756478548049927,-0.05137642100453377,0.8360241055488586,0.6932412981987,-0.058554187417030334,0.8421871066093445,0.7249268889427185,-0.02149924822151661,0.8418205976486206,0.6818797588348389,-0.033744826912879944,0.8462083339691162,0.6806983947753906,-0.042255304753780365,0.8489475846290588,0.6974729299545288,-0.04608242213726044,0.8596852421760559,0.7333725690841675,-0.024574588984251022,0.86016845703125,0.6971094012260437,-0.03231746330857277,0.8602744340896606,0.6907623410224915,-0.03600960597395897,0.8589267730712891,0.6991545557975769,-0.03749948740005493,la
