landmark_0_x,landmark_0_y,landmark_0_z,landmark_1_x,landmark_1_y,landmark_1_z,landmark_2_x,landmark_2_y,landmark_2_z,landmark_3_x,landmark_3_y,landmark_3_z,landmark_4_x,landmark_4_y,landmark_4_z,landmark_5_x,landmark_5_y,landmark_5_z,landmark_6_x,landmark_6_y,landmark_6_z,landmark_7_x,landmark_7_y,landmark_7_z,landmark_8_x,landmark_8_y,landmark_8_z,landmark_9_x,landmark_9_y,landmark_9_z,landmark_10_x,landmark_10_y,landmark_10_z,landmark_11_x,landmark_11_y,landmark_11_z,landmark_12_x,landmark_12_y,landmark_12_z,landmark_13_x,landmark_13_y,landmark_13_z,landmark_14_x,landmark_14_y,landmark_14_z,landmark_15_x,landmark_15_y,landmark_15_z,landmark_16_x,landmark_16_y,landmark_16_z,landmark_17_x,landmark_17_y,landmark_17_z,landmark_18_x,landmark_18_y,landmark_18_z,landmark_19_x,landmark_19_y,landmark_19_z,landmark_20_x,landmark_20_y,landmark_20_z,class
0.70485520362854,0.7939095497131348,1.0371347514137597e-07,0.6755401492118835,0.795680582523346,-0.014383790083229542,0.6481481790542603,0.7901089191436768,-0.025215715169906616,0.63005131483078,0.7877018451690674,-0.03569036349654198,0.6169726252555847,0.7857940793037415,-0.04554414004087448,0.6519927978515625,0.7152567505836487,-0.008291974663734436,0.6482698321342468,0.6831454634666443,-0.021238993853330612,0.6460186839103699,0.6738528609275818,-0.0332510732114315,0.6449733376502991,0.6734106540679932,-0.04064709320664406,0.6706334948539734,0.704721987247467,-0.009344346821308136,0.6670130491256714,0.66452556848526,-0.024045046418905258,0.6638733148574829,0.6634320616722107,-0.03489525616168976,0.6631025075912476,0.6748571991920471,-0.039736516773700714,0.6891281604766846,0.7022901177406311,-0.012776128947734833,0.6866448521614075,0.6665583848953247,-0.025377968326210976,0.6816384196281433,0.6688352823257446,-0.03139480575919151,0.6781759858131409,0.680728554725647,-0.032654065638780594,0.709048330783844,0.7084072232246399,-0.0175839364528656,0.7059338092803955,0.6809843182563782,-0.026255948469042778,0.6986684203147888,0.6782524585723877,-0.02881092019379139,0.6914202570915222,0.6842604875564575,-0.02877062000334263,la
