landmark_0_x,landmark_0_y,landmark_0_z,landmark_1_x,landmark_1_y,landmark_1_z,landmark_2_x,landmark_2_y,landmark_2_z,landmark_3_x,landmark_3_y,landmark_3_z,landmark_4_x,landmark_4_y,landmark_4_z,landmark_5_x,landmark_5_y,landmark_5_z,landmark_6_x,landmark_6_y,landmark_6_z,landmark_7_x,landmark_7_y,landmark_7_z,landmark_8_x,landmark_8_y,landmark_8_z,landmark_9_x,landmark_9_y,landmark_9_z,landmark_10_x,landmark_10_y,landmark_10_z,landmark_11_x,landmark_11_y,landmark_11_z,landmark_12_x,landmark_12_y,landmark_12_z,landmark_13_x,landmark_13_y,landmark_13_z,landmark_14_x,landmark_14_y,landmark_14_z,landmark_15_x,landmark_15_y,landmark_15_z,landmark_16_x,landmark_16_y,landmark_16_z,landmark_17_x,landmark_17_y,landmark_17_z,landmark_18_x,landmark_18_y,landmark_18_z,landmark_19_x,landmark_19_y,landmark_19_z,landmark_20_x,landmark_20_y,landmark_20_z,class
0.9042074084281921,0.40527763962745667,2.8066369850421324e-07,0.8624701499938965,0.39581093192100525,-0.034969162195920944,0.8223739862442017,0.379294216632843,-0.0559750571846962,0.7889793515205383,0.3607274889945984,-0.07341786473989487,0.7910173535346985,0.3307367265224457,-0.09012354910373688,0.8328588008880615,0.27501729130744934,-0.027414297685027122,0.8243159651756287,0.22101303935050964,-0.04704710841178894,0.8235934972763062,0.19218507409095764,-0.06800372898578644,0.8270347118377686,0.166707843542099,-0.08477769792079926,0.8648182153701782,0.2576966881752014,-0.021813934668898582,0.8542065620422363,0.20251627266407013,-0.039668940007686615,0.8544581532478333,0.17800375819206238,-0.06273140013217926,0.854364812374115,0.15728655457496643,-0.08134987205266953,0.8958368897438049,0.25274205207824707,-0.01988735795021057,0.8875327706336975,0.20039984583854675,-0.03763384371995926,0.8845198750495911,0.17485573887825012,-0.05677541717886925,0.8841413259506226,0.16715030372142792,-0.07035838067531586,0.9263529777526855,0.2587823271751404,-0.02075234428048134,0.9182815551757812,0.21281865239143372,-0.036168623715639114,0.9120877981185913,0.18614283204078674,-0.04868596792221069,0.9074007272720337,0.17108166217803955,-0.058047372847795486,la
