landmark_0_x,landmark_0_y,landmark_0_z,landmark_1_x,landmark_1_y,landmark_1_z,landmark_2_x,landmark_2_y,landmark_2_z,landmark_3_x,landmark_3_y,landmark_3_z,landmark_4_x,landmark_4_y,landmark_4_z,landmark_5_x,landmark_5_y,landmark_5_z,landmark_6_x,landmark_6_y,landmark_6_z,landmark_7_x,landmark_7_y,landmark_7_z,landmark_8_x,landmark_8_y,landmark_8_z,landmark_9_x,landmark_9_y,landmark_9_z,landmark_10_x,landmark_10_y,landmark_10_z,landmark_11_x,landmark_11_y,landmark_11_z,landmark_12_x,landmark_12_y,landmark_12_z,landmark_13_x,landmark_13_y,landmark_13_z,landmark_14_x,landmark_14_y,landmark_14_z,landmark_15_x,landmark_15_y,landmark_15_z,landmark_16_x,landmark_16_y,landmark_16_z,landmark_17_x,landmark_17_y,landmark_17_z,landmark_18_x,landmark_18_y,landmark_18_z,landmark_19_x,landmark_19_y,landmark_19_z,landmark_20_x,landmark_20_y,landmark_20_z,class
0.8269591927528381,0.4937445819377899,2.900252979998186e-07,0.7834848761558533,0.4843030273914337,-0.03972163051366806,0.7515957355499268,0.4594421982765198,-0.07051502913236618,0.7440125346183777,0.4494644105434418,-0.09859021753072739,0.7480175495147705,0.45373472571372986,-0.12629607319831848,0.7650566101074219,0.32286256551742554,-0.04098999872803688,0.7794399857521057,0.25835490226745605,-0.0698355883359909,0.7867011427879333,0.24145859479904175,-0.09422837942838669,0.792756974697113,0.24408385157585144,-0.10927359759807587,0.8055137991905212,0.31343144178390503,-0.03777505084872246,0.8173122406005859,0.23745185136795044,-0.0657019093632698,0.8258101344108582,0.23624852299690247,-0.08622825145721436,0.8305659294128418,0.2564835548400879,-0.09745308011770248,0.8417580723762512,0.3165724575519562,-0.038786787539720535,0.8528624773025513,0.23830646276474,-0.06057383120059967,0.8585444688796997,0.23887553811073303,-0.07031875103712082,0.8606343865394592,0.2618638575077057,-0.07395244389772415,0.8758466243743896,0.3306903839111328,-0.043480850756168365,0.884136438369751,0.26562514901161194,-0.0564844124019146,0.8867468237876892,0.25990983843803406,-0.058773528784513474,0.8849704265594482,0.27388665080070496,-0.058667249977588654,la
