landmark_0_x,landmark_0_y,landmark_0_z,landmark_1_x,landmark_1_y,landmark_1_z,landmark_2_x,landmark_2_y,landmark_2_z,landmark_3_x,landmark_3_y,landmark_3_z,landmark_4_x,landmark_4_y,landmark_4_z,landmark_5_x,landmark_5_y,landmark_5_z,landmark_6_x,landmark_6_y,landmark_6_z,landmark_7_x,landmark_7_y,landmark_7_z,landmark_8_x,landmark_8_y,landmark_8_z,landmark_9_x,landmark_9_y,landmark_9_z,landmark_10_x,landmark_10_y,landmark_10_z,landmark_11_x,landmark_11_y,landmark_11_z,landmark_12_x,landmark_12_y,landmark_12_z,landmark_13_x,landmark_13_y,landmark_13_z,landmark_14_x,landmark_14_y,landmark_14_z,landmark_15_x,landmark_15_y,landmark_15_z,landmark_16_x,landmark_16_y,landmark_16_z,landmark_17_x,landmark_17_y,landmark_17_z,landmark_18_x,landmark_18_y,landmark_18_z,landmark_19_x,landmark_19_y,landmark_19_z,landmark_20_x,landmark_20_y,landmark_20_z,class
0.838381826877594,0.8031169772148132,1.8102575438661006e-07,0.8171192407608032,0.8056244850158691,-0.023372061550617218,0.7981570363044739,0.7991039752960205,-0.04211505129933357,0.7858580350875854,0.7951868772506714,-0.059481430798769,0.7723499536514282,0.8002445101737976,-0.07629832625389099,0.794427752494812,0.7108635306358337,-0.026120370253920555,0.7955955862998962,0.6644073128700256,-0.048126280307769775,0.809537947177887,0.6578902006149292,-0.06628205627202988,0.8231838941574097,0.6680614352226257,-0.07620737701654434,0.8151745200157166,0.7012717723846436,-0.025342049077153206,0.8127292394638062,0.6497675180435181,-0.04550285264849663,0.8270791172981262,0.6481413841247559,-0.06024068593978882,0.8390437364578247,0.6643776297569275,-0.06757865101099014,0.8349894881248474,0.7021741271018982,-0.027230655774474144,0.8348942995071411,0.6559984087944031,-0.04338754713535309,0.845390260219574,0.6571637392044067,-0.05141475424170494,0.852081298828125,0.673703670501709,-0.054093293845653534,0.8543103933334351,0.7110718488693237,-0.03127416968345642,0.8558645844459534,0.675500750541687,-0.04265666753053665,0.8607931733131409,0.67429119348526,-0.04566849768161774,0.8627665638923645,0.6858470439910889,-0.045754458755254745,la
