landmark_0_x,landmark_0_y,landmark_0_z,landmark_1_x,landmark_1_y,landmark_1_z,landmark_2_x,landmark_2_y,landmark_2_z,landmark_3_x,landmark_3_y,landmark_3_z,landmark_4_x,landmark_4_y,landmark_4_z,landmark_5_x,landmark_5_y,landmark_5_z,landmark_6_x,landmark_6_y,landmark_6_z,landmark_7_x,landmark_7_y,landmark_7_z,landmark_8_x,landmark_8_y,landmark_8_z,landmark_9_x,landmark_9_y,landmark_9_z,landmark_10_x,landmark_10_y,landmark_10_z,landmark_11_x,landmark_11_y,landmark_11_z,landmark_12_x,landmark_12_y,landmark_12_z,landmark_13_x,landmark_13_y,landmark_13_z,landmark_14_x,landmark_14_y,landmark_14_z,landmark_15_x,landmark_15_y,landmark_15_z,landmark_16_x,landmark_16_y,landmark_16_z,landmark_17_x,landmark_17_y,landmark_17_z,landmark_18_x,landmark_18_y,landmark_18_z,landmark_19_x,landmark_19_y,landmark_19_z,landmark_20_x,landmark_20_y,landmark_20_z,class
0.7926220893859863,0.7504517436027527,1.9812411267139396e-07,0.7705358862876892,0.7541409730911255,-0.025073252618312836,0.7499082088470459,0.7494229078292847,-0.042129386216402054,0.7338535189628601,0.7428891062736511,-0.05664684996008873,0.718734622001648,0.7443812489509583,-0.07051354646682739,0.7498883008956909,0.6716183423995972,-0.023556217551231384,0.7502446174621582,0.6398478746414185,-0.04120877385139465,0.7606286406517029,0.6323221325874329,-0.056241653859615326,0.7712680101394653,0.6343139410018921,-0.0652538314461708,0.7684711813926697,0.6603983044624329,-0.019477518275380135,0.7699530720710754,0.6237582564353943,-0.03667750209569931,0.7794742584228516,0.6235861778259277,-0.04916427284479141,0.7877500653266907,0.6331843137741089,-0.05541851744055748,0.7859928011894226,0.6578906774520874,-0.01811271905899048,0.7890613079071045,0.6289540529251099,-0.0315227173268795,0.7956295609474182,0.6301898956298828,-0.037555281072854996,0.8001800775527954,0.6383437514305115,-0.03953959792852402,0.8033379912376404,0.6630766987800598,-0.01906547322869301,0.8067461848258972,0.6400631070137024,-0.02735302411019802,0.8097942471504211,0.6414333581924438,-0.0292667206376791,0.8107178211212158,0.6485404372215271,-0.029196178540587425,la
