landmark_0_x,landmark_0_y,landmark_0_z,landmark_1_x,landmark_1_y,landmark_1_z,landmark_2_x,landmark_2_y,landmark_2_z,landmark_3_x,landmark_3_y,landmark_3_z,landmark_4_x,landmark_4_y,landmark_4_z,landmark_5_x,landmark_5_y,landmark_5_z,landmark_6_x,landmark_6_y,landmark_6_z,landmark_7_x,landmark_7_y,landmark_7_z,landmark_8_x,landmark_8_y,landmark_8_z,landmark_9_x,landmark_9_y,landmark_9_z,landmark_10_x,landmark_10_y,landmark_10_z,landmark_11_x,landmark_11_y,landmark_11_z,landmark_12_x,landmark_12_y,landmark_12_z,landmark_13_x,landmark_13_y,landmark_13_z,landmark_14_x,landmark_14_y,landmark_14_z,landmark_15_x,landmark_15_y,landmark_15_z,landmark_16_x,landmark_16_y,landmark_16_z,landmark_17_x,landmark_17_y,landmark_17_z,landmark_18_x,landmark_18_y,landmark_18_z,landmark_19_x,landmark_19_y,landmark_19_z,landmark_20_x,landmark_20_y,landmark_20_z,class
0.7895472049713135,0.4523535966873169,6.186152177178883e-07,0.723603367805481,0.4558245539665222,-0.07562068104743958,0.6665425300598145,0.43278932571411133,-0.12409215420484543,0.6254884004592896,0.4243161678314209,-0.16526636481285095,0.6153375506401062,0.393113911151886,-0.2079765647649765,0.6773149967193604,0.27723026275634766,-0.08476559817790985,0.6689776182174683,0.19281387329101562,-0.14308808743953705,0.664823055267334,0.15067753195762634,-0.19800160825252533,0.6691539883613586,0.13237908482551575,-0.23601223528385162,0.7254222631454468,0.2550757825374603,-0.07539047300815582,0.712178111076355,0.1654355823993683,-0.13526755571365356,0.7067568898200989,0.1241515576839447,-0.197029247879982,0.7003705501556396,0.10592380166053772,-0.24142548441886902,0.7728481292724609,0.24821998178958893,-0.0730539932847023,0.7627834677696228,0.16910414397716522,-0.12337779253721237,0.7532932162284851,0.12790796160697937,-0.17579373717308044,0.7433315515518188,0.12071077525615692,-0.21152442693710327,0.8169628381729126,0.25736236572265625,-0.07622820883989334,0.8118747472763062,0.19053956866264343,-0.1167309358716011,0.7970524430274963,0.14989754557609558,-0.1530216783285141,0.7803480625152588,0.1300198882818222,-0.18099436163902283,la
