landmark_0_x,landmark_0_y,landmark_0_z,landmark_1_x,landmark_1_y,landmark_1_z,landmark_2_x,landmark_2_y,landmark_2_z,landmark_3_x,landmark_3_y,landmark_3_z,landmark_4_x,landmark_4_y,landmark_4_z,landmark_5_x,landmark_5_y,landmark_5_z,landmark_6_x,landmark_6_y,landmark_6_z,landmark_7_x,landmark_7_y,landmark_7_z,landmark_8_x,landmark_8_y,landmark_8_z,landmark_9_x,landmark_9_y,landmark_9_z,landmark_10_x,landmark_10_y,landmark_10_z,landmark_11_x,landmark_11_y,landmark_11_z,landmark_12_x,landmark_12_y,landmark_12_z,landmark_13_x,landmark_13_y,landmark_13_z,landmark_14_x,landmark_14_y,landmark_14_z,landmark_15_x,landmark_15_y,landmark_15_z,landmark_16_x,landmark_16_y,landmark_16_z,landmark_17_x,landmark_17_y,landmark_17_z,landmark_18_x,landmark_18_y,landmark_18_z,landmark_19_x,landmark_19_y,landmark_19_z,landmark_20_x,landmark_20_y,landmark_20_z,class
0.8289138674736023,0.7714735269546509,2.882522309732849e-08,0.7816924452781677,0.7482757568359375,-0.02198580652475357,0.7509359121322632,0.712175190448761,-0.038989920169115067,0.7640615105628967,0.700920045375824,-0.054518651217222214,0.8010881543159485,0.7231294512748718,-0.06863198429346085,0.7808636426925659,0.6397390961647034,-0.024911271408200264,0.7881895899772644,0.6043838262557983,-0.04843021556735039,0.8041679263114929,0.6228930950164795,-0.06683959066867828,0.8205332159996033,0.6443490386009216,-0.07783262431621552,0.8197811245918274,0.6375136375427246,-0.024183878675103188,0.8260023593902588,0.5913530588150024,-0.04607348516583443,0.8362094163894653,0.6129866242408752,-0.05839230492711067,0.8457596898078918,0.6408075094223022,-0.06356701999902725,0.85130375623703,0.6453715562820435,-0.026143299415707588,0.855749249458313,0.6093159317970276,-0.041297897696495056,0.8631268739700317,0.6230464577674866,-0.045398034155368805,0.8676552772521973,0.6467229723930359,-0.044902924448251724,0.87702476978302,0.6624764204025269,-0.03048238344490528,0.881290853023529,0.6322524547576904,-0.03814651072025299,0.8842235803604126,0.6379021406173706,-0.03765127435326576,0.8856943845748901,0.6532251834869385,-0.035410694777965546,la
