landmark_0_x,landmark_0_y,landmark_0_z,landmark_1_x,landmark_1_y,landmark_1_z,landmark_2_x,landmark_2_y,landmark_2_z,landmark_3_x,landmark_3_y,landmark_3_z,landmark_4_x,landmark_4_y,landmark_4_z,landmark_5_x,landmark_5_y,landmark_5_z,landmark_6_x,landmark_6_y,landmark_6_z,landmark_7_x,landmark_7_y,landmark_7_z,landmark_8_x,landmark_8_y,landmark_8_z,landmark_9_x,landmark_9_y,landmark_9_z,landmark_10_x,landmark_10_y,landmark_10_z,landmark_11_x,landmark_11_y,landmark_11_z,landmark_12_x,landmark_12_y,landmark_12_z,landmark_13_x,landmark_13_y,landmark_13_z,landmark_14_x,landmark_14_y,landmark_14_z,landmark_15_x,landmark_15_y,landmark_15_z,landmark_16_x,landmark_16_y,landmark_16_z,landmark_17_x,landmark_17_y,landmark_17_z,landmark_18_x,landmark_18_y,landmark_18_z,landmark_19_x,landmark_19_y,landmark_19_z,landmark_20_x,landmark_20_y,landmark_20_z,class
0.7478877902030945,0.7711302042007446,2.2154159751153202e-07,0.72385573387146,0.7739467620849609,-0.02113276533782482,0.6994248628616333,0.7692276835441589,-0.036553818732500076,0.6800906658172607,0.7657356858253479,-0.05019077658653259,0.6623876094818115,0.7692438364028931,-0.0635407418012619,0.6969378590583801,0.697081983089447,-0.022198457270860672,0.6937574744224548,0.6629747748374939,-0.03935882821679115,0.7020371556282043,0.6539213061332703,-0.053648900240659714,0.7114569544792175,0.6556400656700134,-0.06206108257174492,0.7156932353973389,0.6864288449287415,-0.019983351230621338,0.7131455540657043,0.6524479389190674,-0.03653104975819588,0.7224493026733398,0.6473227739334106,-0.04909854754805565,0.732094407081604,0.654228687286377,-0.05608377233147621,0.734022319316864,0.6828324198722839,-0.020166199654340744,0.7317255139350891,0.6520328521728516,-0.03362653777003288,0.7385712265968323,0.6491819620132446,-0.041377320885658264,0.7446112036705017,0.6572654843330383,-0.044993262737989426,0.752307653427124,0.6851571798324585,-0.022229157388210297,0.7512398958206177,0.6605435013771057,-0.03234965726733208,0.7544410228729248,0.6585721373558044,-0.036281272768974304,0.7565608620643616,0.6647495031356812,-0.03759754076600075,la
