landmark_0_x,landmark_0_y,landmark_0_z,landmark_1_x,landmark_1_y,landmark_1_z,landmark_2_x,landmark_2_y,landmark_2_z,landmark_3_x,landmark_3_y,landmark_3_z,landmark_4_x,landmark_4_y,landmark_4_z,landmark_5_x,landmark_5_y,landmark_5_z,landmark_6_x,landmark_6_y,landmark_6_z,landmark_7_x,landmark_7_y,landmark_7_z,landmark_8_x,landmark_8_y,landmark_8_z,landmark_9_x,landmark_9_y,landmark_9_z,landmark_10_x,landmark_10_y,landmark_10_z,landmark_11_x,landmark_11_y,landmark_11_z,landmark_12_x,landmark_12_y,landmark_12_z,landmark_13_x,landmark_13_y,landmark_13_z,landmark_14_x,landmark_14_y,landmark_14_z,landmark_15_x,landmark_15_y,landmark_15_z,landmark_16_x,landmark_16_y,landmark_16_z,landmark_17_x,landmark_17_y,landmark_17_z,landmark_18_x,landmark_18_y,landmark_18_z,landmark_19_x,landmark_19_y,landmark_19_z,landmark_20_x,landmark_20_y,landmark_20_z,class
0.7810170650482178,0.44488629698753357,3.5638794315673294e-07,0.7200196385383606,0.4370049238204956,-0.046421121805906296,0.6646872162818909,0.4162607789039612,-0.07608755677938461,0.6201350688934326,0.40416276454925537,-0.10119568556547165,0.6124646067619324,0.370442271232605,-0.12661519646644592,0.6721803545951843,0.25812962651252747,-0.042210761457681656,0.6624355912208557,0.1837576925754547,-0.07203914225101471,0.6589241027832031,0.1433573216199875,-0.10508716106414795,0.6584537625312805,0.11161638796329498,-0.1314043402671814,0.7171760201454163,0.23526395857334137,-0.03704700618982315,0.702991783618927,0.1541787087917328,-0.0649462342262268,0.6984423398971558,0.11872278153896332,-0.10248471051454544,0.6884952187538147,0.08717314898967743,-0.13307352364063263,0.7618169784545898,0.23191289603710175,-0.03612324222922325,0.751222550868988,0.15727391839027405,-0.061386555433273315,0.7410033941268921,0.11838479340076447,-0.09177666157484055,0.7296239137649536,0.1024383157491684,-0.11475686728954315,0.8071041107177734,0.246399387717247,-0.03874852880835533,0.7981113195419312,0.1808166801929474,-0.060292355716228485,0.7846441864967346,0.14195860922336578,-0.07925068587064743,0.7687472701072693,0.117125004529953,-0.0947447195649147,la
