landmark_0_x,landmark_0_y,landmark_0_z,landmark_1_x,landmark_1_y,landmark_1_z,landmark_2_x,landmark_2_y,landmark_2_z,landmark_3_x,landmark_3_y,landmark_3_z,landmark_4_x,landmark_4_y,landmark_4_z,landmark_5_x,landmark_5_y,landmark_5_z,landmark_6_x,landmark_6_y,landmark_6_z,landmark_7_x,landmark_7_y,landmark_7_z,landmark_8_x,landmark_8_y,landmark_8_z,landmark_9_x,landmark_9_y,landmark_9_z,landmark_10_x,landmark_10_y,landmark_10_z,landmark_11_x,landmark_11_y,landmark_11_z,landmark_12_x,landmark_12_y,landmark_12_z,landmark_13_x,landmark_13_y,landmark_13_z,landmark_14_x,landmark_14_y,landmark_14_z,landmark_15_x,landmark_15_y,landmark_15_z,landmark_16_x,landmark_16_y,landmark_16_z,landmark_17_x,landmark_17_y,landmark_17_z,landmark_18_x,landmark_18_y,landmark_18_z,landmark_19_x,landmark_19_y,landmark_19_z,landmark_20_x,landmark_20_y,landmark_20_z,class
0.7964563369750977,0.7307301163673401,-1.289646434088354e-07,0.7269316911697388,0.7262486219406128,-0.016147255897521973,0.6622166633605957,0.7123647928237915,-0.04097852110862732,0.6162113547325134,0.7147875428199768,-0.06721751391887665,0.5798594951629639,0.7257209420204163,-0.09053121507167816,0.65630042552948,0.5121344327926636,-0.0295064989477396,0.6571460366249084,0.4108293354511261,-0.052081845700740814,0.664854884147644,0.4352455735206604,-0.06483881175518036,0.6698493957519531,0.48910489678382874,-0.06972663849592209,0.7140859365463257,0.4856756925582886,-0.04047252610325813,0.7077770233154297,0.3703586459159851,-0.05658828467130661,0.7106484174728394,0.4044094681739807,-0.060699235647916794,0.7164839506149292,0.463202565908432,-0.060754332691431046,0.7718098163604736,0.48313096165657043,-0.05359271168708801,0.7632594704627991,0.3811996281147003,-0.06377392262220383,0.7624753713607788,0.4177631139755249,-0.05673917010426521,0.7656773328781128,0.4689204692840576,-0.05124145746231079,0.8278706669807434,0.49996963143348694,-0.06854575872421265,0.8167300820350647,0.426708847284317,-0.07306472957134247,0.8105506300926208,0.45516708493232727,-0.06162598729133606,0.8101766109466553,0.4929662346839905,-0.05171296373009682,la
