landmark_0_x,landmark_0_y,landmark_0_z,landmark_1_x,landmark_1_y,landmark_1_z,landmark_2_x,landmark_2_y,landmark_2_z,landmark_3_x,landmark_3_y,landmark_3_z,landmark_4_x,landmark_4_y,landmark_4_z,landmark_5_x,landmark_5_y,landmark_5_z,landmark_6_x,landmark_6_y,landmark_6_z,landmark_7_x,landmark_7_y,landmark_7_z,landmark_8_x,landmark_8_y,landmark_8_z,landmark_9_x,landmark_9_y,landmark_9_z,landmark_10_x,landmark_10_y,landmark_10_z,landmark_11_x,landmark_11_y,landmark_11_z,landmark_12_x,landmark_12_y,landmark_12_z,landmark_13_x,landmark_13_y,landmark_13_z,landmark_14_x,landmark_14_y,landmark_14_z,landmark_15_x,landmark_15_y,landmark_15_z,landmark_16_x,landmark_16_y,landmark_16_z,landmark_17_x,landmark_17_y,landmark_17_z,landmark_18_x,landmark_18_y,landmark_18_z,landmark_19_x,landmark_19_y,landmark_19_z,landmark_20_x,landmark_20_y,landmark_20_z,class
0.8654384613037109,0.8423274159431458,1.886865845790453e-07,0.8543494343757629,0.8451449275016785,-0.03293788060545921,0.8431947231292725,0.8363383412361145,-0.053028423339128494,0.841497004032135,0.8298860788345337,-0.06909885257482529,0.8432003259658813,0.8269781470298767,-0.08464007824659348,0.8422726392745972,0.7616005539894104,-0.03598102554678917,0.8502594232559204,0.7323921918869019,-0.05502917245030403,0.8639410138130188,0.7328813076019287,-0.06998135149478912,0.877001941204071,0.7424060106277466,-0.07916063070297241,0.8579340577125549,0.7515997886657715,-0.027411172166466713,0.8676565885543823,0.71671462059021,-0.04703975468873978,0.883668839931488,0.7245319485664368,-0.06159183010458946,0.8953968286514282,0.7434180974960327,-0.06936348974704742,0.8721277713775635,0.749476969242096,-0.021472720429301262,0.8795922994613647,0.7194799184799194,-0.03783157840371132,0.8929455280303955,0.7283647060394287,-0.04771018028259277,0.9027734398841858,0.7477942109107971,-0.05180101469159126,0.8841972351074219,0.7536813616752625,-0.01807575486600399,0.8883084654808044,0.7347796559333801,-0.030179686844348907,0.8966151475906372,0.7405226230621338,-0.03643669933080673,0.903252899646759,0.7555258870124817,-0.03921028971672058,la
