landmark_0_x,landmark_0_y,landmark_0_z,landmark_1_x,landmark_1_y,landmark_1_z,landmark_2_x,landmark_2_y,landmark_2_z,landmark_3_x,landmark_3_y,landmark_3_z,landmark_4_x,landmark_4_y,landmark_4_z,landmark_5_x,landmark_5_y,landmark_5_z,landmark_6_x,landmark_6_y,landmark_6_z,landmark_7_x,landmark_7_y,landmark_7_z,landmark_8_x,landmark_8_y,landmark_8_z,landmark_9_x,landmark_9_y,landmark_9_z,landmark_10_x,landmark_10_y,landmark_10_z,landmark_11_x,landmark_11_y,landmark_11_z,landmark_12_x,landmark_12_y,landmark_12_z,landmark_13_x,landmark_13_y,landmark_13_z,landmark_14_x,landmark_14_y,landmark_14_z,landmark_15_x,landmark_15_y,landmark_15_z,landmark_16_x,landmark_16_y,landmark_16_z,landmark_17_x,landmark_17_y,landmark_17_z,landmark_18_x,landmark_18_y,landmark_18_z,landmark_19_x,landmark_19_y,landmark_19_z,landmark_20_x,landmark_20_y,landmark_20_z,class
0.6801031231880188,0.7731205224990845,-2.1012242612528098e-08,0.6498368382453918,0.7751641869544983,-0.009914154186844826,0.62209552526474,0.7704609036445618,-0.019879424944519997,0.6034263968467712,0.7690727710723877,-0.0301651693880558,0.5903494954109192,0.768665075302124,-0.04002175107598305,0.6280664801597595,0.7053846120834351,-0.011034964583814144,0.6213229894638062,0.6722373962402344,-0.02658122405409813,0.6160950064659119,0.6687750220298767,-0.03972980007529259,0.6122943162918091,0.6760519742965698,-0.0473446287214756,0.6452348232269287,0.699063777923584,-0.014558135531842709,0.6372350454330444,0.6629559397697449,-0.03007003292441368,0.6301692128181458,0.6647759675979614,-0.040071599185466766,0.6260644793510437,0.6783793568611145,-0.044874563813209534,0.663527250289917,0.6997426152229309,-0.019888801500201225,0.656953752040863,0.6692375540733337,-0.0324716679751873,0.6495543122291565,0.6697982549667358,-0.03722749650478363,0.6440201997756958,0.6805711984634399,-0.03842517361044884,0.6832439303398132,0.7073712348937988,-0.02621855027973652,0.6782973408699036,0.6852058172225952,-0.03508699685335159,0.6700543165206909,0.6813586354255676,-0.037019651383161545,0.6614829301834106,0.6853787302970886,-0.03698920086026192,la
