landmark_0_x,landmark_0_y,landmark_0_z,landmark_1_x,landmark_1_y,landmark_1_z,landmark_2_x,landmark_2_y,landmark_2_z,landmark_3_x,landmark_3_y,landmark_3_z,landmark_4_x,landmark_4_y,landmark_4_z,landmark_5_x,landmark_5_y,landmark_5_z,landmark_6_x,landmark_6_y,landmark_6_z,landmark_7_x,landmark_7_y,landmark_7_z,landmark_8_x,landmark_8_y,landmark_8_z,landmark_9_x,landmark_9_y,landmark_9_z,landmark_10_x,landmark_10_y,landmark_10_z,landmark_11_x,landmark_11_y,landmark_11_z,landmark_12_x,landmark_12_y,landmark_12_z,landmark_13_x,landmark_13_y,landmark_13_z,landmark_14_x,landmark_14_y,landmark_14_z,landmark_15_x,landmark_15_y,landmark_15_z,landmark_16_x,landmark_16_y,landmark_16_z,landmark_17_x,landmark_17_y,landmark_17_z,landmark_18_x,landmark_18_y,landmark_18_z,landmark_19_x,landmark_19_y,landmark_19_z,landmark_20_x,landmark_20_y,landmark_20_z,class
0.7560065984725952,0.767936646938324,3.779628343636432e-08,0.7313002347946167,0.7721198797225952,-0.016180139034986496,0.7065826654434204,0.7692890763282776,-0.02666882798075676,0.6887244582176208,0.7647756934165955,-0.036255255341529846,0.674277663230896,0.7611035108566284,-0.04463335499167442,0.7045031189918518,0.711350679397583,-0.012409308925271034,0.6996744871139526,0.6789050102233887,-0.02634781412780285,0.7106653451919556,0.6763403415679932,-0.037367064505815506,0.7220333814620972,0.6820357441902161,-0.042988549917936325,0.7193316221237183,0.7006070017814636,-0.010391945950686932,0.714274525642395,0.6661977767944336,-0.02421385608613491,0.7257607579231262,0.6674660444259644,-0.03371744230389595,0.736490786075592,0.6777311563491821,-0.03762121871113777,0.7334685921669006,0.6950278878211975,-0.010682305321097374,0.728458046913147,0.6640015840530396,-0.02209717594087124,0.7360187768936157,0.6652826070785522,-0.02739698439836502,0.7436082363128662,0.6757964491844177,-0.028229814022779465,0.7474085092544556,0.6941631436347961,-0.012403735890984535,0.7425580620765686,0.6713272333145142,-0.019800283014774323,0.7461733818054199,0.6714929938316345,-0.02185681462287903,0.7503710389137268,0.6791244149208069,-0.021429700776934624,la
