landmark_0_x,landmark_0_y,landmark_0_z,landmark_1_x,landmark_1_y,landmark_1_z,landmark_2_x,landmark_2_y,landmark_2_z,landmark_3_x,landmark_3_y,landmark_3_z,landmark_4_x,landmark_4_y,landmark_4_z,landmark_5_x,landmark_5_y,landmark_5_z,landmark_6_x,landmark_6_y,landmark_6_z,landmark_7_x,landmark_7_y,landmark_7_z,landmark_8_x,landmark_8_y,landmark_8_z,landmark_9_x,landmark_9_y,landmark_9_z,landmark_10_x,landmark_10_y,landmark_10_z,landmark_11_x,landmark_11_y,landmark_11_z,landmark_12_x,landmark_12_y,landmark_12_z,landmark_13_x,landmark_13_y,landmark_13_z,landmark_14_x,landmark_14_y,landmark_14_z,landmark_15_x,landmark_15_y,landmark_15_z,landmark_16_x,landmark_16_y,landmark_16_z,landmark_17_x,landmark_17_y,landmark_17_z,landmark_18_x,landmark_18_y,landmark_18_z,landmark_19_x,landmark_19_y,landmark_19_z,landmark_20_x,landmark_20_y,landmark_20_z,class
0.6614135503768921,0.7790321707725525,-5.697310179186843e-09,0.6301687955856323,0.7814781069755554,-0.010264015756547451,0.6014270782470703,0.7758359909057617,-0.020189685747027397,0.5826838612556458,0.7750359773635864,-0.03058561682701111,0.5691470503807068,0.7727946043014526,-0.040070850402116776,0.6035674810409546,0.7028570175170898,-0.008767114020884037,0.5973814129829407,0.6611655354499817,-0.02524246834218502,0.5892095565795898,0.663493275642395,-0.0380454957485199,0.5869247913360596,0.6779517531394958,-0.044478002935647964,0.621269941329956,0.6945608258247375,-0.012518636882305145,0.6139419674873352,0.6461414098739624,-0.029220372438430786,0.6038638353347778,0.6544299125671387,-0.039203718304634094,0.6023788452148438,0.6767361760139465,-0.04264065995812416,0.6398463845252991,0.6936315298080444,-0.018603606149554253,0.6318252682685852,0.6536513566970825,-0.03163320571184158,0.6208752989768982,0.6606082916259766,-0.03764316812157631,0.6175283789634705,0.678502082824707,-0.03883384168148041,0.6601346731185913,0.6990509033203125,-0.025725701823830605,0.6495441794395447,0.673350989818573,-0.03462809696793556,0.638857364654541,0.6719562411308289,-0.037687379866838455,0.632870614528656,0.6789650321006775,-0.03793103247880936,la
