landmark_0_x,landmark_0_y,landmark_0_z,landmark_1_x,landmark_1_y,landmark_1_z,landmark_2_x,landmark_2_y,landmark_2_z,landmark_3_x,landmark_3_y,landmark_3_z,landmark_4_x,landmark_4_y,landmark_4_z,landmark_5_x,landmark_5_y,landmark_5_z,landmark_6_x,landmark_6_y,landmark_6_z,landmark_7_x,landmark_7_y,landmark_7_z,landmark_8_x,landmark_8_y,landmark_8_z,landmark_9_x,landmark_9_y,landmark_9_z,landmark_10_x,landmark_10_y,landmark_10_z,landmark_11_x,landmark_11_y,landmark_11_z,landmark_12_x,landmark_12_y,landmark_12_z,landmark_13_x,landmark_13_y,landmark_13_z,landmark_14_x,landmark_14_y,landmark_14_z,landmark_15_x,landmark_15_y,landmark_15_z,landmark_16_x,landmark_16_y,landmark_16_z,landmark_17_x,landmark_17_y,landmark_17_z,landmark_18_x,landmark_18_y,landmark_18_z,landmark_19_x,landmark_19_y,landmark_19_z,landmark_20_x,landmark_20_y,landmark_20_z,class
0.8268284797668457,0.6457036137580872,3.2180653875002463e-07,0.7856446504592896,0.635097861289978,-0.03502916544675827,0.7480276226997375,0.6164528727531433,-0.05979318916797638,0.7200586199760437,0.6018842458724976,-0.08136170357465744,0.7134993076324463,0.5848624110221863,-0.10214155167341232,0.7577776908874512,0.49355852603912354,-0.03110194392502308,0.7502003908157349,0.44192397594451904,-0.057918302714824677,0.7556880712509155,0.4151860475540161,-0.08273757994174957,0.7657569050788879,0.3994472026824951,-0.09931488335132599,0.791323184967041,0.48110756278038025,-0.026978639885783195,0.7837180495262146,0.4252157509326935,-0.050210367888212204,0.7848573327064514,0.39910653233528137,-0.06994855403900146,0.7866453528404236,0.38607215881347656,-0.0830109566450119,0.8248398900032043,0.48256632685661316,-0.02744396962225437,0.8185206651687622,0.42873597145080566,-0.046292778104543686,0.8148297071456909,0.40371111035346985,-0.057855620980262756,0.8101926445960999,0.3910010755062103,-0.0645628347992897,0.8586539030075073,0.49661174416542053,-0.031427472829818726,0.8548791408538818,0.44795387983322144,-0.0461941622197628,0.847600519657135,0.4224175214767456,-0.05323009565472603,0.8378645777702332,0.4043677747249603,-0.0570504330098629,la
