landmark_0_x,landmark_0_y,landmark_0_z,landmark_1_x,landmark_1_y,landmark_1_z,landmark_2_x,landmark_2_y,landmark_2_z,landmark_3_x,landmark_3_y,landmark_3_z,landmark_4_x,landmark_4_y,landmark_4_z,landmark_5_x,landmark_5_y,landmark_5_z,landmark_6_x,landmark_6_y,landmark_6_z,landmark_7_x,landmark_7_y,landmark_7_z,landmark_8_x,landmark_8_y,landmark_8_z,landmark_9_x,landmark_9_y,landmark_9_z,landmark_10_x,landmark_10_y,landmark_10_z,landmark_11_x,landmark_11_y,landmark_11_z,landmark_12_x,landmark_12_y,landmark_12_z,landmark_13_x,landmark_13_y,landmark_13_z,landmark_14_x,landmark_14_y,landmark_14_z,landmark_15_x,landmark_15_y,landmark_15_z,landmark_16_x,landmark_16_y,landmark_16_z,landmark_17_x,landmark_17_y,landmark_17_z,landmark_18_x,landmark_18_y,landmark_18_z,landmark_19_x,landmark_19_y,landmark_19_z,landmark_20_x,landmark_20_y,landmark_20_z,class
0.7819681763648987,0.4524907171726227,1.5954746857005375e-07,0.7523419857025146,0.44307100772857666,-0.022126033902168274,0.7260368466377258,0.426713228225708,-0.036232899874448776,0.7085785269737244,0.4111774265766144,-0.04845200106501579,0.7087769508361816,0.3932352662086487,-0.05980748310685158,0.7354557514190674,0.35118311643600464,-0.014055735431611538,0.7303761839866638,0.3151393234729767,-0.026952475309371948,0.7297170162200928,0.29595255851745605,-0.040445104241371155,0.7298430800437927,0.2817784547805786,-0.05024455860257149,0.7531964182853699,0.3442498445510864,-0.010970072820782661,0.7472730278968811,0.30791735649108887,-0.022253019735217094,0.7452200651168823,0.29033032059669495,-0.033617742359638214,0.7424994111061096,0.2796597182750702,-0.0418008491396904,0.770945131778717,0.3433723747730255,-0.010929666459560394,0.7653685808181763,0.3076402544975281,-0.020452270284295082,0.761353611946106,0.2889919877052307,-0.026350509375333786,0.7571619749069214,0.27815043926239014,-0.03011077642440796,0.7901403307914734,0.34846675395965576,-0.013291072100400925,0.7846513390541077,0.31571900844573975,-0.0203865934163332,0.7788059711456299,0.29863911867141724,-0.023000327870249748,0.7713857889175415,0.2871457040309906,-0.02456900104880333,la
