landmark_0_x,landmark_0_y,landmark_0_z,landmark_1_x,landmark_1_y,landmark_1_z,landmark_2_x,landmark_2_y,landmark_2_z,landmark_3_x,landmark_3_y,landmark_3_z,landmark_4_x,landmark_4_y,landmark_4_z,landmark_5_x,landmark_5_y,landmark_5_z,landmark_6_x,landmark_6_y,landmark_6_z,landmark_7_x,landmark_7_y,landmark_7_z,landmark_8_x,landmark_8_y,landmark_8_z,landmark_9_x,landmark_9_y,landmark_9_z,landmark_10_x,landmark_10_y,landmark_10_z,landmark_11_x,landmark_11_y,landmark_11_z,landmark_12_x,landmark_12_y,landmark_12_z,landmark_13_x,landmark_13_y,landmark_13_z,landmark_14_x,landmark_14_y,landmark_14_z,landmark_15_x,landmark_15_y,landmark_15_z,landmark_16_x,landmark_16_y,landmark_16_z,landmark_17_x,landmark_17_y,landmark_17_z,landmark_18_x,landmark_18_y,landmark_18_z,landmark_19_x,landmark_19_y,landmark_19_z,landmark_20_x,landmark_20_y,landmark_20_z,class
0.8303321599960327,0.4644284248352051,4.412156897615205e-07,0.7851608395576477,0.4517139494419098,-0.04878947138786316,0.7545596361160278,0.41400977969169617,-0.08100318908691406,0.756349503993988,0.3870506286621094,-0.10837606340646744,0.7677314281463623,0.3637848496437073,-0.13439592719078064,0.7737448215484619,0.2891765534877777,-0.04637819156050682,0.7856116890907288,0.2247363179922104,-0.07997393608093262,0.7961971163749695,0.18989112973213196,-0.10830789804458618,0.8057571053504944,0.17548280954360962,-0.12567302584648132,0.8124634027481079,0.28071683645248413,-0.03842248395085335,0.8215161561965942,0.2044794261455536,-0.06890030950307846,0.8300284743309021,0.1862921565771103,-0.09081101417541504,0.8351823687553406,0.18752926588058472,-0.10257691890001297,0.847409188747406,0.28473538160324097,-0.03610341250896454,0.8568371534347534,0.20867520570755005,-0.06074848026037216,0.8627637624740601,0.19309651851654053,-0.07055830955505371,0.8647158145904541,0.19605207443237305,-0.07349271327257156,0.8806188106536865,0.2997719645500183,-0.038449741899967194,0.8923522233963013,0.23590372502803802,-0.05541878938674927,0.8966789245605469,0.21075908839702606,-0.060047805309295654,0.8960461020469666,0.1997877061367035,-0.06068405136466026,la
