landmark_0_x,landmark_0_y,landmark_0_z,landmark_1_x,landmark_1_y,landmark_1_z,landmark_2_x,landmark_2_y,landmark_2_z,landmark_3_x,landmark_3_y,landmark_3_z,landmark_4_x,landmark_4_y,landmark_4_z,landmark_5_x,landmark_5_y,landmark_5_z,landmark_6_x,landmark_6_y,landmark_6_z,landmark_7_x,landmark_7_y,landmark_7_z,landmark_8_x,landmark_8_y,landmark_8_z,landmark_9_x,landmark_9_y,landmark_9_z,landmark_10_x,landmark_10_y,landmark_10_z,landmark_11_x,landmark_11_y,landmark_11_z,landmark_12_x,landmark_12_y,landmark_12_z,landmark_13_x,landmark_13_y,landmark_13_z,landmark_14_x,landmark_14_y,landmark_14_z,landmark_15_x,landmark_15_y,landmark_15_z,landmark_16_x,landmark_16_y,landmark_16_z,landmark_17_x,landmark_17_y,landmark_17_z,landmark_18_x,landmark_18_y,landmark_18_z,landmark_19_x,landmark_19_y,landmark_19_z,landmark_20_x,landmark_20_y,landmark_20_z,class
0.7792835235595703,0.6443033814430237,2.2617101080868451e-07,0.7376790046691895,0.650903046131134,-0.03122830018401146,0.694167971611023,0.6485491991043091,-0.06119030714035034,0.6640663743019104,0.6550133228302002,-0.09054645895957947,0.6664857268333435,0.6590741276741028,-0.11973612755537033,0.6916764378547668,0.5131106972694397,-0.03607948496937752,0.694725513458252,0.4638919532299042,-0.07433018833398819,0.7007566690444946,0.46068310737609863,-0.10602062940597534,0.7121831178665161,0.47815102338790894,-0.1246049776673317,0.7323495149612427,0.49750661849975586,-0.041847098618745804,0.731867253780365,0.41257357597351074,-0.08361790329217911,0.7376534342765808,0.4309496581554413,-0.10994508862495422,0.7460591197013855,0.4742536246776581,-0.11994685232639313,0.772366464138031,0.5011605620384216,-0.051352329552173615,0.7729275226593018,0.4339091181755066,-0.0864732638001442,0.7756149768829346,0.4540092647075653,-0.10031918436288834,0.7765353322029114,0.4946816861629486,-0.10158994793891907,0.8089689016342163,0.5198938846588135,-0.06316617876291275,0.8092527985572815,0.4759043753147125,-0.08554137498140335,0.8069760203361511,0.48350951075553894,-0.0897902250289917,0.8020319938659668,0.5071594715118408,-0.08799048513174057,la
