landmark_0_x,landmark_0_y,landmark_0_z,landmark_1_x,landmark_1_y,landmark_1_z,landmark_2_x,landmark_2_y,landmark_2_z,landmark_3_x,landmark_3_y,landmark_3_z,landmark_4_x,landmark_4_y,landmark_4_z,landmark_5_x,landmark_5_y,landmark_5_z,landmark_6_x,landmark_6_y,landmark_6_z,landmark_7_x,landmark_7_y,landmark_7_z,landmark_8_x,landmark_8_y,landmark_8_z,landmark_9_x,landmark_9_y,landmark_9_z,landmark_10_x,landmark_10_y,landmark_10_z,landmark_11_x,landmark_11_y,landmark_11_z,landmark_12_x,landmark_12_y,landmark_12_z,landmark_13_x,landmark_13_y,landmark_13_z,landmark_14_x,landmark_14_y,landmark_14_z,landmark_15_x,landmark_15_y,landmark_15_z,landmark_16_x,landmark_16_y,landmark_16_z,landmark_17_x,landmark_17_y,landmark_17_z,landmark_18_x,landmark_18_y,landmark_18_z,landmark_19_x,landmark_19_y,landmark_19_z,landmark_20_x,landmark_20_y,landmark_20_z,class
0.7409639358520508,0.608889102935791,2.0647766518777644e-07,0.6891780495643616,0.6007106304168701,-0.02091875672340393,0.6428946852684021,0.5818386673927307,-0.03577021136879921,0.6129791140556335,0.5688170194625854,-0.05021924525499344,0.6031763553619385,0.5515986680984497,-0.06373392045497894,0.649177074432373,0.45327702164649963,-0.005922412034124136,0.6390177607536316,0.4007444381713867,-0.02330426126718521,0.6369484066963196,0.3757185935974121,-0.04250377416610718,0.635306179523468,0.36097726225852966,-0.0561567060649395,0.6802246570587158,0.4386325776576996,-0.007897499948740005,0.669821560382843,0.3812122344970703,-0.02475043758749962,0.664233386516571,0.35959145426750183,-0.0425276905298233,0.6576537489891052,0.35513436794281006,-0.05419372022151947,0.7128568887710571,0.43580716848373413,-0.013974249362945557,0.7033517956733704,0.3792409300804138,-0.028621966019272804,0.6945768594741821,0.35989511013031006,-0.03956373780965805,0.6842619180679321,0.35805997252464294,-0.04546560347080231,0.7479246854782104,0.44533807039260864,-0.022594787180423737,0.7379165291786194,0.39239808917045593,-0.03453446179628372,0.7262924909591675,0.37052780389785767,-0.04014097526669502,0.7123541831970215,0.36197882890701294,-0.04259638488292694,la
