landmark_0_x,landmark_0_y,landmark_0_z,landmark_1_x,landmark_1_y,landmark_1_z,landmark_2_x,landmark_2_y,landmark_2_z,landmark_3_x,landmark_3_y,landmark_3_z,landmark_4_x,landmark_4_y,landmark_4_z,landmark_5_x,landmark_5_y,landmark_5_z,landmark_6_x,landmark_6_y,landmark_6_z,landmark_7_x,landmark_7_y,landmark_7_z,landmark_8_x,landmark_8_y,landmark_8_z,landmark_9_x,landmark_9_y,landmark_9_z,landmark_10_x,landmark_10_y,landmark_10_z,landmark_11_x,landmark_11_y,landmark_11_z,landmark_12_x,landmark_12_y,landmark_12_z,landmark_13_x,landmark_13_y,landmark_13_z,landmark_14_x,landmark_14_y,landmark_14_z,landmark_15_x,landmark_15_y,landmark_15_z,landmark_16_x,landmark_16_y,landmark_16_z,landmark_17_x,landmark_17_y,landmark_17_z,landmark_18_x,landmark_18_y,landmark_18_z,landmark_19_x,landmark_19_y,landmark_19_z,landmark_20_x,landmark_20_y,landmark_20_z,class
0.6954913139343262,0.7952264547348022,5.507157041506616e-08,0.6661695837974548,0.7974610328674316,-0.013540872372686863,0.6361841559410095,0.7917542457580566,-0.023990198969841003,0.6169480681419373,0.7892893552780151,-0.03411245718598366,0.6049612760543823,0.7905576825141907,-0.043025534600019455,0.6387773752212524,0.712588369846344,-0.008087096735835075,0.6351498365402222,0.6741838455200195,-0.022855741903185844,0.6324243545532227,0.6720703840255737,-0.035308487713336945,0.6327985525131226,0.683711588382721,-0.04179137572646141,0.6579238176345825,0.7024405002593994,-0.009145396761596203,0.652637779712677,0.6583298444747925,-0.02379109524190426,0.6484913229942322,0.6611359715461731,-0.03339415788650513,0.6489174365997314,0.679095983505249,-0.036826327443122864,0.677422285079956,0.7003815770149231,-0.012789697386324406,0.6736899018287659,0.6627998352050781,-0.02425185590982437,0.668258786201477,0.6657284498214722,-0.029541311785578728,0.6659390330314636,0.6803364157676697,-0.030366411432623863,0.6986541748046875,0.7064061760902405,-0.017848247662186623,0.6933922171592712,0.6804026365280151,-0.025530487298965454,0.6851893663406372,0.6783946752548218,-0.02792387083172798,0.6776604652404785,0.6849686503410339,-0.027688492089509964,la
