landmark_0_x,landmark_0_y,landmark_0_z,landmark_1_x,landmark_1_y,landmark_1_z,landmark_2_x,landmark_2_y,landmark_2_z,landmark_3_x,landmark_3_y,landmark_3_z,landmark_4_x,landmark_4_y,landmark_4_z,landmark_5_x,landmark_5_y,landmark_5_z,landmark_6_x,landmark_6_y,landmark_6_z,landmark_7_x,landmark_7_y,landmark_7_z,landmark_8_x,landmark_8_y,landmark_8_z,landmark_9_x,landmark_9_y,landmark_9_z,landmark_10_x,landmark_10_y,landmark_10_z,landmark_11_x,landmark_11_y,landmark_11_z,landmark_12_x,landmark_12_y,landmark_12_z,landmark_13_x,landmark_13_y,landmark_13_z,landmark_14_x,landmark_14_y,landmark_14_z,landmark_15_x,landmark_15_y,landmark_15_z,landmark_16_x,landmark_16_y,landmark_16_z,landmark_17_x,landmark_17_y,landmark_17_z,landmark_18_x,landmark_18_y,landmark_18_z,landmark_19_x,landmark_19_y,landmark_19_z,landmark_20_x,landmark_20_y,landmark_20_z,class
0.916877031326294,0.6526339650154114,1.5786891083280352e-07,0.8868529796600342,0.6526849269866943,-0.024685649201273918,0.8564850687980652,0.6420703530311584,-0.04144039377570152,0.8339623808860779,0.6326262354850769,-0.056274402886629105,0.8188461661338806,0.6263781785964966,-0.07020370662212372,0.8526342511177063,0.5416269898414612,-0.019211990758776665,0.8448532223701477,0.49695873260498047,-0.03742251545190811,0.8462085127830505,0.4744836986064911,-0.05517676845192909,0.8512951135635376,0.46702638268470764,-0.0668213963508606,0.8754466772079468,0.528020441532135,-0.017645634710788727,0.8644028306007385,0.4812490940093994,-0.0351906418800354,0.8665779829025269,0.4650663733482361,-0.05152960121631622,0.8716337084770203,0.4672659635543823,-0.06187382712960243,0.899035632610321,0.5257156491279602,-0.019199742004275322,0.8920691013336182,0.48093926906585693,-0.03458329662680626,0.8942893743515015,0.4694662392139435,-0.04497592896223068,0.8976011872291565,0.4771612584590912,-0.05042973533272743,0.9243673086166382,0.5315289497375488,-0.023090574890375137,0.9185712933540344,0.49246829748153687,-0.03511764854192734,0.9171444177627563,0.48238605260849,-0.04028785228729248,0.9158457517623901,0.48565974831581116,-0.042595501989126205,la
