landmark_0_x,landmark_0_y,landmark_0_z,landmark_1_x,landmark_1_y,landmark_1_z,landmark_2_x,landmark_2_y,landmark_2_z,landmark_3_x,landmark_3_y,landmark_3_z,landmark_4_x,landmark_4_y,landmark_4_z,landmark_5_x,landmark_5_y,landmark_5_z,landmark_6_x,landmark_6_y,landmark_6_z,landmark_7_x,landmark_7_y,landmark_7_z,landmark_8_x,landmark_8_y,landmark_8_z,landmark_9_x,landmark_9_y,landmark_9_z,landmark_10_x,landmark_10_y,landmark_10_z,landmark_11_x,landmark_11_y,landmark_11_z,landmark_12_x,landmark_12_y,landmark_12_z,landmark_13_x,landmark_13_y,landmark_13_z,landmark_14_x,landmark_14_y,landmark_14_z,landmark_15_x,landmark_15_y,landmark_15_z,landmark_16_x,landmark_16_y,landmark_16_z,landmark_17_x,landmark_17_y,landmark_17_z,landmark_18_x,landmark_18_y,landmark_18_z,landmark_19_x,landmark_19_y,landmark_19_z,landmark_20_x,landmark_20_y,landmark_20_z,class
0.7719845175743103,0.43324077129364014,1.6442716344045039e-07,0.7418535351753235,0.42194998264312744,-0.014626216143369675,0.7146541476249695,0.4068661332130432,-0.023667091503739357,0.6944804191589355,0.3909216821193695,-0.03182088956236839,0.6940723061561584,0.3729187846183777,-0.03921008110046387,0.7224661707878113,0.33866891264915466,-0.004210157319903374,0.7177629470825195,0.3052052855491638,-0.013351395726203918,0.7182062268257141,0.2872973084449768,-0.023775968700647354,0.7199466228485107,0.27096128463745117,-0.03189847990870476,0.7413524389266968,0.3302958011627197,-0.0034383090678602457,0.7361041307449341,0.2966858148574829,-0.010460253804922104,0.7367724180221558,0.27936676144599915,-0.0192391537129879,0.7377134561538696,0.2641785442829132,-0.02616969309747219,0.7606533765792847,0.32924818992614746,-0.00527513911947608,0.7554618120193481,0.2968859374523163,-0.012059027329087257,0.7542696595191956,0.27980875968933105,-0.017171315848827362,0.7541078925132751,0.2685055136680603,-0.020610803738236427,0.7812128067016602,0.33504408597946167,-0.008842471987009048,0.7752475738525391,0.3047744035720825,-0.014278361573815346,0.771419107913971,0.2878291606903076,-0.016535086557269096,0.7684370875358582,0.2739054560661316,-0.01790345460176468,la
