landmark_0_x,landmark_0_y,landmark_0_z,landmark_1_x,landmark_1_y,landmark_1_z,landmark_2_x,landmark_2_y,landmark_2_z,landmark_3_x,landmark_3_y,landmark_3_z,landmark_4_x,landmark_4_y,landmark_4_z,landmark_5_x,landmark_5_y,landmark_5_z,landmark_6_x,landmark_6_y,landmark_6_z,landmark_7_x,landmark_7_y,landmark_7_z,landmark_8_x,landmark_8_y,landmark_8_z,landmark_9_x,landmark_9_y,landmark_9_z,landmark_10_x,landmark_10_y,landmark_10_z,landmark_11_x,landmark_11_y,landmark_11_z,landmark_12_x,landmark_12_y,landmark_12_z,landmark_13_x,landmark_13_y,landmark_13_z,landmark_14_x,landmark_14_y,landmark_14_z,landmark_15_x,landmark_15_y,landmark_15_z,landmark_16_x,landmark_16_y,landmark_16_z,landmark_17_x,landmark_17_y,landmark_17_z,landmark_18_x,landmark_18_y,landmark_18_z,landmark_19_x,landmark_19_y,landmark_19_z,landmark_20_x,landmark_20_y,landmark_20_z,class
0.6764523386955261,0.7957801818847656,6.941582597619345e-08,0.6453574895858765,0.7952401041984558,-0.011896699666976929,0.6175005435943604,0.7888737320899963,-0.02266176976263523,0.6003315448760986,0.7881574630737305,-0.033369775861501694,0.5876331329345703,0.7850660681724548,-0.04336569830775261,0.6228734850883484,0.7092423439025879,-0.009073566645383835,0.6217359304428101,0.6736655235290527,-0.024393143132328987,0.6161699295043945,0.6711543798446655,-0.037730347365140915,0.6112675666809082,0.6817632913589478,-0.04524308443069458,0.6434919238090515,0.7009074091911316,-0.01180767361074686,0.6408283710479736,0.6603581309318542,-0.0276065394282341,0.6326623558998108,0.6635556817054749,-0.038789182901382446,0.6266797780990601,0.6818590760231018,-0.043696217238903046,0.6639840006828308,0.7014116048812866,-0.016829339787364006,0.6605604887008667,0.6676115989685059,-0.029689157381653786,0.651573896408081,0.6703831553459167,-0.036144766956567764,0.6439977288246155,0.6847825050354004,-0.03802243620157242,0.685214102268219,0.7108591794967651,-0.0229561235755682,0.6797562837600708,0.6870601177215576,-0.0323965847492218,0.6707310080528259,0.6831901669502258,-0.03559477627277374,0.66202312707901,0.6871490478515625,-0.03591904044151306,la
