landmark_0_x,landmark_0_y,landmark_0_z,landmark_1_x,landmark_1_y,landmark_1_z,landmark_2_x,landmark_2_y,landmark_2_z,landmark_3_x,landmark_3_y,landmark_3_z,landmark_4_x,landmark_4_y,landmark_4_z,landmark_5_x,landmark_5_y,landmark_5_z,landmark_6_x,landmark_6_y,landmark_6_z,landmark_7_x,landmark_7_y,landmark_7_z,landmark_8_x,landmark_8_y,landmark_8_z,landmark_9_x,landmark_9_y,landmark_9_z,landmark_10_x,landmark_10_y,landmark_10_z,landmark_11_x,landmark_11_y,landmark_11_z,landmark_12_x,landmark_12_y,landmark_12_z,landmark_13_x,landmark_13_y,landmark_13_z,landmark_14_x,landmark_14_y,landmark_14_z,landmark_15_x,landmark_15_y,landmark_15_z,landmark_16_x,landmark_16_y,landmark_16_z,landmark_17_x,landmark_17_y,landmark_17_z,landmark_18_x,landmark_18_y,landmark_18_z,landmark_19_x,landmark_19_y,landmark_19_z,landmark_20_x,landmark_20_y,landmark_20_z,class
0.7600006461143494,0.6180314421653748,1.6558928450649546e-07,0.7172721028327942,0.6217522621154785,-0.02352851629257202,0.6740777492523193,0.6165795922279358,-0.04651380702853203,0.6468319892883301,0.6202767491340637,-0.06977695226669312,0.635226309299469,0.6292021870613098,-0.09294117987155914,0.6735501289367676,0.4846166670322418,-0.02428576722741127,0.6716781258583069,0.43521538376808167,-0.05462368205189705,0.6759676337242126,0.4347080588340759,-0.0795925110578537,0.683627188205719,0.4556316137313843,-0.09359899908304214,0.7131448984146118,0.46593356132507324,-0.03158102184534073,0.7088098526000977,0.3844670355319977,-0.06435322016477585,0.7120479345321655,0.3972787857055664,-0.08518440276384354,0.7185142636299133,0.4372554421424866,-0.09234128892421722,0.75282883644104,0.4687177240848541,-0.042317673563957214,0.7489970326423645,0.40598949790000916,-0.0714678168296814,0.7509962916374207,0.42202281951904297,-0.08205015957355499,0.7525790929794312,0.4562056064605713,-0.08201154321432114,0.7903667688369751,0.48778367042541504,-0.05474686995148659,0.7865941524505615,0.4445488750934601,-0.0743321031332016,0.783647894859314,0.4483608305454254,-0.07664013653993607,0.7792844176292419,0.4661096930503845,-0.07355361431837082,la
