landmark_0_x,landmark_0_y,landmark_0_z,landmark_1_x,landmark_1_y,landmark_1_z,landmark_2_x,landmark_2_y,landmark_2_z,landmark_3_x,landmark_3_y,landmark_3_z,landmark_4_x,landmark_4_y,landmark_4_z,landmark_5_x,landmark_5_y,landmark_5_z,landmark_6_x,landmark_6_y,landmark_6_z,landmark_7_x,landmark_7_y,landmark_7_z,landmark_8_x,landmark_8_y,landmark_8_z,landmark_9_x,landmark_9_y,landmark_9_z,landmark_10_x,landmark_10_y,landmark_10_z,landmark_11_x,landmark_11_y,landmark_11_z,landmark_12_x,landmark_12_y,landmark_12_z,landmark_13_x,landmark_13_y,landmark_13_z,landmark_14_x,landmark_14_y,landmark_14_z,landmark_15_x,landmark_15_y,landmark_15_z,landmark_16_x,landmark_16_y,landmark_16_z,landmark_17_x,landmark_17_y,landmark_17_z,landmark_18_x,landmark_18_y,landmark_18_z,landmark_19_x,landmark_19_y,landmark_19_z,landmark_20_x,landmark_20_y,landmark_20_z,class
0.7163753509521484,0.5836747288703918,2.927533273577865e-07,0.6668004393577576,0.5805524587631226,-0.017745090648531914,0.6233714818954468,0.5712893009185791,-0.035475682467222214,0.5933660864830017,0.5649774074554443,-0.05201566591858864,0.5661186575889587,0.5595159530639648,-0.06905052810907364,0.6230675578117371,0.4733023941516876,-0.02668202482163906,0.6119972467422485,0.42177027463912964,-0.04575559124350548,0.6084441542625427,0.3958281874656677,-0.06224885955452919,0.6060864925384521,0.3762998580932617,-0.0738307386636734,0.6589909195899963,0.4549509882926941,-0.02982860989868641,0.6478356122970581,0.40124329924583435,-0.04725903645157814,0.63959139585495,0.3769646883010864,-0.06139858067035675,0.6302481889724731,0.3605821132659912,-0.07159990817308426,0.6949836015701294,0.44900158047676086,-0.034915030002593994,0.6835159063339233,0.3939770758152008,-0.05118079483509064,0.6706153750419617,0.36529362201690674,-0.060108523815870285,0.6541459560394287,0.3454092741012573,-0.06606044620275497,0.7325341105461121,0.45362532138824463,-0.041153017431497574,0.7243019342422485,0.4082918167114258,-0.05558432266116142,0.712958037853241,0.3876945972442627,-0.06012836471199989,0.6966954469680786,0.37361007928848267,-0.062326401472091675,la
