landmark_0_x,landmark_0_y,landmark_0_z,landmark_1_x,landmark_1_y,landmark_1_z,landmark_2_x,landmark_2_y,landmark_2_z,landmark_3_x,landmark_3_y,landmark_3_z,landmark_4_x,landmark_4_y,landmark_4_z,landmark_5_x,landmark_5_y,landmark_5_z,landmark_6_x,landmark_6_y,landmark_6_z,landmark_7_x,landmark_7_y,landmark_7_z,landmark_8_x,landmark_8_y,landmark_8_z,landmark_9_x,landmark_9_y,landmark_9_z,landmark_10_x,landmark_10_y,landmark_10_z,landmark_11_x,landmark_11_y,landmark_11_z,landmark_12_x,landmark_12_y,landmark_12_z,landmark_13_x,landmark_13_y,landmark_13_z,landmark_14_x,landmark_14_y,landmark_14_z,landmark_15_x,landmark_15_y,landmark_15_z,landmark_16_x,landmark_16_y,landmark_16_z,landmark_17_x,landmark_17_y,landmark_17_z,landmark_18_x,landmark_18_y,landmark_18_z,landmark_19_x,landmark_19_y,landmark_19_z,landmark_20_x,landmark_20_y,landmark_20_z,class
0.6663263440132141,0.7856863141059875,1.1377176534210776e-08,0.6345493197441101,0.7909131050109863,-0.01138116791844368,0.6036874055862427,0.7864267230033875,-0.020631983876228333,0.5839192271232605,0.784704327583313,-0.02995936945080757,0.570706307888031,0.7798154354095459,-0.03801165148615837,0.6042052507400513,0.7086837887763977,-0.006148569751530886,0.5977208614349365,0.67188960313797,-0.02044968493282795,0.5937992334365845,0.673644483089447,-0.03219220042228699,0.5945544242858887,0.686994194984436,-0.03826990723609924,0.6225810647010803,0.6979836225509644,-0.008821780793368816,0.6167047619819641,0.6506229043006897,-0.023110635578632355,0.6109041571617126,0.6566137075424194,-0.03224547579884529,0.6110445857048035,0.6768559813499451,-0.03542675822973251,0.6418807506561279,0.6958253979682922,-0.013998742215335369,0.6367855072021484,0.6572245359420776,-0.02578403800725937,0.6293162703514099,0.6624239683151245,-0.031030822545289993,0.6268693208694458,0.6785264015197754,-0.0318697988986969,0.6619423627853394,0.7016844153404236,-0.020330432802438736,0.6535819172859192,0.6760867238044739,-0.028465325012803078,0.6441199779510498,0.6755865216255188,-0.03072991780936718,0.6378655433654785,0.6832422018051147,-0.03046669438481331,la
