landmark_0_x,landmark_0_y,landmark_0_z,landmark_1_x,landmark_1_y,landmark_1_z,landmark_2_x,landmark_2_y,landmark_2_z,landmark_3_x,landmark_3_y,landmark_3_z,landmark_4_x,landmark_4_y,landmark_4_z,landmark_5_x,landmark_5_y,landmark_5_z,landmark_6_x,landmark_6_y,landmark_6_z,landmark_7_x,landmark_7_y,landmark_7_z,landmark_8_x,landmark_8_y,landmark_8_z,landmark_9_x,landmark_9_y,landmark_9_z,landmark_10_x,landmark_10_y,landmark_10_z,landmark_11_x,landmark_11_y,landmark_11_z,landmark_12_x,landmark_12_y,landmark_12_z,landmark_13_x,landmark_13_y,landmark_13_z,landmark_14_x,landmark_14_y,landmark_14_z,landmark_15_x,landmark_15_y,landmark_15_z,landmark_16_x,landmark_16_y,landmark_16_z,landmark_17_x,landmark_17_y,landmark_17_z,landmark_18_x,landmark_18_y,landmark_18_z,landmark_19_x,landmark_19_y,landmark_19_z,landmark_20_x,landmark_20_y,landmark_20_z,class
0.9042672514915466,0.6933785080909729,4.650868845601508e-07,0.8664344549179077,0.6785035133361816,-0.027272656559944153,0.8331652283668518,0.6628620624542236,-0.05080414190888405,0.810577929019928,0.6507216095924377,-0.07034014910459518,0.8009670972824097,0.6331780552864075,-0.09097086638212204,0.8453777432441711,0.6050481200218201,-0.05879691615700722,0.8364691138267517,0.5518859028816223,-0.08774905651807785,0.8380706310272217,0.5131745934486389,-0.1076110303401947,0.8427695035934448,0.4807990789413452,-0.12027867883443832,0.8769434094429016,0.5980631709098816,-0.05807340145111084,0.8707991242408752,0.5404887795448303,-0.08551930636167526,0.8712866306304932,0.5006829500198364,-0.10150451213121414,0.8729549646377563,0.4699726700782776,-0.11271367222070694,0.9077464938163757,0.5970299243927002,-0.05841849371790886,0.902039647102356,0.5432772636413574,-0.08123791962862015,0.8999455571174622,0.5046164393424988,-0.09162188321352005,0.8986666202545166,0.4755530059337616,-0.09824887663125992,0.9357105493545532,0.600864052772522,-0.06030011549592018,0.9323726892471313,0.5543113946914673,-0.07808137685060501,0.928767740726471,0.5207147002220154,-0.08534404635429382,0.9250239133834839,0.49244940280914307,-0.09016027301549911,la
