landmark_0_x,landmark_0_y,landmark_0_z,landmark_1_x,landmark_1_y,landmark_1_z,landmark_2_x,landmark_2_y,landmark_2_z,landmark_3_x,landmark_3_y,landmark_3_z,landmark_4_x,landmark_4_y,landmark_4_z,landmark_5_x,landmark_5_y,landmark_5_z,landmark_6_x,landmark_6_y,landmark_6_z,landmark_7_x,landmark_7_y,landmark_7_z,landmark_8_x,landmark_8_y,landmark_8_z,landmark_9_x,landmark_9_y,landmark_9_z,landmark_10_x,landmark_10_y,landmark_10_z,landmark_11_x,landmark_11_y,landmark_11_z,landmark_12_x,landmark_12_y,landmark_12_z,landmark_13_x,landmark_13_y,landmark_13_z,landmark_14_x,landmark_14_y,landmark_14_z,landmark_15_x,landmark_15_y,landmark_15_z,landmark_16_x,landmark_16_y,landmark_16_z,landmark_17_x,landmark_17_y,landmark_17_z,landmark_18_x,landmark_18_y,landmark_18_z,landmark_19_x,landmark_19_y,landmark_19_z,landmark_20_x,landmark_20_y,landmark_20_z,class
0.6598595380783081,0.37597519159317017,1.4233415868147858e-07,0.622242271900177,0.3733319044113159,-0.010521862655878067,0.5840983986854553,0.3601808547973633,-0.018572479486465454,0.5563845634460449,0.3488955795764923,-0.026773089542984962,0.562846839427948,0.33864936232566833,-0.03462257981300354,0.5896995067596436,0.2847137451171875,-0.0035052227322012186,0.5809164643287659,0.24707941710948944,-0.013308080844581127,0.5765281319618225,0.22735077142715454,-0.023698659613728523,0.5737483501434326,0.2157084345817566,-0.031447138637304306,0.6099072694778442,0.2708410918712616,-0.00524560920894146,0.5999636650085449,0.23105613887310028,-0.014102879911661148,0.5947487354278564,0.215028315782547,-0.0223130714148283,0.5905161499977112,0.20942896604537964,-0.02764342911541462,0.6322889924049377,0.265266478061676,-0.00899311900138855,0.6200525760650635,0.2268492877483368,-0.015729935839772224,0.6140089631080627,0.21145540475845337,-0.018167193979024887,0.608982264995575,0.20466068387031555,-0.019308343529701233,0.6558248400688171,0.2679373621940613,-0.01415855623781681,0.6450079679489136,0.23388344049453735,-0.01903914287686348,0.637546718120575,0.2196219563484192,-0.01895206607878208,0.6305460333824158,0.2117525041103363,-0.018146859481930733,la
