landmark_0_x,landmark_0_y,landmark_0_z,landmark_1_x,landmark_1_y,landmark_1_z,landmark_2_x,landmark_2_y,landmark_2_z,landmark_3_x,landmark_3_y,landmark_3_z,landmark_4_x,landmark_4_y,landmark_4_z,landmark_5_x,landmark_5_y,landmark_5_z,landmark_6_x,landmark_6_y,landmark_6_z,landmark_7_x,landmark_7_y,landmark_7_z,landmark_8_x,landmark_8_y,landmark_8_z,landmark_9_x,landmark_9_y,landmark_9_z,landmark_10_x,landmark_10_y,landmark_10_z,landmark_11_x,landmark_11_y,landmark_11_z,landmark_12_x,landmark_12_y,landmark_12_z,landmark_13_x,landmark_13_y,landmark_13_z,landmark_14_x,landmark_14_y,landmark_14_z,landmark_15_x,landmark_15_y,landmark_15_z,landmark_16_x,landmark_16_y,landmark_16_z,landmark_17_x,landmark_17_y,landmark_17_z,landmark_18_x,landmark_18_y,landmark_18_z,landmark_19_x,landmark_19_y,landmark_19_z,landmark_20_x,landmark_20_y,landmark_20_z,class
0.8067862391471863,0.8573613166809082,1.2621197242879134e-07,0.7672009468078613,0.8575319647789001,-0.01740659959614277,0.7268856763839722,0.8453178405761719,-0.03298904001712799,0.7039393186569214,0.8413774371147156,-0.04912351071834564,0.6981931328773499,0.8467321395874023,-0.064766526222229,0.7287230491638184,0.7322330474853516,-0.01346614770591259,0.7247412204742432,0.6804572343826294,-0.03570103272795677,0.7320216298103333,0.671027660369873,-0.056088756769895554,0.743059515953064,0.6873342990875244,-0.06762999296188354,0.7616065144538879,0.7171177864074707,-0.018455538898706436,0.7577860951423645,0.648898720741272,-0.041431259363889694,0.7632450461387634,0.652251660823822,-0.05961734056472778,0.7706595659255981,0.6828495264053345,-0.06756529211997986,0.7940359711647034,0.7185049057006836,-0.026175638660788536,0.7917733192443848,0.6652243733406067,-0.04525786638259888,0.7922568321228027,0.6710353493690491,-0.055847033858299255,0.7933499813079834,0.6997345089912415,-0.05855533480644226,0.8250212073326111,0.7334818840026855,-0.03539158031344414,0.8222797513008118,0.6930863261222839,-0.047112174332141876,0.8176029324531555,0.6895682215690613,-0.04946184158325195,0.812732458114624,0.7033109068870544,-0.0482991561293602,la
