landmark_0_x,landmark_0_y,landmark_0_z,landmark_1_x,landmark_1_y,landmark_1_z,landmark_2_x,landmark_2_y,landmark_2_z,landmark_3_x,landmark_3_y,landmark_3_z,landmark_4_x,landmark_4_y,landmark_4_z,landmark_5_x,landmark_5_y,landmark_5_z,landmark_6_x,landmark_6_y,landmark_6_z,landmark_7_x,landmark_7_y,landmark_7_z,landmark_8_x,landmark_8_y,landmark_8_z,landmark_9_x,landmark_9_y,landmark_9_z,landmark_10_x,landmark_10_y,landmark_10_z,landmark_11_x,landmark_11_y,landmark_11_z,landmark_12_x,landmark_12_y,landmark_12_z,landmark_13_x,landmark_13_y,landmark_13_z,landmark_14_x,landmark_14_y,landmark_14_z,landmark_15_x,landmark_15_y,landmark_15_z,landmark_16_x,landmark_16_y,landmark_16_z,landmark_17_x,landmark_17_y,landmark_17_z,landmark_18_x,landmark_18_y,landmark_18_z,landmark_19_x,landmark_19_y,landmark_19_z,landmark_20_x,landmark_20_y,landmark_20_z,class
0.7291988730430603,0.6165587902069092,2.216107617414309e-07,0.6763691902160645,0.6121991872787476,-0.022990915924310684,0.6294739246368408,0.594328761100769,-0.040450047701597214,0.5981462597846985,0.5794483423233032,-0.057081323117017746,0.5910785794258118,0.5593257546424866,-0.07255358248949051,0.6371697187423706,0.4622752070426941,-0.011142807081341743,0.6292147636413574,0.4037381410598755,-0.03184943273663521,0.6240133047103882,0.3803269863128662,-0.05294250696897507,0.6191880106925964,0.3735571801662445,-0.06691554188728333,0.6683797836303711,0.44781091809272766,-0.012347575277090073,0.6578688025474548,0.38732296228408813,-0.031094476580619812,0.6497159600257874,0.3653147518634796,-0.04923645406961441,0.6414344906806946,0.3647797405719757,-0.06087712571024895,0.7016017436981201,0.4458877444267273,-0.017747176811099052,0.6919039487838745,0.387988805770874,-0.03326684981584549,0.6813188195228577,0.3667091429233551,-0.0443216934800148,0.6695306897163391,0.3654494285583496,-0.050409503281116486,0.7370630502700806,0.45648252964019775,-0.02575765736401081,0.727512538433075,0.40466803312301636,-0.038850221782922745,0.7141497731208801,0.38137486577033997,-0.045247290283441544,0.6985379457473755,0.3714315891265869,-0.048085544258356094,la
