landmark_0_x,landmark_0_y,landmark_0_z,landmark_1_x,landmark_1_y,landmark_1_z,landmark_2_x,landmark_2_y,landmark_2_z,landmark_3_x,landmark_3_y,landmark_3_z,landmark_4_x,landmark_4_y,landmark_4_z,landmark_5_x,landmark_5_y,landmark_5_z,landmark_6_x,landmark_6_y,landmark_6_z,landmark_7_x,landmark_7_y,landmark_7_z,landmark_8_x,landmark_8_y,landmark_8_z,landmark_9_x,landmark_9_y,landmark_9_z,landmark_10_x,landmark_10_y,landmark_10_z,landmark_11_x,landmark_11_y,landmark_11_z,landmark_12_x,landmark_12_y,landmark_12_z,landmark_13_x,landmark_13_y,landmark_13_z,landmark_14_x,landmark_14_y,landmark_14_z,landmark_15_x,landmark_15_y,landmark_15_z,landmark_16_x,landmark_16_y,landmark_16_z,landmark_17_x,landmark_17_y,landmark_17_z,landmark_18_x,landmark_18_y,landmark_18_z,landmark_19_x,landmark_19_y,landmark_19_z,landmark_20_x,landmark_20_y,landmark_20_z,class
0.8416454195976257,0.8394610285758972,2.3972611984390824e-07,0.8251051306724548,0.8401498794555664,-0.03246647119522095,0.8108298778533936,0.83269202709198,-0.054147835820913315,0.8017270565032959,0.8256745934486389,-0.07251913845539093,0.7918719053268433,0.825236439704895,-0.09041878581047058,0.8126487731933594,0.7528663277626038,-0.035185255110263824,0.8182947039604187,0.7143999338150024,-0.05546006187796593,0.8329252004623413,0.7109295129776001,-0.07173401862382889,0.8471827507019043,0.7170081734657288,-0.08150099217891693,0.8307280540466309,0.7460881471633911,-0.027859512716531754,0.8350691795349121,0.7044228911399841,-0.047528356313705444,0.8509994149208069,0.7068003416061401,-0.0619456022977829,0.8635947704315186,0.7199978828430176,-0.06958354264497757,0.8471938371658325,0.7464017271995544,-0.02341330796480179,0.8502939343452454,0.7091719508171082,-0.038477297872304916,0.8625375032424927,0.7111670970916748,-0.04758882522583008,0.8717095255851746,0.724392294883728,-0.051663462072610855,0.861485481262207,0.7526789903640747,-0.0218146201223135,0.8645859360694885,0.7266584634780884,-0.03250453621149063,0.8712118268013,0.7244341373443604,-0.03831722214818001,0.8761920928955078,0.7318143844604492,-0.041112110018730164,la
