landmark_0_x,landmark_0_y,landmark_0_z,landmark_1_x,landmark_1_y,landmark_1_z,landmark_2_x,landmark_2_y,landmark_2_z,landmark_3_x,landmark_3_y,landmark_3_z,landmark_4_x,landmark_4_y,landmark_4_z,landmark_5_x,landmark_5_y,landmark_5_z,landmark_6_x,landmark_6_y,landmark_6_z,landmark_7_x,landmark_7_y,landmark_7_z,landmark_8_x,landmark_8_y,landmark_8_z,landmark_9_x,landmark_9_y,landmark_9_z,landmark_10_x,landmark_10_y,landmark_10_z,landmark_11_x,landmark_11_y,landmark_11_z,landmark_12_x,landmark_12_y,landmark_12_z,landmark_13_x,landmark_13_y,landmark_13_z,landmark_14_x,landmark_14_y,landmark_14_z,landmark_15_x,landmark_15_y,landmark_15_z,landmark_16_x,landmark_16_y,landmark_16_z,landmark_17_x,landmark_17_y,landmark_17_z,landmark_18_x,landmark_18_y,landmark_18_z,landmark_19_x,landmark_19_y,landmark_19_z,landmark_20_x,landmark_20_y,landmark_20_z,class
0.8047187328338623,0.8017700910568237,2.0326847050000652e-07,0.7410702109336853,0.8199760317802429,-0.04109079763293266,0.6793758869171143,0.814225971698761,-0.07853894680738449,0.6355478167533875,0.8207191228866577,-0.11559455096721649,0.5999990701675415,0.8295497894287109,-0.15232504904270172,0.6738541126251221,0.6234299540519714,-0.046323634684085846,0.6693390011787415,0.5370619297027588,-0.0954124927520752,0.6752073764801025,0.5346506237983704,-0.1361381709575653,0.6887037754058838,0.572640597820282,-0.15871566534042358,0.7309168577194214,0.596903920173645,-0.05478782579302788,0.721763551235199,0.4765859842300415,-0.10704996436834335,0.7283730506896973,0.49935057759284973,-0.14345531165599823,0.7394326329231262,0.5597765445709229,-0.15889015793800354,0.7880528569221497,0.5977790355682373,-0.06813236325979233,0.7833645939826965,0.49810081720352173,-0.11430327594280243,0.7876167297363281,0.5275766849517822,-0.13421495258808136,0.7911828756332397,0.5882612466812134,-0.13802729547023773,0.841849148273468,0.6209262609481812,-0.08415354043245316,0.8366724252700806,0.5552623867988586,-0.11623119562864304,0.8356968760490417,0.5696423053741455,-0.12217339873313904,0.8343321084976196,0.6076648831367493,-0.11986976861953735,la
