landmark_0_x,landmark_0_y,landmark_0_z,landmark_1_x,landmark_1_y,landmark_1_z,landmark_2_x,landmark_2_y,landmark_2_z,landmark_3_x,landmark_3_y,landmark_3_z,landmark_4_x,landmark_4_y,landmark_4_z,landmark_5_x,landmark_5_y,landmark_5_z,landmark_6_x,landmark_6_y,landmark_6_z,landmark_7_x,landmark_7_y,landmark_7_z,landmark_8_x,landmark_8_y,landmark_8_z,landmark_9_x,landmark_9_y,landmark_9_z,landmark_10_x,landmark_10_y,landmark_10_z,landmark_11_x,landmark_11_y,landmark_11_z,landmark_12_x,landmark_12_y,landmark_12_z,landmark_13_x,landmark_13_y,landmark_13_z,landmark_14_x,landmark_14_y,landmark_14_z,landmark_15_x,landmark_15_y,landmark_15_z,landmark_16_x,landmark_16_y,landmark_16_z,landmark_17_x,landmark_17_y,landmark_17_z,landmark_18_x,landmark_18_y,landmark_18_z,landmark_19_x,landmark_19_y,landmark_19_z,landmark_20_x,landmark_20_y,landmark_20_z,class
0.8480700254440308,0.8176332712173462,1.8921195987786632e-07,0.8297592997550964,0.8149670362472534,-0.02586057409644127,0.8130148649215698,0.8049352169036865,-0.04432903975248337,0.8020644187927246,0.8000434637069702,-0.06100400537252426,0.7903935313224792,0.8013834953308105,-0.0773308202624321,0.8134781718254089,0.7241352200508118,-0.026035096496343613,0.815550684928894,0.6836265325546265,-0.046089671552181244,0.8256619572639465,0.6747734546661377,-0.06363247334957123,0.8354722857475281,0.6830460429191589,-0.07358991354703903,0.8329405188560486,0.7149989604949951,-0.022884180769324303,0.8327686786651611,0.6667667627334595,-0.041859790682792664,0.8445624113082886,0.6646101474761963,-0.058529023081064224,0.8530994653701782,0.6824634671211243,-0.06784822046756744,0.8508965969085693,0.7146711349487305,-0.022350572049617767,0.8517910838127136,0.6706277132034302,-0.035947516560554504,0.860650360584259,0.6677035689353943,-0.0471508614718914,0.8659006953239441,0.6849991679191589,-0.05290582776069641,0.867828905582428,0.721605122089386,-0.02423720806837082,0.870282769203186,0.6858580708503723,-0.0330439954996109,0.8744925260543823,0.6777336597442627,-0.03871358558535576,0.8759908676147461,0.6860180497169495,-0.04177616536617279,la
