landmark_0_x,landmark_0_y,landmark_0_z,landmark_1_x,landmark_1_y,landmark_1_z,landmark_2_x,landmark_2_y,landmark_2_z,landmark_3_x,landmark_3_y,landmark_3_z,landmark_4_x,landmark_4_y,landmark_4_z,landmark_5_x,landmark_5_y,landmark_5_z,landmark_6_x,landmark_6_y,landmark_6_z,landmark_7_x,landmark_7_y,landmark_7_z,landmark_8_x,landmark_8_y,landmark_8_z,landmark_9_x,landmark_9_y,landmark_9_z,landmark_10_x,landmark_10_y,landmark_10_z,landmark_11_x,landmark_11_y,landmark_11_z,landmark_12_x,landmark_12_y,landmark_12_z,landmark_13_x,landmark_13_y,landmark_13_z,landmark_14_x,landmark_14_y,landmark_14_z,landmark_15_x,landmark_15_y,landmark_15_z,landmark_16_x,landmark_16_y,landmark_16_z,landmark_17_x,landmark_17_y,landmark_17_z,landmark_18_x,landmark_18_y,landmark_18_z,landmark_19_x,landmark_19_y,landmark_19_z,landmark_20_x,landmark_20_y,landmark_20_z,class
0.7698690891265869,0.8742641806602478,1.1008925326905228e-07,0.7257428169250488,0.8745869398117065,-0.018483785912394524,0.682306706905365,0.8627639412879944,-0.03553823381662369,0.6548147797584534,0.8590198159217834,-0.05297724902629852,0.6409018039703369,0.8618875741958618,-0.06938762217760086,0.6843419075012207,0.7515137195587158,-0.015250319615006447,0.6728121638298035,0.6945739984512329,-0.041079144924879074,0.6834657788276672,0.6892766952514648,-0.0630265399813652,0.6981940865516663,0.7023410201072693,-0.0750054344534874,0.715317964553833,0.7358583807945251,-0.01945597678422928,0.7060906887054443,0.6666218042373657,-0.045913029462099075,0.7104411125183105,0.6680881381034851,-0.06398200988769531,0.7177501320838928,0.6914752125740051,-0.0711827203631401,0.7466381192207336,0.7351473569869995,-0.027122484520077705,0.7399935722351074,0.6754302978515625,-0.04699990153312683,0.7379639148712158,0.6778561472892761,-0.056467242538928986,0.7356072664260864,0.6986829042434692,-0.058560680598020554,0.7804097533226013,0.7481235861778259,-0.036663684993982315,0.7765026688575745,0.7061301469802856,-0.04951503872871399,0.7687373161315918,0.6995599865913391,-0.05320968106389046,0.7582460641860962,0.7068471908569336,-0.05303216353058815,la
