landmark_0_x,landmark_0_y,landmark_0_z,landmark_1_x,landmark_1_y,landmark_1_z,landmark_2_x,landmark_2_y,landmark_2_z,landmark_3_x,landmark_3_y,landmark_3_z,landmark_4_x,landmark_4_y,landmark_4_z,landmark_5_x,landmark_5_y,landmark_5_z,landmark_6_x,landmark_6_y,landmark_6_z,landmark_7_x,landmark_7_y,landmark_7_z,landmark_8_x,landmark_8_y,landmark_8_z,landmark_9_x,landmark_9_y,landmark_9_z,landmark_10_x,landmark_10_y,landmark_10_z,landmark_11_x,landmark_11_y,landmark_11_z,landmark_12_x,landmark_12_y,landmark_12_z,landmark_13_x,landmark_13_y,landmark_13_z,landmark_14_x,landmark_14_y,landmark_14_z,landmark_15_x,landmark_15_y,landmark_15_z,landmark_16_x,landmark_16_y,landmark_16_z,landmark_17_x,landmark_17_y,landmark_17_z,landmark_18_x,landmark_18_y,landmark_18_z,landmark_19_x,landmark_19_y,landmark_19_z,landmark_20_x,landmark_20_y,landmark_20_z,class
0.7730339169502258,0.42746344208717346,3.582581769023818e-07,0.7109398245811462,0.4178377389907837,-0.04032992199063301,0.6555291414260864,0.3950849771499634,-0.06720566004514694,0.6116750240325928,0.3775521218776703,-0.09005877375602722,0.6076412796974182,0.3401162326335907,-0.11228395253419876,0.667587161064148,0.23846180737018585,-0.03292262926697731,0.6567429304122925,0.16485749185085297,-0.05903621390461922,0.6531476378440857,0.1255093514919281,-0.08635936677455902,0.6518926620483398,0.0937412679195404,-0.10703717172145844,0.7106702923774719,0.21672096848487854,-0.028530001640319824,0.6986074447631836,0.13768517971038818,-0.049102261662483215,0.6922844648361206,0.10133624076843262,-0.07284486293792725,0.6820484399795532,0.07489202916622162,-0.09158025681972504,0.754439651966095,0.21395878493785858,-0.02889143116772175,0.7451470494270325,0.13859817385673523,-0.04644268751144409,0.7353598475456238,0.10347092151641846,-0.060765817761421204,0.7225252985954285,0.08490325510501862,-0.07140570878982544,0.7989245057106018,0.2293357253074646,-0.03317229077219963,0.7893692255020142,0.16308322548866272,-0.04811872914433479,0.7787340879440308,0.1287975311279297,-0.055609773844480515,0.7648910284042358,0.10649079084396362,-0.06079321727156639,la
