landmark_0_x,landmark_0_y,landmark_0_z,landmark_1_x,landmark_1_y,landmark_1_z,landmark_2_x,landmark_2_y,landmark_2_z,landmark_3_x,landmark_3_y,landmark_3_z,landmark_4_x,landmark_4_y,landmark_4_z,landmark_5_x,landmark_5_y,landmark_5_z,landmark_6_x,landmark_6_y,landmark_6_z,landmark_7_x,landmark_7_y,landmark_7_z,landmark_8_x,landmark_8_y,landmark_8_z,landmark_9_x,landmark_9_y,landmark_9_z,landmark_10_x,landmark_10_y,landmark_10_z,landmark_11_x,landmark_11_y,landmark_11_z,landmark_12_x,landmark_12_y,landmark_12_z,landmark_13_x,landmark_13_y,landmark_13_z,landmark_14_x,landmark_14_y,landmark_14_z,landmark_15_x,landmark_15_y,landmark_15_z,landmark_16_x,landmark_16_y,landmark_16_z,landmark_17_x,landmark_17_y,landmark_17_z,landmark_18_x,landmark_18_y,landmark_18_z,landmark_19_x,landmark_19_y,landmark_19_z,landmark_20_x,landmark_20_y,landmark_20_z,class
0.809008002281189,0.5697178840637207,1.8054920758459048e-07,0.7823311686515808,0.5660537481307983,-0.02395566739141941,0.759395956993103,0.5565527081489563,-0.04161536321043968,0.7485653162002563,0.5503706932067871,-0.05657856911420822,0.7505533695220947,0.5426574349403381,-0.07141377031803131,0.7666684985160828,0.48808756470680237,-0.0267099067568779,0.7642968893051147,0.4612619876861572,-0.04238671809434891,0.7654458284378052,0.44664379954338074,-0.055990032851696014,0.7668417096138,0.4349362254142761,-0.06587988138198853,0.7871549129486084,0.47908347845077515,-0.023930110037326813,0.7857668399810791,0.4503314793109894,-0.03772140294313431,0.7867705821990967,0.4358290433883667,-0.048681873828172684,0.7878172993659973,0.4258769154548645,-0.05696308985352516,0.8060259222984314,0.47857770323753357,-0.023777861148118973,0.8045840263366699,0.45101484656333923,-0.03573977202177048,0.8037481307983398,0.437262624502182,-0.041830744594335556,0.8033113479614258,0.4266805052757263,-0.04612560570240021,0.82389235496521,0.4834597706794739,-0.025867484509944916,0.8224125504493713,0.458606481552124,-0.035096798092126846,0.8215994834899902,0.44680142402648926,-0.03841223195195198,0.8204876780509949,0.4369359612464905,-0.040732141584157944,la
