landmark_0_x,landmark_0_y,landmark_0_z,landmark_1_x,landmark_1_y,landmark_1_z,landmark_2_x,landmark_2_y,landmark_2_z,landmark_3_x,landmark_3_y,landmark_3_z,landmark_4_x,landmark_4_y,landmark_4_z,landmark_5_x,landmark_5_y,landmark_5_z,landmark_6_x,landmark_6_y,landmark_6_z,landmark_7_x,landmark_7_y,landmark_7_z,landmark_8_x,landmark_8_y,landmark_8_z,landmark_9_x,landmark_9_y,landmark_9_z,landmark_10_x,landmark_10_y,landmark_10_z,landmark_11_x,landmark_11_y,landmark_11_z,landmark_12_x,landmark_12_y,landmark_12_z,landmark_13_x,landmark_13_y,landmark_13_z,landmark_14_x,landmark_14_y,landmark_14_z,landmark_15_x,landmark_15_y,landmark_15_z,landmark_16_x,landmark_16_y,landmark_16_z,landmark_17_x,landmark_17_y,landmark_17_z,landmark_18_x,landmark_18_y,landmark_18_z,landmark_19_x,landmark_19_y,landmark_19_z,landmark_20_x,landmark_20_y,landmark_20_z,class
0.790664792060852,0.46370729804039,6.179383404969485e-08,0.76175457239151,0.45189112424850464,-0.018658477813005447,0.7367726564407349,0.4348071217536926,-0.03146939352154732,0.7203153371810913,0.4211719334125519,-0.04292624816298485,0.7171472907066345,0.40102267265319824,-0.05377354845404625,0.7512049674987793,0.36654016375541687,-0.015727577731013298,0.7455722689628601,0.3319588899612427,-0.02939833514392376,0.7417925000190735,0.3147616386413574,-0.04221455007791519,0.7384961843490601,0.30258792638778687,-0.051271598786115646,0.7692959308624268,0.35976436734199524,-0.014263772405683994,0.7616174817085266,0.32417985796928406,-0.027271246537566185,0.7549461722373962,0.3073049783706665,-0.038701388984918594,0.7467253804206848,0.297781765460968,-0.04663671925663948,0.7877507209777832,0.35860106348991394,-0.015219115652143955,0.7792929410934448,0.32133814692497253,-0.026674360036849976,0.771083414554596,0.30236735939979553,-0.03272699937224388,0.7618727087974548,0.2921416461467743,-0.036118458956480026,0.806005597114563,0.3628980815410614,-0.017978591844439507,0.7988100051879883,0.3289284408092499,-0.027314646169543266,0.7906474471092224,0.31116610765457153,-0.030520621687173843,0.7801558375358582,0.30070894956588745,-0.03195410966873169,la
