landmark_0_x,landmark_0_y,landmark_0_z,landmark_1_x,landmark_1_y,landmark_1_z,landmark_2_x,landmark_2_y,landmark_2_z,landmark_3_x,landmark_3_y,landmark_3_z,landmark_4_x,landmark_4_y,landmark_4_z,landmark_5_x,landmark_5_y,landmark_5_z,landmark_6_x,landmark_6_y,landmark_6_z,landmark_7_x,landmark_7_y,landmark_7_z,landmark_8_x,landmark_8_y,landmark_8_z,landmark_9_x,landmark_9_y,landmark_9_z,landmark_10_x,landmark_10_y,landmark_10_z,landmark_11_x,landmark_11_y,landmark_11_z,landmark_12_x,landmark_12_y,landmark_12_z,landmark_13_x,landmark_13_y,landmark_13_z,landmark_14_x,landmark_14_y,landmark_14_z,landmark_15_x,landmark_15_y,landmark_15_z,landmark_16_x,landmark_16_y,landmark_16_z,landmark_17_x,landmark_17_y,landmark_17_z,landmark_18_x,landmark_18_y,landmark_18_z,landmark_19_x,landmark_19_y,landmark_19_z,landmark_20_x,landmark_20_y,landmark_20_z,class
0.8348870277404785,0.439510703086853,4.186312594356423e-07,0.7792176008224487,0.4254642426967621,-0.04794696718454361,0.7436391115188599,0.3866845369338989,-0.07917694002389908,0.745012104511261,0.3630771040916443,-0.10559526085853577,0.7642341256141663,0.3454936146736145,-0.13124895095825195,0.7704972624778748,0.25242185592651367,-0.0492742545902729,0.7808205485343933,0.19011914730072021,-0.08379694819450378,0.7957643866539001,0.1518850475549698,-0.11375352740287781,0.8092365860939026,0.12809592485427856,-0.13351991772651672,0.8128186464309692,0.24043361842632294,-0.04322231188416481,0.81952303647995,0.16488763689994812,-0.07440285384654999,0.8300031423568726,0.13991759717464447,-0.09786636382341385,0.8350383043289185,0.13289418816566467,-0.11243729293346405,0.8504096865653992,0.24390210211277008,-0.04255311191082001,0.8588879704475403,0.16919821500778198,-0.06824105978012085,0.8665071129798889,0.1512208878993988,-0.07999952882528305,0.8667048215866089,0.149611234664917,-0.08535413444042206,0.8849625587463379,0.2607589066028595,-0.04662561044096947,0.8948061466217041,0.19309702515602112,-0.06509185582399368,0.8987277150154114,0.17013362050056458,-0.0702047273516655,0.8957440257072449,0.1601545512676239,-0.07201261073350906,la
