landmark_0_x,landmark_0_y,landmark_0_z,landmark_1_x,landmark_1_y,landmark_1_z,landmark_2_x,landmark_2_y,landmark_2_z,landmark_3_x,landmark_3_y,landmark_3_z,landmark_4_x,landmark_4_y,landmark_4_z,landmark_5_x,landmark_5_y,landmark_5_z,landmark_6_x,landmark_6_y,landmark_6_z,landmark_7_x,landmark_7_y,landmark_7_z,landmark_8_x,landmark_8_y,landmark_8_z,landmark_9_x,landmark_9_y,landmark_9_z,landmark_10_x,landmark_10_y,landmark_10_z,landmark_11_x,landmark_11_y,landmark_11_z,landmark_12_x,landmark_12_y,landmark_12_z,landmark_13_x,landmark_13_y,landmark_13_z,landmark_14_x,landmark_14_y,landmark_14_z,landmark_15_x,landmark_15_y,landmark_15_z,landmark_16_x,landmark_16_y,landmark_16_z,landmark_17_x,landmark_17_y,landmark_17_z,landmark_18_x,landmark_18_y,landmark_18_z,landmark_19_x,landmark_19_y,landmark_19_z,landmark_20_x,landmark_20_y,landmark_20_z,class
0.768063485622406,0.36976662278175354,3.2035069352787104e-07,0.7087254524230957,0.3555763363838196,-0.03577238693833351,0.6568549871444702,0.33951473236083984,-0.05776333808898926,0.6147246956825256,0.3230271339416504,-0.07666685432195663,0.6058928966522217,0.28642576932907104,-0.0946103036403656,0.6602630615234375,0.19458547234535217,-0.016612833365797997,0.6451275944709778,0.1301090121269226,-0.0340912789106369,0.6416381001472473,0.09804493188858032,-0.05780429020524025,0.6383712887763977,0.06628918647766113,-0.07802554965019226,0.6973842978477478,0.17505478858947754,-0.012310061603784561,0.6800435781478882,0.1043284609913826,-0.02754233032464981,0.6776471138000488,0.07624812424182892,-0.05367155000567436,0.6690292358398438,0.051250308752059937,-0.0757179707288742,0.7347209453582764,0.16869935393333435,-0.012590945698320866,0.7209924459457397,0.10004137456417084,-0.027654467150568962,0.7125968933105469,0.0706934928894043,-0.0478987842798233,0.7043563723564148,0.05998709797859192,-0.06330551952123642,0.775676429271698,0.1751331239938736,-0.016223017126321793,0.7611495852470398,0.11447605490684509,-0.02964247763156891,0.7503275871276855,0.0803586095571518,-0.041824351996183395,0.7387754321098328,0.05726440250873566,-0.05169723927974701,la
