landmark_0_x,landmark_0_y,landmark_0_z,landmark_1_x,landmark_1_y,landmark_1_z,landmark_2_x,landmark_2_y,landmark_2_z,landmark_3_x,landmark_3_y,landmark_3_z,landmark_4_x,landmark_4_y,landmark_4_z,landmark_5_x,landmark_5_y,landmark_5_z,landmark_6_x,landmark_6_y,landmark_6_z,landmark_7_x,landmark_7_y,landmark_7_z,landmark_8_x,landmark_8_y,landmark_8_z,landmark_9_x,landmark_9_y,landmark_9_z,landmark_10_x,landmark_10_y,landmark_10_z,landmark_11_x,landmark_11_y,landmark_11_z,landmark_12_x,landmark_12_y,landmark_12_z,landmark_13_x,landmark_13_y,landmark_13_z,landmark_14_x,landmark_14_y,landmark_14_z,landmark_15_x,landmark_15_y,landmark_15_z,landmark_16_x,landmark_16_y,landmark_16_z,landmark_17_x,landmark_17_y,landmark_17_z,landmark_18_x,landmark_18_y,landmark_18_z,landmark_19_x,landmark_19_y,landmark_19_z,landmark_20_x,landmark_20_y,landmark_20_z,class
0.6612047553062439,0.35490620136260986,1.640009941183962e-07,0.6264312863349915,0.352449506521225,-0.012132404372096062,0.5942753553390503,0.3406888544559479,-0.01923704706132412,0.570720911026001,0.33097410202026367,-0.02588038332760334,0.5629721879959106,0.3186051547527313,-0.03195831552147865,0.5980101823806763,0.26866835355758667,-0.0032025794498622417,0.5871725082397461,0.2346300333738327,-0.011342761106789112,0.5819228291511536,0.21380960941314697,-0.020275069400668144,0.5771211981773376,0.19598129391670227,-0.027127886191010475,0.6158204674720764,0.25512605905532837,-0.0038895218167454004,0.6055648922920227,0.2198166847229004,-0.009549948386847973,0.6001387238502502,0.20142027735710144,-0.015849808230996132,0.5941917300224304,0.186024472117424,-0.020620089024305344,0.635246753692627,0.2486657202243805,-0.006874940358102322,0.6245266795158386,0.21546629071235657,-0.012635455466806889,0.6177722811698914,0.19754338264465332,-0.014547966420650482,0.6107853055000305,0.1827569305896759,-0.015756461769342422,0.6569972038269043,0.2489813268184662,-0.011486119590699673,0.6467021703720093,0.21892382204532623,-0.015854187309741974,0.6396681070327759,0.2034991979598999,-0.01519570779055357,0.6319905519485474,0.19055387377738953,-0.01426934264600277,la
