landmark_0_x,landmark_0_y,landmark_0_z,landmark_1_x,landmark_1_y,landmark_1_z,landmark_2_x,landmark_2_y,landmark_2_z,landmark_3_x,landmark_3_y,landmark_3_z,landmark_4_x,landmark_4_y,landmark_4_z,landmark_5_x,landmark_5_y,landmark_5_z,landmark_6_x,landmark_6_y,landmark_6_z,landmark_7_x,landmark_7_y,landmark_7_z,landmark_8_x,landmark_8_y,landmark_8_z,landmark_9_x,landmark_9_y,landmark_9_z,landmark_10_x,landmark_10_y,landmark_10_z,landmark_11_x,landmark_11_y,landmark_11_z,landmark_12_x,landmark_12_y,landmark_12_z,landmark_13_x,landmark_13_y,landmark_13_z,landmark_14_x,landmark_14_y,landmark_14_z,landmark_15_x,landmark_15_y,landmark_15_z,landmark_16_x,landmark_16_y,landmark_16_z,landmark_17_x,landmark_17_y,landmark_17_z,landmark_18_x,landmark_18_y,landmark_18_z,landmark_19_x,landmark_19_y,landmark_19_z,landmark_20_x,landmark_20_y,landmark_20_z,class
0.7859265804290771,0.8614729642868042,1.0545437589826179e-07,0.7452672719955444,0.8696306943893433,-0.023592110723257065,0.7030388712882996,0.86060631275177,-0.04065955430269241,0.6774361729621887,0.8536847829818726,-0.05720747634768486,0.6625490188598633,0.8574960231781006,-0.07252085953950882,0.6987512111663818,0.7411749362945557,-0.01558413915336132,0.6984843015670776,0.6871426105499268,-0.0406508706510067,0.7127671837806702,0.6847812533378601,-0.06246320530772209,0.7284262776374817,0.7018545866012573,-0.07447086274623871,0.7312130331993103,0.7245354652404785,-0.017645930871367455,0.729564905166626,0.6564925909042358,-0.044061388820409775,0.7404131293296814,0.6654740571975708,-0.06311367452144623,0.7508434057235718,0.6933332681655884,-0.071022629737854,0.7628500461578369,0.7234475612640381,-0.023625625297427177,0.7632471323013306,0.668272852897644,-0.04688073694705963,0.7687559723854065,0.6794302463531494,-0.05859276279807091,0.7725453972816467,0.7060908675193787,-0.06115181744098663,0.7944082617759705,0.7348223924636841,-0.031587857753038406,0.7917295694351196,0.6927012801170349,-0.047574374824762344,0.7912519574165344,0.6976410746574402,-0.05189603939652443,0.7888192534446716,0.715406596660614,-0.05152617394924164,la
