landmark_0_x,landmark_0_y,landmark_0_z,landmark_1_x,landmark_1_y,landmark_1_z,landmark_2_x,landmark_2_y,landmark_2_z,landmark_3_x,landmark_3_y,landmark_3_z,landmark_4_x,landmark_4_y,landmark_4_z,landmark_5_x,landmark_5_y,landmark_5_z,landmark_6_x,landmark_6_y,landmark_6_z,landmark_7_x,landmark_7_y,landmark_7_z,landmark_8_x,landmark_8_y,landmark_8_z,landmark_9_x,landmark_9_y,landmark_9_z,landmark_10_x,landmark_10_y,landmark_10_z,landmark_11_x,landmark_11_y,landmark_11_z,landmark_12_x,landmark_12_y,landmark_12_z,landmark_13_x,landmark_13_y,landmark_13_z,landmark_14_x,landmark_14_y,landmark_14_z,landmark_15_x,landmark_15_y,landmark_15_z,landmark_16_x,landmark_16_y,landmark_16_z,landmark_17_x,landmark_17_y,landmark_17_z,landmark_18_x,landmark_18_y,landmark_18_z,landmark_19_x,landmark_19_y,landmark_19_z,landmark_20_x,landmark_20_y,landmark_20_z,class
0.9036701917648315,0.7882236242294312,1.7836789822922583e-07,0.8722460269927979,0.7829456925392151,-0.030417965725064278,0.8408817648887634,0.772648811340332,-0.053879983723163605,0.8167614936828613,0.768919825553894,-0.07503215968608856,0.8027498722076416,0.7644518613815308,-0.0951010137796402,0.8417506814002991,0.6629303097724915,-0.031446605920791626,0.8437106013298035,0.6171515583992004,-0.05987938120961189,0.8484507203102112,0.6137435436248779,-0.08199402689933777,0.855883002281189,0.6287722587585449,-0.09408450126647949,0.8749145269393921,0.6477075815200806,-0.030740929767489433,0.8766992688179016,0.5833035707473755,-0.060951292514801025,0.8812854290008545,0.5986458659172058,-0.07824762165546417,0.8853050470352173,0.6322370171546936,-0.08361216634511948,0.906583845615387,0.6496860384941101,-0.03353044390678406,0.9086213707923889,0.5980825424194336,-0.0579683855175972,0.9106682538986206,0.6150489449501038,-0.0641162320971489,0.9109896421432495,0.6433050632476807,-0.06260336935520172,0.9350849986076355,0.6659063100814819,-0.038725171238183975,0.936061441898346,0.6354483962059021,-0.054124392569065094,0.9335218667984009,0.6446319818496704,-0.054699040949344635,0.9302496314048767,0.6606156826019287,-0.05120696872472763,la
