landmark_0_x,landmark_0_y,landmark_0_z,landmark_1_x,landmark_1_y,landmark_1_z,landmark_2_x,landmark_2_y,landmark_2_z,landmark_3_x,landmark_3_y,landmark_3_z,landmark_4_x,landmark_4_y,landmark_4_z,landmark_5_x,landmark_5_y,landmark_5_z,landmark_6_x,landmark_6_y,landmark_6_z,landmark_7_x,landmark_7_y,landmark_7_z,landmark_8_x,landmark_8_y,landmark_8_z,landmark_9_x,landmark_9_y,landmark_9_z,landmark_10_x,landmark_10_y,landmark_10_z,landmark_11_x,landmark_11_y,landmark_11_z,landmark_12_x,landmark_12_y,landmark_12_z,landmark_13_x,landmark_13_y,landmark_13_z,landmark_14_x,landmark_14_y,landmark_14_z,landmark_15_x,landmark_15_y,landmark_15_z,landmark_16_x,landmark_16_y,landmark_16_z,landmark_17_x,landmark_17_y,landmark_17_z,landmark_18_x,landmark_18_y,landmark_18_z,landmark_19_x,landmark_19_y,landmark_19_z,landmark_20_x,landmark_20_y,landmark_20_z,class
0.8980292081832886,0.6295455098152161,5.330084604793228e-07,0.8361936807632446,0.6317811012268066,-0.050358470529317856,0.7787286639213562,0.6171926259994507,-0.08802797645330429,0.7344914674758911,0.6013504862785339,-0.12093141674995422,0.7106894850730896,0.5816913843154907,-0.1539277732372284,0.7898002862930298,0.4635457992553711,-0.06618306040763855,0.7774428725242615,0.3866511583328247,-0.11155245453119278,0.786041259765625,0.34493982791900635,-0.14896366000175476,0.8052202463150024,0.32045164704322815,-0.17224667966365814,0.8417031764984131,0.43391555547714233,-0.062012702226638794,0.8266038298606873,0.33960431814193726,-0.10553883016109467,0.8295383453369141,0.30564790964126587,-0.1386670172214508,0.8400903940200806,0.301425576210022,-0.1586316078901291,0.8915013074874878,0.4253041744232178,-0.06227121874690056,0.8782675266265869,0.3376989960670471,-0.09737923741340637,0.8771858215332031,0.31050634384155273,-0.11854097247123718,0.8801388144493103,0.3162321448326111,-0.12918433547019958,0.9401164054870605,0.43522173166275024,-0.0665559470653534,0.9350168108940125,0.35471755266189575,-0.09283292293548584,0.9257725477218628,0.32626765966415405,-0.10491345077753067,0.9159873723983765,0.3244483768939972,-0.11078659445047379,la
