landmark_0_x,landmark_0_y,landmark_0_z,landmark_1_x,landmark_1_y,landmark_1_z,landmark_2_x,landmark_2_y,landmark_2_z,landmark_3_x,landmark_3_y,landmark_3_z,landmark_4_x,landmark_4_y,landmark_4_z,landmark_5_x,landmark_5_y,landmark_5_z,landmark_6_x,landmark_6_y,landmark_6_z,landmark_7_x,landmark_7_y,landmark_7_z,landmark_8_x,landmark_8_y,landmark_8_z,landmark_9_x,landmark_9_y,landmark_9_z,landmark_10_x,landmark_10_y,landmark_10_z,landmark_11_x,landmark_11_y,landmark_11_z,landmark_12_x,landmark_12_y,landmark_12_z,landmark_13_x,landmark_13_y,landmark_13_z,landmark_14_x,landmark_14_y,landmark_14_z,landmark_15_x,landmark_15_y,landmark_15_z,landmark_16_x,landmark_16_y,landmark_16_z,landmark_17_x,landmark_17_y,landmark_17_z,landmark_18_x,landmark_18_y,landmark_18_z,landmark_19_x,landmark_19_y,landmark_19_z,landmark_20_x,landmark_20_y,landmark_20_z,class
0.8289960026741028,0.6522524356842041,1.9000850670636282e-07,0.8044567108154297,0.6483337879180908,-0.019700592383742332,0.7836093306541443,0.6414796113967896,-0.03485757112503052,0.7712517976760864,0.6368139982223511,-0.04804933816194534,0.7659200429916382,0.6267063617706299,-0.06087495759129524,0.791759729385376,0.567227840423584,-0.02084042876958847,0.792506992816925,0.5400412082672119,-0.03529694303870201,0.797329843044281,0.5244942307472229,-0.04890759289264679,0.8020942211151123,0.5155606269836426,-0.058191630989313126,0.8126226663589478,0.5597516894340515,-0.01918651908636093,0.8126237392425537,0.52818363904953,-0.031789831817150116,0.8152466416358948,0.5145131349563599,-0.04268492013216019,0.8173885345458984,0.509983241558075,-0.05013062432408333,0.8315800428390503,0.5617461204528809,-0.019757363945245743,0.8317908644676208,0.532489538192749,-0.03015308454632759,0.8326298594474792,0.5192150473594666,-0.0361747220158577,0.8323802351951599,0.5142729878425598,-0.03989190235733986,0.849931001663208,0.5715566277503967,-0.022172968834638596,0.851405918598175,0.5452711582183838,-0.030700672417879105,0.8500650525093079,0.531533420085907,-0.03392400965094566,0.8467236757278442,0.5234231352806091,-0.035511285066604614,la
