landmark_0_x,landmark_0_y,landmark_0_z,landmark_1_x,landmark_1_y,landmark_1_z,landmark_2_x,landmark_2_y,landmark_2_z,landmark_3_x,landmark_3_y,landmark_3_z,landmark_4_x,landmark_4_y,landmark_4_z,landmark_5_x,landmark_5_y,landmark_5_z,landmark_6_x,landmark_6_y,landmark_6_z,landmark_7_x,landmark_7_y,landmark_7_z,landmark_8_x,landmark_8_y,landmark_8_z,landmark_9_x,landmark_9_y,landmark_9_z,landmark_10_x,landmark_10_y,landmark_10_z,landmark_11_x,landmark_11_y,landmark_11_z,landmark_12_x,landmark_12_y,landmark_12_z,landmark_13_x,landmark_13_y,landmark_13_z,landmark_14_x,landmark_14_y,landmark_14_z,landmark_15_x,landmark_15_y,landmark_15_z,landmark_16_x,landmark_16_y,landmark_16_z,landmark_17_x,landmark_17_y,landmark_17_z,landmark_18_x,landmark_18_y,landmark_18_z,landmark_19_x,landmark_19_y,landmark_19_z,landmark_20_x,landmark_20_y,landmark_20_z,class
0.8436726927757263,0.8035557270050049,2.2370961971773795e-07,0.8092835545539856,0.8106139898300171,-0.03451235219836235,0.7758222818374634,0.8099415302276611,-0.062615305185318,0.7590636610984802,0.8122200965881348,-0.08814405649900436,0.7527193427085876,0.8204233646392822,-0.11303813010454178,0.7703565955162048,0.6813316941261292,-0.04296891391277313,0.780236005783081,0.6354657411575317,-0.0754043459892273,0.7980244159698486,0.636951208114624,-0.10022436082363129,0.8158802390098572,0.6512396335601807,-0.11431416124105453,0.8104416131973267,0.663543701171875,-0.04229436069726944,0.813102126121521,0.592044472694397,-0.0765661671757698,0.8315639495849609,0.6063861846923828,-0.09750926494598389,0.8483624458312988,0.6380035281181335,-0.10564553737640381,0.8460150361061096,0.6635711193084717,-0.0447397418320179,0.85267573595047,0.6126624941825867,-0.07226657122373581,0.8680314421653748,0.6280220746994019,-0.08265545964241028,0.8761119842529297,0.6575608849525452,-0.08356109261512756,0.8776437640190125,0.6769891381263733,-0.04989160597324371,0.886435329914093,0.6371912360191345,-0.06678926944732666,0.8928186297416687,0.643368661403656,-0.06941463053226471,0.8934036493301392,0.6626323461532593,-0.0675123855471611,la
