landmark_0_x,landmark_0_y,landmark_0_z,landmark_1_x,landmark_1_y,landmark_1_z,landmark_2_x,landmark_2_y,landmark_2_z,landmark_3_x,landmark_3_y,landmark_3_z,landmark_4_x,landmark_4_y,landmark_4_z,landmark_5_x,landmark_5_y,landmark_5_z,landmark_6_x,landmark_6_y,landmark_6_z,landmark_7_x,landmark_7_y,landmark_7_z,landmark_8_x,landmark_8_y,landmark_8_z,landmark_9_x,landmark_9_y,landmark_9_z,landmark_10_x,landmark_10_y,landmark_10_z,landmark_11_x,landmark_11_y,landmark_11_z,landmark_12_x,landmark_12_y,landmark_12_z,landmark_13_x,landmark_13_y,landmark_13_z,landmark_14_x,landmark_14_y,landmark_14_z,landmark_15_x,landmark_15_y,landmark_15_z,landmark_16_x,landmark_16_y,landmark_16_z,landmark_17_x,landmark_17_y,landmark_17_z,landmark_18_x,landmark_18_y,landmark_18_z,landmark_19_x,landmark_19_y,landmark_19_z,landmark_20_x,landmark_20_y,landmark_20_z,class
0.8295468091964722,0.6605989933013916,2.0038650916376355e-07,0.805433988571167,0.6606823801994324,-0.021868720650672913,0.7832534313201904,0.6523869633674622,-0.03739618882536888,0.768994152545929,0.6455877423286438,-0.0507252961397171,0.7671026587486267,0.6377902626991272,-0.06345760077238083,0.7926525473594666,0.5778704881668091,-0.020670898258686066,0.7941430807113647,0.5461950898170471,-0.03577246144413948,0.7976862788200378,0.5324750542640686,-0.04934176057577133,0.801875114440918,0.5327410101890564,-0.05762094631791115,0.81336510181427,0.5691995620727539,-0.01751117594540119,0.814615786075592,0.5320319533348083,-0.03146211802959442,0.8182361125946045,0.5257388949394226,-0.042622484266757965,0.8208972811698914,0.5361663699150085,-0.04869869723916054,0.8325510025024414,0.5689823031425476,-0.016723349690437317,0.8323236703872681,0.5353291034698486,-0.02750665321946144,0.8345898389816284,0.530983567237854,-0.03304711729288101,0.8357659578323364,0.5406920313835144,-0.035288505256175995,0.8503242135047913,0.5762795805931091,-0.01789121702313423,0.8501929640769958,0.5483844876289368,-0.02555082179605961,0.8503081798553467,0.5432526469230652,-0.027560114860534668,0.8488628268241882,0.5483178496360779,-0.027640921995043755,la
