landmark_0_x,landmark_0_y,landmark_0_z,landmark_1_x,landmark_1_y,landmark_1_z,landmark_2_x,landmark_2_y,landmark_2_z,landmark_3_x,landmark_3_y,landmark_3_z,landmark_4_x,landmark_4_y,landmark_4_z,landmark_5_x,landmark_5_y,landmark_5_z,landmark_6_x,landmark_6_y,landmark_6_z,landmark_7_x,landmark_7_y,landmark_7_z,landmark_8_x,landmark_8_y,landmark_8_z,landmark_9_x,landmark_9_y,landmark_9_z,landmark_10_x,landmark_10_y,landmark_10_z,landmark_11_x,landmark_11_y,landmark_11_z,landmark_12_x,landmark_12_y,landmark_12_z,landmark_13_x,landmark_13_y,landmark_13_z,landmark_14_x,landmark_14_y,landmark_14_z,landmark_15_x,landmark_15_y,landmark_15_z,landmark_16_x,landmark_16_y,landmark_16_z,landmark_17_x,landmark_17_y,landmark_17_z,landmark_18_x,landmark_18_y,landmark_18_z,landmark_19_x,landmark_19_y,landmark_19_z,landmark_20_x,landmark_20_y,landmark_20_z,class
0.6558680534362793,0.42126181721687317,1.0923265847395669e-07,0.6158793568611145,0.4195057451725006,-0.011678509414196014,0.580430269241333,0.40961796045303345,-0.02230880968272686,0.556567370891571,0.40362614393234253,-0.03310825303196907,0.5389769077301025,0.39609086513519287,-0.04360802471637726,0.5838940739631653,0.3317354917526245,-0.012926671653985977,0.5732681155204773,0.28219157457351685,-0.030581507831811905,0.5642006993293762,0.26677581667900085,-0.04538584500551224,0.5576722621917725,0.2678566575050354,-0.053634244948625565,0.6049565076828003,0.3201051950454712,-0.016323868185281754,0.5919797420501709,0.27063891291618347,-0.03213973715901375,0.5812074542045593,0.25461018085479736,-0.04466642811894417,0.5727242231369019,0.2584037780761719,-0.05205519497394562,0.6274475455284119,0.31530898809432983,-0.021925101056694984,0.6153721809387207,0.2682473659515381,-0.035231947898864746,0.6050393581390381,0.2525586187839508,-0.04327467828989029,0.5965971946716309,0.2555239796638489,-0.04719317704439163,0.6516494750976562,0.3168468177318573,-0.0286333616822958,0.6401805281639099,0.2773923873901367,-0.04006369411945343,0.6292703747749329,0.2606847584247589,-0.04493965581059456,0.6186432242393494,0.2576916217803955,-0.046744611114263535,la
