landmark_0_x,landmark_0_y,landmark_0_z,landmark_1_x,landmark_1_y,landmark_1_z,landmark_2_x,landmark_2_y,landmark_2_z,landmark_3_x,landmark_3_y,landmark_3_z,landmark_4_x,landmark_4_y,landmark_4_z,landmark_5_x,landmark_5_y,landmark_5_z,landmark_6_x,landmark_6_y,landmark_6_z,landmark_7_x,landmark_7_y,landmark_7_z,landmark_8_x,landmark_8_y,landmark_8_z,landmark_9_x,landmark_9_y,landmark_9_z,landmark_10_x,landmark_10_y,landmark_10_z,landmark_11_x,landmark_11_y,landmark_11_z,landmark_12_x,landmark_12_y,landmark_12_z,landmark_13_x,landmark_13_y,landmark_13_z,landmark_14_x,landmark_14_y,landmark_14_z,landmark_15_x,landmark_15_y,landmark_15_z,landmark_16_x,landmark_16_y,landmark_16_z,landmark_17_x,landmark_17_y,landmark_17_z,landmark_18_x,landmark_18_y,landmark_18_z,landmark_19_x,landmark_19_y,landmark_19_z,landmark_20_x,landmark_20_y,landmark_20_z,class
0.8027355670928955,0.4870474934577942,2.0405539657986083e-07,0.7723487615585327,0.47620388865470886,-0.017712779343128204,0.7483004927635193,0.4607497751712799,-0.028481634333729744,0.733568549156189,0.44540935754776,-0.03759581595659256,0.7326571345329285,0.4267183840274811,-0.04616361856460571,0.7593962550163269,0.3955286145210266,-0.012797622010111809,0.7571625113487244,0.3604133129119873,-0.024658765643835068,0.7582108974456787,0.33972984552383423,-0.03656075522303581,0.7601715326309204,0.3225533664226532,-0.045249659568071365,0.7796815037727356,0.3871958255767822,-0.010708671063184738,0.7763292193412781,0.3519412875175476,-0.020350947976112366,0.7759559154510498,0.332149475812912,-0.03024943545460701,0.7749894261360168,0.31543049216270447,-0.03800548240542412,0.7984041571617126,0.38642850518226624,-0.011082778684794903,0.7949314713478088,0.3529767096042633,-0.01987347938120365,0.7932980060577393,0.3341684937477112,-0.02569490298628807,0.7921038269996643,0.3205483853816986,-0.029747795313596725,0.8166789412498474,0.39220330119132996,-0.013264142908155918,0.8140401244163513,0.3627123236656189,-0.020442409440875053,0.8116225600242615,0.3452428877353668,-0.023469822481274605,0.8087765574455261,0.3303409218788147,-0.025419317185878754,la
