landmark_0_x,landmark_0_y,landmark_0_z,landmark_1_x,landmark_1_y,landmark_1_z,landmark_2_x,landmark_2_y,landmark_2_z,landmark_3_x,landmark_3_y,landmark_3_z,landmark_4_x,landmark_4_y,landmark_4_z,landmark_5_x,landmark_5_y,landmark_5_z,landmark_6_x,landmark_6_y,landmark_6_z,landmark_7_x,landmark_7_y,landmark_7_z,landmark_8_x,landmark_8_y,landmark_8_z,landmark_9_x,landmark_9_y,landmark_9_z,landmark_10_x,landmark_10_y,landmark_10_z,landmark_11_x,landmark_11_y,landmark_11_z,landmark_12_x,landmark_12_y,landmark_12_z,landmark_13_x,landmark_13_y,landmark_13_z,landmark_14_x,landmark_14_y,landmark_14_z,landmark_15_x,landmark_15_y,landmark_15_z,landmark_16_x,landmark_16_y,landmark_16_z,landmark_17_x,landmark_17_y,landmark_17_z,landmark_18_x,landmark_18_y,landmark_18_z,landmark_19_x,landmark_19_y,landmark_19_z,landmark_20_x,landmark_20_y,landmark_20_z,class
0.8353826403617859,0.831183671951294,1.280003942838448e-07,0.8058222532272339,0.8195316195487976,-0.014493324793875217,0.7805318832397461,0.8035062551498413,-0.02586703561246395,0.7618274688720703,0.7964571714401245,-0.036888252943754196,0.7498857975006104,0.7881772518157959,-0.0475555844604969,0.7943898439407349,0.7243086695671082,-0.008744409307837486,0.7889084815979004,0.6897718906402588,-0.02331870049238205,0.7845714092254639,0.6741650104522705,-0.037983447313308716,0.7793571949005127,0.6655222773551941,-0.047859061509370804,0.8134174346923828,0.7186744213104248,-0.010347113013267517,0.8077226281166077,0.6801646947860718,-0.023834887892007828,0.801909327507019,0.6652790307998657,-0.03725849837064743,0.7940593957901001,0.6603068709373474,-0.04613427817821503,0.8326972723007202,0.7217821478843689,-0.01455437857657671,0.8292322158813477,0.6849950551986694,-0.026591937988996506,0.8223084807395935,0.6726105809211731,-0.03582993149757385,0.8127682209014893,0.6712375283241272,-0.04093500226736069,0.853203296661377,0.733412504196167,-0.020284783095121384,0.8495185375213623,0.7000918984413147,-0.030270954594016075,0.8413468599319458,0.6848998665809631,-0.035824425518512726,0.8301995992660522,0.67757648229599,-0.03874882310628891,la
