landmark_0_x,landmark_0_y,landmark_0_z,landmark_1_x,landmark_1_y,landmark_1_z,landmark_2_x,landmark_2_y,landmark_2_z,landmark_3_x,landmark_3_y,landmark_3_z,landmark_4_x,landmark_4_y,landmark_4_z,landmark_5_x,landmark_5_y,landmark_5_z,landmark_6_x,landmark_6_y,landmark_6_z,landmark_7_x,landmark_7_y,landmark_7_z,landmark_8_x,landmark_8_y,landmark_8_z,landmark_9_x,landmark_9_y,landmark_9_z,landmark_10_x,landmark_10_y,landmark_10_z,landmark_11_x,landmark_11_y,landmark_11_z,landmark_12_x,landmark_12_y,landmark_12_z,landmark_13_x,landmark_13_y,landmark_13_z,landmark_14_x,landmark_14_y,landmark_14_z,landmark_15_x,landmark_15_y,landmark_15_z,landmark_16_x,landmark_16_y,landmark_16_z,landmark_17_x,landmark_17_y,landmark_17_z,landmark_18_x,landmark_18_y,landmark_18_z,landmark_19_x,landmark_19_y,landmark_19_z,landmark_20_x,landmark_20_y,landmark_20_z,class
0.8344876766204834,0.6783035397529602,1.58109145331764e-07,0.8098611831665039,0.6760656237602234,-0.016801875084638596,0.7874754667282104,0.6669636964797974,-0.030595405027270317,0.7732874155044556,0.662218451499939,-0.04302527755498886,0.7679249048233032,0.6583296656608582,-0.054910749197006226,0.7929509282112122,0.5898312926292419,-0.016639458015561104,0.7938437461853027,0.5611099600791931,-0.030127793550491333,0.7995056509971619,0.5489827990531921,-0.04242093488574028,0.8059753179550171,0.5484265089035034,-0.050133805721998215,0.8139704465866089,0.5807163119316101,-0.01614527776837349,0.8132756948471069,0.5476596355438232,-0.026985114440321922,0.8183658719062805,0.5407816171646118,-0.03567364439368248,0.8230062127113342,0.5474411845207214,-0.04079604521393776,0.833961009979248,0.5816251635551453,-0.01773950643837452,0.8330503106117249,0.5530596375465393,-0.025890808552503586,0.8364438414573669,0.5474130511283875,-0.029427096247673035,0.8389381170272827,0.5514543652534485,-0.03123307414352894,0.8535243272781372,0.5911323428153992,-0.02106931246817112,0.8539062142372131,0.5676635503768921,-0.02671266719698906,0.8539785742759705,0.5626402497291565,-0.02697852998971939,0.8531860113143921,0.5641459226608276,-0.02625397965312004,la
