landmark_0_x,landmark_0_y,landmark_0_z,landmark_1_x,landmark_1_y,landmark_1_z,landmark_2_x,landmark_2_y,landmark_2_z,landmark_3_x,landmark_3_y,landmark_3_z,landmark_4_x,landmark_4_y,landmark_4_z,landmark_5_x,landmark_5_y,landmark_5_z,landmark_6_x,landmark_6_y,landmark_6_z,landmark_7_x,landmark_7_y,landmark_7_z,landmark_8_x,landmark_8_y,landmark_8_z,landmark_9_x,landmark_9_y,landmark_9_z,landmark_10_x,landmark_10_y,landmark_10_z,landmark_11_x,landmark_11_y,landmark_11_z,landmark_12_x,landmark_12_y,landmark_12_z,landmark_13_x,landmark_13_y,landmark_13_z,landmark_14_x,landmark_14_y,landmark_14_z,landmark_15_x,landmark_15_y,landmark_15_z,landmark_16_x,landmark_16_y,landmark_16_z,landmark_17_x,landmark_17_y,landmark_17_z,landmark_18_x,landmark_18_y,landmark_18_z,landmark_19_x,landmark_19_y,landmark_19_z,landmark_20_x,landmark_20_y,landmark_20_z,class
0.824406087398529,0.8007504940032959,1.9379812954412046e-07,0.800489604473114,0.801556408405304,-0.02166488766670227,0.7799062132835388,0.7930151224136353,-0.03883238136768341,0.7685440182685852,0.7892878651618958,-0.05482347309589386,0.7578482031822205,0.7939037084579468,-0.07056970149278641,0.7838316559791565,0.7054299712181091,-0.02239958383142948,0.7825146317481995,0.6658013463020325,-0.04088420793414116,0.7905284762382507,0.6546434164047241,-0.05704085901379585,0.7999104857444763,0.660956084728241,-0.06642492115497589,0.8042988181114197,0.696370542049408,-0.021924350410699844,0.798808217048645,0.6454687118530273,-0.0402301587164402,0.8086472749710083,0.6416263580322266,-0.05503463372588158,0.8177929520606995,0.6593033075332642,-0.06260484457015991,0.8242835998535156,0.6981419324874878,-0.023763947188854218,0.8212451338768005,0.6525599956512451,-0.037997275590896606,0.8273487687110901,0.6506145000457764,-0.04737595096230507,0.8305814862251282,0.6678112149238586,-0.051286131143569946,0.8445104956626892,0.7078319787979126,-0.027540769428014755,0.844491183757782,0.6705928444862366,-0.037361565977334976,0.8446231484413147,0.6626933217048645,-0.04153541103005409,0.8415118455886841,0.6703214049339294,-0.042907267808914185,la
