landmark_0_x,landmark_0_y,landmark_0_z,landmark_1_x,landmark_1_y,landmark_1_z,landmark_2_x,landmark_2_y,landmark_2_z,landmark_3_x,landmark_3_y,landmark_3_z,landmark_4_x,landmark_4_y,landmark_4_z,landmark_5_x,landmark_5_y,landmark_5_z,landmark_6_x,landmark_6_y,landmark_6_z,landmark_7_x,landmark_7_y,landmark_7_z,landmark_8_x,landmark_8_y,landmark_8_z,landmark_9_x,landmark_9_y,landmark_9_z,landmark_10_x,landmark_10_y,landmark_10_z,landmark_11_x,landmark_11_y,landmark_11_z,landmark_12_x,landmark_12_y,landmark_12_z,landmark_13_x,landmark_13_y,landmark_13_z,landmark_14_x,landmark_14_y,landmark_14_z,landmark_15_x,landmark_15_y,landmark_15_z,landmark_16_x,landmark_16_y,landmark_16_z,landmark_17_x,landmark_17_y,landmark_17_z,landmark_18_x,landmark_18_y,landmark_18_z,landmark_19_x,landmark_19_y,landmark_19_z,landmark_20_x,landmark_20_y,landmark_20_z,class
0.7540340423583984,0.6172196269035339,1.396384874396972e-07,0.709852397441864,0.6233391165733337,-0.02290002815425396,0.6657310128211975,0.6194183230400085,-0.04332469031214714,0.6385117769241333,0.6211665868759155,-0.06390020996332169,0.6208099126815796,0.6230719089508057,-0.08395560085773468,0.6634578108787537,0.48015356063842773,-0.019780710339546204,0.6613751649856567,0.4269726574420929,-0.04748157411813736,0.6681263446807861,0.4235638976097107,-0.07142067700624466,0.6789054870605469,0.4426445960998535,-0.08475349843502045,0.7014653086662292,0.46130239963531494,-0.025593724101781845,0.6951553821563721,0.38390547037124634,-0.05479011312127113,0.7032709717750549,0.3952913284301758,-0.07527761906385422,0.7133774757385254,0.4305403530597687,-0.08314218372106552,0.7398760318756104,0.461177796125412,-0.034925155341625214,0.7369518280029297,0.3988322615623474,-0.060613591223955154,0.7428967356681824,0.41516873240470886,-0.07034052908420563,0.7466577887535095,0.44840022921562195,-0.07083795219659805,0.776497483253479,0.47629672288894653,-0.04611991345882416,0.7731413841247559,0.4310143291950226,-0.06316610425710678,0.7735549211502075,0.4399684965610504,-0.06436432898044586,0.7728155255317688,0.4613909125328064,-0.06099115312099457,la
