landmark_0_x,landmark_0_y,landmark_0_z,landmark_1_x,landmark_1_y,landmark_1_z,landmark_2_x,landmark_2_y,landmark_2_z,landmark_3_x,landmark_3_y,landmark_3_z,landmark_4_x,landmark_4_y,landmark_4_z,landmark_5_x,landmark_5_y,landmark_5_z,landmark_6_x,landmark_6_y,landmark_6_z,landmark_7_x,landmark_7_y,landmark_7_z,landmark_8_x,landmark_8_y,landmark_8_z,landmark_9_x,landmark_9_y,landmark_9_z,landmark_10_x,landmark_10_y,landmark_10_z,landmark_11_x,landmark_11_y,landmark_11_z,landmark_12_x,landmark_12_y,landmark_12_z,landmark_13_x,landmark_13_y,landmark_13_z,landmark_14_x,landmark_14_y,landmark_14_z,landmark_15_x,landmark_15_y,landmark_15_z,landmark_16_x,landmark_16_y,landmark_16_z,landmark_17_x,landmark_17_y,landmark_17_z,landmark_18_x,landmark_18_y,landmark_18_z,landmark_19_x,landmark_19_y,landmark_19_z,landmark_20_x,landmark_20_y,landmark_20_z,class
0.9023526310920715,0.465815007686615,3.3647077657406044e-07,0.860477089881897,0.4618096649646759,-0.03398970142006874,0.8212186098098755,0.4467371106147766,-0.05314997583627701,0.7877205014228821,0.4321410357952118,-0.06860972195863724,0.7855490446090698,0.40671056509017944,-0.08336445689201355,0.8235133290290833,0.33788391947746277,-0.020492257550358772,0.8177028298377991,0.29085272550582886,-0.03787897154688835,0.8182127475738525,0.26403331756591797,-0.05977611988782883,0.8229717016220093,0.24147194623947144,-0.07758647948503494,0.8549484610557556,0.31805917620658875,-0.014177799224853516,0.8445724248886108,0.2651628255844116,-0.028625324368476868,0.8449676036834717,0.24201177060604095,-0.05218631029129028,0.8441606163978577,0.2216787487268448,-0.0722862035036087,0.8843106031417847,0.3113466501235962,-0.011651570908725262,0.8754937648773193,0.26072952151298523,-0.027113178744912148,0.8726043105125427,0.23966586589813232,-0.045945629477500916,0.8736709356307983,0.23555737733840942,-0.06011055037379265,0.9154644012451172,0.31507495045661926,-0.011967027559876442,0.9066486954689026,0.26878973841667175,-0.025488857179880142,0.9019747972488403,0.24860018491744995,-0.03627612069249153,0.8991692662239075,0.24047374725341797,-0.04494684562087059,la
