landmark_0_x,landmark_0_y,landmark_0_z,landmark_1_x,landmark_1_y,landmark_1_z,landmark_2_x,landmark_2_y,landmark_2_z,landmark_3_x,landmark_3_y,landmark_3_z,landmark_4_x,landmark_4_y,landmark_4_z,landmark_5_x,landmark_5_y,landmark_5_z,landmark_6_x,landmark_6_y,landmark_6_z,landmark_7_x,landmark_7_y,landmark_7_z,landmark_8_x,landmark_8_y,landmark_8_z,landmark_9_x,landmark_9_y,landmark_9_z,landmark_10_x,landmark_10_y,landmark_10_z,landmark_11_x,landmark_11_y,landmark_11_z,landmark_12_x,landmark_12_y,landmark_12_z,landmark_13_x,landmark_13_y,landmark_13_z,landmark_14_x,landmark_14_y,landmark_14_z,landmark_15_x,landmark_15_y,landmark_15_z,landmark_16_x,landmark_16_y,landmark_16_z,landmark_17_x,landmark_17_y,landmark_17_z,landmark_18_x,landmark_18_y,landmark_18_z,landmark_19_x,landmark_19_y,landmark_19_z,landmark_20_x,landmark_20_y,landmark_20_z,class
0.7933181524276733,0.48021990060806274,2.96787504794338e-07,0.7291238903999329,0.47962719202041626,-0.041219647973775864,0.6699072122573853,0.45753800868988037,-0.07115428149700165,0.6260191798210144,0.44549745321273804,-0.09857490658760071,0.6137328147888184,0.42241883277893066,-0.12454389780759811,0.6782903671264648,0.28935620188713074,-0.0370505154132843,0.6729163527488708,0.18999193608760834,-0.07157682627439499,0.6710150241851807,0.16498669981956482,-0.10238135606050491,0.6725541949272156,0.17498016357421875,-0.12090413272380829,0.7277924418449402,0.2653878927230835,-0.03566781058907509,0.7179306149482727,0.16020217537879944,-0.0676208958029747,0.7170555591583252,0.1438751220703125,-0.09610723704099655,0.7163140773773193,0.16178806126117706,-0.11287429928779602,0.7760612368583679,0.2602136433124542,-0.03938831388950348,0.7650901079177856,0.16207124292850494,-0.06454061716794968,0.7615216970443726,0.14610376954078674,-0.0808359906077385,0.757740318775177,0.16150058805942535,-0.08920404314994812,0.8227441310882568,0.2728251516819,-0.04681647568941116,0.8138604164123535,0.19363871216773987,-0.06522275507450104,0.807016134262085,0.17536431550979614,-0.07175567001104355,0.7999849915504456,0.18211629986763,-0.07406491786241531,la
