landmark_0_x,landmark_0_y,landmark_0_z,landmark_1_x,landmark_1_y,landmark_1_z,landmark_2_x,landmark_2_y,landmark_2_z,landmark_3_x,landmark_3_y,landmark_3_z,landmark_4_x,landmark_4_y,landmark_4_z,landmark_5_x,landmark_5_y,landmark_5_z,landmark_6_x,landmark_6_y,landmark_6_z,landmark_7_x,landmark_7_y,landmark_7_z,landmark_8_x,landmark_8_y,landmark_8_z,landmark_9_x,landmark_9_y,landmark_9_z,landmark_10_x,landmark_10_y,landmark_10_z,landmark_11_x,landmark_11_y,landmark_11_z,landmark_12_x,landmark_12_y,landmark_12_z,landmark_13_x,landmark_13_y,landmark_13_z,landmark_14_x,landmark_14_y,landmark_14_z,landmark_15_x,landmark_15_y,landmark_15_z,landmark_16_x,landmark_16_y,landmark_16_z,landmark_17_x,landmark_17_y,landmark_17_z,landmark_18_x,landmark_18_y,landmark_18_z,landmark_19_x,landmark_19_y,landmark_19_z,landmark_20_x,landmark_20_y,landmark_20_z,class
0.8912195563316345,0.8108296990394592,3.339337695251743e-07,0.8342639803886414,0.8123258948326111,-0.04299691319465637,0.777286946773529,0.8053349256515503,-0.07803436368703842,0.7396236062049866,0.8064082264900208,-0.11070234328508377,0.709232747554779,0.8161518573760986,-0.14270782470703125,0.7819026112556458,0.6202254295349121,-0.04320879653096199,0.7840343713760376,0.5553951263427734,-0.08337785303592682,0.7983949184417725,0.5427968502044678,-0.11839744448661804,0.8201027512550354,0.5464749336242676,-0.13989360630512238,0.8383918404579163,0.5925218462944031,-0.04574974626302719,0.8385314345359802,0.4894128143787384,-0.09074334055185318,0.8548851013183594,0.5006681084632874,-0.12259534746408463,0.8753248453140259,0.540108859539032,-0.1360945999622345,0.8906520009040833,0.592783510684967,-0.05280463397502899,0.8956295251846313,0.5104105472564697,-0.08995462208986282,0.9055014252662659,0.5276554822921753,-0.10632557421922684,0.9115613102912903,0.5688625574111938,-0.10913850367069244,0.9395158886909485,0.6148139834403992,-0.06336935609579086,0.9466854333877563,0.5539496541023254,-0.0867295190691948,0.947111189365387,0.5621760487556458,-0.09051913022994995,0.9433074593544006,0.5878919363021851,-0.08808469772338867,la
