landmark_0_x,landmark_0_y,landmark_0_z,landmark_1_x,landmark_1_y,landmark_1_z,landmark_2_x,landmark_2_y,landmark_2_z,landmark_3_x,landmark_3_y,landmark_3_z,landmark_4_x,landmark_4_y,landmark_4_z,landmark_5_x,landmark_5_y,landmark_5_z,landmark_6_x,landmark_6_y,landmark_6_z,landmark_7_x,landmark_7_y,landmark_7_z,landmark_8_x,landmark_8_y,landmark_8_z,landmark_9_x,landmark_9_y,landmark_9_z,landmark_10_x,landmark_10_y,landmark_10_z,landmark_11_x,landmark_11_y,landmark_11_z,landmark_12_x,landmark_12_y,landmark_12_z,landmark_13_x,landmark_13_y,landmark_13_z,landmark_14_x,landmark_14_y,landmark_14_z,landmark_15_x,landmark_15_y,landmark_15_z,landmark_16_x,landmark_16_y,landmark_16_z,landmark_17_x,landmark_17_y,landmark_17_z,landmark_18_x,landmark_18_y,landmark_18_z,landmark_19_x,landmark_19_y,landmark_19_z,landmark_20_x,landmark_20_y,landmark_20_z,class
0.8947737812995911,0.7427811622619629,3.180066414643079e-07,0.864567220211029,0.7407276630401611,-0.026891551911830902,0.8387660384178162,0.7301394939422607,-0.04764389246702194,0.822495698928833,0.720831573009491,-0.06490721553564072,0.8105475306510925,0.7155233025550842,-0.0827074646949768,0.8474791049957275,0.6552019119262695,-0.03898785635828972,0.84546959400177,0.6220293045043945,-0.05955251678824425,0.8457230925559998,0.5969390869140625,-0.07672876864671707,0.8480778336524963,0.5745249390602112,-0.08920584619045258,0.8757650256156921,0.6417102217674255,-0.03745127469301224,0.8735127449035645,0.6016179323196411,-0.05508758872747421,0.873429536819458,0.575465977191925,-0.06895642727613449,0.8744969367980957,0.5530181527137756,-0.08003571629524231,0.9019588828086853,0.6413754820823669,-0.03799827769398689,0.9002512693405151,0.6023979783058167,-0.0539560541510582,0.9012563228607178,0.5780518054962158,-0.06213724985718727,0.9029614925384521,0.5595321655273438,-0.06827058643102646,0.9263685941696167,0.6505517959594727,-0.04069424793124199,0.9258967638015747,0.6184420585632324,-0.05375712737441063,0.9253769516944885,0.5990922451019287,-0.05812058225274086,0.9240949749946594,0.5849975943565369,-0.06134336441755295,la
