landmark_0_x,landmark_0_y,landmark_0_z,landmark_1_x,landmark_1_y,landmark_1_z,landmark_2_x,landmark_2_y,landmark_2_z,landmark_3_x,landmark_3_y,landmark_3_z,landmark_4_x,landmark_4_y,landmark_4_z,landmark_5_x,landmark_5_y,landmark_5_z,landmark_6_x,landmark_6_y,landmark_6_z,landmark_7_x,landmark_7_y,landmark_7_z,landmark_8_x,landmark_8_y,landmark_8_z,landmark_9_x,landmark_9_y,landmark_9_z,landmark_10_x,landmark_10_y,landmark_10_z,landmark_11_x,landmark_11_y,landmark_11_z,landmark_12_x,landmark_12_y,landmark_12_z,landmark_13_x,landmark_13_y,landmark_13_z,landmark_14_x,landmark_14_y,landmark_14_z,landmark_15_x,landmark_15_y,landmark_15_z,landmark_16_x,landmark_16_y,landmark_16_z,landmark_17_x,landmark_17_y,landmark_17_z,landmark_18_x,landmark_18_y,landmark_18_z,landmark_19_x,landmark_19_y,landmark_19_z,landmark_20_x,landmark_20_y,landmark_20_z,class
0.42910847067832947,0.3654322028160095,-5.327107643893214e-08,0.4687419533729553,0.3430039882659912,-0.009698760695755482,0.5055183172225952,0.3098413646221161,-0.012670929543673992,0.5101040005683899,0.2684582471847534,-0.016193628311157227,0.48120567202568054,0.26087263226509094,-0.017855819314718246,0.4770452082157135,0.25296157598495483,0.007180727086961269,0.4916200637817383,0.2298160195350647,-0.004551890771836042,0.4884257912635803,0.26132282614707947,-0.013714113272726536,0.48317569494247437,0.2767544686794281,-0.018192315474152565,0.45829710364341736,0.2488171011209488,0.0060112630017101765,0.4698082506656647,0.22816169261932373,-0.005539885722100735,0.4664296507835388,0.2621144950389862,-0.011724296025931835,0.46043071150779724,0.27499672770500183,-0.012816611677408218,0.4387710392475128,0.24903476238250732,0.0021437236573547125,0.4486769437789917,0.2310539335012436,-0.008519193157553673,0.44810909032821655,0.26271048188209534,-0.006384157110005617,0.4433726668357849,0.27609574794769287,-0.001679473789408803,0.41597074270248413,0.2525455355644226,-0.002881687832996249,0.43040210008621216,0.23404668271541595,-0.00594515074044466,0.43190523982048035,0.2579079568386078,0.0010946295224130154,0.42728182673454285,0.2723211348056793,0.00806461926549673,high
