landmark_0_x,landmark_0_y,landmark_0_z,landmark_1_x,landmark_1_y,landmark_1_z,landmark_2_x,landmark_2_y,landmark_2_z,landmark_3_x,landmark_3_y,landmark_3_z,landmark_4_x,landmark_4_y,landmark_4_z,landmark_5_x,landmark_5_y,landmark_5_z,landmark_6_x,landmark_6_y,landmark_6_z,landmark_7_x,landmark_7_y,landmark_7_z,landmark_8_x,landmark_8_y,landmark_8_z,landmark_9_x,landmark_9_y,landmark_9_z,landmark_10_x,landmark_10_y,landmark_10_z,landmark_11_x,landmark_11_y,landmark_11_z,landmark_12_x,landmark_12_y,landmark_12_z,landmark_13_x,landmark_13_y,landmark_13_z,landmark_14_x,landmark_14_y,landmark_14_z,landmark_15_x,landmark_15_y,landmark_15_z,landmark_16_x,landmark_16_y,landmark_16_z,landmark_17_x,landmark_17_y,landmark_17_z,landmark_18_x,landmark_18_y,landmark_18_z,landmark_19_x,landmark_19_y,landmark_19_z,landmark_20_x,landmark_20_y,landmark_20_z,class
0.13417115807533264,0.43849408626556396,-6.138320429727173e-08,0.16011103987693787,0.4090701937675476,-0.008716331794857979,0.18045489490032196,0.3717646598815918,-0.010705076158046722,0.16975173354148865,0.3427738845348358,-0.01280882302671671,0.14641061425209045,0.3521183729171753,-0.012656169012188911,0.15842536091804504,0.34849247336387634,0.004383389838039875,0.15880531072616577,0.3255060613155365,-0.006576253566890955,0.15959954261779785,0.35261911153793335,-0.012597293592989445,0.16133320331573486,0.3649298846721649,-0.015019779093563557,0.14030608534812927,0.35020625591278076,0.003683272050693631,0.1375170797109604,0.3317418098449707,-0.008121068589389324,0.14084231853485107,0.36245349049568176,-0.01085989736020565,0.14383362233638763,0.37068459391593933,-0.009252957999706268,0.12306330353021622,0.3562246561050415,0.00044422911014407873,0.11827549338340759,0.3401613235473633,-0.011520884931087494,0.12462998181581497,0.36877575516700745,-0.0077311634086072445,0.12875109910964966,0.3775685131549835,-0.0014861994422972202,0.10464609414339066,0.3656882047653198,-0.003708484349772334,0.10403294861316681,0.3504999876022339,-0.008338509127497673,0.1094065010547638,0.3693417012691498,-0.002220805501565337,0.11242471635341644,0.37880516052246094,0.004322297405451536,high
