landmark_0_x,landmark_0_y,landmark_0_z,landmark_1_x,landmark_1_y,landmark_1_z,landmark_2_x,landmark_2_y,landmark_2_z,landmark_3_x,landmark_3_y,landmark_3_z,landmark_4_x,landmark_4_y,landmark_4_z,landmark_5_x,landmark_5_y,landmark_5_z,landmark_6_x,landmark_6_y,landmark_6_z,landmark_7_x,landmark_7_y,landmark_7_z,landmark_8_x,landmark_8_y,landmark_8_z,landmark_9_x,landmark_9_y,landmark_9_z,landmark_10_x,landmark_10_y,landmark_10_z,landmark_11_x,landmark_11_y,landmark_11_z,landmark_12_x,landmark_12_y,landmark_12_z,landmark_13_x,landmark_13_y,landmark_13_z,landmark_14_x,landmark_14_y,landmark_14_z,landmark_15_x,landmark_15_y,landmark_15_z,landmark_16_x,landmark_16_y,landmark_16_z,landmark_17_x,landmark_17_y,landmark_17_z,landmark_18_x,landmark_18_y,landmark_18_z,landmark_19_x,landmark_19_y,landmark_19_z,landmark_20_x,landmark_20_y,landmark_20_z,class
0.16811594367027283,0.3384932279586792,-1.442869859147322e-07,0.2163582444190979,0.3107939064502716,-0.010789797641336918,0.2549833059310913,0.271035373210907,-0.014589712023735046,0.250031977891922,0.2203369289636612,-0.01924298144876957,0.21547314524650574,0.21761251986026764,-0.02212727814912796,0.2234572470188141,0.20839805901050568,0.003971380181610584,0.23474453389644623,0.17478212714195251,-0.010445217601954937,0.23300987482070923,0.21065835654735565,-0.021367637440562248,0.2299177497625351,0.23151779174804688,-0.027666984125971794,0.1987045407295227,0.2038634717464447,0.001766023226082325,0.20438437163829803,0.17278242111206055,-0.01120267529040575,0.20490024983882904,0.2111162394285202,-0.01747005432844162,0.20309683680534363,0.225925475358963,-0.01969461515545845,0.17341819405555725,0.20531035959720612,-0.003353085834532976,0.17657141387462616,0.17636537551879883,-0.016941826790571213,0.18001794815063477,0.2138885110616684,-0.013763695023953915,0.17913317680358887,0.22962409257888794,-0.008895906619727612,0.14471535384655,0.21107372641563416,-0.009688841179013252,0.1519647240638733,0.18300549685955048,-0.015202700160443783,0.15625667572021484,0.21081990003585815,-0.007236499339342117,0.154942587018013,0.2287723869085312,-3.238468707422726e-05,high
