landmark_0_x,landmark_0_y,landmark_0_z,landmark_1_x,landmark_1_y,landmark_1_z,landmark_2_x,landmark_2_y,landmark_2_z,landmark_3_x,landmark_3_y,landmark_3_z,landmark_4_x,landmark_4_y,landmark_4_z,landmark_5_x,landmark_5_y,landmark_5_z,landmark_6_x,landmark_6_y,landmark_6_z,landmark_7_x,landmark_7_y,landmark_7_z,landmark_8_x,landmark_8_y,landmark_8_z,landmark_9_x,landmark_9_y,landmark_9_z,landmark_10_x,landmark_10_y,landmark_10_z,landmark_11_x,landmark_11_y,landmark_11_z,landmark_12_x,landmark_12_y,landmark_12_z,landmark_13_x,landmark_13_y,landmark_13_z,landmark_14_x,landmark_14_y,landmark_14_z,landmark_15_x,landmark_15_y,landmark_15_z,landmark_16_x,landmark_16_y,landmark_16_z,landmark_17_x,landmark_17_y,landmark_17_z,landmark_18_x,landmark_18_y,landmark_18_z,landmark_19_x,landmark_19_y,landmark_19_z,landmark_20_x,landmark_20_y,landmark_20_z,class
0.30045434832572937,0.2445688545703888,2.541709136494319e-07,0.3308926522731781,0.23803457617759705,-0.014563445933163166,0.3613862991333008,0.20232558250427246,-0.01708241179585457,0.3598165512084961,0.16498509049415588,-0.01794291101396084,0.33643224835395813,0.15419551730155945,-0.0187275018543005,0.334744930267334,0.1657252311706543,-0.0049230665899813175,0.3436320424079895,0.14064402878284454,-0.013548468239605427,0.35220780968666077,0.1294335424900055,-0.020880619063973427,0.3605862259864807,0.12191814184188843,-0.024966567754745483,0.31646203994750977,0.15750735998153687,-0.0017201987793669105,0.32436370849609375,0.12956120073795319,-0.009294222109019756,0.3353029787540436,0.11440575867891312,-0.014683635905385017,0.3468145430088043,0.09916005283594131,-0.017670363187789917,0.29585614800453186,0.15508496761322021,-0.0007611412438564003,0.3026127815246582,0.133652925491333,-0.01247577928006649,0.30784112215042114,0.14951127767562866,-0.013611860573291779,0.31178197264671326,0.16124379634857178,-0.011284379288554192,0.27325230836868286,0.15582413971424103,-0.0009038233547471464,0.28082090616226196,0.13450369238853455,-0.008645820431411266,0.285165011882782,0.14936138689517975,-0.005957060027867556,0.28651413321495056,0.16421861946582794,-0.0021288583520799875,high
