landmark_0_x,landmark_0_y,landmark_0_z,landmark_1_x,landmark_1_y,landmark_1_z,landmark_2_x,landmark_2_y,landmark_2_z,landmark_3_x,landmark_3_y,landmark_3_z,landmark_4_x,landmark_4_y,landmark_4_z,landmark_5_x,landmark_5_y,landmark_5_z,landmark_6_x,landmark_6_y,landmark_6_z,landmark_7_x,landmark_7_y,landmark_7_z,landmark_8_x,landmark_8_y,landmark_8_z,landmark_9_x,landmark_9_y,landmark_9_z,landmark_10_x,landmark_10_y,landmark_10_z,landmark_11_x,landmark_11_y,landmark_11_z,landmark_12_x,landmark_12_y,landmark_12_z,landmark_13_x,landmark_13_y,landmark_13_z,landmark_14_x,landmark_14_y,landmark_14_z,landmark_15_x,landmark_15_y,landmark_15_z,landmark_16_x,landmark_16_y,landmark_16_z,landmark_17_x,landmark_17_y,landmark_17_z,landmark_18_x,landmark_18_y,landmark_18_z,landmark_19_x,landmark_19_y,landmark_19_z,landmark_20_x,landmark_20_y,landmark_20_z,class
0.1992931067943573,0.41122961044311523,2.444716606930797e-08,0.23691381514072418,0.4071575999259949,-0.016331449151039124,0.2794358730316162,0.3687976896762848,-0.018643518909811974,0.28427645564079285,0.31882143020629883,-0.01963116228580475,0.25718507170677185,0.2985740900039673,-0.019397985190153122,0.23991967737674713,0.3221125602722168,0.001646802993491292,0.2578626573085785,0.29716792702674866,-0.008887368254363537,0.26078665256500244,0.3168652057647705,-0.017978258430957794,0.2625274956226349,0.33013224601745605,-0.022955670952796936,0.2217635214328766,0.3091062307357788,0.004960732068866491,0.23532846570014954,0.2806827425956726,-0.005333633627742529,0.23994043469429016,0.30043449997901917,-0.013063902966678143,0.24483579397201538,0.31131473183631897,-0.016304820775985718,0.20204994082450867,0.3008371889591217,0.005315015558153391,0.21375951170921326,0.2672737240791321,-0.008001920767128468,0.21881671249866486,0.2918963134288788,-0.009026102721691132,0.2224726527929306,0.3063921332359314,-0.006599967367947102,0.1781315952539444,0.29573237895965576,0.004471121355891228,0.18903356790542603,0.2639539837837219,-0.003955933265388012,0.19214774668216705,0.2856305241584778,0.0001213199648191221,0.19331574440002441,0.30587318539619446,0.005193673074245453,high
