landmark_0_x,landmark_0_y,landmark_0_z,landmark_1_x,landmark_1_y,landmark_1_z,landmark_2_x,landmark_2_y,landmark_2_z,landmark_3_x,landmark_3_y,landmark_3_z,landmark_4_x,landmark_4_y,landmark_4_z,landmark_5_x,landmark_5_y,landmark_5_z,landmark_6_x,landmark_6_y,landmark_6_z,landmark_7_x,landmark_7_y,landmark_7_z,landmark_8_x,landmark_8_y,landmark_8_z,landmark_9_x,landmark_9_y,landmark_9_z,landmark_10_x,landmark_10_y,landmark_10_z,landmark_11_x,landmark_11_y,landmark_11_z,landmark_12_x,landmark_12_y,landmark_12_z,landmark_13_x,landmark_13_y,landmark_13_z,landmark_14_x,landmark_14_y,landmark_14_z,landmark_15_x,landmark_15_y,landmark_15_z,landmark_16_x,landmark_16_y,landmark_16_z,landmark_17_x,landmark_17_y,landmark_17_z,landmark_18_x,landmark_18_y,landmark_18_z,landmark_19_x,landmark_19_y,landmark_19_z,landmark_20_x,landmark_20_y,landmark_20_z,class
0.07052304595708847,0.4362398386001587,-1.9784191351845948e-07,0.1301807016134262,0.4049986004829407,-0.025722302496433258,0.18820393085479736,0.344760537147522,-0.032652847468853,0.17651265859603882,0.2766900658607483,-0.037589576095342636,0.1284870058298111,0.2721521556377411,-0.03599204495549202,0.16501814126968384,0.27346765995025635,0.0038349598180502653,0.17203855514526367,0.22880908846855164,-0.020812852308154106,0.1580074578523636,0.2855099141597748,-0.03243608772754669,0.156467005610466,0.30244630575180054,-0.037040941417217255,0.12899191677570343,0.2609362006187439,0.005908946041017771,0.13029898703098297,0.22602537274360657,-0.01895291730761528,0.12023713439702988,0.2951602339744568,-0.021474989131093025,0.12417732924222946,0.2976866364479065,-0.0165871474891901,0.09205839037895203,0.25791656970977783,0.0014675278216600418,0.08855433762073517,0.22702571749687195,-0.027202468365430832,0.08553966879844666,0.2935241162776947,-0.01755114272236824,0.0906480997800827,0.29836520552635193,-0.0031868622172623873,0.05109861493110657,0.25804486870765686,-0.005264700390398502,0.05384171009063721,0.23150131106376648,-0.016762688755989075,0.05404184013605118,0.2760612666606903,-0.003478704020380974,0.05393091216683388,0.2858296036720276,0.010225269012153149,high
