landmark_0_x,landmark_0_y,landmark_0_z,landmark_1_x,landmark_1_y,landmark_1_z,landmark_2_x,landmark_2_y,landmark_2_z,landmark_3_x,landmark_3_y,landmark_3_z,landmark_4_x,landmark_4_y,landmark_4_z,landmark_5_x,landmark_5_y,landmark_5_z,landmark_6_x,landmark_6_y,landmark_6_z,landmark_7_x,landmark_7_y,landmark_7_z,landmark_8_x,landmark_8_y,landmark_8_z,landmark_9_x,landmark_9_y,landmark_9_z,landmark_10_x,landmark_10_y,landmark_10_z,landmark_11_x,landmark_11_y,landmark_11_z,landmark_12_x,landmark_12_y,landmark_12_z,landmark_13_x,landmark_13_y,landmark_13_z,landmark_14_x,landmark_14_y,landmark_14_z,landmark_15_x,landmark_15_y,landmark_15_z,landmark_16_x,landmark_16_y,landmark_16_z,landmark_17_x,landmark_17_y,landmark_17_z,landmark_18_x,landmark_18_y,landmark_18_z,landmark_19_x,landmark_19_y,landmark_19_z,landmark_20_x,landmark_20_y,landmark_20_z,class
0.29312604665756226,0.40520739555358887,-1.5880222292707913e-07,0.34955844283103943,0.3952329456806183,-0.014274030923843384,0.3983283042907715,0.3550206422805786,-0.016938969492912292,0.3871152400970459,0.2970365583896637,-0.019606199115514755,0.3452824056148529,0.2889389395713806,-0.018491709604859352,0.3734963834285736,0.28738200664520264,0.008693106472492218,0.39054444432258606,0.25283104181289673,-0.008910712786018848,0.37275466322898865,0.29540279507637024,-0.019209779798984528,0.36354804039001465,0.31225937604904175,-0.023868368938565254,0.34629955887794495,0.2737636864185333,0.007148043252527714,0.3593531847000122,0.24082159996032715,-0.012579932808876038,0.3452739119529724,0.2896188497543335,-0.01924995519220829,0.339645117521286,0.30299919843673706,-0.017679819837212563,0.3199860155582428,0.2687772810459137,0.001594170113094151,0.32547688484191895,0.2408202886581421,-0.017636381089687347,0.3187941312789917,0.28865543007850647,-0.012840532697737217,0.3164689838886261,0.3017304539680481,-0.003730506170541048,0.28990262746810913,0.26871708035469055,-0.005311999935656786,0.2994791269302368,0.24715730547904968,-0.012286605313420296,0.29582878947257996,0.28308138251304626,-0.002180297626182437,0.2923514246940613,0.2993740141391754,0.00816110149025917,high
