landmark_0_x,landmark_0_y,landmark_0_z,landmark_1_x,landmark_1_y,landmark_1_z,landmark_2_x,landmark_2_y,landmark_2_z,landmark_3_x,landmark_3_y,landmark_3_z,landmark_4_x,landmark_4_y,landmark_4_z,landmark_5_x,landmark_5_y,landmark_5_z,landmark_6_x,landmark_6_y,landmark_6_z,landmark_7_x,landmark_7_y,landmark_7_z,landmark_8_x,landmark_8_y,landmark_8_z,landmark_9_x,landmark_9_y,landmark_9_z,landmark_10_x,landmark_10_y,landmark_10_z,landmark_11_x,landmark_11_y,landmark_11_z,landmark_12_x,landmark_12_y,landmark_12_z,landmark_13_x,landmark_13_y,landmark_13_z,landmark_14_x,landmark_14_y,landmark_14_z,landmark_15_x,landmark_15_y,landmark_15_z,landmark_16_x,landmark_16_y,landmark_16_z,landmark_17_x,landmark_17_y,landmark_17_z,landmark_18_x,landmark_18_y,landmark_18_z,landmark_19_x,landmark_19_y,landmark_19_z,landmark_20_x,landmark_20_y,landmark_20_z,class
0.1329849362373352,0.4164425730705261,-6.504838268028834e-08,0.16840264201164246,0.3944007158279419,-0.010797541588544846,0.19780221581459045,0.3575512170791626,-0.01288929209113121,0.18777602910995483,0.3213585913181305,-0.014782221056520939,0.15886470675468445,0.3235246241092682,-0.013814438134431839,0.17712616920471191,0.32132285833358765,0.006223294883966446,0.17905157804489136,0.2974361181259155,-0.0072364299558103085,0.17580749094486237,0.32897859811782837,-0.015156814828515053,0.17689332365989685,0.34274137020111084,-0.018668657168745995,0.15613359212875366,0.31738343834877014,0.005741955246776342,0.1549089550971985,0.29615965485572815,-0.008312770165503025,0.15443621575832367,0.3333348333835602,-0.011998496949672699,0.15750764310359955,0.3419345021247864,-0.010373114608228207,0.13557887077331543,0.3192427158355713,0.0020580426789820194,0.1322619616985321,0.3008842468261719,-0.01253474596887827,0.1351613700389862,0.33527708053588867,-0.00859910249710083,0.1384614109992981,0.3426487445831299,-0.0016049828846007586,0.11316198110580444,0.3252708911895752,-0.002699323231354356,0.11554493010044098,0.3094063103199005,-0.008252606727182865,0.11871175467967987,0.33229729533195496,-0.0012586325174197555,0.12016411125659943,0.3407924771308899,0.006148765794932842,high
