landmark_0_x,landmark_0_y,landmark_0_z,landmark_1_x,landmark_1_y,landmark_1_z,landmark_2_x,landmark_2_y,landmark_2_z,landmark_3_x,landmark_3_y,landmark_3_z,landmark_4_x,landmark_4_y,landmark_4_z,landmark_5_x,landmark_5_y,landmark_5_z,landmark_6_x,landmark_6_y,landmark_6_z,landmark_7_x,landmark_7_y,landmark_7_z,landmark_8_x,landmark_8_y,landmark_8_z,landmark_9_x,landmark_9_y,landmark_9_z,landmark_10_x,landmark_10_y,landmark_10_z,landmark_11_x,landmark_11_y,landmark_11_z,landmark_12_x,landmark_12_y,landmark_12_z,landmark_13_x,landmark_13_y,landmark_13_z,landmark_14_x,landmark_14_y,landmark_14_z,landmark_15_x,landmark_15_y,landmark_15_z,landmark_16_x,landmark_16_y,landmark_16_z,landmark_17_x,landmark_17_y,landmark_17_z,landmark_18_x,landmark_18_y,landmark_18_z,landmark_19_x,landmark_19_y,landmark_19_z,landmark_20_x,landmark_20_y,landmark_20_z,class
0.27635452151298523,0.4298236072063446,-2.0171918890810048e-07,0.33246028423309326,0.4137279689311981,-0.023067336529493332,0.38768506050109863,0.3734903633594513,-0.030410032719373703,0.38347354531288147,0.31264564394950867,-0.03548567369580269,0.3399539589881897,0.30252423882484436,-0.03527245298027992,0.3668956756591797,0.2982355058193207,-0.0038320193998515606,0.3794836401939392,0.256389319896698,-0.02454656921327114,0.36443784832954407,0.308805912733078,-0.03389187157154083,0.36229196190834045,0.32496178150177,-0.03780285641551018,0.3381728529930115,0.28656360507011414,-0.0021067846100777388,0.34576812386512756,0.25115638971328735,-0.02348257601261139,0.33426985144615173,0.3116763234138489,-0.025665193796157837,0.33453619480133057,0.3204340934753418,-0.021561602130532265,0.3088516592979431,0.2826606035232544,-0.005221129860728979,0.31190726161003113,0.2519994080066681,-0.028060702607035637,0.30510151386260986,0.30984506011009216,-0.018813427537679672,0.3055785894393921,0.31972020864486694,-0.006266789510846138,0.27593010663986206,0.28320232033729553,-0.01044339407235384,0.2836552560329437,0.25863224267959595,-0.019163703545928,0.2811412811279297,0.29829129576683044,-0.0068583558313548565,0.2776200771331787,0.31116682291030884,0.005366813391447067,high
