landmark_0_x,landmark_0_y,landmark_0_z,landmark_1_x,landmark_1_y,landmark_1_z,landmark_2_x,landmark_2_y,landmark_2_z,landmark_3_x,landmark_3_y,landmark_3_z,landmark_4_x,landmark_4_y,landmark_4_z,landmark_5_x,landmark_5_y,landmark_5_z,landmark_6_x,landmark_6_y,landmark_6_z,landmark_7_x,landmark_7_y,landmark_7_z,landmark_8_x,landmark_8_y,landmark_8_z,landmark_9_x,landmark_9_y,landmark_9_z,landmark_10_x,landmark_10_y,landmark_10_z,landmark_11_x,landmark_11_y,landmark_11_z,landmark_12_x,landmark_12_y,landmark_12_z,landmark_13_x,landmark_13_y,landmark_13_z,landmark_14_x,landmark_14_y,landmark_14_z,landmark_15_x,landmark_15_y,landmark_15_z,landmark_16_x,landmark_16_y,landmark_16_z,landmark_17_x,landmark_17_y,landmark_17_z,landmark_18_x,landmark_18_y,landmark_18_z,landmark_19_x,landmark_19_y,landmark_19_z,landmark_20_x,landmark_20_y,landmark_20_z,class
0.4368671178817749,0.4120703339576721,-1.256255330872591e-07,0.47695696353912354,0.4055604338645935,-0.013331659138202667,0.5157947540283203,0.37620192766189575,-0.015814000740647316,0.5195854306221008,0.3329920470714569,-0.01772318407893181,0.49491339921951294,0.31969496607780457,-0.017042847350239754,0.49545249342918396,0.3283599317073822,0.005022251512855291,0.5071094632148743,0.30483126640319824,-0.007647302467375994,0.49923834204673767,0.3371109068393707,-0.014732041396200657,0.4964425563812256,0.34861859679222107,-0.017915060743689537,0.4765034317970276,0.3168078064918518,0.006292612757533789,0.4849248230457306,0.2933028042316437,-0.008631810545921326,0.47653138637542725,0.33028993010520935,-0.01288405992090702,0.47369271516799927,0.34010225534439087,-0.011208515614271164,0.45577073097229004,0.3103909194469452,0.004251494538038969,0.4605545699596405,0.2896915078163147,-0.011262571439146996,0.4556501507759094,0.3250230848789215,-0.007499446626752615,0.4539037346839905,0.3342895209789276,-0.0003973814891651273,0.4312382936477661,0.3071442246437073,0.001117382780648768,0.4393920302391052,0.29070210456848145,-0.005771069321781397,0.437591552734375,0.3165161907672882,0.0006922853644937277,0.43546757102012634,0.32720455527305603,0.007976443506777287,high
