landmark_0_x,landmark_0_y,landmark_0_z,landmark_1_x,landmark_1_y,landmark_1_z,landmark_2_x,landmark_2_y,landmark_2_z,landmark_3_x,landmark_3_y,landmark_3_z,landmark_4_x,landmark_4_y,landmark_4_z,landmark_5_x,landmark_5_y,landmark_5_z,landmark_6_x,landmark_6_y,landmark_6_z,landmark_7_x,landmark_7_y,landmark_7_z,landmark_8_x,landmark_8_y,landmark_8_z,landmark_9_x,landmark_9_y,landmark_9_z,landmark_10_x,landmark_10_y,landmark_10_z,landmark_11_x,landmark_11_y,landmark_11_z,landmark_12_x,landmark_12_y,landmark_12_z,landmark_13_x,landmark_13_y,landmark_13_z,landmark_14_x,landmark_14_y,landmark_14_z,landmark_15_x,landmark_15_y,landmark_15_z,landmark_16_x,landmark_16_y,landmark_16_z,landmark_17_x,landmark_17_y,landmark_17_z,landmark_18_x,landmark_18_y,landmark_18_z,landmark_19_x,landmark_19_y,landmark_19_z,landmark_20_x,landmark_20_y,landmark_20_z,class
0.2703825533390045,0.38914954662323,-1.3169848500638182e-07,0.30926603078842163,0.37021559476852417,-0.011415510438382626,0.34479251503944397,0.3374328017234802,-0.014732148498296738,0.34393325448036194,0.29498031735420227,-0.018385034054517746,0.3157564401626587,0.2893989682197571,-0.019404370337724686,0.3192247450351715,0.2882665991783142,0.006964978761970997,0.33276474475860596,0.261157751083374,-0.0071212779730558395,0.32903894782066345,0.295462429523468,-0.016683079302310944,0.32422560453414917,0.3118796944618225,-0.021064093336462975,0.3011501431465149,0.282556414604187,0.006007559597492218,0.3113756477832794,0.2565758526325226,-0.009289337322115898,0.3090897500514984,0.29361894726753235,-0.015433702617883682,0.3041842579841614,0.30675405263900757,-0.015532753430306911,0.28271833062171936,0.2816580832004547,0.0017047954024747014,0.28968945145606995,0.25793367624282837,-0.011857359670102596,0.28995442390441895,0.2909158766269684,-0.008730086497962475,0.2858278155326843,0.3034317195415497,-0.0026730098761618137,0.2606651484966278,0.2833194136619568,-0.0039890301413834095,0.27175000309944153,0.26146501302719116,-0.00814761407673359,0.27290335297584534,0.2846662402153015,-0.0012070222292095423,0.2688216269016266,0.2978382706642151,0.005685042589902878,high
