landmark_0_x,landmark_0_y,landmark_0_z,landmark_1_x,landmark_1_y,landmark_1_z,landmark_2_x,landmark_2_y,landmark_2_z,landmark_3_x,landmark_3_y,landmark_3_z,landmark_4_x,landmark_4_y,landmark_4_z,landmark_5_x,landmark_5_y,landmark_5_z,landmark_6_x,landmark_6_y,landmark_6_z,landmark_7_x,landmark_7_y,landmark_7_z,landmark_8_x,landmark_8_y,landmark_8_z,landmark_9_x,landmark_9_y,landmark_9_z,landmark_10_x,landmark_10_y,landmark_10_z,landmark_11_x,landmark_11_y,landmark_11_z,landmark_12_x,landmark_12_y,landmark_12_z,landmark_13_x,landmark_13_y,landmark_13_z,landmark_14_x,landmark_14_y,landmark_14_z,landmark_15_x,landmark_15_y,landmark_15_z,landmark_16_x,landmark_16_y,landmark_16_z,landmark_17_x,landmark_17_y,landmark_17_z,landmark_18_x,landmark_18_y,landmark_18_z,landmark_19_x,landmark_19_y,landmark_19_z,landmark_20_x,landmark_20_y,landmark_20_z,class
0.33313244581222534,0.2532058358192444,-1.6588539608619612e-07,0.3847631812095642,0.23646336793899536,-0.016609957441687584,0.43352073431015015,0.18857285380363464,-0.020329199731349945,0.42670342326164246,0.1298738718032837,-0.023625100031495094,0.3846787214279175,0.12481306493282318,-0.02340676821768284,0.4075162410736084,0.12093289941549301,0.004668089095503092,0.422458291053772,0.08984814584255219,-0.011558040045201778,0.41092443466186523,0.13488344848155975,-0.020878642797470093,0.40588057041168213,0.1495165228843689,-0.025530729442834854,0.37907132506370544,0.11049750447273254,0.004253695718944073,0.38856860995292664,0.07816797494888306,-0.014497990719974041,0.37915483117103577,0.13043691217899323,-0.019919127225875854,0.375647634267807,0.14362485706806183,-0.017988121137022972,0.3509272038936615,0.10784805566072464,-6.743641279172152e-05,0.35268545150756836,0.07940789312124252,-0.01961562968790531,0.3506617546081543,0.12992888689041138,-0.014409991912543774,0.349701464176178,0.1448342502117157,-0.005083797033876181,0.31882768869400024,0.10898040980100632,-0.005884076934307814,0.3245643377304077,0.07991320639848709,-0.013856874778866768,0.32686907052993774,0.1170191615819931,-0.0037978237960487604,0.3270672559738159,0.1373811811208725,0.006714651361107826,high
