landmark_0_x,landmark_0_y,landmark_0_z,landmark_1_x,landmark_1_y,landmark_1_z,landmark_2_x,landmark_2_y,landmark_2_z,landmark_3_x,landmark_3_y,landmark_3_z,landmark_4_x,landmark_4_y,landmark_4_z,landmark_5_x,landmark_5_y,landmark_5_z,landmark_6_x,landmark_6_y,landmark_6_z,landmark_7_x,landmark_7_y,landmark_7_z,landmark_8_x,landmark_8_y,landmark_8_z,landmark_9_x,landmark_9_y,landmark_9_z,landmark_10_x,landmark_10_y,landmark_10_z,landmark_11_x,landmark_11_y,landmark_11_z,landmark_12_x,landmark_12_y,landmark_12_z,landmark_13_x,landmark_13_y,landmark_13_z,landmark_14_x,landmark_14_y,landmark_14_z,landmark_15_x,landmark_15_y,landmark_15_z,landmark_16_x,landmark_16_y,landmark_16_z,landmark_17_x,landmark_17_y,landmark_17_z,landmark_18_x,landmark_18_y,landmark_18_z,landmark_19_x,landmark_19_y,landmark_19_z,landmark_20_x,landmark_20_y,landmark_20_z,class
0.15826646983623505,0.41315528750419617,-3.87502296916864e-08,0.20833149552345276,0.4041397273540497,-0.0109749436378479,0.2467709481716156,0.3662813901901245,-0.010614351369440556,0.25178438425064087,0.3184661269187927,-0.010534211061894894,0.23479899764060974,0.29386985301971436,-0.010059010237455368,0.22024208307266235,0.32888996601104736,0.008170516230165958,0.23567232489585876,0.29884693026542664,-0.002303533488884568,0.21964310109615326,0.3074904680252075,-0.012475083582103252,0.20224493741989136,0.3265799880027771,-0.01752280443906784,0.19506457448005676,0.3104681968688965,0.01057340856641531,0.20576629042625427,0.28301337361335754,-0.0024822046980261803,0.19231818616390228,0.3021302819252014,-0.012727481313049793,0.17856590449810028,0.3272329270839691,-0.015896271914243698,0.17286503314971924,0.30037957429885864,0.010379363782703876,0.18267548084259033,0.27293500304222107,-0.0044082095846533775,0.17386294901371002,0.2960093915462494,-0.007676627021282911,0.16561023890972137,0.3208557963371277,-0.004874293692409992,0.15208663046360016,0.2967393696308136,0.009672303684055805,0.16667073965072632,0.27534037828445435,0.00022961637296248227,0.16141057014465332,0.2910001277923584,0.0019956016913056374,0.15532144904136658,0.3097169101238251,0.006467490456998348,high
