landmark_0_x,landmark_0_y,landmark_0_z,landmark_1_x,landmark_1_y,landmark_1_z,landmark_2_x,landmark_2_y,landmark_2_z,landmark_3_x,landmark_3_y,landmark_3_z,landmark_4_x,landmark_4_y,landmark_4_z,landmark_5_x,landmark_5_y,landmark_5_z,landmark_6_x,landmark_6_y,landmark_6_z,landmark_7_x,landmark_7_y,landmark_7_z,landmark_8_x,landmark_8_y,landmark_8_z,landmark_9_x,landmark_9_y,landmark_9_z,landmark_10_x,landmark_10_y,landmark_10_z,landmark_11_x,landmark_11_y,landmark_11_z,landmark_12_x,landmark_12_y,landmark_12_z,landmark_13_x,landmark_13_y,landmark_13_z,landmark_14_x,landmark_14_y,landmark_14_z,landmark_15_x,landmark_15_y,landmark_15_z,landmark_16_x,landmark_16_y,landmark_16_z,landmark_17_x,landmark_17_y,landmark_17_z,landmark_18_x,landmark_18_y,landmark_18_z,landmark_19_x,landmark_19_y,landmark_19_z,landmark_20_x,landmark_20_y,landmark_20_z,class
0.40667277574539185,0.45619773864746094,-2.1021284624112013e-07,0.4611138701438904,0.44512200355529785,-0.019620172679424286,0.5181044936180115,0.4048825800418854,-0.02584455907344818,0.5162868499755859,0.3470889925956726,-0.030797915533185005,0.47462910413742065,0.3359350264072418,-0.03127958998084068,0.49469345808029175,0.330638587474823,-0.0013500326313078403,0.5105467438697815,0.296987384557724,-0.020889287814497948,0.49387669563293457,0.3476509153842926,-0.029890280216932297,0.48627278208732605,0.35900646448135376,-0.0340363048017025,0.46512743830680847,0.31622523069381714,-0.0010234520304948092,0.4787147641181946,0.2891961336135864,-0.021052761003375053,0.4650912582874298,0.3487301170825958,-0.0235273540019989,0.46014928817749023,0.34984615445137024,-0.020491622388362885,0.43488767743110657,0.3109908699989319,-0.0050852131098508835,0.4439033567905426,0.283733069896698,-0.027793625369668007,0.4363851547241211,0.34280329942703247,-0.018708480522036552,0.4326898157596588,0.34811684489250183,-0.0070934901013970375,0.4000887870788574,0.30844056606292725,-0.010704911313951015,0.41301748156547546,0.28819239139556885,-0.02020268514752388,0.4105052649974823,0.33050206303596497,-0.008044428192079067,0.40513908863067627,0.3401995897293091,0.003536202944815159,high
