landmark_0_x,landmark_0_y,landmark_0_z,landmark_1_x,landmark_1_y,landmark_1_z,landmark_2_x,landmark_2_y,landmark_2_z,landmark_3_x,landmark_3_y,landmark_3_z,landmark_4_x,landmark_4_y,landmark_4_z,landmark_5_x,landmark_5_y,landmark_5_z,landmark_6_x,landmark_6_y,landmark_6_z,landmark_7_x,landmark_7_y,landmark_7_z,landmark_8_x,landmark_8_y,landmark_8_z,landmark_9_x,landmark_9_y,landmark_9_z,landmark_10_x,landmark_10_y,landmark_10_z,landmark_11_x,landmark_11_y,landmark_11_z,landmark_12_x,landmark_12_y,landmark_12_z,landmark_13_x,landmark_13_y,landmark_13_z,landmark_14_x,landmark_14_y,landmark_14_z,landmark_15_x,landmark_15_y,landmark_15_z,landmark_16_x,landmark_16_y,landmark_16_z,landmark_17_x,landmark_17_y,landmark_17_z,landmark_18_x,landmark_18_y,landmark_18_z,landmark_19_x,landmark_19_y,landmark_19_z,landmark_20_x,landmark_20_y,landmark_20_z,class
0.41724395751953125,0.41702139377593994,-1.183094511247873e-07,0.4485916495323181,0.40330684185028076,-0.008161487057805061,0.4763037860393524,0.3740478456020355,-0.010655704885721207,0.471926748752594,0.3407606780529022,-0.01331790816038847,0.4481162428855896,0.33486485481262207,-0.014874850399792194,0.4571526348590851,0.33330246806144714,0.0023822018411010504,0.46310335397720337,0.3106704652309418,-0.008815130218863487,0.46186646819114685,0.33523038029670715,-0.017293710261583328,0.45880112051963806,0.35339877009391785,-0.021389814093708992,0.43888065218925476,0.32789355516433716,0.0018327910220250487,0.4416626989841461,0.30793312191963196,-0.007897579111158848,0.44202545285224915,0.3366644084453583,-0.012784447520971298,0.439462810754776,0.35210421681404114,-0.013713839463889599,0.4200504422187805,0.3281989097595215,-0.0007954442407935858,0.42142343521118164,0.3103744387626648,-0.011056145653128624,0.4247056841850281,0.339358389377594,-0.00900187436491251,0.4228422939777374,0.35416120290756226,-0.00498758303001523,0.398885577917099,0.3328503966331482,-0.004151525907218456,0.4036879241466522,0.3161940574645996,-0.009647736325860023,0.4082663357257843,0.33805111050605774,-0.004552343860268593,0.407504677772522,0.3517511188983917,0.0009617392206564546,high
