landmark_0_x,landmark_0_y,landmark_0_z,landmark_1_x,landmark_1_y,landmark_1_z,landmark_2_x,landmark_2_y,landmark_2_z,landmark_3_x,landmark_3_y,landmark_3_z,landmark_4_x,landmark_4_y,landmark_4_z,landmark_5_x,landmark_5_y,landmark_5_z,landmark_6_x,landmark_6_y,landmark_6_z,landmark_7_x,landmark_7_y,landmark_7_z,landmark_8_x,landmark_8_y,landmark_8_z,landmark_9_x,landmark_9_y,landmark_9_z,landmark_10_x,landmark_10_y,landmark_10_z,landmark_11_x,landmark_11_y,landmark_11_z,landmark_12_x,landmark_12_y,landmark_12_z,landmark_13_x,landmark_13_y,landmark_13_z,landmark_14_x,landmark_14_y,landmark_14_z,landmark_15_x,landmark_15_y,landmark_15_z,landmark_16_x,landmark_16_y,landmark_16_z,landmark_17_x,landmark_17_y,landmark_17_z,landmark_18_x,landmark_18_y,landmark_18_z,landmark_19_x,landmark_19_y,landmark_19_z,landmark_20_x,landmark_20_y,landmark_20_z,class
0.33784717321395874,0.23652568459510803,-1.1032678770561688e-07,0.36996930837631226,0.225846529006958,-0.017417527735233307,0.4046618342399597,0.18777874112129211,-0.02228885143995285,0.39835673570632935,0.14599834382534027,-0.025122128427028656,0.3678293526172638,0.14184881746768951,-0.024877049028873444,0.3826206922531128,0.1313307285308838,-0.0037511622067540884,0.3854987621307373,0.11177399754524231,-0.01826397143304348,0.38250941038131714,0.14963528513908386,-0.026028770953416824,0.38153013586997986,0.16262689232826233,-0.02949128858745098,0.36088860034942627,0.12286455929279327,-0.0014684062916785479,0.3597272038459778,0.10261110216379166,-0.016417864710092545,0.3583804666996002,0.14530636370182037,-0.019629910588264465,0.35887035727500916,0.15762345492839813,-0.01752716302871704,0.3390763998031616,0.12344646453857422,-0.002461313735693693,0.33611294627189636,0.10458586364984512,-0.017330778762698174,0.33817052841186523,0.14305028319358826,-0.012107815593481064,0.3396628201007843,0.15414218604564667,-0.004708719905465841,0.31474417448043823,0.13034647703170776,-0.005048524122685194,0.31652382016181946,0.1172933578491211,-0.012893108651041985,0.31937283277511597,0.14314617216587067,-0.0065855663269758224,0.3208557963371277,0.15395276248455048,0.0007106743287295103,high
