landmark_0_x,landmark_0_y,landmark_0_z,landmark_1_x,landmark_1_y,landmark_1_z,landmark_2_x,landmark_2_y,landmark_2_z,landmark_3_x,landmark_3_y,landmark_3_z,landmark_4_x,landmark_4_y,landmark_4_z,landmark_5_x,landmark_5_y,landmark_5_z,landmark_6_x,landmark_6_y,landmark_6_z,landmark_7_x,landmark_7_y,landmark_7_z,landmark_8_x,landmark_8_y,landmark_8_z,landmark_9_x,landmark_9_y,landmark_9_z,landmark_10_x,landmark_10_y,landmark_10_z,landmark_11_x,landmark_11_y,landmark_11_z,landmark_12_x,landmark_12_y,landmark_12_z,landmark_13_x,landmark_13_y,landmark_13_z,landmark_14_x,landmark_14_y,landmark_14_z,landmark_15_x,landmark_15_y,landmark_15_z,landmark_16_x,landmark_16_y,landmark_16_z,landmark_17_x,landmark_17_y,landmark_17_z,landmark_18_x,landmark_18_y,landmark_18_z,landmark_19_x,landmark_19_y,landmark_19_z,landmark_20_x,landmark_20_y,landmark_20_z,class
0.3778657913208008,0.3228437900543213,-9.369541942305659e-08,0.40930312871932983,0.3045938014984131,-0.007735263090580702,0.43686529994010925,0.2749381959438324,-0.00946465227752924,0.4372462332248688,0.24042336642742157,-0.011707935482263565,0.4149286150932312,0.2359703928232193,-0.012552687898278236,0.4113466143608093,0.23394881188869476,0.007015018258243799,0.4180487096309662,0.21670149266719818,-0.0032862599473446608,0.41915827989578247,0.2432193160057068,-0.011539146304130554,0.41780027747154236,0.25743526220321655,-0.015695979818701744,0.39576008915901184,0.23000161349773407,0.00641955342143774,0.4011034071445465,0.21319378912448883,-0.0038506484124809504,0.4026409983634949,0.24318744242191315,-0.00925976037979126,0.3999752402305603,0.2555204927921295,-0.01029121596366167,0.37979844212532043,0.2302069216966629,0.00347692146897316,0.3841877281665802,0.21402300894260406,-0.007013243157416582,0.3877314627170563,0.2425442636013031,-0.005453146528452635,0.386024534702301,0.25551092624664307,-0.0013979721115902066,0.36142319440841675,0.2335999459028244,-0.0003009064239449799,0.3698793649673462,0.21870766580104828,-0.004943222738802433,0.37377476692199707,0.23961448669433594,-0.00026230409275740385,0.37264350056648254,0.2521968483924866,0.004952338989824057,high
