landmark_0_x,landmark_0_y,landmark_0_z,landmark_1_x,landmark_1_y,landmark_1_z,landmark_2_x,landmark_2_y,landmark_2_z,landmark_3_x,landmark_3_y,landmark_3_z,landmark_4_x,landmark_4_y,landmark_4_z,landmark_5_x,landmark_5_y,landmark_5_z,landmark_6_x,landmark_6_y,landmark_6_z,landmark_7_x,landmark_7_y,landmark_7_z,landmark_8_x,landmark_8_y,landmark_8_z,landmark_9_x,landmark_9_y,landmark_9_z,landmark_10_x,landmark_10_y,landmark_10_z,landmark_11_x,landmark_11_y,landmark_11_z,landmark_12_x,landmark_12_y,landmark_12_z,landmark_13_x,landmark_13_y,landmark_13_z,landmark_14_x,landmark_14_y,landmark_14_z,landmark_15_x,landmark_15_y,landmark_15_z,landmark_16_x,landmark_16_y,landmark_16_z,landmark_17_x,landmark_17_y,landmark_17_z,landmark_18_x,landmark_18_y,landmark_18_z,landmark_19_x,landmark_19_y,landmark_19_z,landmark_20_x,landmark_20_y,landmark_20_z,class
0.19913676381111145,0.49276643991470337,-1.0895127644516833e-07,0.2521975338459015,0.4634273052215576,-0.01768549159169197,0.29748213291168213,0.41926324367523193,-0.024209341034293175,0.28429004549980164,0.3672999441623688,-0.030830828472971916,0.2409103512763977,0.36792346835136414,-0.03393074497580528,0.2690778970718384,0.34766605496406555,0.004245054442435503,0.2848668694496155,0.3163435459136963,-0.014686654321849346,0.2758568227291107,0.36247026920318604,-0.02671058662235737,0.27204376459121704,0.37789639830589294,-0.03317946195602417,0.2408391684293747,0.3407176434993744,0.0028100719209760427,0.25301840901374817,0.3090261220932007,-0.018146542832255363,0.24652542173862457,0.35794875025749207,-0.026156550273299217,0.243452787399292,0.36882027983665466,-0.02645913138985634,0.21350999176502228,0.34126928448677063,-0.0029806748498231173,0.21957916021347046,0.31345048546791077,-0.022530818358063698,0.21826685965061188,0.3585190176963806,-0.019282646477222443,0.21702852845191956,0.3688952922821045,-0.01179464440792799,0.18383380770683289,0.3474331200122833,-0.010678574442863464,0.19501200318336487,0.3232366442680359,-0.016930479556322098,0.19603613018989563,0.3544626235961914,-0.007835673168301582,0.19337934255599976,0.36895552277565,0.0011495366925373673,high
