landmark_0_x,landmark_0_y,landmark_0_z,landmark_1_x,landmark_1_y,landmark_1_z,landmark_2_x,landmark_2_y,landmark_2_z,landmark_3_x,landmark_3_y,landmark_3_z,landmark_4_x,landmark_4_y,landmark_4_z,landmark_5_x,landmark_5_y,landmark_5_z,landmark_6_x,landmark_6_y,landmark_6_z,landmark_7_x,landmark_7_y,landmark_7_z,landmark_8_x,landmark_8_y,landmark_8_z,landmark_9_x,landmark_9_y,landmark_9_z,landmark_10_x,landmark_10_y,landmark_10_z,landmark_11_x,landmark_11_y,landmark_11_z,landmark_12_x,landmark_12_y,landmark_12_z,landmark_13_x,landmark_13_y,landmark_13_z,landmark_14_x,landmark_14_y,landmark_14_z,landmark_15_x,landmark_15_y,landmark_15_z,landmark_16_x,landmark_16_y,landmark_16_z,landmark_17_x,landmark_17_y,landmark_17_z,landmark_18_x,landmark_18_y,landmark_18_z,landmark_19_x,landmark_19_y,landmark_19_z,landmark_20_x,landmark_20_y,landmark_20_z,class
0.3667508363723755,0.24112284183502197,-1.585882216659229e-07,0.4045911133289337,0.22443075478076935,-0.013623007573187351,0.4418538808822632,0.187239870429039,-0.0157107375562191,0.43983903527259827,0.14195707440376282,-0.017643386498093605,0.40820884704589844,0.13814981281757355,-0.01679171808063984,0.41369137167930603,0.13582733273506165,0.008107156492769718,0.42665088176727295,0.11479485780000687,-0.00493056233972311,0.4195491373538971,0.1520279049873352,-0.012884628027677536,0.41432636976242065,0.16604627668857574,-0.016069618985056877,0.39319106936454773,0.12397685647010803,0.00939139537513256,0.3982287645339966,0.1084429919719696,-0.0043312059715390205,0.3925413191318512,0.1483893096446991,-0.00891195610165596,0.3902350962162018,0.15962061285972595,-0.0075133005157113075,0.37219566106796265,0.11877206712961197,0.006932840216904879,0.3721456229686737,0.10570364445447922,-0.0064855050295591354,0.370063453912735,0.1421777904033661,-0.0034415952395647764,0.36939409375190735,0.1543664038181305,0.003000803990289569,0.3478739857673645,0.11623488366603851,0.0030668689869344234,0.34864896535873413,0.09919091314077377,-0.0006040370790287852,0.34726575016975403,0.1251639872789383,0.006490157451480627,0.3474183976650238,0.13979046046733856,0.014065117575228214,high
