landmark_0_x,landmark_0_y,landmark_0_z,landmark_1_x,landmark_1_y,landmark_1_z,landmark_2_x,landmark_2_y,landmark_2_z,landmark_3_x,landmark_3_y,landmark_3_z,landmark_4_x,landmark_4_y,landmark_4_z,landmark_5_x,landmark_5_y,landmark_5_z,landmark_6_x,landmark_6_y,landmark_6_z,landmark_7_x,landmark_7_y,landmark_7_z,landmark_8_x,landmark_8_y,landmark_8_z,landmark_9_x,landmark_9_y,landmark_9_z,landmark_10_x,landmark_10_y,landmark_10_z,landmark_11_x,landmark_11_y,landmark_11_z,landmark_12_x,landmark_12_y,landmark_12_z,landmark_13_x,landmark_13_y,landmark_13_z,landmark_14_x,landmark_14_y,landmark_14_z,landmark_15_x,landmark_15_y,landmark_15_z,landmark_16_x,landmark_16_y,landmark_16_z,landmark_17_x,landmark_17_y,landmark_17_z,landmark_18_x,landmark_18_y,landmark_18_z,landmark_19_x,landmark_19_y,landmark_19_z,landmark_20_x,landmark_20_y,landmark_20_z,class
0.3363301753997803,0.3774963617324829,-8.039098986500903e-08,0.37641727924346924,0.3557439148426056,-0.011410094797611237,0.4126301109790802,0.32072171568870544,-0.015539053827524185,0.407075971364975,0.27805209159851074,-0.019283954054117203,0.376160591840744,0.2756109833717346,-0.020983468741178513,0.38476884365081787,0.2676956057548523,0.0009505822672508657,0.39509421586990356,0.24337370693683624,-0.011213630437850952,0.3932777941226959,0.2756754457950592,-0.019760021939873695,0.38998252153396606,0.29159143567085266,-0.024222366511821747,0.36275994777679443,0.2632831037044525,0.000898175232578069,0.37110212445259094,0.24079790711402893,-0.011094696819782257,0.37166091799736023,0.2766004800796509,-0.01602993719279766,0.36824479699134827,0.29072248935699463,-0.016648700460791588,0.341017484664917,0.26456984877586365,-0.001588465296663344,0.3468720614910126,0.24333453178405762,-0.01308602187782526,0.35147497057914734,0.2766112685203552,-0.010434446856379509,0.3492630422115326,0.2915525436401367,-0.005641061346977949,0.31663763523101807,0.2699684202671051,-0.005150026176124811,0.32631397247314453,0.2503933906555176,-0.009818759746849537,0.3318597078323364,0.27308541536331177,-0.003782477928325534,0.33011308312416077,0.2868615388870239,0.0024435778614133596,high
