landmark_0_x,landmark_0_y,landmark_0_z,landmark_1_x,landmark_1_y,landmark_1_z,landmark_2_x,landmark_2_y,landmark_2_z,landmark_3_x,landmark_3_y,landmark_3_z,landmark_4_x,landmark_4_y,landmark_4_z,landmark_5_x,landmark_5_y,landmark_5_z,landmark_6_x,landmark_6_y,landmark_6_z,landmark_7_x,landmark_7_y,landmark_7_z,landmark_8_x,landmark_8_y,landmark_8_z,landmark_9_x,landmark_9_y,landmark_9_z,landmark_10_x,landmark_10_y,landmark_10_z,landmark_11_x,landmark_11_y,landmark_11_z,landmark_12_x,landmark_12_y,landmark_12_z,landmark_13_x,landmark_13_y,landmark_13_z,landmark_14_x,landmark_14_y,landmark_14_z,landmark_15_x,landmark_15_y,landmark_15_z,landmark_16_x,landmark_16_y,landmark_16_z,landmark_17_x,landmark_17_y,landmark_17_z,landmark_18_x,landmark_18_y,landmark_18_z,landmark_19_x,landmark_19_y,landmark_19_z,landmark_20_x,landmark_20_y,landmark_20_z,class
0.18729883432388306,0.31480270624160767,-8.892944691751836e-08,0.2331366389989853,0.28737688064575195,-0.009758532047271729,0.26727229356765747,0.2521248459815979,-0.013609180226922035,0.2605438828468323,0.20655053853988647,-0.018429284915328026,0.22782817482948303,0.20790740847587585,-0.020652877166867256,0.241411030292511,0.2025192379951477,0.007294845767319202,0.2532545030117035,0.17072981595993042,-0.007301259785890579,0.24764494597911835,0.2056303322315216,-0.017519231885671616,0.24422676861286163,0.22347883880138397,-0.02276686392724514,0.21988822519779205,0.19709303975105286,0.005150494631379843,0.227952241897583,0.16811701655387878,-0.009827431291341782,0.22363728284835815,0.2058204710483551,-0.01606874167919159,0.22121202945709229,0.22000804543495178,-0.01646767184138298,0.19806122779846191,0.19648954272270203,-4.53367865702603e-05,0.20256462693214417,0.17176403105258942,-0.013974014669656754,0.20276908576488495,0.20556683838367462,-0.011196119710803032,0.20182295143604279,0.2190890610218048,-0.005198504310101271,0.17346248030662537,0.19933775067329407,-0.006414984352886677,0.18154603242874146,0.17784669995307922,-0.010937189683318138,0.18390773236751556,0.2019948959350586,-0.0037851454690098763,0.18256719410419464,0.21694019436836243,0.0034909432288259268,high
