landmark_0_x,landmark_0_y,landmark_0_z,landmark_1_x,landmark_1_y,landmark_1_z,landmark_2_x,landmark_2_y,landmark_2_z,landmark_3_x,landmark_3_y,landmark_3_z,landmark_4_x,landmark_4_y,landmark_4_z,landmark_5_x,landmark_5_y,landmark_5_z,landmark_6_x,landmark_6_y,landmark_6_z,landmark_7_x,landmark_7_y,landmark_7_z,landmark_8_x,landmark_8_y,landmark_8_z,landmark_9_x,landmark_9_y,landmark_9_z,landmark_10_x,landmark_10_y,landmark_10_z,landmark_11_x,landmark_11_y,landmark_11_z,landmark_12_x,landmark_12_y,landmark_12_z,landmark_13_x,landmark_13_y,landmark_13_z,landmark_14_x,landmark_14_y,landmark_14_z,landmark_15_x,landmark_15_y,landmark_15_z,landmark_16_x,landmark_16_y,landmark_16_z,landmark_17_x,landmark_17_y,landmark_17_z,landmark_18_x,landmark_18_y,landmark_18_z,landmark_19_x,landmark_19_y,landmark_19_z,landmark_20_x,landmark_20_y,landmark_20_z,class
0.17699992656707764,0.49423930048942566,-1.4188036345785804e-07,0.22919969260692596,0.4622527062892914,-0.017671963199973106,0.27341994643211365,0.416500449180603,-0.023070381954312325,0.2599976062774658,0.3637291491031647,-0.028474781662225723,0.218449205160141,0.36586901545524597,-0.03003161959350109,0.24485540390014648,0.3541501760482788,0.007456169929355383,0.2577178180217743,0.31666111946105957,-0.010417608544230461,0.24639098346233368,0.35862770676612854,-0.02181854285299778,0.2423134446144104,0.375585675239563,-0.02766828052699566,0.21682634949684143,0.3466669023036957,0.007164869457483292,0.22455674409866333,0.3125770092010498,-0.0130173210054636,0.21675124764442444,0.3588140606880188,-0.02087216265499592,0.21543331444263458,0.3700629472732544,-0.020813964307308197,0.19038109481334686,0.34629908204078674,0.0023499808739870787,0.19265832006931305,0.31644371151924133,-0.015436578541994095,0.189878910779953,0.3568599820137024,-0.01237102784216404,0.18937495350837708,0.3658049404621124,-0.0052290428429841995,0.16191750764846802,0.35093891620635986,-0.004565808456391096,0.17002570629119873,0.3246456980705261,-0.009453966282308102,0.16944923996925354,0.35235026478767395,-0.0009288684814237058,0.16681572794914246,0.3658531904220581,0.007576195523142815,high
