landmark_0_x,landmark_0_y,landmark_0_z,landmark_1_x,landmark_1_y,landmark_1_z,landmark_2_x,landmark_2_y,landmark_2_z,landmark_3_x,landmark_3_y,landmark_3_z,landmark_4_x,landmark_4_y,landmark_4_z,landmark_5_x,landmark_5_y,landmark_5_z,landmark_6_x,landmark_6_y,landmark_6_z,landmark_7_x,landmark_7_y,landmark_7_z,landmark_8_x,landmark_8_y,landmark_8_z,landmark_9_x,landmark_9_y,landmark_9_z,landmark_10_x,landmark_10_y,landmark_10_z,landmark_11_x,landmark_11_y,landmark_11_z,landmark_12_x,landmark_12_y,landmark_12_z,landmark_13_x,landmark_13_y,landmark_13_z,landmark_14_x,landmark_14_y,landmark_14_z,landmark_15_x,landmark_15_y,landmark_15_z,landmark_16_x,landmark_16_y,landmark_16_z,landmark_17_x,landmark_17_y,landmark_17_z,landmark_18_x,landmark_18_y,landmark_18_z,landmark_19_x,landmark_19_y,landmark_19_z,landmark_20_x,landmark_20_y,landmark_20_z,class
0.07042063027620316,0.42967015504837036,-1.9599353606736258e-07,0.1343584656715393,0.39774471521377563,-0.028549907729029655,0.19534926116466522,0.3348269462585449,-0.036363087594509125,0.1797596663236618,0.2639276087284088,-0.041599124670028687,0.12730281054973602,0.26206719875335693,-0.03933782875537872,0.17192186415195465,0.26420852541923523,0.001973095815628767,0.1783784031867981,0.21463172137737274,-0.024826206266880035,0.16235138475894928,0.2758198380470276,-0.037324510514736176,0.16349908709526062,0.2924458980560303,-0.042966295033693314,0.13317543268203735,0.2501941919326782,0.003327473532408476,0.13670101761817932,0.2054755538702011,-0.025551019236445427,0.12393537163734436,0.27944499254226685,-0.02870575338602066,0.12847308814525604,0.28505951166152954,-0.022960711270570755,0.09423937648534775,0.24574226140975952,-0.002250750781968236,0.09137050807476044,0.20758523046970367,-0.03431018814444542,0.08693476021289825,0.2791746258735657,-0.02348778210580349,0.09381420910358429,0.2861419916152954,-0.007226659916341305,0.05199240893125534,0.24621807038784027,-0.01051477249711752,0.055310871452093124,0.21651709079742432,-0.023814721032977104,0.055291593074798584,0.2667364180088043,-0.00917682982981205,0.05606945604085922,0.28076356649398804,0.005922325421124697,high
