landmark_0_x,landmark_0_y,landmark_0_z,landmark_1_x,landmark_1_y,landmark_1_z,landmark_2_x,landmark_2_y,landmark_2_z,landmark_3_x,landmark_3_y,landmark_3_z,landmark_4_x,landmark_4_y,landmark_4_z,landmark_5_x,landmark_5_y,landmark_5_z,landmark_6_x,landmark_6_y,landmark_6_z,landmark_7_x,landmark_7_y,landmark_7_z,landmark_8_x,landmark_8_y,landmark_8_z,landmark_9_x,landmark_9_y,landmark_9_z,landmark_10_x,landmark_10_y,landmark_10_z,landmark_11_x,landmark_11_y,landmark_11_z,landmark_12_x,landmark_12_y,landmark_12_z,landmark_13_x,landmark_13_y,landmark_13_z,landmark_14_x,landmark_14_y,landmark_14_z,landmark_15_x,landmark_15_y,landmark_15_z,landmark_16_x,landmark_16_y,landmark_16_z,landmark_17_x,landmark_17_y,landmark_17_z,landmark_18_x,landmark_18_y,landmark_18_z,landmark_19_x,landmark_19_y,landmark_19_z,landmark_20_x,landmark_20_y,landmark_20_z,class
0.19204743206501007,0.3058095872402191,-1.275286081181548e-07,0.23536372184753418,0.28151369094848633,-0.010732852853834629,0.26990029215812683,0.24781440198421478,-0.01421946007758379,0.2632259726524353,0.20433390140533447,-0.018150532618165016,0.23345571756362915,0.199751079082489,-0.019386105239391327,0.24774816632270813,0.2020302265882492,0.006427341606467962,0.2569316029548645,0.1692669838666916,-0.007323349826037884,0.24999232590198517,0.20396818220615387,-0.016119634732604027,0.24640755355358124,0.22071638703346252,-0.020267529413104057,0.22639724612236023,0.19497056305408478,0.005501189734786749,0.23174652457237244,0.16723096370697021,-0.008799128234386444,0.22656193375587463,0.20487570762634277,-0.013842427171766758,0.22443099319934845,0.21779534220695496,-0.013298879377543926,0.20448274910449982,0.19344928860664368,0.001484179636463523,0.20595495402812958,0.1692970097064972,-0.012694044038653374,0.20548859238624573,0.2041989415884018,-0.00909368135035038,0.20479074120521545,0.21718674898147583,-0.0023673323448747396,0.17943471670150757,0.19548875093460083,-0.0036289533600211143,0.1842028647661209,0.17396530508995056,-0.00894703809171915,0.18617714941501617,0.19855652749538422,-0.0015763100236654282,0.18545351922512054,0.2126903533935547,0.006218709051609039,high
