landmark_0_x,landmark_0_y,landmark_0_z,landmark_1_x,landmark_1_y,landmark_1_z,landmark_2_x,landmark_2_y,landmark_2_z,landmark_3_x,landmark_3_y,landmark_3_z,landmark_4_x,landmark_4_y,landmark_4_z,landmark_5_x,landmark_5_y,landmark_5_z,landmark_6_x,landmark_6_y,landmark_6_z,landmark_7_x,landmark_7_y,landmark_7_z,landmark_8_x,landmark_8_y,landmark_8_z,landmark_9_x,landmark_9_y,landmark_9_z,landmark_10_x,landmark_10_y,landmark_10_z,landmark_11_x,landmark_11_y,landmark_11_z,landmark_12_x,landmark_12_y,landmark_12_z,landmark_13_x,landmark_13_y,landmark_13_z,landmark_14_x,landmark_14_y,landmark_14_z,landmark_15_x,landmark_15_y,landmark_15_z,landmark_16_x,landmark_16_y,landmark_16_z,landmark_17_x,landmark_17_y,landmark_17_z,landmark_18_x,landmark_18_y,landmark_18_z,landmark_19_x,landmark_19_y,landmark_19_z,landmark_20_x,landmark_20_y,landmark_20_z,class
0.1975797861814499,0.3596832752227783,-3.368446499507627e-08,0.2530498206615448,0.3374330997467041,-0.0111942607909441,0.29938051104545593,0.2998983561992645,-0.013499600812792778,0.29729992151260376,0.24514000117778778,-0.01655171625316143,0.2578999698162079,0.23920892179012299,-0.017525944858789444,0.2745945155620575,0.24408289790153503,0.012263428419828415,0.2927095890045166,0.21730607748031616,-0.0017582433065399528,0.28560730814933777,0.2503611445426941,-0.013888205401599407,0.2777077257633209,0.2681829631328583,-0.020490393042564392,0.24931924045085907,0.23218774795532227,0.01082987617701292,0.2616044878959656,0.2014647275209427,-0.004191888961941004,0.2571466863155365,0.23996907472610474,-0.013489842414855957,0.2524253726005554,0.2590065002441406,-0.01538929995149374,0.22309571504592896,0.22727778553962708,0.006149667780846357,0.22834068536758423,0.19823676347732544,-0.009545273147523403,0.23030707240104675,0.23887966573238373,-0.009251868352293968,0.22956953942775726,0.2605557441711426,-0.003807296510785818,0.19326308369636536,0.2273593246936798,0.00040342198917642236,0.20284344255924225,0.201818585395813,-0.006128467153757811,0.2060374617576599,0.23078301548957825,0.0006782676209695637,0.2051365077495575,0.2522463798522949,0.00864908192306757,high
