landmark_0_x,landmark_0_y,landmark_0_z,landmark_1_x,landmark_1_y,landmark_1_z,landmark_2_x,landmark_2_y,landmark_2_z,landmark_3_x,landmark_3_y,landmark_3_z,landmark_4_x,landmark_4_y,landmark_4_z,landmark_5_x,landmark_5_y,landmark_5_z,landmark_6_x,landmark_6_y,landmark_6_z,landmark_7_x,landmark_7_y,landmark_7_z,landmark_8_x,landmark_8_y,landmark_8_z,landmark_9_x,landmark_9_y,landmark_9_z,landmark_10_x,landmark_10_y,landmark_10_z,landmark_11_x,landmark_11_y,landmark_11_z,landmark_12_x,landmark_12_y,landmark_12_z,landmark_13_x,landmark_13_y,landmark_13_z,landmark_14_x,landmark_14_y,landmark_14_z,landmark_15_x,landmark_15_y,landmark_15_z,landmark_16_x,landmark_16_y,landmark_16_z,landmark_17_x,landmark_17_y,landmark_17_z,landmark_18_x,landmark_18_y,landmark_18_z,landmark_19_x,landmark_19_y,landmark_19_z,landmark_20_x,landmark_20_y,landmark_20_z,class
0.41245558857917786,0.4710622727870941,-7.184488026723557e-08,0.4424129128456116,0.4522872567176819,-0.011038394644856453,0.4717823266983032,0.42115363478660583,-0.01469762995839119,0.4698312282562256,0.3869880139827728,-0.01796051114797592,0.4442368149757385,0.3846037685871124,-0.019179577007889748,0.44585928320884705,0.3756101429462433,0.0010791206732392311,0.45427218079566956,0.3577571213245392,-0.010711267590522766,0.4534578323364258,0.3883403539657593,-0.018282204866409302,0.4513449966907501,0.3983004093170166,-0.022075414657592773,0.4287438988685608,0.3735266625881195,0.0011226674541831017,0.4358382821083069,0.3587576746940613,-0.009452416561543941,0.4358747601509094,0.39173057675361633,-0.012620470486581326,0.43301260471343994,0.3975686728954315,-0.012528517283499241,0.41163370013237,0.3768216371536255,-0.0014468420995399356,0.4175057113170624,0.3632867932319641,-0.011992648243904114,0.4194967448711395,0.39369747042655945,-0.0077483137138187885,0.4170493185520172,0.4003848433494568,-0.00246995291672647,0.39205092191696167,0.38316068053245544,-0.005178044084459543,0.40083980560302734,0.37036314606666565,-0.008465076796710491,0.4041306674480438,0.39135685563087463,-0.0015564269851893187,0.40199485421180725,0.39919108152389526,0.004689536523073912,high
