landmark_0_x,landmark_0_y,landmark_0_z,landmark_1_x,landmark_1_y,landmark_1_z,landmark_2_x,landmark_2_y,landmark_2_z,landmark_3_x,landmark_3_y,landmark_3_z,landmark_4_x,landmark_4_y,landmark_4_z,landmark_5_x,landmark_5_y,landmark_5_z,landmark_6_x,landmark_6_y,landmark_6_z,landmark_7_x,landmark_7_y,landmark_7_z,landmark_8_x,landmark_8_y,landmark_8_z,landmark_9_x,landmark_9_y,landmark_9_z,landmark_10_x,landmark_10_y,landmark_10_z,landmark_11_x,landmark_11_y,landmark_11_z,landmark_12_x,landmark_12_y,landmark_12_z,landmark_13_x,landmark_13_y,landmark_13_z,landmark_14_x,landmark_14_y,landmark_14_z,landmark_15_x,landmark_15_y,landmark_15_z,landmark_16_x,landmark_16_y,landmark_16_z,landmark_17_x,landmark_17_y,landmark_17_z,landmark_18_x,landmark_18_y,landmark_18_z,landmark_19_x,landmark_19_y,landmark_19_z,landmark_20_x,landmark_20_y,landmark_20_z,class
0.07859310507774353,0.4328608512878418,-1.3025299949731561e-07,0.13893486559391022,0.4039354622364044,-0.02664981223642826,0.1937151700258255,0.3466457724571228,-0.03361650928854942,0.17653819918632507,0.28057771921157837,-0.03821044787764549,0.1250634789466858,0.2799481749534607,-0.03645898774266243,0.16573433578014374,0.2813688814640045,0.0034426641650497913,0.17305231094360352,0.2334926426410675,-0.021343223750591278,0.15891963243484497,0.2888070344924927,-0.03337813541293144,0.15711508691310883,0.3072998821735382,-0.0380244255065918,0.12923485040664673,0.268007755279541,0.005853505339473486,0.1327120065689087,0.22927597165107727,-0.019457854330539703,0.12194845080375671,0.2954031825065613,-0.023257305845618248,0.12511226534843445,0.30108192563056946,-0.018455343320965767,0.09274417161941528,0.263765811920166,0.0017413354944437742,0.09236656129360199,0.23159590363502502,-0.02601265162229538,0.08849069476127625,0.2940531075000763,-0.01745704561471939,0.09271393716335297,0.2999793291091919,-0.0034917339216917753,0.052958615124225616,0.2645464837551117,-0.004797880072146654,0.059552162885665894,0.2382073849439621,-0.0154405003413558,0.060231007635593414,0.28153014183044434,-0.0023048503790050745,0.05995126813650131,0.29398825764656067,0.011431285180151463,high
