landmark_0_x,landmark_0_y,landmark_0_z,landmark_1_x,landmark_1_y,landmark_1_z,landmark_2_x,landmark_2_y,landmark_2_z,landmark_3_x,landmark_3_y,landmark_3_z,landmark_4_x,landmark_4_y,landmark_4_z,landmark_5_x,landmark_5_y,landmark_5_z,landmark_6_x,landmark_6_y,landmark_6_z,landmark_7_x,landmark_7_y,landmark_7_z,landmark_8_x,landmark_8_y,landmark_8_z,landmark_9_x,landmark_9_y,landmark_9_z,landmark_10_x,landmark_10_y,landmark_10_z,landmark_11_x,landmark_11_y,landmark_11_z,landmark_12_x,landmark_12_y,landmark_12_z,landmark_13_x,landmark_13_y,landmark_13_z,landmark_14_x,landmark_14_y,landmark_14_z,landmark_15_x,landmark_15_y,landmark_15_z,landmark_16_x,landmark_16_y,landmark_16_z,landmark_17_x,landmark_17_y,landmark_17_z,landmark_18_x,landmark_18_y,landmark_18_z,landmark_19_x,landmark_19_y,landmark_19_z,landmark_20_x,landmark_20_y,landmark_20_z,class
0.22104942798614502,0.40065333247184753,-1.6175091843706468e-07,0.2757778763771057,0.38539958000183105,-0.014364175498485565,0.3239249587059021,0.34771883487701416,-0.017367126420140266,0.3225553333759308,0.292406290769577,-0.020731516182422638,0.2856850028038025,0.285162091255188,-0.020443551242351532,0.30029425024986267,0.2794591188430786,0.008236764930188656,0.3158511221408844,0.24699707329273224,-0.01022680290043354,0.3034593164920807,0.2897021472454071,-0.02025946043431759,0.2985740602016449,0.3078297972679138,-0.024341391399502754,0.2751274108886719,0.26832205057144165,0.0069046830758452415,0.2855229675769806,0.2387581169605255,-0.013090834952890873,0.27469080686569214,0.2890758216381073,-0.018015459179878235,0.2731803059577942,0.3010033667087555,-0.015510519966483116,0.24876628816127777,0.26382648944854736,0.0011422510724514723,0.25358808040618896,0.23777398467063904,-0.020333923399448395,0.24817296862602234,0.2865024209022522,-0.015779033303260803,0.2483193278312683,0.29947689175605774,-0.006066118832677603,0.21846458315849304,0.26285651326179504,-0.005929392296820879,0.22714562714099884,0.2389426827430725,-0.014300186187028885,0.22550687193870544,0.27344223856925964,-0.005134995095431805,0.22322875261306763,0.28957250714302063,0.004948523361235857,high
