landmark_0_x,landmark_0_y,landmark_0_z,landmark_1_x,landmark_1_y,landmark_1_z,landmark_2_x,landmark_2_y,landmark_2_z,landmark_3_x,landmark_3_y,landmark_3_z,landmark_4_x,landmark_4_y,landmark_4_z,landmark_5_x,landmark_5_y,landmark_5_z,landmark_6_x,landmark_6_y,landmark_6_z,landmark_7_x,landmark_7_y,landmark_7_z,landmark_8_x,landmark_8_y,landmark_8_z,landmark_9_x,landmark_9_y,landmark_9_z,landmark_10_x,landmark_10_y,landmark_10_z,landmark_11_x,landmark_11_y,landmark_11_z,landmark_12_x,landmark_12_y,landmark_12_z,landmark_13_x,landmark_13_y,landmark_13_z,landmark_14_x,landmark_14_y,landmark_14_z,landmark_15_x,landmark_15_y,landmark_15_z,landmark_16_x,landmark_16_y,landmark_16_z,landmark_17_x,landmark_17_y,landmark_17_z,landmark_18_x,landmark_18_y,landmark_18_z,landmark_19_x,landmark_19_y,landmark_19_z,landmark_20_x,landmark_20_y,landmark_20_z,class
0.20042559504508972,0.24679404497146606,1.3791126463047476e-08,0.2460935264825821,0.21823984384536743,-0.01365781668573618,0.2837212085723877,0.17797136306762695,-0.017667733132839203,0.278289794921875,0.12665310502052307,-0.021859953179955482,0.24559321999549866,0.1206950843334198,-0.024897590279579163,0.25287070870399475,0.12666279077529907,0.0038314678240567446,0.26334714889526367,0.09300350397825241,-0.00920760165899992,0.26601994037628174,0.11333228647708893,-0.022104237228631973,0.2671909034252167,0.13114270567893982,-0.02977876551449299,0.2286836802959442,0.11889231950044632,0.0041923620738089085,0.2318606674671173,0.08325138688087463,-0.0073355394415557384,0.24033012986183167,0.10155351459980011,-0.017910907045006752,0.24623437225818634,0.1168002188205719,-0.023177044466137886,0.20499427616596222,0.11876396834850311,0.0017317294841632247,0.2034359723329544,0.08445419371128082,-0.009372047148644924,0.21590977907180786,0.1024976447224617,-0.012578660622239113,0.22461168467998505,0.11831708252429962,-0.012199756689369678,0.17926697432994843,0.1259767860174179,-0.0022293825168162584,0.1821475327014923,0.09497825801372528,-0.007590680383145809,0.19036614894866943,0.11132051795721054,-0.0038559134118258953,0.19450367987155914,0.13123826682567596,0.0006130434921942651,high
