landmark_0_x,landmark_0_y,landmark_0_z,landmark_1_x,landmark_1_y,landmark_1_z,landmark_2_x,landmark_2_y,landmark_2_z,landmark_3_x,landmark_3_y,landmark_3_z,landmark_4_x,landmark_4_y,landmark_4_z,landmark_5_x,landmark_5_y,landmark_5_z,landmark_6_x,landmark_6_y,landmark_6_z,landmark_7_x,landmark_7_y,landmark_7_z,landmark_8_x,landmark_8_y,landmark_8_z,landmark_9_x,landmark_9_y,landmark_9_z,landmark_10_x,landmark_10_y,landmark_10_z,landmark_11_x,landmark_11_y,landmark_11_z,landmark_12_x,landmark_12_y,landmark_12_z,landmark_13_x,landmark_13_y,landmark_13_z,landmark_14_x,landmark_14_y,landmark_14_z,landmark_15_x,landmark_15_y,landmark_15_z,landmark_16_x,landmark_16_y,landmark_16_z,landmark_17_x,landmark_17_y,landmark_17_z,landmark_18_x,landmark_18_y,landmark_18_z,landmark_19_x,landmark_19_y,landmark_19_z,landmark_20_x,landmark_20_y,landmark_20_z,class
0.155038520693779,0.44037315249443054,-5.195567354121522e-08,0.18161246180534363,0.41604378819465637,-0.00922327022999525,0.20455729961395264,0.38246577978134155,-0.011401877738535404,0.1956007480621338,0.3540295362472534,-0.013281038030982018,0.1728370189666748,0.35693657398223877,-0.013134420849382877,0.18518313765525818,0.35674262046813965,0.0035751701798290014,0.1845458298921585,0.3369225561618805,-0.007293583359569311,0.18446236848831177,0.36139100790023804,-0.014061233960092068,0.1858559101819992,0.37354135513305664,-0.01681395433843136,0.1669890433549881,0.3544406294822693,0.004141580313444138,0.16284121572971344,0.34014517068862915,-0.0064847432076931,0.1648881435394287,0.36752772331237793,-0.00976519100368023,0.1678195297718048,0.3759482502937317,-0.00886576622724533,0.1495136171579361,0.3571832776069641,0.002237241016700864,0.14371931552886963,0.34526097774505615,-0.007693534251302481,0.14836542308330536,0.37086838483810425,-0.004435480572283268,0.15229958295822144,0.3788631558418274,0.00068941485369578,0.13118107616901398,0.3638560175895691,-0.0006628548726439476,0.13009236752986908,0.35258376598358154,-0.003922055475413799,0.13363906741142273,0.3704345226287842,0.0016540270298719406,0.13659334182739258,0.3785472810268402,0.0075236838310956955,high
