landmark_0_x,landmark_0_y,landmark_0_z,landmark_1_x,landmark_1_y,landmark_1_z,landmark_2_x,landmark_2_y,landmark_2_z,landmark_3_x,landmark_3_y,landmark_3_z,landmark_4_x,landmark_4_y,landmark_4_z,landmark_5_x,landmark_5_y,landmark_5_z,landmark_6_x,landmark_6_y,landmark_6_z,landmark_7_x,landmark_7_y,landmark_7_z,landmark_8_x,landmark_8_y,landmark_8_z,landmark_9_x,landmark_9_y,landmark_9_z,landmark_10_x,landmark_10_y,landmark_10_z,landmark_11_x,landmark_11_y,landmark_11_z,landmark_12_x,landmark_12_y,landmark_12_z,landmark_13_x,landmark_13_y,landmark_13_z,landmark_14_x,landmark_14_y,landmark_14_z,landmark_15_x,landmark_15_y,landmark_15_z,landmark_16_x,landmark_16_y,landmark_16_z,landmark_17_x,landmark_17_y,landmark_17_z,landmark_18_x,landmark_18_y,landmark_18_z,landmark_19_x,landmark_19_y,landmark_19_z,landmark_20_x,landmark_20_y,landmark_20_z,class
0.3042386770248413,0.5076565742492676,-1.3832091383392253e-07,0.36133843660354614,0.4801746606826782,-0.01723133958876133,0.4112629294395447,0.43831223249435425,-0.023607058450579643,0.405379056930542,0.3824115991592407,-0.029981117695569992,0.3619086444377899,0.38211193680763245,-0.032696884125471115,0.38199228048324585,0.3612103760242462,0.004090519156306982,0.39654624462127686,0.32551971077919006,-0.014084914699196815,0.3859144151210785,0.373280793428421,-0.025502413511276245,0.38239166140556335,0.3900846838951111,-0.03168611228466034,0.35369110107421875,0.35303795337677,0.0027321944944560528,0.3642663359642029,0.32095521688461304,-0.015718648210167885,0.35704880952835083,0.3721563220024109,-0.021403227001428604,0.35523873567581177,0.3822670876979828,-0.02093331143260002,0.32506075501441956,0.3533555567264557,-0.002842248184606433,0.33074548840522766,0.32575175166130066,-0.020598813891410828,0.32939741015434265,0.3723497986793518,-0.015121147967875004,0.3288370966911316,0.3836016356945038,-0.006708603817969561,0.293354332447052,0.35877516865730286,-0.010319016873836517,0.3029840588569641,0.3311920762062073,-0.015093427151441574,0.3050076961517334,0.36388880014419556,-0.003876440692692995,0.3028560280799866,0.380109965801239,0.006450816988945007,high
