landmark_0_x,landmark_0_y,landmark_0_z,landmark_1_x,landmark_1_y,landmark_1_z,landmark_2_x,landmark_2_y,landmark_2_z,landmark_3_x,landmark_3_y,landmark_3_z,landmark_4_x,landmark_4_y,landmark_4_z,landmark_5_x,landmark_5_y,landmark_5_z,landmark_6_x,landmark_6_y,landmark_6_z,landmark_7_x,landmark_7_y,landmark_7_z,landmark_8_x,landmark_8_y,landmark_8_z,landmark_9_x,landmark_9_y,landmark_9_z,landmark_10_x,landmark_10_y,landmark_10_z,landmark_11_x,landmark_11_y,landmark_11_z,landmark_12_x,landmark_12_y,landmark_12_z,landmark_13_x,landmark_13_y,landmark_13_z,landmark_14_x,landmark_14_y,landmark_14_z,landmark_15_x,landmark_15_y,landmark_15_z,landmark_16_x,landmark_16_y,landmark_16_z,landmark_17_x,landmark_17_y,landmark_17_z,landmark_18_x,landmark_18_y,landmark_18_z,landmark_19_x,landmark_19_y,landmark_19_z,landmark_20_x,landmark_20_y,landmark_20_z,class
0.4060068130493164,0.4581040143966675,-2.5708513362587837e-07,0.4616129994392395,0.4443880319595337,-0.018427690491080284,0.5163000226020813,0.40686240792274475,-0.02469860389828682,0.5164397358894348,0.35047847032546997,-0.03019559010863304,0.4774109125137329,0.33637118339538574,-0.03110630251467228,0.4938129186630249,0.335346519947052,-0.0017591343494132161,0.5091061592102051,0.2951020300388336,-0.022402780130505562,0.49296891689300537,0.3458808660507202,-0.0322364866733551,0.4880395829677582,0.3581660985946655,-0.03687938302755356,0.46373116970062256,0.3213023841381073,-0.0016650926554575562,0.4772537350654602,0.29146069288253784,-0.02283056452870369,0.4632548689842224,0.351166695356369,-0.025721974670886993,0.4589413106441498,0.35226958990097046,-0.023169254884123802,0.4339456260204315,0.31453922390937805,-0.00583932688459754,0.44382309913635254,0.2848948538303375,-0.029066873714327812,0.4346224069595337,0.3442228138446808,-0.019727835431694984,0.43068817257881165,0.35088175535202026,-0.007897431962192059,0.4003005623817444,0.3096606135368347,-0.011511338874697685,0.41395673155784607,0.2876126170158386,-0.02115233615040779,0.4102118909358978,0.32932305335998535,-0.009016899392008781,0.40468698740005493,0.34059062600135803,0.0027292221784591675,high
