landmark_0_x,landmark_0_y,landmark_0_z,landmark_1_x,landmark_1_y,landmark_1_z,landmark_2_x,landmark_2_y,landmark_2_z,landmark_3_x,landmark_3_y,landmark_3_z,landmark_4_x,landmark_4_y,landmark_4_z,landmark_5_x,landmark_5_y,landmark_5_z,landmark_6_x,landmark_6_y,landmark_6_z,landmark_7_x,landmark_7_y,landmark_7_z,landmark_8_x,landmark_8_y,landmark_8_z,landmark_9_x,landmark_9_y,landmark_9_z,landmark_10_x,landmark_10_y,landmark_10_z,landmark_11_x,landmark_11_y,landmark_11_z,landmark_12_x,landmark_12_y,landmark_12_z,landmark_13_x,landmark_13_y,landmark_13_z,landmark_14_x,landmark_14_y,landmark_14_z,landmark_15_x,landmark_15_y,landmark_15_z,landmark_16_x,landmark_16_y,landmark_16_z,landmark_17_x,landmark_17_y,landmark_17_z,landmark_18_x,landmark_18_y,landmark_18_z,landmark_19_x,landmark_19_y,landmark_19_z,landmark_20_x,landmark_20_y,landmark_20_z,class
0.13913433253765106,0.2731028199195862,-1.0931560012750197e-07,0.19385604560375214,0.24990910291671753,-0.013062935322523117,0.23740532994270325,0.2076527178287506,-0.016034193336963654,0.22943656146526337,0.15307748317718506,-0.019192155450582504,0.19120952486991882,0.14609922468662262,-0.019683467224240303,0.2146851122379303,0.15010669827461243,0.006703439634293318,0.2295425534248352,0.11261790990829468,-0.00752614950761199,0.21799235045909882,0.150530606508255,-0.017354127019643784,0.21211008727550507,0.17132055759429932,-0.02249639667570591,0.1886606514453888,0.14059916138648987,0.00595615291967988,0.19730286300182343,0.10586778819561005,-0.009015330113470554,0.1883205622434616,0.14922434091567993,-0.014836040325462818,0.18576380610466003,0.16691870987415314,-0.014744577929377556,0.16186407208442688,0.13747920095920563,0.001825115643441677,0.1651165932416916,0.10560932755470276,-0.013881072402000427,0.16252054274082184,0.14808836579322815,-0.01064554788172245,0.16191530227661133,0.16786031424999237,-0.003735420759767294,0.13125286996364594,0.13837555050849915,-0.0035558976233005524,0.13897748291492462,0.10893628746271133,-0.010309264063835144,0.1400657594203949,0.14020733535289764,-0.002253969432786107,0.13856768608093262,0.16170860826969147,0.006336351856589317,high
