landmark_0_x,landmark_0_y,landmark_0_z,landmark_1_x,landmark_1_y,landmark_1_z,landmark_2_x,landmark_2_y,landmark_2_z,landmark_3_x,landmark_3_y,landmark_3_z,landmark_4_x,landmark_4_y,landmark_4_z,landmark_5_x,landmark_5_y,landmark_5_z,landmark_6_x,landmark_6_y,landmark_6_z,landmark_7_x,landmark_7_y,landmark_7_z,landmark_8_x,landmark_8_y,landmark_8_z,landmark_9_x,landmark_9_y,landmark_9_z,landmark_10_x,landmark_10_y,landmark_10_z,landmark_11_x,landmark_11_y,landmark_11_z,landmark_12_x,landmark_12_y,landmark_12_z,landmark_13_x,landmark_13_y,landmark_13_z,landmark_14_x,landmark_14_y,landmark_14_z,landmark_15_x,landmark_15_y,landmark_15_z,landmark_16_x,landmark_16_y,landmark_16_z,landmark_17_x,landmark_17_y,landmark_17_z,landmark_18_x,landmark_18_y,landmark_18_z,landmark_19_x,landmark_19_y,landmark_19_z,landmark_20_x,landmark_20_y,landmark_20_z,class
0.4448242783546448,0.3578902781009674,-2.1200813193900103e-07,0.4865494966506958,0.3368185758590698,-0.012282014824450016,0.5258089303970337,0.30116701126098633,-0.019013438373804092,0.5281824469566345,0.25207656621932983,-0.02650456503033638,0.49677160382270813,0.247283473610878,-0.03291897103190422,0.49876660108566284,0.2370174676179886,-0.005997030064463615,0.5053628087043762,0.1967875361442566,-0.021511254832148552,0.5052388906478882,0.2199723869562149,-0.03062506578862667,0.5042878985404968,0.23576605319976807,-0.035573817789554596,0.4752715528011322,0.23554708063602448,-0.008234928362071514,0.4813389480113983,0.2098226696252823,-0.025919044390320778,0.48251742124557495,0.2543189227581024,-0.030657416209578514,0.4799547791481018,0.2734587788581848,-0.030867477878928185,0.45234179496765137,0.2400272786617279,-0.012855867855250835,0.45599451661109924,0.21314877271652222,-0.031250521540641785,0.4605775773525238,0.25321096181869507,-0.026955153793096542,0.45847177505493164,0.27328020334243774,-0.020147738978266716,0.4271504282951355,0.24772417545318604,-0.018564382568001747,0.43538612127304077,0.2198987752199173,-0.028782762587070465,0.44246765971183777,0.247229665517807,-0.02207254432141781,0.44171491265296936,0.26634037494659424,-0.014862263575196266,high
