landmark_0_x,landmark_0_y,landmark_0_z,landmark_1_x,landmark_1_y,landmark_1_z,landmark_2_x,landmark_2_y,landmark_2_z,landmark_3_x,landmark_3_y,landmark_3_z,landmark_4_x,landmark_4_y,landmark_4_z,landmark_5_x,landmark_5_y,landmark_5_z,landmark_6_x,landmark_6_y,landmark_6_z,landmark_7_x,landmark_7_y,landmark_7_z,landmark_8_x,landmark_8_y,landmark_8_z,landmark_9_x,landmark_9_y,landmark_9_z,landmark_10_x,landmark_10_y,landmark_10_z,landmark_11_x,landmark_11_y,landmark_11_z,landmark_12_x,landmark_12_y,landmark_12_z,landmark_13_x,landmark_13_y,landmark_13_z,landmark_14_x,landmark_14_y,landmark_14_z,landmark_15_x,landmark_15_y,landmark_15_z,landmark_16_x,landmark_16_y,landmark_16_z,landmark_17_x,landmark_17_y,landmark_17_z,landmark_18_x,landmark_18_y,landmark_18_z,landmark_19_x,landmark_19_y,landmark_19_z,landmark_20_x,landmark_20_y,landmark_20_z,class
0.14392195641994476,0.48992374539375305,-9.900722375277837e-08,0.19588005542755127,0.45927464962005615,-0.017035245895385742,0.23922786116600037,0.4115447402000427,-0.022364730015397072,0.22593644261360168,0.3595254123210907,-0.027639850974082947,0.1829400360584259,0.36414632201194763,-0.029510775581002235,0.2112588733434677,0.3477771282196045,0.004540012218058109,0.22332654893398285,0.31428518891334534,-0.013234058395028114,0.21444523334503174,0.35585498809814453,-0.02436663582921028,0.21094711124897003,0.37244731187820435,-0.030273666605353355,0.18173061311244965,0.34116658568382263,0.0035268443170934916,0.1900027096271515,0.310231477022171,-0.015847032889723778,0.18421253561973572,0.35800978541374207,-0.02274385094642639,0.18345601856708527,0.3683687150478363,-0.022638654336333275,0.15309494733810425,0.342415988445282,-0.0017282734625041485,0.15679584443569183,0.31521737575531006,-0.020985141396522522,0.15588176250457764,0.3584500253200531,-0.01780863106250763,0.15561464428901672,0.3681330382823944,-0.010459926910698414,0.12177674472332001,0.34890612959861755,-0.008726879023015499,0.1306656002998352,0.3224842846393585,-0.015431402251124382,0.1326371282339096,0.35181307792663574,-0.006591339595615864,0.13114574551582336,0.3656299114227295,0.0022878586314618587,high
