landmark_0_x,landmark_0_y,landmark_0_z,landmark_1_x,landmark_1_y,landmark_1_z,landmark_2_x,landmark_2_y,landmark_2_z,landmark_3_x,landmark_3_y,landmark_3_z,landmark_4_x,landmark_4_y,landmark_4_z,landmark_5_x,landmark_5_y,landmark_5_z,landmark_6_x,landmark_6_y,landmark_6_z,landmark_7_x,landmark_7_y,landmark_7_z,landmark_8_x,landmark_8_y,landmark_8_z,landmark_9_x,landmark_9_y,landmark_9_z,landmark_10_x,landmark_10_y,landmark_10_z,landmark_11_x,landmark_11_y,landmark_11_z,landmark_12_x,landmark_12_y,landmark_12_z,landmark_13_x,landmark_13_y,landmark_13_z,landmark_14_x,landmark_14_y,landmark_14_z,landmark_15_x,landmark_15_y,landmark_15_z,landmark_16_x,landmark_16_y,landmark_16_z,landmark_17_x,landmark_17_y,landmark_17_z,landmark_18_x,landmark_18_y,landmark_18_z,landmark_19_x,landmark_19_y,landmark_19_z,landmark_20_x,landmark_20_y,landmark_20_z,class
0.2588444948196411,0.42913538217544556,-1.6482097464631806e-07,0.31454962491989136,0.4131743311882019,-0.022660939022898674,0.3687524199485779,0.3726674020290375,-0.02964717149734497,0.3657839298248291,0.31217679381370544,-0.034876417368650436,0.32267868518829346,0.3031184673309326,-0.03519725799560547,0.34963926672935486,0.29794666171073914,0.00047569460002705455,0.3639760911464691,0.26406124234199524,-0.01971406675875187,0.34711194038391113,0.30837777256965637,-0.02941775508224964,0.3434329330921173,0.32113367319107056,-0.03380534052848816,0.3209235966205597,0.28577348589897156,0.0015412979992106557,0.33214443922042847,0.2519296407699585,-0.021819017827510834,0.3180493116378784,0.3065904974937439,-0.026367943733930588,0.31662991642951965,0.3165377974510193,-0.022659342736005783,0.2918836176395416,0.2818206548690796,-0.00235909316688776,0.2950189709663391,0.2575066387653351,-0.026839768514037132,0.28783249855041504,0.3091982901096344,-0.02086833491921425,0.28915879130363464,0.31785425543785095,-0.009410545229911804,0.26017627120018005,0.28201091289520264,-0.008275702595710754,0.2671448290348053,0.26019546389579773,-0.01791423186659813,0.26528698205947876,0.2958017587661743,-0.0077560278587043285,0.26381391286849976,0.307489275932312,0.003358955727890134,high
