landmark_0_x,landmark_0_y,landmark_0_z,landmark_1_x,landmark_1_y,landmark_1_z,landmark_2_x,landmark_2_y,landmark_2_z,landmark_3_x,landmark_3_y,landmark_3_z,landmark_4_x,landmark_4_y,landmark_4_z,landmark_5_x,landmark_5_y,landmark_5_z,landmark_6_x,landmark_6_y,landmark_6_z,landmark_7_x,landmark_7_y,landmark_7_z,landmark_8_x,landmark_8_y,landmark_8_z,landmark_9_x,landmark_9_y,landmark_9_z,landmark_10_x,landmark_10_y,landmark_10_z,landmark_11_x,landmark_11_y,landmark_11_z,landmark_12_x,landmark_12_y,landmark_12_z,landmark_13_x,landmark_13_y,landmark_13_z,landmark_14_x,landmark_14_y,landmark_14_z,landmark_15_x,landmark_15_y,landmark_15_z,landmark_16_x,landmark_16_y,landmark_16_z,landmark_17_x,landmark_17_y,landmark_17_z,landmark_18_x,landmark_18_y,landmark_18_z,landmark_19_x,landmark_19_y,landmark_19_z,landmark_20_x,landmark_20_y,landmark_20_z,class
0.2285597026348114,0.409742146730423,-1.1531020049915242e-07,0.2649998962879181,0.4094254970550537,-0.017175761982798576,0.3088320195674896,0.37082675099372864,-0.01962360180914402,0.31671249866485596,0.31905707716941833,-0.019659196957945824,0.2935309112071991,0.29284584522247314,-0.017814280465245247,0.2792550027370453,0.3237079381942749,-0.005043018609285355,0.29906800389289856,0.29909834265708923,-0.01659032329916954,0.2899859547615051,0.32141533493995667,-0.023431550711393356,0.2816494405269623,0.33637624979019165,-0.02640984021127224,0.2593664824962616,0.30617278814315796,-0.00014496092626359314,0.2740757465362549,0.27890315651893616,-0.012647277675569057,0.2657501995563507,0.3067389130592346,-0.018185794353485107,0.26100870966911316,0.32421594858169556,-0.01870574988424778,0.23896260559558868,0.29401615262031555,0.0021764072589576244,0.25096219778060913,0.26910272240638733,-0.010551106184720993,0.2434426248073578,0.3005026578903198,-0.008125227876007557,0.23804794251918793,0.31926894187927246,-0.0030627460218966007,0.21495619416236877,0.2868436276912689,0.0032398684415966272,0.2281356304883957,0.2667653262615204,-0.0033181069884449244,0.223788321018219,0.2892792820930481,0.0015898881247267127,0.22020000219345093,0.30593982338905334,0.00724542373791337,high
