landmark_0_x,landmark_0_y,landmark_0_z,landmark_1_x,landmark_1_y,landmark_1_z,landmark_2_x,landmark_2_y,landmark_2_z,landmark_3_x,landmark_3_y,landmark_3_z,landmark_4_x,landmark_4_y,landmark_4_z,landmark_5_x,landmark_5_y,landmark_5_z,landmark_6_x,landmark_6_y,landmark_6_z,landmark_7_x,landmark_7_y,landmark_7_z,landmark_8_x,landmark_8_y,landmark_8_z,landmark_9_x,landmark_9_y,landmark_9_z,landmark_10_x,landmark_10_y,landmark_10_z,landmark_11_x,landmark_11_y,landmark_11_z,landmark_12_x,landmark_12_y,landmark_12_z,landmark_13_x,landmark_13_y,landmark_13_z,landmark_14_x,landmark_14_y,landmark_14_z,landmark_15_x,landmark_15_y,landmark_15_z,landmark_16_x,landmark_16_y,landmark_16_z,landmark_17_x,landmark_17_y,landmark_17_z,landmark_18_x,landmark_18_y,landmark_18_z,landmark_19_x,landmark_19_y,landmark_19_z,landmark_20_x,landmark_20_y,landmark_20_z,class
0.3815043568611145,0.49103185534477234,-8.517486094206106e-08,0.4116530418395996,0.4711573123931885,-0.010824632830917835,0.4387633800506592,0.4375287890434265,-0.013627760112285614,0.43356531858444214,0.40435388684272766,-0.016203895211219788,0.40835365653038025,0.40710556507110596,-0.016406558454036713,0.41256821155548096,0.3987768590450287,0.003085062140598893,0.419575035572052,0.37778177857398987,-0.007678080350160599,0.41953587532043457,0.40908679366111755,-0.013935129158198833,0.41939777135849,0.420036256313324,-0.016799472272396088,0.3962504267692566,0.39722970128059387,0.0031946897506713867,0.40167513489723206,0.37889647483825684,-0.007874391973018646,0.4023756980895996,0.4114886522293091,-0.010672506876289845,0.400493860244751,0.4195495843887329,-0.00968968030065298,0.3799930810928345,0.4002853333950043,0.0005140057764947414,0.38354870676994324,0.38337790966033936,-0.009768011048436165,0.38613593578338623,0.4125819504261017,-0.005679341033101082,0.3848722577095032,0.42110133171081543,-0.00017264338384848088,0.3615454137325287,0.40601882338523865,-0.0034096124581992626,0.3680605888366699,0.3898065388202667,-0.005918459966778755,0.37059080600738525,0.4097939431667328,0.0007581107784062624,0.3689400255680084,0.4192030131816864,0.006807707715779543,high
