landmark_0_x,landmark_0_y,landmark_0_z,landmark_1_x,landmark_1_y,landmark_1_z,landmark_2_x,landmark_2_y,landmark_2_z,landmark_3_x,landmark_3_y,landmark_3_z,landmark_4_x,landmark_4_y,landmark_4_z,landmark_5_x,landmark_5_y,landmark_5_z,landmark_6_x,landmark_6_y,landmark_6_z,landmark_7_x,landmark_7_y,landmark_7_z,landmark_8_x,landmark_8_y,landmark_8_z,landmark_9_x,landmark_9_y,landmark_9_z,landmark_10_x,landmark_10_y,landmark_10_z,landmark_11_x,landmark_11_y,landmark_11_z,landmark_12_x,landmark_12_y,landmark_12_z,landmark_13_x,landmark_13_y,landmark_13_z,landmark_14_x,landmark_14_y,landmark_14_z,landmark_15_x,landmark_15_y,landmark_15_z,landmark_16_x,landmark_16_y,landmark_16_z,landmark_17_x,landmark_17_y,landmark_17_z,landmark_18_x,landmark_18_y,landmark_18_z,landmark_19_x,landmark_19_y,landmark_19_z,landmark_20_x,landmark_20_y,landmark_20_z,class
0.17296798527240753,0.19821149110794067,-3.033533246821207e-08,0.2076377272605896,0.17053407430648804,-0.0076644690707325935,0.22943128645420074,0.1296520084142685,-0.008213171735405922,0.21837744116783142,0.09361676871776581,-0.009704246185719967,0.19420386850833893,0.09734825789928436,-0.010539576411247253,0.20101699233055115,0.09918025881052017,0.00917656160891056,0.20186913013458252,0.07039304077625275,0.00037383718881756067,0.2052762657403946,0.08771666884422302,-0.009265954606235027,0.2088298201560974,0.1088990643620491,-0.014643284492194653,0.18212628364562988,0.10020539164543152,0.009153114631772041,0.18252301216125488,0.07447564601898193,0.000342364190146327,0.1865207999944687,0.09370851516723633,-0.008001257665455341,0.18949130177497864,0.11433437466621399,-0.011285435408353806,0.16410011053085327,0.10549360513687134,0.0069350311532616615,0.162761852145195,0.08144403994083405,-0.0010610355529934168,0.16881148517131805,0.0983780026435852,-0.0025719660334289074,0.1733069121837616,0.1159353256225586,-0.001062185037881136,0.1451074630022049,0.11560556292533875,0.0037249934393912554,0.14709827303886414,0.09274133294820786,0.0002768145059235394,0.1523703932762146,0.10505729913711548,0.0036124868784099817,0.15558095276355743,0.12048851698637009,0.007612269371747971,high
