landmark_0_x,landmark_0_y,landmark_0_z,landmark_1_x,landmark_1_y,landmark_1_z,landmark_2_x,landmark_2_y,landmark_2_z,landmark_3_x,landmark_3_y,landmark_3_z,landmark_4_x,landmark_4_y,landmark_4_z,landmark_5_x,landmark_5_y,landmark_5_z,landmark_6_x,landmark_6_y,landmark_6_z,landmark_7_x,landmark_7_y,landmark_7_z,landmark_8_x,landmark_8_y,landmark_8_z,landmark_9_x,landmark_9_y,landmark_9_z,landmark_10_x,landmark_10_y,landmark_10_z,landmark_11_x,landmark_11_y,landmark_11_z,landmark_12_x,landmark_12_y,landmark_12_z,landmark_13_x,landmark_13_y,landmark_13_z,landmark_14_x,landmark_14_y,landmark_14_z,landmark_15_x,landmark_15_y,landmark_15_z,landmark_16_x,landmark_16_y,landmark_16_z,landmark_17_x,landmark_17_y,landmark_17_z,landmark_18_x,landmark_18_y,landmark_18_z,landmark_19_x,landmark_19_y,landmark_19_z,landmark_20_x,landmark_20_y,landmark_20_z,class
0.12383930385112762,0.2414606213569641,-6.510529715342273e-08,0.1616758406162262,0.21392036974430084,-0.013472514227032661,0.18974599242210388,0.17570015788078308,-0.016990195959806442,0.17720626294612885,0.13762925565242767,-0.019861603155732155,0.14775779843330383,0.1392451524734497,-0.019664961844682693,0.17326276004314423,0.14163722097873688,0.0038865813985466957,0.1672085076570511,0.11683887243270874,-0.010661820881068707,0.1659339964389801,0.14806461334228516,-0.019421841949224472,0.17009730637073517,0.16223163902759552,-0.023518960922956467,0.15117767453193665,0.13741017878055573,0.004165017046034336,0.1419798731803894,0.11557842791080475,-0.011618955060839653,0.14445103704929352,0.1527366042137146,-0.015842298045754433,0.15016838908195496,0.1626768559217453,-0.014487464912235737,0.12932230532169342,0.13841591775417328,0.0009669201099313796,0.11837655305862427,0.11917978525161743,-0.016178568825125694,0.12412188202142715,0.1554611325263977,-0.012998881749808788,0.131377175450325,0.16550661623477936,-0.005874013528227806,0.10583564639091492,0.14394934475421906,-0.0034644422121345997,0.10072281956672668,0.1281558871269226,-0.011681967414915562,0.10558940470218658,0.15304936468601227,-0.0060204979963600636,0.11035801470279694,0.16365502774715424,0.0009602883947081864,high
