landmark_0_x,landmark_0_y,landmark_0_z,landmark_1_x,landmark_1_y,landmark_1_z,landmark_2_x,landmark_2_y,landmark_2_z,landmark_3_x,landmark_3_y,landmark_3_z,landmark_4_x,landmark_4_y,landmark_4_z,landmark_5_x,landmark_5_y,landmark_5_z,landmark_6_x,landmark_6_y,landmark_6_z,landmark_7_x,landmark_7_y,landmark_7_z,landmark_8_x,landmark_8_y,landmark_8_z,landmark_9_x,landmark_9_y,landmark_9_z,landmark_10_x,landmark_10_y,landmark_10_z,landmark_11_x,landmark_11_y,landmark_11_z,landmark_12_x,landmark_12_y,landmark_12_z,landmark_13_x,landmark_13_y,landmark_13_z,landmark_14_x,landmark_14_y,landmark_14_z,landmark_15_x,landmark_15_y,landmark_15_z,landmark_16_x,landmark_16_y,landmark_16_z,landmark_17_x,landmark_17_y,landmark_17_z,landmark_18_x,landmark_18_y,landmark_18_z,landmark_19_x,landmark_19_y,landmark_19_z,landmark_20_x,landmark_20_y,landmark_20_z,class
0.16540709137916565,0.442349910736084,-2.6723778745463278e-08,0.19256623089313507,0.4178594946861267,-0.006780571769922972,0.21209616959095,0.3841647207736969,-0.007202583365142345,0.20422497391700745,0.3568754494190216,-0.007908499799668789,0.18328924477100372,0.36431044340133667,-0.007312228437513113,0.1898447722196579,0.36166051030158997,0.007244561333209276,0.19064240157604218,0.3407146632671356,-0.0005455606733448803,0.1910870522260666,0.3634184002876282,-0.006665063090622425,0.19164541363716125,0.37818601727485657,-0.009417367167770863,0.1727725714445114,0.36120179295539856,0.007344355806708336,0.17025870084762573,0.34514477849006653,-0.0007352809770964086,0.1729559302330017,0.37025782465934753,-0.004884104710072279,0.17521046102046967,0.3821246922016144,-0.00486217113211751,0.15659502148628235,0.36525243520736694,0.005400392226874828,0.15218067169189453,0.35177138447761536,-0.0022209961898624897,0.15788665413856506,0.37432530522346497,-0.0009012678056024015,0.161784827709198,0.3849807679653168,0.002724933438003063,0.13962914049625397,0.3731919527053833,0.002712354063987732,0.13798820972442627,0.3589057922363281,0.00037431978853419423,0.143178790807724,0.37437766790390015,0.004967124667018652,0.1471852958202362,0.38447925448417664,0.010006227530539036,high
