landmark_0_x,landmark_0_y,landmark_0_z,landmark_1_x,landmark_1_y,landmark_1_z,landmark_2_x,landmark_2_y,landmark_2_z,landmark_3_x,landmark_3_y,landmark_3_z,landmark_4_x,landmark_4_y,landmark_4_z,landmark_5_x,landmark_5_y,landmark_5_z,landmark_6_x,landmark_6_y,landmark_6_z,landmark_7_x,landmark_7_y,landmark_7_z,landmark_8_x,landmark_8_y,landmark_8_z,landmark_9_x,landmark_9_y,landmark_9_z,landmark_10_x,landmark_10_y,landmark_10_z,landmark_11_x,landmark_11_y,landmark_11_z,landmark_12_x,landmark_12_y,landmark_12_z,landmark_13_x,landmark_13_y,landmark_13_z,landmark_14_x,landmark_14_y,landmark_14_z,landmark_15_x,landmark_15_y,landmark_15_z,landmark_16_x,landmark_16_y,landmark_16_z,landmark_17_x,landmark_17_y,landmark_17_z,landmark_18_x,landmark_18_y,landmark_18_z,landmark_19_x,landmark_19_y,landmark_19_z,landmark_20_x,landmark_20_y,landmark_20_z,class
0.11349929124116898,0.2701146602630615,-1.291540456804796e-07,0.17389866709709167,0.24889028072357178,-0.011512869969010353,0.21797668933868408,0.20724724233150482,-0.014691212214529514,0.20600050687789917,0.15263891220092773,-0.019800221547484398,0.16590481996536255,0.14361143112182617,-0.023511726409196854,0.18861843645572662,0.14279790222644806,0.012130744755268097,0.20003941655158997,0.10713768005371094,-0.005099660716950893,0.18865284323692322,0.13949494063854218,-0.020026521757245064,0.17907914519309998,0.16351760923862457,-0.02850043587386608,0.1576956808567047,0.13228203356266022,0.009615522809326649,0.16245853900909424,0.09537502378225327,-0.007702172268182039,0.15653850138187408,0.13926611840724945,-0.017844073474407196,0.15413619577884674,0.16293007135391235,-0.020664341747760773,0.12711507081985474,0.13061277568340302,0.003351507941260934,0.12797251343727112,0.09188631176948547,-0.014634141698479652,0.12690244615077972,0.1363801509141922,-0.01231663953512907,0.12589509785175323,0.15987974405288696,-0.00589930871501565,0.09335187077522278,0.13585543632507324,-0.00423001404851675,0.09970628470182419,0.10072623193264008,-0.01259821280837059,0.10065929591655731,0.13267873227596283,-0.00417944835498929,0.09935334324836731,0.1548742651939392,0.004525146912783384,high
