landmark_0_x,landmark_0_y,landmark_0_z,landmark_1_x,landmark_1_y,landmark_1_z,landmark_2_x,landmark_2_y,landmark_2_z,landmark_3_x,landmark_3_y,landmark_3_z,landmark_4_x,landmark_4_y,landmark_4_z,landmark_5_x,landmark_5_y,landmark_5_z,landmark_6_x,landmark_6_y,landmark_6_z,landmark_7_x,landmark_7_y,landmark_7_z,landmark_8_x,landmark_8_y,landmark_8_z,landmark_9_x,landmark_9_y,landmark_9_z,landmark_10_x,landmark_10_y,landmark_10_z,landmark_11_x,landmark_11_y,landmark_11_z,landmark_12_x,landmark_12_y,landmark_12_z,landmark_13_x,landmark_13_y,landmark_13_z,landmark_14_x,landmark_14_y,landmark_14_z,landmark_15_x,landmark_15_y,landmark_15_z,landmark_16_x,landmark_16_y,landmark_16_z,landmark_17_x,landmark_17_y,landmark_17_z,landmark_18_x,landmark_18_y,landmark_18_z,landmark_19_x,landmark_19_y,landmark_19_z,landmark_20_x,landmark_20_y,landmark_20_z,class
0.44194895029067993,0.32456332445144653,-7.071044905160306e-08,0.48130860924720764,0.31045544147491455,-0.009470637887716293,0.5182726979255676,0.27509453892707825,-0.015142735093832016,0.521167516708374,0.23130068182945251,-0.022073283791542053,0.4937130808830261,0.21674557030200958,-0.028599325567483902,0.4988921284675598,0.21255087852478027,-0.0031700870022177696,0.507598340511322,0.15690502524375916,-0.018482083454728127,0.5077880024909973,0.15277302265167236,-0.02876601181924343,0.5026865601539612,0.1660756766796112,-0.033410198986530304,0.47420570254325867,0.21147564053535461,-0.005485267378389835,0.48124197125434875,0.17936241626739502,-0.0225289985537529,0.4816339612007141,0.21792349219322205,-0.028503231704235077,0.4768889844417572,0.2428680658340454,-0.028824374079704285,0.4504653215408325,0.21497906744480133,-0.009778076782822609,0.4561476409435272,0.18558785319328308,-0.02604694664478302,0.4587303698062897,0.22198382019996643,-0.021013440564274788,0.45427870750427246,0.24198731780052185,-0.01383993774652481,0.4242643117904663,0.22141151130199432,-0.015066936612129211,0.43564480543136597,0.19485853612422943,-0.023494424298405647,0.44044867157936096,0.22166970372200012,-0.015493915416300297,0.4371592402458191,0.2385873943567276,-0.007489807438105345,high
