landmark_0_x,landmark_0_y,landmark_0_z,landmark_1_x,landmark_1_y,landmark_1_z,landmark_2_x,landmark_2_y,landmark_2_z,landmark_3_x,landmark_3_y,landmark_3_z,landmark_4_x,landmark_4_y,landmark_4_z,landmark_5_x,landmark_5_y,landmark_5_z,landmark_6_x,landmark_6_y,landmark_6_z,landmark_7_x,landmark_7_y,landmark_7_z,landmark_8_x,landmark_8_y,landmark_8_z,landmark_9_x,landmark_9_y,landmark_9_z,landmark_10_x,landmark_10_y,landmark_10_z,landmark_11_x,landmark_11_y,landmark_11_z,landmark_12_x,landmark_12_y,landmark_12_z,landmark_13_x,landmark_13_y,landmark_13_z,landmark_14_x,landmark_14_y,landmark_14_z,landmark_15_x,landmark_15_y,landmark_15_z,landmark_16_x,landmark_16_y,landmark_16_z,landmark_17_x,landmark_17_y,landmark_17_z,landmark_18_x,landmark_18_y,landmark_18_z,landmark_19_x,landmark_19_y,landmark_19_z,landmark_20_x,landmark_20_y,landmark_20_z,class
0.3578583896160126,0.371045857667923,-8.256821359964306e-08,0.3956267535686493,0.34933292865753174,-0.014008451253175735,0.4313022196292877,0.3111478090286255,-0.01784849539399147,0.4260028004646301,0.2687746584415436,-0.021224407479166985,0.3926903307437897,0.26838263869285583,-0.022114994004368782,0.4048748314380646,0.25828903913497925,0.003886779537424445,0.4146288335323334,0.23870575428009033,-0.009842378087341785,0.4120327830314636,0.2729039192199707,-0.020000705495476723,0.4100407063961029,0.2869842052459717,-0.025364261120557785,0.3861730098724365,0.25398096442222595,0.003941153641790152,0.3916454613208771,0.23369678854942322,-0.010383938439190388,0.39144837856292725,0.26764625310897827,-0.017319506034255028,0.3904626965522766,0.27803266048431396,-0.018350042402744293,0.3673633933067322,0.2557438910007477,0.0007167250732891262,0.3698570728302002,0.23729480803012848,-0.012059438973665237,0.37267255783081055,0.2683294713497162,-0.010148494504392147,0.3735876679420471,0.2778759002685547,-0.005299607757478952,0.3459416329860687,0.26166611909866333,-0.0041312347166240215,0.35358747839927673,0.24348264932632446,-0.007679742295295,0.35551324486732483,0.2670688033103943,-0.0008024264825507998,0.35477811098098755,0.2804868519306183,0.005905260797590017,high
