landmark_0_x,landmark_0_y,landmark_0_z,landmark_1_x,landmark_1_y,landmark_1_z,landmark_2_x,landmark_2_y,landmark_2_z,landmark_3_x,landmark_3_y,landmark_3_z,landmark_4_x,landmark_4_y,landmark_4_z,landmark_5_x,landmark_5_y,landmark_5_z,landmark_6_x,landmark_6_y,landmark_6_z,landmark_7_x,landmark_7_y,landmark_7_z,landmark_8_x,landmark_8_y,landmark_8_z,landmark_9_x,landmark_9_y,landmark_9_z,landmark_10_x,landmark_10_y,landmark_10_z,landmark_11_x,landmark_11_y,landmark_11_z,landmark_12_x,landmark_12_y,landmark_12_z,landmark_13_x,landmark_13_y,landmark_13_z,landmark_14_x,landmark_14_y,landmark_14_z,landmark_15_x,landmark_15_y,landmark_15_z,landmark_16_x,landmark_16_y,landmark_16_z,landmark_17_x,landmark_17_y,landmark_17_z,landmark_18_x,landmark_18_y,landmark_18_z,landmark_19_x,landmark_19_y,landmark_19_z,landmark_20_x,landmark_20_y,landmark_20_z,class
0.1419619768857956,0.23208174109458923,-7.891772213497461e-08,0.19671303033828735,0.20684914290905,-0.013074583373963833,0.23380780220031738,0.16727083921432495,-0.017840363085269928,0.2148478925228119,0.11767908930778503,-0.024472378194332123,0.1752842366695404,0.11397701501846313,-0.02842864580452442,0.21045652031898499,0.1091916412115097,0.012069553136825562,0.21902704238891602,0.07279334962368011,-0.007651588413864374,0.20784170925617218,0.10891465842723846,-0.02365201711654663,0.1999468207359314,0.13481968641281128,-0.031784698367118835,0.1832520216703415,0.09772196412086487,0.009775515645742416,0.18747082352638245,0.06246060132980347,-0.01205739751458168,0.1802123337984085,0.1055978536605835,-0.02498415671288967,0.178493469953537,0.13074132800102234,-0.027510562911629677,0.157607302069664,0.09366312623023987,0.003455206286162138,0.15710875391960144,0.05901236832141876,-0.015240000560879707,0.1558430790901184,0.09867583960294724,-0.01586296223104,0.15702678263187408,0.12256328016519547,-0.010061404667794704,0.1291646808385849,0.0961947962641716,-0.0045837294310331345,0.13401788473129272,0.07092589139938354,-0.012170348316431046,0.13540011644363403,0.09716521203517914,-0.006471217609941959,0.1366785764694214,0.11866988986730576,0.0012055113911628723,high
