landmark_0_x,landmark_0_y,landmark_0_z,landmark_1_x,landmark_1_y,landmark_1_z,landmark_2_x,landmark_2_y,landmark_2_z,landmark_3_x,landmark_3_y,landmark_3_z,landmark_4_x,landmark_4_y,landmark_4_z,landmark_5_x,landmark_5_y,landmark_5_z,landmark_6_x,landmark_6_y,landmark_6_z,landmark_7_x,landmark_7_y,landmark_7_z,landmark_8_x,landmark_8_y,landmark_8_z,landmark_9_x,landmark_9_y,landmark_9_z,landmark_10_x,landmark_10_y,landmark_10_z,landmark_11_x,landmark_11_y,landmark_11_z,landmark_12_x,landmark_12_y,landmark_12_z,landmark_13_x,landmark_13_y,landmark_13_z,landmark_14_x,landmark_14_y,landmark_14_z,landmark_15_x,landmark_15_y,landmark_15_z,landmark_16_x,landmark_16_y,landmark_16_z,landmark_17_x,landmark_17_y,landmark_17_z,landmark_18_x,landmark_18_y,landmark_18_z,landmark_19_x,landmark_19_y,landmark_19_z,landmark_20_x,landmark_20_y,landmark_20_z,class
0.07424375414848328,0.4245874285697937,-2.0742696449360665e-07,0.13881683349609375,0.39295828342437744,-0.026302440091967583,0.20202089846134186,0.33259791135787964,-0.033142875880002975,0.19126340746879578,0.26042577624320984,-0.03800024464726448,0.13929706811904907,0.25177350640296936,-0.0363030731678009,0.17743949592113495,0.2531352639198303,0.005184810608625412,0.18556316196918488,0.20566561818122864,-0.019894205033779144,0.1688775271177292,0.2629004120826721,-0.03242727369070053,0.16728806495666504,0.28248322010040283,-0.037680886685848236,0.13931383192539215,0.2392599880695343,0.006829813122749329,0.143152117729187,0.19751660525798798,-0.019890733063220978,0.1306387186050415,0.2693309783935547,-0.024231960996985435,0.13336245715618134,0.2786022424697876,-0.019640067592263222,0.10020939260721207,0.23527686297893524,0.0020097829401493073,0.09794007241725922,0.197222501039505,-0.028680728748440742,0.09371894598007202,0.2689761519432068,-0.019848402589559555,0.09816206991672516,0.2807016670703888,-0.005064485594630241,0.05631769448518753,0.2354348599910736,-0.00501600606366992,0.06142245978116989,0.20607826113700867,-0.018139248713850975,0.06161971390247345,0.2555699646472931,-0.004683889448642731,0.06167156994342804,0.26994651556015015,0.009808862581849098,high
