landmark_0_x,landmark_0_y,landmark_0_z,landmark_1_x,landmark_1_y,landmark_1_z,landmark_2_x,landmark_2_y,landmark_2_z,landmark_3_x,landmark_3_y,landmark_3_z,landmark_4_x,landmark_4_y,landmark_4_z,landmark_5_x,landmark_5_y,landmark_5_z,landmark_6_x,landmark_6_y,landmark_6_z,landmark_7_x,landmark_7_y,landmark_7_z,landmark_8_x,landmark_8_y,landmark_8_z,landmark_9_x,landmark_9_y,landmark_9_z,landmark_10_x,landmark_10_y,landmark_10_z,landmark_11_x,landmark_11_y,landmark_11_z,landmark_12_x,landmark_12_y,landmark_12_z,landmark_13_x,landmark_13_y,landmark_13_z,landmark_14_x,landmark_14_y,landmark_14_z,landmark_15_x,landmark_15_y,landmark_15_z,landmark_16_x,landmark_16_y,landmark_16_z,landmark_17_x,landmark_17_y,landmark_17_z,landmark_18_x,landmark_18_y,landmark_18_z,landmark_19_x,landmark_19_y,landmark_19_z,landmark_20_x,landmark_20_y,landmark_20_z,class
0.3588064908981323,0.255171000957489,-1.6111100364923914e-07,0.41453370451927185,0.23863694071769714,-0.019024215638637543,0.47125911712646484,0.1934632658958435,-0.024893861263990402,0.4628823399543762,0.13117220997810364,-0.029941460117697716,0.41499966382980347,0.12275516986846924,-0.0302573274821043,0.45440325140953064,0.13822689652442932,0.0018769954331219196,0.4687955975532532,0.10512925684452057,-0.017948687076568604,0.4508867859840393,0.15223899483680725,-0.026350324973464012,0.4467025399208069,0.16435879468917847,-0.030102955177426338,0.4217156171798706,0.11912231147289276,0.000838075065985322,0.4313783049583435,0.08853362500667572,-0.020655421540141106,0.41650745272636414,0.14663805067539215,-0.0217248797416687,0.4184178411960602,0.1502113938331604,-0.01674097403883934,0.3881683349609375,0.11026426404714584,-0.005056943278759718,0.3918362855911255,0.07898415625095367,-0.029808474704623222,0.384624719619751,0.13850609958171844,-0.019574150443077087,0.38899627327919006,0.14718441665172577,-0.0061717564240098,0.3499862551689148,0.1049046665430069,-0.012514970265328884,0.35703444480895996,0.08105804771184921,-0.02205629087984562,0.3547991216182709,0.12192733585834503,-0.008501576259732246,0.3562670350074768,0.13413465023040771,0.004347600508481264,high
