landmark_0_x,landmark_0_y,landmark_0_z,landmark_1_x,landmark_1_y,landmark_1_z,landmark_2_x,landmark_2_y,landmark_2_z,landmark_3_x,landmark_3_y,landmark_3_z,landmark_4_x,landmark_4_y,landmark_4_z,landmark_5_x,landmark_5_y,landmark_5_z,landmark_6_x,landmark_6_y,landmark_6_z,landmark_7_x,landmark_7_y,landmark_7_z,landmark_8_x,landmark_8_y,landmark_8_z,landmark_9_x,landmark_9_y,landmark_9_z,landmark_10_x,landmark_10_y,landmark_10_z,landmark_11_x,landmark_11_y,landmark_11_z,landmark_12_x,landmark_12_y,landmark_12_z,landmark_13_x,landmark_13_y,landmark_13_z,landmark_14_x,landmark_14_y,landmark_14_z,landmark_15_x,landmark_15_y,landmark_15_z,landmark_16_x,landmark_16_y,landmark_16_z,landmark_17_x,landmark_17_y,landmark_17_z,landmark_18_x,landmark_18_y,landmark_18_z,landmark_19_x,landmark_19_y,landmark_19_z,landmark_20_x,landmark_20_y,landmark_20_z,class
0.3483862578868866,0.2327892929315567,-9.938286638089266e-08,0.3856765627861023,0.22565196454524994,-0.01894487999379635,0.42362460494041443,0.19208265841007233,-0.024436626583337784,0.4197382926940918,0.1464206874370575,-0.02783334068953991,0.38855502009391785,0.1351955085992813,-0.0282870065420866,0.4022318124771118,0.14902906119823456,-0.003512631868943572,0.41383329033851624,0.12639665603637695,-0.019350094720721245,0.4058028757572174,0.15759505331516266,-0.028438501060009003,0.4002210199832916,0.1689227968454361,-0.03249232843518257,0.38101568818092346,0.13223958015441895,0.00016815665003377944,0.38859906792640686,0.11118057370185852,-0.017774274572730064,0.38162171840667725,0.14900462329387665,-0.02404715307056904,0.37727293372154236,0.1614016890525818,-0.023266298696398735,0.359984815120697,0.12258133292198181,0.000447191676357761,0.3624308109283447,0.1046561449766159,-0.016040122136473656,0.36069414019584656,0.1399470567703247,-0.013075802475214005,0.35958102345466614,0.15160216391086578,-0.0062559014186263084,0.3368365168571472,0.11739784479141235,-0.0008385612745769322,0.3433084487915039,0.10295267403125763,-0.007866736501455307,0.34287407994270325,0.12765756249427795,-0.00187039899174124,0.34280744194984436,0.13945896923542023,0.005304503254592419,high
