landmark_0_x,landmark_0_y,landmark_0_z,landmark_1_x,landmark_1_y,landmark_1_z,landmark_2_x,landmark_2_y,landmark_2_z,landmark_3_x,landmark_3_y,landmark_3_z,landmark_4_x,landmark_4_y,landmark_4_z,landmark_5_x,landmark_5_y,landmark_5_z,landmark_6_x,landmark_6_y,landmark_6_z,landmark_7_x,landmark_7_y,landmark_7_z,landmark_8_x,landmark_8_y,landmark_8_z,landmark_9_x,landmark_9_y,landmark_9_z,landmark_10_x,landmark_10_y,landmark_10_z,landmark_11_x,landmark_11_y,landmark_11_z,landmark_12_x,landmark_12_y,landmark_12_z,landmark_13_x,landmark_13_y,landmark_13_z,landmark_14_x,landmark_14_y,landmark_14_z,landmark_15_x,landmark_15_y,landmark_15_z,landmark_16_x,landmark_16_y,landmark_16_z,landmark_17_x,landmark_17_y,landmark_17_z,landmark_18_x,landmark_18_y,landmark_18_z,landmark_19_x,landmark_19_y,landmark_19_z,landmark_20_x,landmark_20_y,landmark_20_z,class
0.3451223373413086,0.43018466234207153,-2.3282629513232678e-07,0.42469874024391174,0.3932815194129944,-0.023469945415854454,0.5011005401611328,0.3255670368671417,-0.030428459867835045,0.4956981837749481,0.2435912936925888,-0.03707292303442955,0.4363184869289398,0.23939058184623718,-0.03819906711578369,0.4501402974128723,0.22892993688583374,0.007527227979153395,0.4822362959384918,0.19223129749298096,-0.016450906172394753,0.46468523144721985,0.2605617344379425,-0.029566731303930283,0.4523601531982422,0.27522289752960205,-0.03681655600667,0.4106263220310211,0.2150687575340271,0.006125616375356913,0.4374184012413025,0.17819565534591675,-0.021586718037724495,0.4216465950012207,0.25653448700904846,-0.028885241597890854,0.4110960364341736,0.2644004821777344,-0.02681783400475979,0.3711453080177307,0.2112133800983429,-0.0010727474000304937,0.3890279233455658,0.17590373754501343,-0.029957609251141548,0.3831925392150879,0.2512308359146118,-0.021628500893712044,0.37551644444465637,0.2631138265132904,-0.00843308586627245,0.32600826025009155,0.21165961027145386,-0.010383833199739456,0.34891119599342346,0.18050232529640198,-0.020698070526123047,0.3494170308113098,0.23449915647506714,-0.005654908251017332,0.3423498570919037,0.25275787711143494,0.008764089085161686,high
