landmark_0_x,landmark_0_y,landmark_0_z,landmark_1_x,landmark_1_y,landmark_1_z,landmark_2_x,landmark_2_y,landmark_2_z,landmark_3_x,landmark_3_y,landmark_3_z,landmark_4_x,landmark_4_y,landmark_4_z,landmark_5_x,landmark_5_y,landmark_5_z,landmark_6_x,landmark_6_y,landmark_6_z,landmark_7_x,landmark_7_y,landmark_7_z,landmark_8_x,landmark_8_y,landmark_8_z,landmark_9_x,landmark_9_y,landmark_9_z,landmark_10_x,landmark_10_y,landmark_10_z,landmark_11_x,landmark_11_y,landmark_11_z,landmark_12_x,landmark_12_y,landmark_12_z,landmark_13_x,landmark_13_y,landmark_13_z,landmark_14_x,landmark_14_y,landmark_14_z,landmark_15_x,landmark_15_y,landmark_15_z,landmark_16_x,landmark_16_y,landmark_16_z,landmark_17_x,landmark_17_y,landmark_17_z,landmark_18_x,landmark_18_y,landmark_18_z,landmark_19_x,landmark_19_y,landmark_19_z,landmark_20_x,landmark_20_y,landmark_20_z,class
0.26959705352783203,0.39667782187461853,1.5914622508717002e-07,0.3212087154388428,0.3988681435585022,-0.016963571310043335,0.36337774991989136,0.35729339718818665,-0.018218448385596275,0.35852378606796265,0.3054863214492798,-0.018269840627908707,0.32621145248413086,0.2931322157382965,-0.017022306099534035,0.3345455527305603,0.31323477625846863,-0.0010051156859844923,0.3470720648765564,0.2844046652317047,-0.013836420141160488,0.3423444628715515,0.3008630573749542,-0.02394270896911621,0.34038984775543213,0.3178544044494629,-0.02926221303641796,0.3102284073829651,0.29539260268211365,0.001506858505308628,0.3201987147331238,0.2604009211063385,-0.008823923766613007,0.32863786816596985,0.2584596276283264,-0.016911040991544724,0.3399724066257477,0.2538663148880005,-0.021557331085205078,0.28505271673202515,0.28647783398628235,0.0007086042896844447,0.28922000527381897,0.25305506587028503,-0.017737366259098053,0.2891720235347748,0.2869747281074524,-0.01993701234459877,0.29054737091064453,0.31206029653549194,-0.016807058826088905,0.2585347294807434,0.2838056981563568,-0.0011021749814972281,0.26576530933380127,0.25455400347709656,-0.01526244729757309,0.266458660364151,0.2823598086833954,-0.012642532587051392,0.2664722502231598,0.30828216671943665,-0.007756954524666071,high
