landmark_0_x,landmark_0_y,landmark_0_z,landmark_1_x,landmark_1_y,landmark_1_z,landmark_2_x,landmark_2_y,landmark_2_z,landmark_3_x,landmark_3_y,landmark_3_z,landmark_4_x,landmark_4_y,landmark_4_z,landmark_5_x,landmark_5_y,landmark_5_z,landmark_6_x,landmark_6_y,landmark_6_z,landmark_7_x,landmark_7_y,landmark_7_z,landmark_8_x,landmark_8_y,landmark_8_z,landmark_9_x,landmark_9_y,landmark_9_z,landmark_10_x,landmark_10_y,landmark_10_z,landmark_11_x,landmark_11_y,landmark_11_z,landmark_12_x,landmark_12_y,landmark_12_z,landmark_13_x,landmark_13_y,landmark_13_z,landmark_14_x,landmark_14_y,landmark_14_z,landmark_15_x,landmark_15_y,landmark_15_z,landmark_16_x,landmark_16_y,landmark_16_z,landmark_17_x,landmark_17_y,landmark_17_z,landmark_18_x,landmark_18_y,landmark_18_z,landmark_19_x,landmark_19_y,landmark_19_z,landmark_20_x,landmark_20_y,landmark_20_z,class
0.40427660942077637,0.23922480642795563,-1.5431743349836324e-07,0.4542970061302185,0.2303132712841034,-0.01675521768629551,0.5114603042602539,0.18417766690254211,-0.020775238052010536,0.5108242630958557,0.12298335134983063,-0.02427889034152031,0.4681602120399475,0.11558973789215088,-0.02383287250995636,0.49307486414909363,0.10533419251441956,0.0033963338937610388,0.51265949010849,0.06801953166723251,-0.01656794548034668,0.4982443153858185,0.11642366647720337,-0.026708653196692467,0.4891939163208008,0.13795405626296997,-0.030645422637462616,0.4612695872783661,0.09349972009658813,0.0013007342349737883,0.47908514738082886,0.05519915372133255,-0.021439163014292717,0.46533286571502686,0.11620136350393295,-0.026992855593562126,0.4568362832069397,0.13614422082901,-0.023370513692498207,0.42867130041122437,0.09155261516571045,-0.004893333185464144,0.4396827220916748,0.06387918442487717,-0.03017771802842617,0.4323899745941162,0.12333931028842926,-0.02362046390771866,0.4259892702102661,0.14035195112228394,-0.011290294118225574,0.39151260256767273,0.0936940535902977,-0.012129239737987518,0.4072314202785492,0.0702354907989502,-0.023578613996505737,0.4053614139556885,0.11314339935779572,-0.011600055731832981,0.3997795581817627,0.12867803871631622,0.001320564653724432,high
