landmark_0_x,landmark_0_y,landmark_0_z,landmark_1_x,landmark_1_y,landmark_1_z,landmark_2_x,landmark_2_y,landmark_2_z,landmark_3_x,landmark_3_y,landmark_3_z,landmark_4_x,landmark_4_y,landmark_4_z,landmark_5_x,landmark_5_y,landmark_5_z,landmark_6_x,landmark_6_y,landmark_6_z,landmark_7_x,landmark_7_y,landmark_7_z,landmark_8_x,landmark_8_y,landmark_8_z,landmark_9_x,landmark_9_y,landmark_9_z,landmark_10_x,landmark_10_y,landmark_10_z,landmark_11_x,landmark_11_y,landmark_11_z,landmark_12_x,landmark_12_y,landmark_12_z,landmark_13_x,landmark_13_y,landmark_13_z,landmark_14_x,landmark_14_y,landmark_14_z,landmark_15_x,landmark_15_y,landmark_15_z,landmark_16_x,landmark_16_y,landmark_16_z,landmark_17_x,landmark_17_y,landmark_17_z,landmark_18_x,landmark_18_y,landmark_18_z,landmark_19_x,landmark_19_y,landmark_19_z,landmark_20_x,landmark_20_y,landmark_20_z,class
0.36392009258270264,0.3013498783111572,-8.158544773095855e-08,0.3974320590496063,0.28773799538612366,-0.01065574400126934,0.42843762040138245,0.25864100456237793,-0.013337979093194008,0.4263884723186493,0.22347046434879303,-0.015979822725057602,0.4050035774707794,0.21076563000679016,-0.016732731834053993,0.41108831763267517,0.2187584936618805,0.004617390222847462,0.4163220524787903,0.2025233656167984,-0.007127929478883743,0.41385477781295776,0.22789649665355682,-0.014325840398669243,0.4144221544265747,0.2366432547569275,-0.01757560484111309,0.3923863172531128,0.20920313894748688,0.005023693200200796,0.3969777822494507,0.1939891129732132,-0.007352758198976517,0.3936750590801239,0.22542576491832733,-0.010851847939193249,0.3923448920249939,0.23334890604019165,-0.009680582210421562,0.3734091520309448,0.20493486523628235,0.0025123865343630314,0.3747975528240204,0.18899673223495483,-0.010783667676150799,0.3740633428096771,0.2200181484222412,-0.007127226330339909,0.373736709356308,0.23007500171661377,-0.000640481652226299,0.35232803225517273,0.20393963158130646,-0.0009865185711532831,0.35569262504577637,0.18766848742961884,-0.006715818773955107,0.35698428750038147,0.208315908908844,-0.0008101682178676128,0.35669270157814026,0.21809710562229156,0.005905797239392996,high
