landmark_0_x,landmark_0_y,landmark_0_z,landmark_1_x,landmark_1_y,landmark_1_z,landmark_2_x,landmark_2_y,landmark_2_z,landmark_3_x,landmark_3_y,landmark_3_z,landmark_4_x,landmark_4_y,landmark_4_z,landmark_5_x,landmark_5_y,landmark_5_z,landmark_6_x,landmark_6_y,landmark_6_z,landmark_7_x,landmark_7_y,landmark_7_z,landmark_8_x,landmark_8_y,landmark_8_z,landmark_9_x,landmark_9_y,landmark_9_z,landmark_10_x,landmark_10_y,landmark_10_z,landmark_11_x,landmark_11_y,landmark_11_z,landmark_12_x,landmark_12_y,landmark_12_z,landmark_13_x,landmark_13_y,landmark_13_z,landmark_14_x,landmark_14_y,landmark_14_z,landmark_15_x,landmark_15_y,landmark_15_z,landmark_16_x,landmark_16_y,landmark_16_z,landmark_17_x,landmark_17_y,landmark_17_z,landmark_18_x,landmark_18_y,landmark_18_z,landmark_19_x,landmark_19_y,landmark_19_z,landmark_20_x,landmark_20_y,landmark_20_z,class
0.18555769324302673,0.4494066834449768,-2.7047336814689515e-08,0.211419939994812,0.42660918831825256,-0.007227381691336632,0.23398487269878387,0.3943820893764496,-0.008703417144715786,0.2268228828907013,0.3653501570224762,-0.010298267938196659,0.20616796612739563,0.36577504873275757,-0.010760710574686527,0.20779570937156677,0.36778679490089417,0.006137995980679989,0.21173590421676636,0.3485298752784729,-0.0020522105041891336,0.21565744280815125,0.3686821758747101,-0.009352887980639935,0.2176567018032074,0.3824404180049896,-0.013135009445250034,0.1922653615474701,0.3670918643474579,0.006302998401224613,0.1939520239830017,0.3490544259548187,-0.00129445712082088,0.1973731517791748,0.3710002601146698,-0.006363428197801113,0.19820363819599152,0.3831061124801636,-0.0077070752158761024,0.17686216533184052,0.37069571018218994,0.00449861865490675,0.17702005803585052,0.3544786274433136,-0.0031576671171933413,0.18223786354064941,0.37511202692985535,-0.002273122314363718,0.18373700976371765,0.3863794803619385,0.0005547348409891129,0.15956930816173553,0.3782585859298706,0.0019551769364625216,0.16293612122535706,0.36331483721733093,-0.0009609500993974507,0.1682734340429306,0.3783624470233917,0.003401637775823474,0.16995790600776672,0.38848936557769775,0.007951480336487293,high
