landmark_0_x,landmark_0_y,landmark_0_z,landmark_1_x,landmark_1_y,landmark_1_z,landmark_2_x,landmark_2_y,landmark_2_z,landmark_3_x,landmark_3_y,landmark_3_z,landmark_4_x,landmark_4_y,landmark_4_z,landmark_5_x,landmark_5_y,landmark_5_z,landmark_6_x,landmark_6_y,landmark_6_z,landmark_7_x,landmark_7_y,landmark_7_z,landmark_8_x,landmark_8_y,landmark_8_z,landmark_9_x,landmark_9_y,landmark_9_z,landmark_10_x,landmark_10_y,landmark_10_z,landmark_11_x,landmark_11_y,landmark_11_z,landmark_12_x,landmark_12_y,landmark_12_z,landmark_13_x,landmark_13_y,landmark_13_z,landmark_14_x,landmark_14_y,landmark_14_z,landmark_15_x,landmark_15_y,landmark_15_z,landmark_16_x,landmark_16_y,landmark_16_z,landmark_17_x,landmark_17_y,landmark_17_z,landmark_18_x,landmark_18_y,landmark_18_z,landmark_19_x,landmark_19_y,landmark_19_z,landmark_20_x,landmark_20_y,landmark_20_z,class
0.19712071120738983,0.4279336929321289,-9.918749555026807e-08,0.234226793050766,0.4056050777435303,-0.011484193615615368,0.2668778598308563,0.3723987936973572,-0.015655118972063065,0.2587895095348358,0.3338813781738281,-0.01963105797767639,0.2289210557937622,0.32946527004241943,-0.020784860476851463,0.24691015481948853,0.3281477689743042,0.0034921306651085615,0.2530953288078308,0.3046199083328247,-0.010443424805998802,0.2474779635667801,0.33857354521751404,-0.018979107961058617,0.2455364465713501,0.35106635093688965,-0.023239150643348694,0.22580976784229279,0.32117289304733276,0.002792992163449526,0.23008325695991516,0.3017813265323639,-0.011344300583004951,0.22650747001171112,0.33986034989356995,-0.01605958305299282,0.2247825264930725,0.34607669711112976,-0.015864379703998566,0.20474238693714142,0.32007303833961487,-0.0008483764831908047,0.2049894779920578,0.3037194311618805,-0.015150105580687523,0.20590738952159882,0.34008318185806274,-0.011250303126871586,0.20638751983642578,0.3463689684867859,-0.004918508231639862,0.180785670876503,0.322593092918396,-0.005544071551412344,0.18482181429862976,0.3084365725517273,-0.010636651888489723,0.18761911988258362,0.3344217836856842,-0.003135617822408676,0.1880531758069992,0.34400564432144165,0.004292497877031565,high
