landmark_0_x,landmark_0_y,landmark_0_z,landmark_1_x,landmark_1_y,landmark_1_z,landmark_2_x,landmark_2_y,landmark_2_z,landmark_3_x,landmark_3_y,landmark_3_z,landmark_4_x,landmark_4_y,landmark_4_z,landmark_5_x,landmark_5_y,landmark_5_z,landmark_6_x,landmark_6_y,landmark_6_z,landmark_7_x,landmark_7_y,landmark_7_z,landmark_8_x,landmark_8_y,landmark_8_z,landmark_9_x,landmark_9_y,landmark_9_z,landmark_10_x,landmark_10_y,landmark_10_z,landmark_11_x,landmark_11_y,landmark_11_z,landmark_12_x,landmark_12_y,landmark_12_z,landmark_13_x,landmark_13_y,landmark_13_z,landmark_14_x,landmark_14_y,landmark_14_z,landmark_15_x,landmark_15_y,landmark_15_z,landmark_16_x,landmark_16_y,landmark_16_z,landmark_17_x,landmark_17_y,landmark_17_z,landmark_18_x,landmark_18_y,landmark_18_z,landmark_19_x,landmark_19_y,landmark_19_z,landmark_20_x,landmark_20_y,landmark_20_z,class
0.4120926856994629,0.27867257595062256,-1.8767657650187175e-07,0.46739599108695984,0.25547245144844055,-0.016095824539661407,0.519982635974884,0.20321062207221985,-0.021751901134848595,0.5218259692192078,0.14407189190387726,-0.028119126334786415,0.4800410568714142,0.1423618495464325,-0.031103570014238358,0.4848574995994568,0.11890740692615509,0.0008299870532937348,0.49949193000793457,0.07071088999509811,-0.021699050441384315,0.4963381588459015,0.12078649550676346,-0.035069726407527924,0.49368080496788025,0.14622598886489868,-0.0416753813624382,0.4529794454574585,0.11622007191181183,-0.0021019272971898317,0.46775931119918823,0.07522255182266235,-0.02800990827381611,0.4666042923927307,0.13602323830127716,-0.03681959584355354,0.4607904255390167,0.15380124747753143,-0.03699391335248947,0.4218108654022217,0.12129618227481842,-0.00906896498054266,0.43353068828582764,0.08648224174976349,-0.03503652662038803,0.43608543276786804,0.14503051340579987,-0.030215993523597717,0.43134137988090515,0.16361671686172485,-0.020178554579615593,0.38836467266082764,0.13040146231651306,-0.01744021102786064,0.40423691272735596,0.10164809972047806,-0.029702380299568176,0.4103177785873413,0.1414942443370819,-0.020545177161693573,0.40735504031181335,0.15893031656742096,-0.010460376739501953,high
