landmark_0_x,landmark_0_y,landmark_0_z,landmark_1_x,landmark_1_y,landmark_1_z,landmark_2_x,landmark_2_y,landmark_2_z,landmark_3_x,landmark_3_y,landmark_3_z,landmark_4_x,landmark_4_y,landmark_4_z,landmark_5_x,landmark_5_y,landmark_5_z,landmark_6_x,landmark_6_y,landmark_6_z,landmark_7_x,landmark_7_y,landmark_7_z,landmark_8_x,landmark_8_y,landmark_8_z,landmark_9_x,landmark_9_y,landmark_9_z,landmark_10_x,landmark_10_y,landmark_10_z,landmark_11_x,landmark_11_y,landmark_11_z,landmark_12_x,landmark_12_y,landmark_12_z,landmark_13_x,landmark_13_y,landmark_13_z,landmark_14_x,landmark_14_y,landmark_14_z,landmark_15_x,landmark_15_y,landmark_15_z,landmark_16_x,landmark_16_y,landmark_16_z,landmark_17_x,landmark_17_y,landmark_17_z,landmark_18_x,landmark_18_y,landmark_18_z,landmark_19_x,landmark_19_y,landmark_19_z,landmark_20_x,landmark_20_y,landmark_20_z,class
0.23517929017543793,0.19400647282600403,-7.59104139547162e-08,0.2666415274143219,0.17495764791965485,-0.008713208138942719,0.2912746071815491,0.13214896619319916,-0.008984687738120556,0.2883434593677521,0.09466344863176346,-0.010086259804666042,0.2695116400718689,0.08777255564928055,-0.009386653080582619,0.2661319375038147,0.09527568519115448,0.008664042688906193,0.2694164216518402,0.0743613913655281,-0.0024499620776623487,0.2725745141506195,0.09697212278842926,-0.010092231445014477,0.276445597410202,0.10874951630830765,-0.013767296448349953,0.24985209107398987,0.09370161592960358,0.008431476540863514,0.25056278705596924,0.07550906389951706,-0.0037792727816849947,0.2542862296104431,0.10146453976631165,-0.00841300655156374,0.25737956166267395,0.11183812469244003,-0.008154480718076229,0.23269806802272797,0.0967671275138855,0.005077375564724207,0.2321772575378418,0.07768126577138901,-0.0069783348590135574,0.23732319474220276,0.10231982171535492,-0.004863997921347618,0.2412913739681244,0.11302071064710617,1.1174926839885302e-05,0.21390216052532196,0.10268738865852356,0.0005647140205837786,0.21705567836761475,0.08588431775569916,-0.004732511937618256,0.2213049679994583,0.1026131883263588,-0.00039834820199757814,0.22395966947078705,0.11198189854621887,0.004778820555657148,high
