landmark_0_x,landmark_0_y,landmark_0_z,landmark_1_x,landmark_1_y,landmark_1_z,landmark_2_x,landmark_2_y,landmark_2_z,landmark_3_x,landmark_3_y,landmark_3_z,landmark_4_x,landmark_4_y,landmark_4_z,landmark_5_x,landmark_5_y,landmark_5_z,landmark_6_x,landmark_6_y,landmark_6_z,landmark_7_x,landmark_7_y,landmark_7_z,landmark_8_x,landmark_8_y,landmark_8_z,landmark_9_x,landmark_9_y,landmark_9_z,landmark_10_x,landmark_10_y,landmark_10_z,landmark_11_x,landmark_11_y,landmark_11_z,landmark_12_x,landmark_12_y,landmark_12_z,landmark_13_x,landmark_13_y,landmark_13_z,landmark_14_x,landmark_14_y,landmark_14_z,landmark_15_x,landmark_15_y,landmark_15_z,landmark_16_x,landmark_16_y,landmark_16_z,landmark_17_x,landmark_17_y,landmark_17_z,landmark_18_x,landmark_18_y,landmark_18_z,landmark_19_x,landmark_19_y,landmark_19_z,landmark_20_x,landmark_20_y,landmark_20_z,class
0.2041773498058319,0.4365489184856415,-8.351634050995926e-08,0.24245181679725647,0.41281211376190186,-0.010048303753137589,0.2743997871875763,0.38058531284332275,-0.013290302827954292,0.2665117681026459,0.3437063694000244,-0.01695185899734497,0.23891671001911163,0.3419021964073181,-0.018278805539011955,0.24818196892738342,0.330361008644104,0.007847682572901249,0.2573140561580658,0.3102486729621887,-0.005556607153266668,0.2548746168613434,0.34166833758354187,-0.015456099063158035,0.2524535059928894,0.35525667667388916,-0.02077566646039486,0.22853440046310425,0.32572779059410095,0.006575554143637419,0.23527613282203674,0.3074851930141449,-0.006839182693511248,0.2345358282327652,0.34272244572639465,-0.01357195246964693,0.2328445017337799,0.35140466690063477,-0.014825534075498581,0.20892971754074097,0.32758843898773193,0.0022985588293522596,0.2132299542427063,0.31355953216552734,-0.010674122720956802,0.21607837080955505,0.3452550768852234,-0.009237132966518402,0.21567612886428833,0.3517657518386841,-0.004772191401571035,0.18724775314331055,0.3344603180885315,-0.0030366636347025633,0.1952023208141327,0.32132112979888916,-0.007498814724385738,0.19889944791793823,0.34350529313087463,-0.001465836656279862,0.1983216553926468,0.35227370262145996,0.004722909536212683,high
