landmark_0_x,landmark_0_y,landmark_0_z,landmark_1_x,landmark_1_y,landmark_1_z,landmark_2_x,landmark_2_y,landmark_2_z,landmark_3_x,landmark_3_y,landmark_3_z,landmark_4_x,landmark_4_y,landmark_4_z,landmark_5_x,landmark_5_y,landmark_5_z,landmark_6_x,landmark_6_y,landmark_6_z,landmark_7_x,landmark_7_y,landmark_7_z,landmark_8_x,landmark_8_y,landmark_8_z,landmark_9_x,landmark_9_y,landmark_9_z,landmark_10_x,landmark_10_y,landmark_10_z,landmark_11_x,landmark_11_y,landmark_11_z,landmark_12_x,landmark_12_y,landmark_12_z,landmark_13_x,landmark_13_y,landmark_13_z,landmark_14_x,landmark_14_y,landmark_14_z,landmark_15_x,landmark_15_y,landmark_15_z,landmark_16_x,landmark_16_y,landmark_16_z,landmark_17_x,landmark_17_y,landmark_17_z,landmark_18_x,landmark_18_y,landmark_18_z,landmark_19_x,landmark_19_y,landmark_19_z,landmark_20_x,landmark_20_y,landmark_20_z,class
0.35750800371170044,0.25643277168273926,-2.2005623634413496e-07,0.4316306710243225,0.2262231409549713,-0.02173697017133236,0.5038418769836426,0.17209553718566895,-0.02995741181075573,0.5003504753112793,0.09652512520551682,-0.03780287504196167,0.4433235824108124,0.08563289791345596,-0.04106952250003815,0.47687292098999023,0.0826653316617012,-0.001015429268591106,0.5015763640403748,0.039871908724308014,-0.024029476568102837,0.48302140831947327,0.10295002907514572,-0.036415062844753265,0.4750179350376129,0.12227416038513184,-0.043408483266830444,0.4360410273075104,0.06598000228404999,-0.003470800584182143,0.4549078941345215,0.027884460985660553,-0.028037507086992264,0.4385337829589844,0.09894979000091553,-0.03325385972857475,0.4321381449699402,0.11136177182197571,-0.03144689276814461,0.39356356859207153,0.060801416635513306,-0.010743705555796623,0.4057454466819763,0.025182783603668213,-0.03666538745164871,0.3982941508293152,0.09436483681201935,-0.02658713050186634,0.3932628035545349,0.1098276749253273,-0.013758418150246143,0.34455153346061707,0.06031430885195732,-0.019958237186074257,0.36361178755760193,0.029674269258975983,-0.029865410178899765,0.36246222257614136,0.07853087782859802,-0.013951528817415237,0.35619664192199707,0.09691207110881805,0.0005856761708855629,high
