landmark_0_x,landmark_0_y,landmark_0_z,landmark_1_x,landmark_1_y,landmark_1_z,landmark_2_x,landmark_2_y,landmark_2_z,landmark_3_x,landmark_3_y,landmark_3_z,landmark_4_x,landmark_4_y,landmark_4_z,landmark_5_x,landmark_5_y,landmark_5_z,landmark_6_x,landmark_6_y,landmark_6_z,landmark_7_x,landmark_7_y,landmark_7_z,landmark_8_x,landmark_8_y,landmark_8_z,landmark_9_x,landmark_9_y,landmark_9_z,landmark_10_x,landmark_10_y,landmark_10_z,landmark_11_x,landmark_11_y,landmark_11_z,landmark_12_x,landmark_12_y,landmark_12_z,landmark_13_x,landmark_13_y,landmark_13_z,landmark_14_x,landmark_14_y,landmark_14_z,landmark_15_x,landmark_15_y,landmark_15_z,landmark_16_x,landmark_16_y,landmark_16_z,landmark_17_x,landmark_17_y,landmark_17_z,landmark_18_x,landmark_18_y,landmark_18_z,landmark_19_x,landmark_19_y,landmark_19_z,landmark_20_x,landmark_20_y,landmark_20_z,class
0.3961634337902069,0.3333934247493744,-9.733616934681777e-08,0.42596495151519775,0.32038646936416626,-0.008335406892001629,0.4517725110054016,0.2898435890674591,-0.009643865749239922,0.45134681463241577,0.25574907660484314,-0.010986272245645523,0.4294101893901825,0.25119730830192566,-0.010811296291649342,0.42672157287597656,0.25183650851249695,0.004618021193891764,0.4343138039112091,0.23153887689113617,-0.0056594801135361195,0.4354364275932312,0.25878921151161194,-0.012464292347431183,0.4330662190914154,0.27160561084747314,-0.015366729348897934,0.4104233682155609,0.2486022263765335,0.004807045683264732,0.4163016378879547,0.23088110983371735,-0.005809071008116007,0.41765379905700684,0.2619995176792145,-0.01000870019197464,0.4131891429424286,0.27215179800987244,-0.009991337545216084,0.39355191588401794,0.24946263432502747,0.0026938628870993853,0.3982391655445099,0.23210415244102478,-0.008057771250605583,0.40145203471183777,0.26046982407569885,-0.005581599660217762,0.39777204394340515,0.27054697275161743,-0.0009482557652518153,0.3739546835422516,0.2525472640991211,-0.00010943058441625908,0.38201022148132324,0.2357034981250763,-0.004536713473498821,0.38520002365112305,0.25650832056999207,0.0007438625325448811,0.3821568191051483,0.2674061059951782,0.006248109973967075,high
