landmark_0_x,landmark_0_y,landmark_0_z,landmark_1_x,landmark_1_y,landmark_1_z,landmark_2_x,landmark_2_y,landmark_2_z,landmark_3_x,landmark_3_y,landmark_3_z,landmark_4_x,landmark_4_y,landmark_4_z,landmark_5_x,landmark_5_y,landmark_5_z,landmark_6_x,landmark_6_y,landmark_6_z,landmark_7_x,landmark_7_y,landmark_7_z,landmark_8_x,landmark_8_y,landmark_8_z,landmark_9_x,landmark_9_y,landmark_9_z,landmark_10_x,landmark_10_y,landmark_10_z,landmark_11_x,landmark_11_y,landmark_11_z,landmark_12_x,landmark_12_y,landmark_12_z,landmark_13_x,landmark_13_y,landmark_13_z,landmark_14_x,landmark_14_y,landmark_14_z,landmark_15_x,landmark_15_y,landmark_15_z,landmark_16_x,landmark_16_y,landmark_16_z,landmark_17_x,landmark_17_y,landmark_17_z,landmark_18_x,landmark_18_y,landmark_18_z,landmark_19_x,landmark_19_y,landmark_19_z,landmark_20_x,landmark_20_y,landmark_20_z,class
0.3081750273704529,0.3877362608909607,-1.319130120691625e-07,0.3492375612258911,0.3700593113899231,-0.01425488106906414,0.3852154016494751,0.33477783203125,-0.018745968118309975,0.38344281911849976,0.2885149419307709,-0.022747740149497986,0.35445350408554077,0.2878861427307129,-0.024032706394791603,0.36443036794662476,0.28478267788887024,0.0020317481830716133,0.3743034601211548,0.25393161177635193,-0.01224512793123722,0.36795303225517273,0.2866658568382263,-0.021544674411416054,0.36418455839157104,0.3052311837673187,-0.025863779708743095,0.34395018219947815,0.2773296535015106,0.0027143973857164383,0.3496044874191284,0.25077134370803833,-0.011642592959105968,0.3460424244403839,0.2871321141719818,-0.016624432057142258,0.34367334842681885,0.30263829231262207,-0.016009872779250145,0.32341936230659485,0.2760714888572693,8.757352770771831e-05,0.3264365792274475,0.2539270520210266,-0.012946284376084805,0.3268810510635376,0.28597211837768555,-0.00987370777875185,0.32517439126968384,0.3002273738384247,-0.003846198320388794,0.3005602955818176,0.2787540853023529,-0.0041545964777469635,0.30844056606292725,0.25884750485420227,-0.008885376155376434,0.31086769700050354,0.281101793050766,-0.002683575265109539,0.30888938903808594,0.2948508858680725,0.004050171934068203,high
