landmark_0_x,landmark_0_y,landmark_0_z,landmark_1_x,landmark_1_y,landmark_1_z,landmark_2_x,landmark_2_y,landmark_2_z,landmark_3_x,landmark_3_y,landmark_3_z,landmark_4_x,landmark_4_y,landmark_4_z,landmark_5_x,landmark_5_y,landmark_5_z,landmark_6_x,landmark_6_y,landmark_6_z,landmark_7_x,landmark_7_y,landmark_7_z,landmark_8_x,landmark_8_y,landmark_8_z,landmark_9_x,landmark_9_y,landmark_9_z,landmark_10_x,landmark_10_y,landmark_10_z,landmark_11_x,landmark_11_y,landmark_11_z,landmark_12_x,landmark_12_y,landmark_12_z,landmark_13_x,landmark_13_y,landmark_13_z,landmark_14_x,landmark_14_y,landmark_14_z,landmark_15_x,landmark_15_y,landmark_15_z,landmark_16_x,landmark_16_y,landmark_16_z,landmark_17_x,landmark_17_y,landmark_17_z,landmark_18_x,landmark_18_y,landmark_18_z,landmark_19_x,landmark_19_y,landmark_19_z,landmark_20_x,landmark_20_y,landmark_20_z,class
0.22780536115169525,0.2597297132015228,-8.471722168224005e-08,0.28974002599716187,0.2270679473876953,-0.015980564057826996,0.3471457064151764,0.1860453486442566,-0.024571847170591354,0.3449286222457886,0.12560710310935974,-0.0342445895075798,0.2981920540332794,0.111745685338974,-0.04230526089668274,0.3264535367488861,0.10287503153085709,0.0006221746443770826,0.3533315062522888,0.06672635674476624,-0.020251654088497162,0.34708499908447266,0.10775237530469894,-0.03737281635403633,0.3394634425640106,0.13014893233776093,-0.04736083745956421,0.2907889485359192,0.09087404608726501,-0.002922588028013706,0.30973735451698303,0.05679132789373398,-0.02086128666996956,0.3037622272968292,0.10052230209112167,-0.0317038968205452,0.29647791385650635,0.11835813522338867,-0.03648030757904053,0.25473904609680176,0.09040705859661102,-0.010042383335530758,0.2667146921157837,0.05840296298265457,-0.026019040495157242,0.2642786204814911,0.10150312632322311,-0.022046728059649467,0.2580191195011139,0.11941465735435486,-0.01622874103486538,0.21462780237197876,0.0969836413860321,-0.019017906859517097,0.23031160235404968,0.06383669376373291,-0.022516794502735138,0.2333131581544876,0.09509807825088501,-0.009846508502960205,0.2293500304222107,0.11540987342596054,0.000688746222294867,high
