landmark_0_x,landmark_0_y,landmark_0_z,landmark_1_x,landmark_1_y,landmark_1_z,landmark_2_x,landmark_2_y,landmark_2_z,landmark_3_x,landmark_3_y,landmark_3_z,landmark_4_x,landmark_4_y,landmark_4_z,landmark_5_x,landmark_5_y,landmark_5_z,landmark_6_x,landmark_6_y,landmark_6_z,landmark_7_x,landmark_7_y,landmark_7_z,landmark_8_x,landmark_8_y,landmark_8_z,landmark_9_x,landmark_9_y,landmark_9_z,landmark_10_x,landmark_10_y,landmark_10_z,landmark_11_x,landmark_11_y,landmark_11_z,landmark_12_x,landmark_12_y,landmark_12_z,landmark_13_x,landmark_13_y,landmark_13_z,landmark_14_x,landmark_14_y,landmark_14_z,landmark_15_x,landmark_15_y,landmark_15_z,landmark_16_x,landmark_16_y,landmark_16_z,landmark_17_x,landmark_17_y,landmark_17_z,landmark_18_x,landmark_18_y,landmark_18_z,landmark_19_x,landmark_19_y,landmark_19_z,landmark_20_x,landmark_20_y,landmark_20_z,class
0.10258422791957855,0.25957179069519043,-1.9018055752439977e-07,0.16077497601509094,0.23637177050113678,-0.020762043073773384,0.20917683839797974,0.19149431586265564,-0.02651631087064743,0.19831305742263794,0.13398367166519165,-0.03156547248363495,0.15664313733577728,0.12683410942554474,-0.03213522955775261,0.18986237049102783,0.12348765134811401,0.005588370840996504,0.18986143171787262,0.08662039041519165,-0.01807619258761406,0.17674916982650757,0.1312570869922638,-0.03210735693573952,0.17725151777267456,0.1512300819158554,-0.038495998829603195,0.15823030471801758,0.1080380231142044,0.006124610546976328,0.152258038520813,0.07246965914964676,-0.019707150757312775,0.1431383490562439,0.12804856896400452,-0.026574373245239258,0.14980070292949677,0.14552591741085052,-0.0238889679312706,0.12701955437660217,0.10265839099884033,0.0011820608051493764,0.11687353253364563,0.07291305810213089,-0.025105221197009087,0.11317973583936691,0.1262456178665161,-0.019668346270918846,0.12088871747255325,0.14250461757183075,-0.008336986415088177,0.09327830374240875,0.10525570064783096,-0.005878969561308622,0.09042850136756897,0.08181296288967133,-0.018304195255041122,0.0888332724571228,0.11922275274991989,-0.009705689735710621,0.09332369267940521,0.1375250220298767,0.001047945930622518,high
