landmark_0_x,landmark_0_y,landmark_0_z,landmark_1_x,landmark_1_y,landmark_1_z,landmark_2_x,landmark_2_y,landmark_2_z,landmark_3_x,landmark_3_y,landmark_3_z,landmark_4_x,landmark_4_y,landmark_4_z,landmark_5_x,landmark_5_y,landmark_5_z,landmark_6_x,landmark_6_y,landmark_6_z,landmark_7_x,landmark_7_y,landmark_7_z,landmark_8_x,landmark_8_y,landmark_8_z,landmark_9_x,landmark_9_y,landmark_9_z,landmark_10_x,landmark_10_y,landmark_10_z,landmark_11_x,landmark_11_y,landmark_11_z,landmark_12_x,landmark_12_y,landmark_12_z,landmark_13_x,landmark_13_y,landmark_13_z,landmark_14_x,landmark_14_y,landmark_14_z,landmark_15_x,landmark_15_y,landmark_15_z,landmark_16_x,landmark_16_y,landmark_16_z,landmark_17_x,landmark_17_y,landmark_17_z,landmark_18_x,landmark_18_y,landmark_18_z,landmark_19_x,landmark_19_y,landmark_19_z,landmark_20_x,landmark_20_y,landmark_20_z,class
0.36429956555366516,0.27694958448410034,-1.11217111964379e-07,0.39654117822647095,0.2607072591781616,-0.010041576810181141,0.4283628761768341,0.22987057268619537,-0.013095594942569733,0.4300856590270996,0.19242534041404724,-0.016098689287900925,0.4056701064109802,0.1853737235069275,-0.017442423850297928,0.4087557792663574,0.1899319291114807,0.004161774180829525,0.4182005226612091,0.16844303905963898,-0.008196446113288403,0.41440537571907043,0.1933872401714325,-0.017314022406935692,0.4097517132759094,0.20816023647785187,-0.02157708629965782,0.38983842730522156,0.1825307160615921,0.004526815842837095,0.39519479870796204,0.1624758541584015,-0.007408407982438803,0.39310622215270996,0.1925191581249237,-0.012713952921330929,0.3901027739048004,0.2063436657190323,-0.013083575293421745,0.3703518509864807,0.17980583012104034,0.0023317120503634214,0.37406137585639954,0.1608574241399765,-0.009155288338661194,0.37498748302459717,0.1901663988828659,-0.00652342988178134,0.3730422556400299,0.2046598196029663,-0.0013607675209641457,0.3485126793384552,0.18024472892284393,-0.0008818893111310899,0.3560030162334442,0.16426904499530792,-0.005482828710228205,0.3582971692085266,0.18651044368743896,0.0002301798522239551,0.3574686348438263,0.1996890902519226,0.006432678550481796,high
