landmark_0_x,landmark_0_y,landmark_0_z,landmark_1_x,landmark_1_y,landmark_1_z,landmark_2_x,landmark_2_y,landmark_2_z,landmark_3_x,landmark_3_y,landmark_3_z,landmark_4_x,landmark_4_y,landmark_4_z,landmark_5_x,landmark_5_y,landmark_5_z,landmark_6_x,landmark_6_y,landmark_6_z,landmark_7_x,landmark_7_y,landmark_7_z,landmark_8_x,landmark_8_y,landmark_8_z,landmark_9_x,landmark_9_y,landmark_9_z,landmark_10_x,landmark_10_y,landmark_10_z,landmark_11_x,landmark_11_y,landmark_11_z,landmark_12_x,landmark_12_y,landmark_12_z,landmark_13_x,landmark_13_y,landmark_13_z,landmark_14_x,landmark_14_y,landmark_14_z,landmark_15_x,landmark_15_y,landmark_15_z,landmark_16_x,landmark_16_y,landmark_16_z,landmark_17_x,landmark_17_y,landmark_17_z,landmark_18_x,landmark_18_y,landmark_18_z,landmark_19_x,landmark_19_y,landmark_19_z,landmark_20_x,landmark_20_y,landmark_20_z,class
0.15332044661045074,0.2035594880580902,-5.4449724729010995e-08,0.1881849467754364,0.175582617521286,-0.008383561857044697,0.21161846816539764,0.1342746466398239,-0.00957717839628458,0.19941094517707825,0.09742780029773712,-0.011649782769382,0.17247192561626434,0.10447489470243454,-0.012106786482036114,0.17929384112358093,0.0987093448638916,0.008920330554246902,0.18559829890727997,0.07044629752635956,-0.00167135801166296,0.1866113543510437,0.09835033118724823,-0.010352537035942078,0.18525782227516174,0.11804569512605667,-0.01442150492221117,0.16151654720306396,0.09988829493522644,0.008152153342962265,0.16535532474517822,0.07338687777519226,-0.0030359949450939894,0.16744820773601532,0.10278426110744476,-0.00978055689483881,0.16640698909759521,0.1214868500828743,-0.010872823186218739,0.14374005794525146,0.10440081357955933,0.004823147319257259,0.1449393332004547,0.07928009331226349,-0.005209339316934347,0.1509297639131546,0.10480600595474243,-0.004815868102014065,0.15184633433818817,0.12267392128705978,-0.001028966042213142,0.12307419627904892,0.11246971040964127,0.0004800599126610905,0.12834857404232025,0.08634809404611588,-0.003104875097051263,0.13413554430007935,0.10395486652851105,0.0018953739199787378,0.134685218334198,0.12095468491315842,0.0074994610622525215,high
