landmark_0_x,landmark_0_y,landmark_0_z,landmark_1_x,landmark_1_y,landmark_1_z,landmark_2_x,landmark_2_y,landmark_2_z,landmark_3_x,landmark_3_y,landmark_3_z,landmark_4_x,landmark_4_y,landmark_4_z,landmark_5_x,landmark_5_y,landmark_5_z,landmark_6_x,landmark_6_y,landmark_6_z,landmark_7_x,landmark_7_y,landmark_7_z,landmark_8_x,landmark_8_y,landmark_8_z,landmark_9_x,landmark_9_y,landmark_9_z,landmark_10_x,landmark_10_y,landmark_10_z,landmark_11_x,landmark_11_y,landmark_11_z,landmark_12_x,landmark_12_y,landmark_12_z,landmark_13_x,landmark_13_y,landmark_13_z,landmark_14_x,landmark_14_y,landmark_14_z,landmark_15_x,landmark_15_y,landmark_15_z,landmark_16_x,landmark_16_y,landmark_16_z,landmark_17_x,landmark_17_y,landmark_17_z,landmark_18_x,landmark_18_y,landmark_18_z,landmark_19_x,landmark_19_y,landmark_19_z,landmark_20_x,landmark_20_y,landmark_20_z,class
0.7637289762496948,0.38177093863487244,2.978260624786344e-07,0.7230885028839111,0.37423592805862427,-0.02030295878648758,0.6887765526771545,0.35526296496391296,-0.03395497798919678,0.6651461124420166,0.339630126953125,-0.04625702276825905,0.6603114604949951,0.3201327323913574,-0.05792780965566635,0.7011529207229614,0.2563682496547699,-0.013883672654628754,0.6996471285820007,0.2068490982055664,-0.029857687652111053,0.6993003487586975,0.17751719057559967,-0.04555034264922142,0.6973293423652649,0.1560371369123459,-0.05619104579091072,0.7260067462921143,0.24649135768413544,-0.013314072974026203,0.7235285043716431,0.19576436281204224,-0.026250801980495453,0.7196435928344727,0.1690349578857422,-0.03825374320149422,0.7131016850471497,0.15232735872268677,-0.04607519134879112,0.7518966197967529,0.24606196582317352,-0.015873540192842484,0.7480294108390808,0.19715261459350586,-0.026308594271540642,0.7429269552230835,0.17214550077915192,-0.032470181584358215,0.7356058359146118,0.1559675931930542,-0.03572996333241463,0.7782521843910217,0.2551642060279846,-0.0207679383456707,0.7737722992897034,0.21148408949375153,-0.029553594067692757,0.7677792906761169,0.1864166408777237,-0.032481275498867035,0.7607970833778381,0.16630935668945312,-0.03320017829537392,la
