landmark_0_x,landmark_0_y,landmark_0_z,landmark_1_x,landmark_1_y,landmark_1_z,landmark_2_x,landmark_2_y,landmark_2_z,landmark_3_x,landmark_3_y,landmark_3_z,landmark_4_x,landmark_4_y,landmark_4_z,landmark_5_x,landmark_5_y,landmark_5_z,landmark_6_x,landmark_6_y,landmark_6_z,landmark_7_x,landmark_7_y,landmark_7_z,landmark_8_x,landmark_8_y,landmark_8_z,landmark_9_x,landmark_9_y,landmark_9_z,landmark_10_x,landmark_10_y,landmark_10_z,landmark_11_x,landmark_11_y,landmark_11_z,landmark_12_x,landmark_12_y,landmark_12_z,landmark_13_x,landmark_13_y,landmark_13_z,landmark_14_x,landmark_14_y,landmark_14_z,landmark_15_x,landmark_15_y,landmark_15_z,landmark_16_x,landmark_16_y,landmark_16_z,landmark_17_x,landmark_17_y,landmark_17_z,landmark_18_x,landmark_18_y,landmark_18_z,landmark_19_x,landmark_19_y,landmark_19_z,landmark_20_x,landmark_20_y,landmark_20_z,class
0.8132868409156799,0.6807174682617188,2.3188299280718638e-07,0.7823842167854309,0.6756243705749512,-0.02580988220870495,0.7562822699546814,0.6580439209938049,-0.043729253113269806,0.7408077716827393,0.6389428377151489,-0.05937895551323891,0.7338712215423584,0.6268043518066406,-0.07400408387184143,0.7656879425048828,0.5617363452911377,-0.021810056641697884,0.7649201154708862,0.5194834470748901,-0.03972742706537247,0.7714248895645142,0.4955250024795532,-0.05599275976419449,0.7797420024871826,0.48286813497543335,-0.06664075702428818,0.7908505201339722,0.5511659979820251,-0.019297238439321518,0.7887420058250427,0.5040199756622314,-0.03425784409046173,0.7934092283248901,0.48362255096435547,-0.0462297648191452,0.7985807657241821,0.4762532413005829,-0.053803011775016785,0.8146952986717224,0.5518932938575745,-0.02020789496600628,0.8142959475517273,0.5055228471755981,-0.03236294537782669,0.8169127702713013,0.48628556728363037,-0.0388045571744442,0.8195838332176208,0.4792175889015198,-0.04217355325818062,0.8386632204055786,0.5621917843818665,-0.02388816326856613,0.8408098220825195,0.5214484333992004,-0.03289879858493805,0.8403822183609009,0.5002349615097046,-0.03615768253803253,0.8390573859214783,0.4872649610042572,-0.03745915740728378,la
