landmark_0_x,landmark_0_y,landmark_0_z,landmark_1_x,landmark_1_y,landmark_1_z,landmark_2_x,landmark_2_y,landmark_2_z,landmark_3_x,landmark_3_y,landmark_3_z,landmark_4_x,landmark_4_y,landmark_4_z,landmark_5_x,landmark_5_y,landmark_5_z,landmark_6_x,landmark_6_y,landmark_6_z,landmark_7_x,landmark_7_y,landmark_7_z,landmark_8_x,landmark_8_y,landmark_8_z,landmark_9_x,landmark_9_y,landmark_9_z,landmark_10_x,landmark_10_y,landmark_10_z,landmark_11_x,landmark_11_y,landmark_11_z,landmark_12_x,landmark_12_y,landmark_12_z,landmark_13_x,landmark_13_y,landmark_13_z,landmark_14_x,landmark_14_y,landmark_14_z,landmark_15_x,landmark_15_y,landmark_15_z,landmark_16_x,landmark_16_y,landmark_16_z,landmark_17_x,landmark_17_y,landmark_17_z,landmark_18_x,landmark_18_y,landmark_18_z,landmark_19_x,landmark_19_y,landmark_19_z,landmark_20_x,landmark_20_y,landmark_20_z,class
0.8994523882865906,0.6287422776222229,2.470402478138567e-07,0.8712769150733948,0.619306743144989,-0.02092505618929863,0.8472064137458801,0.607158899307251,-0.03576447069644928,0.8314140439033508,0.5959101319313049,-0.048316359519958496,0.8234828114509583,0.5842862725257874,-0.0603199303150177,0.8605596423149109,0.5242939591407776,-0.019156666472554207,0.8592357635498047,0.4918730556964874,-0.03279485926032066,0.8619104027748108,0.47247833013534546,-0.04593741148710251,0.8652845621109009,0.45488807559013367,-0.055376600474119186,0.8840688467025757,0.5175080895423889,-0.017027098685503006,0.8850013613700867,0.48411670327186584,-0.027022624388337135,0.8870974183082581,0.46543559432029724,-0.03595539182424545,0.888690710067749,0.4471401870250702,-0.0428895503282547,0.9059751629829407,0.5196858644485474,-0.01757628656923771,0.9080108404159546,0.4868045449256897,-0.026798829436302185,0.9086286425590515,0.4681047201156616,-0.03064654767513275,0.9088758230209351,0.4520152807235718,-0.033245205879211426,0.9265890121459961,0.5301710963249207,-0.020314479246735573,0.9294982552528381,0.4991176724433899,-0.027727438136935234,0.9303723573684692,0.4821084439754486,-0.028840521350502968,0.9301095008850098,0.4673224091529846,-0.02903125062584877,la
