landmark_0_x,landmark_0_y,landmark_0_z,landmark_1_x,landmark_1_y,landmark_1_z,landmark_2_x,landmark_2_y,landmark_2_z,landmark_3_x,landmark_3_y,landmark_3_z,landmark_4_x,landmark_4_y,landmark_4_z,landmark_5_x,landmark_5_y,landmark_5_z,landmark_6_x,landmark_6_y,landmark_6_z,landmark_7_x,landmark_7_y,landmark_7_z,landmark_8_x,landmark_8_y,landmark_8_z,landmark_9_x,landmark_9_y,landmark_9_z,landmark_10_x,landmark_10_y,landmark_10_z,landmark_11_x,landmark_11_y,landmark_11_z,landmark_12_x,landmark_12_y,landmark_12_z,landmark_13_x,landmark_13_y,landmark_13_z,landmark_14_x,landmark_14_y,landmark_14_z,landmark_15_x,landmark_15_y,landmark_15_z,landmark_16_x,landmark_16_y,landmark_16_z,landmark_17_x,landmark_17_y,landmark_17_z,landmark_18_x,landmark_18_y,landmark_18_z,landmark_19_x,landmark_19_y,landmark_19_z,landmark_20_x,landmark_20_y,landmark_20_z,class
0.7544868588447571,0.7550202012062073,1.6284823800560844e-07,0.7204660773277283,0.7603068351745605,-0.020375030115246773,0.6870372295379639,0.7540720105171204,-0.03458789363503456,0.6657324433326721,0.7477652430534363,-0.04716409370303154,0.6481590270996094,0.7466889023780823,-0.059063613414764404,0.6825115084648132,0.6601920127868652,-0.01760430634021759,0.6827189326286316,0.6244654655456543,-0.033516693860292435,0.6867040395736694,0.6116689443588257,-0.04771503806114197,0.6902907490730286,0.6061419248580933,-0.05707405135035515,0.707181990146637,0.6432547569274902,-0.017532719299197197,0.7053281664848328,0.6061884760856628,-0.030552059412002563,0.7113844156265259,0.5993828773498535,-0.04011708125472069,0.7165511846542358,0.5968457460403442,-0.046292077749967575,0.7318376898765564,0.636127233505249,-0.02045786939561367,0.7315135598182678,0.6033360958099365,-0.03166662156581879,0.7355301380157471,0.6026687622070312,-0.03385661542415619,0.7374404668807983,0.6018758416175842,-0.03492024168372154,0.757361114025116,0.6367334723472595,-0.02576053887605667,0.756986141204834,0.6088108420372009,-0.032994434237480164,0.7584695816040039,0.6121249198913574,-0.031425535678863525,0.7579805254936218,0.6165062189102173,-0.029581522569060326,la
