landmark_0_x,landmark_0_y,landmark_0_z,landmark_1_x,landmark_1_y,landmark_1_z,landmark_2_x,landmark_2_y,landmark_2_z,landmark_3_x,landmark_3_y,landmark_3_z,landmark_4_x,landmark_4_y,landmark_4_z,landmark_5_x,landmark_5_y,landmark_5_z,landmark_6_x,landmark_6_y,landmark_6_z,landmark_7_x,landmark_7_y,landmark_7_z,landmark_8_x,landmark_8_y,landmark_8_z,landmark_9_x,landmark_9_y,landmark_9_z,landmark_10_x,landmark_10_y,landmark_10_z,landmark_11_x,landmark_11_y,landmark_11_z,landmark_12_x,landmark_12_y,landmark_12_z,landmark_13_x,landmark_13_y,landmark_13_z,landmark_14_x,landmark_14_y,landmark_14_z,landmark_15_x,landmark_15_y,landmark_15_z,landmark_16_x,landmark_16_y,landmark_16_z,landmark_17_x,landmark_17_y,landmark_17_z,landmark_18_x,landmark_18_y,landmark_18_z,landmark_19_x,landmark_19_y,landmark_19_z,landmark_20_x,landmark_20_y,landmark_20_z,class
0.7468972206115723,0.48470747470855713,3.9901209447634756e-07,0.674500048160553,0.4925481081008911,-0.04270212724804878,0.6055723428726196,0.48029810190200806,-0.07698816806077957,0.564838171005249,0.4748689532279968,-0.10795046389102936,0.5469732880592346,0.46818917989730835,-0.13829277455806732,0.6093615889549255,0.2772819399833679,-0.045574989169836044,0.6008166074752808,0.197916641831398,-0.08135419338941574,0.59456467628479,0.1668381690979004,-0.11333735287189484,0.5844683051109314,0.14859740436077118,-0.13531522452831268,0.6622294783592224,0.25735563039779663,-0.04751448705792427,0.6563610434532166,0.175385519862175,-0.07925832271575928,0.6493211984634399,0.14716316759586334,-0.10321202874183655,0.638439953327179,0.13072483241558075,-0.1196543276309967,0.7164520621299744,0.2562466263771057,-0.0553169883787632,0.7099569439888,0.1783095896244049,-0.08527162671089172,0.7019920945167542,0.1472792625427246,-0.09739138931035995,0.6886845827102661,0.1261405199766159,-0.10374025255441666,0.7717435359954834,0.27160006761550903,-0.06728015840053558,0.7633722424507141,0.19604690372943878,-0.09060429036617279,0.7556561231613159,0.1605878472328186,-0.09573979675769806,0.7418524622917175,0.13275136053562164,-0.0974191278219223,la
