landmark_0_x,landmark_0_y,landmark_0_z,landmark_1_x,landmark_1_y,landmark_1_z,landmark_2_x,landmark_2_y,landmark_2_z,landmark_3_x,landmark_3_y,landmark_3_z,landmark_4_x,landmark_4_y,landmark_4_z,landmark_5_x,landmark_5_y,landmark_5_z,landmark_6_x,landmark_6_y,landmark_6_z,landmark_7_x,landmark_7_y,landmark_7_z,landmark_8_x,landmark_8_y,landmark_8_z,landmark_9_x,landmark_9_y,landmark_9_z,landmark_10_x,landmark_10_y,landmark_10_z,landmark_11_x,landmark_11_y,landmark_11_z,landmark_12_x,landmark_12_y,landmark_12_z,landmark_13_x,landmark_13_y,landmark_13_z,landmark_14_x,landmark_14_y,landmark_14_z,landmark_15_x,landmark_15_y,landmark_15_z,landmark_16_x,landmark_16_y,landmark_16_z,landmark_17_x,landmark_17_y,landmark_17_z,landmark_18_x,landmark_18_y,landmark_18_z,landmark_19_x,landmark_19_y,landmark_19_z,landmark_20_x,landmark_20_y,landmark_20_z,class
0.8125625252723694,0.8448450565338135,1.1197806770724128e-07,0.7840832471847534,0.8375163674354553,-0.01498835813254118,0.7574840784072876,0.8289066553115845,-0.027323924005031586,0.7388310432434082,0.8301685452461243,-0.03962322324514389,0.7236633896827698,0.8404505252838135,-0.0518813356757164,0.7665370106697083,0.74924236536026,-0.010737964883446693,0.7699093818664551,0.7177639007568359,-0.025795472785830498,0.7789409160614014,0.7099794745445251,-0.039777565747499466,0.7881024479866028,0.7107647061347961,-0.0482775904238224,0.7882216572761536,0.7394730448722839,-0.01219460554420948,0.7889431715011597,0.6961165070533752,-0.027415113523602486,0.7985361814498901,0.6968737840652466,-0.03947943076491356,0.8075498342514038,0.7102181911468506,-0.04513965919613838,0.8083534240722656,0.7390164732933044,-0.0158914215862751,0.8118463754653931,0.7031481862068176,-0.027994893491268158,0.8185016512870789,0.7069199085235596,-0.033973727375268936,0.8232213854789734,0.7215291857719421,-0.03530365973711014,0.8281984329223633,0.7471897602081299,-0.021151967346668243,0.8317822217941284,0.7201949954032898,-0.027861937880516052,0.8338338136672974,0.7214170098304749,-0.028513995930552483,0.834012508392334,0.7302937507629395,-0.027439329773187637,la
