landmark_0_x,landmark_0_y,landmark_0_z,landmark_1_x,landmark_1_y,landmark_1_z,landmark_2_x,landmark_2_y,landmark_2_z,landmark_3_x,landmark_3_y,landmark_3_z,landmark_4_x,landmark_4_y,landmark_4_z,landmark_5_x,landmark_5_y,landmark_5_z,landmark_6_x,landmark_6_y,landmark_6_z,landmark_7_x,landmark_7_y,landmark_7_z,landmark_8_x,landmark_8_y,landmark_8_z,landmark_9_x,landmark_9_y,landmark_9_z,landmark_10_x,landmark_10_y,landmark_10_z,landmark_11_x,landmark_11_y,landmark_11_z,landmark_12_x,landmark_12_y,landmark_12_z,landmark_13_x,landmark_13_y,landmark_13_z,landmark_14_x,landmark_14_y,landmark_14_z,landmark_15_x,landmark_15_y,landmark_15_z,landmark_16_x,landmark_16_y,landmark_16_z,landmark_17_x,landmark_17_y,landmark_17_z,landmark_18_x,landmark_18_y,landmark_18_z,landmark_19_x,landmark_19_y,landmark_19_z,landmark_20_x,landmark_20_y,landmark_20_z,class
0.7838127613067627,0.5690504908561707,3.8111869571366697e-07,0.7143911719322205,0.58194899559021,-0.023746376857161522,0.651359498500824,0.5839305520057678,-0.055658306926488876,0.6095125675201416,0.5850335955619812,-0.08780810236930847,0.598540723323822,0.5820978879928589,-0.11963783204555511,0.6432745456695557,0.3986683487892151,-0.04179570823907852,0.6289048194885254,0.3201587498188019,-0.07270143181085587,0.6333370208740234,0.30405154824256897,-0.09640014171600342,0.6408213973045349,0.3130718469619751,-0.11034513264894485,0.696576714515686,0.3668389320373535,-0.05160722881555557,0.687731921672821,0.26620298624038696,-0.07453621923923492,0.6914027333259583,0.23941650986671448,-0.09019860625267029,0.6991707682609558,0.2446405291557312,-0.10040591657161713,0.7537119388580322,0.361376017332077,-0.06400246173143387,0.7434753179550171,0.27371275424957275,-0.08529120683670044,0.7461730241775513,0.2617430090904236,-0.09154728055000305,0.7490110397338867,0.2757536768913269,-0.09417468309402466,0.8123089075088501,0.37641918659210205,-0.07811257988214493,0.8064044713973999,0.3112765848636627,-0.09362497925758362,0.804015040397644,0.2972903251647949,-0.09171995520591736,0.8002620935440063,0.30022576451301575,-0.08773339539766312,la
