landmark_0_x,landmark_0_y,landmark_0_z,landmark_1_x,landmark_1_y,landmark_1_z,landmark_2_x,landmark_2_y,landmark_2_z,landmark_3_x,landmark_3_y,landmark_3_z,landmark_4_x,landmark_4_y,landmark_4_z,landmark_5_x,landmark_5_y,landmark_5_z,landmark_6_x,landmark_6_y,landmark_6_z,landmark_7_x,landmark_7_y,landmark_7_z,landmark_8_x,landmark_8_y,landmark_8_z,landmark_9_x,landmark_9_y,landmark_9_z,landmark_10_x,landmark_10_y,landmark_10_z,landmark_11_x,landmark_11_y,landmark_11_z,landmark_12_x,landmark_12_y,landmark_12_z,landmark_13_x,landmark_13_y,landmark_13_z,landmark_14_x,landmark_14_y,landmark_14_z,landmark_15_x,landmark_15_y,landmark_15_z,landmark_16_x,landmark_16_y,landmark_16_z,landmark_17_x,landmark_17_y,landmark_17_z,landmark_18_x,landmark_18_y,landmark_18_z,landmark_19_x,landmark_19_y,landmark_19_z,landmark_20_x,landmark_20_y,landmark_20_z,class
0.7545130252838135,0.7450228333473206,1.1528986476605496e-07,0.709393322467804,0.7462443113327026,-0.020645707845687866,0.6692513227462769,0.7412670254707336,-0.04136430099606514,0.6430810689926147,0.739642858505249,-0.06266498565673828,0.6267023086547852,0.740648627281189,-0.08284135162830353,0.6595129370689392,0.5995263457298279,-0.015474005602300167,0.6610957980155945,0.5411020517349243,-0.04022711515426636,0.6665964126586914,0.543946385383606,-0.0617593415081501,0.6726396679878235,0.5718948245048523,-0.0734587237238884,0.6977999806404114,0.582526683807373,-0.020719995722174644,0.6962144374847412,0.5099346041679382,-0.04233551770448685,0.70008385181427,0.5158452391624451,-0.05905214697122574,0.7043445706367493,0.5479798913002014,-0.06696321815252304,0.7358245849609375,0.5839908123016357,-0.029683459550142288,0.7345162630081177,0.5242622494697571,-0.04834851622581482,0.734756350517273,0.5341366529464722,-0.055946554988622665,0.733740508556366,0.5630645155906677,-0.057644981890916824,0.7733587026596069,0.6013133525848389,-0.04058581590652466,0.7735269069671631,0.558413565158844,-0.05279269814491272,0.7702740430831909,0.5600839853286743,-0.053078215569257736,0.7655017375946045,0.5751146078109741,-0.05051606893539429,la
