landmark_0_x,landmark_0_y,landmark_0_z,landmark_1_x,landmark_1_y,landmark_1_z,landmark_2_x,landmark_2_y,landmark_2_z,landmark_3_x,landmark_3_y,landmark_3_z,landmark_4_x,landmark_4_y,landmark_4_z,landmark_5_x,landmark_5_y,landmark_5_z,landmark_6_x,landmark_6_y,landmark_6_z,landmark_7_x,landmark_7_y,landmark_7_z,landmark_8_x,landmark_8_y,landmark_8_z,landmark_9_x,landmark_9_y,landmark_9_z,landmark_10_x,landmark_10_y,landmark_10_z,landmark_11_x,landmark_11_y,landmark_11_z,landmark_12_x,landmark_12_y,landmark_12_z,landmark_13_x,landmark_13_y,landmark_13_z,landmark_14_x,landmark_14_y,landmark_14_z,landmark_15_x,landmark_15_y,landmark_15_z,landmark_16_x,landmark_16_y,landmark_16_z,landmark_17_x,landmark_17_y,landmark_17_z,landmark_18_x,landmark_18_y,landmark_18_z,landmark_19_x,landmark_19_y,landmark_19_z,landmark_20_x,landmark_20_y,landmark_20_z,class
0.7476048469543457,0.7481963038444519,6.889994352832218e-08,0.7045842409133911,0.7505265474319458,-0.02015727013349533,0.6648588180541992,0.746964693069458,-0.03934863582253456,0.6387994289398193,0.745029628276825,-0.05944545194506645,0.6248248815536499,0.7460066080093384,-0.07836838811635971,0.6552935242652893,0.6132861971855164,-0.012909061275422573,0.6547077298164368,0.5588218569755554,-0.03781145066022873,0.6570958495140076,0.5667107105255127,-0.05908985808491707,0.6626085042953491,0.5954399108886719,-0.07019532471895218,0.6899634003639221,0.5955506563186646,-0.01821986772119999,0.6884431838989258,0.5202643871307373,-0.04154585674405098,0.6873812079429626,0.5334435701370239,-0.05727948248386383,0.6905750632286072,0.5700821280479431,-0.06307009607553482,0.7244012355804443,0.5947472453117371,-0.027422433719038963,0.7231895923614502,0.5319772958755493,-0.04682378098368645,0.7219908833503723,0.5488994121551514,-0.053276848047971725,0.7245296835899353,0.5818830132484436,-0.0529480017721653,0.758162260055542,0.6082221865653992,-0.03871748223900795,0.7548840641975403,0.5633566975593567,-0.049968037754297256,0.7516072988510132,0.5730306506156921,-0.048962559551000595,0.7513889074325562,0.594208836555481,-0.045045237988233566,la
