landmark_0_x,landmark_0_y,landmark_0_z,landmark_1_x,landmark_1_y,landmark_1_z,landmark_2_x,landmark_2_y,landmark_2_z,landmark_3_x,landmark_3_y,landmark_3_z,landmark_4_x,landmark_4_y,landmark_4_z,landmark_5_x,landmark_5_y,landmark_5_z,landmark_6_x,landmark_6_y,landmark_6_z,landmark_7_x,landmark_7_y,landmark_7_z,landmark_8_x,landmark_8_y,landmark_8_z,landmark_9_x,landmark_9_y,landmark_9_z,landmark_10_x,landmark_10_y,landmark_10_z,landmark_11_x,landmark_11_y,landmark_11_z,landmark_12_x,landmark_12_y,landmark_12_z,landmark_13_x,landmark_13_y,landmark_13_z,landmark_14_x,landmark_14_y,landmark_14_z,landmark_15_x,landmark_15_y,landmark_15_z,landmark_16_x,landmark_16_y,landmark_16_z,landmark_17_x,landmark_17_y,landmark_17_z,landmark_18_x,landmark_18_y,landmark_18_z,landmark_19_x,landmark_19_y,landmark_19_z,landmark_20_x,landmark_20_y,landmark_20_z,class
0.8801762461662292,0.43639135360717773,2.7366183985577663e-07,0.8478974103927612,0.4238402247428894,-0.020229190587997437,0.819464921951294,0.406226247549057,-0.03471117094159126,0.7987435460090637,0.38700070977211,-0.04753860458731651,0.7984541654586792,0.3691743016242981,-0.05998118594288826,0.8315026164054871,0.3293454945087433,-0.019234932959079742,0.8273870348930359,0.28705674409866333,-0.03409986197948456,0.8280521035194397,0.26246950030326843,-0.047115642577409744,0.8294594287872314,0.23899149894714355,-0.05644787847995758,0.8557546734809875,0.32143452763557434,-0.018235044553875923,0.8522289991378784,0.2795778810977936,-0.030616970732808113,0.851992666721344,0.2548261284828186,-0.040460005402565,0.8505927324295044,0.23039591312408447,-0.047531384974718094,0.8803120851516724,0.32167258858680725,-0.019851425662636757,0.8777029514312744,0.2793723940849304,-0.03159419819712639,0.876818835735321,0.2541849613189697,-0.03685864806175232,0.8744416236877441,0.2314271777868271,-0.03976041078567505,0.9048111438751221,0.32934048771858215,-0.023398490622639656,0.9028019309043884,0.2895582616329193,-0.03294390067458153,0.9007617831230164,0.26587969064712524,-0.035448867827653885,0.8973097205162048,0.24388380348682404,-0.03633640706539154,la
