landmark_0_x,landmark_0_y,landmark_0_z,landmark_1_x,landmark_1_y,landmark_1_z,landmark_2_x,landmark_2_y,landmark_2_z,landmark_3_x,landmark_3_y,landmark_3_z,landmark_4_x,landmark_4_y,landmark_4_z,landmark_5_x,landmark_5_y,landmark_5_z,landmark_6_x,landmark_6_y,landmark_6_z,landmark_7_x,landmark_7_y,landmark_7_z,landmark_8_x,landmark_8_y,landmark_8_z,landmark_9_x,landmark_9_y,landmark_9_z,landmark_10_x,landmark_10_y,landmark_10_z,landmark_11_x,landmark_11_y,landmark_11_z,landmark_12_x,landmark_12_y,landmark_12_z,landmark_13_x,landmark_13_y,landmark_13_z,landmark_14_x,landmark_14_y,landmark_14_z,landmark_15_x,landmark_15_y,landmark_15_z,landmark_16_x,landmark_16_y,landmark_16_z,landmark_17_x,landmark_17_y,landmark_17_z,landmark_18_x,landmark_18_y,landmark_18_z,landmark_19_x,landmark_19_y,landmark_19_z,landmark_20_x,landmark_20_y,landmark_20_z,class
0.9050275683403015,0.6340632438659668,2.2664168852770672e-07,0.8755180239677429,0.6285624504089355,-0.02156132087111473,0.8506618142127991,0.6138702630996704,-0.036280903965234756,0.8354452848434448,0.5990913510322571,-0.04845161736011505,0.834884762763977,0.5846791863441467,-0.05989058315753937,0.8692511320114136,0.5338709950447083,-0.019184207543730736,0.8672661185264587,0.5024798512458801,-0.03257661685347557,0.8679998517036438,0.4830586910247803,-0.045398227870464325,0.8688703775405884,0.46705177426338196,-0.0544474758207798,0.892288863658905,0.5260201096534729,-0.016170311719179153,0.8912208676338196,0.49319127202033997,-0.026841668412089348,0.8911488652229309,0.47352054715156555,-0.03614688664674759,0.8905906081199646,0.45628562569618225,-0.04291023313999176,0.9140721559524536,0.52607262134552,-0.015753906220197678,0.9147898554801941,0.49365830421447754,-0.02533523179590702,0.9139528870582581,0.473704069852829,-0.029864341020584106,0.9122459888458252,0.45724377036094666,-0.03254851698875427,0.9346898794174194,0.5339993238449097,-0.017471982166171074,0.9362205266952515,0.5019272565841675,-0.025224216282367706,0.9354291558265686,0.48421216011047363,-0.027049187570810318,0.9329439401626587,0.4689839482307434,-0.02750312350690365,la
