landmark_0_x,landmark_0_y,landmark_0_z,landmark_1_x,landmark_1_y,landmark_1_z,landmark_2_x,landmark_2_y,landmark_2_z,landmark_3_x,landmark_3_y,landmark_3_z,landmark_4_x,landmark_4_y,landmark_4_z,landmark_5_x,landmark_5_y,landmark_5_z,landmark_6_x,landmark_6_y,landmark_6_z,landmark_7_x,landmark_7_y,landmark_7_z,landmark_8_x,landmark_8_y,landmark_8_z,landmark_9_x,landmark_9_y,landmark_9_z,landmark_10_x,landmark_10_y,landmark_10_z,landmark_11_x,landmark_11_y,landmark_11_z,landmark_12_x,landmark_12_y,landmark_12_z,landmark_13_x,landmark_13_y,landmark_13_z,landmark_14_x,landmark_14_y,landmark_14_z,landmark_15_x,landmark_15_y,landmark_15_z,landmark_16_x,landmark_16_y,landmark_16_z,landmark_17_x,landmark_17_y,landmark_17_z,landmark_18_x,landmark_18_y,landmark_18_z,landmark_19_x,landmark_19_y,landmark_19_z,landmark_20_x,landmark_20_y,landmark_20_z,class
0.8082711100578308,0.660994291305542,2.8281479558245337e-07,0.7786824703216553,0.656882107257843,-0.030070457607507706,0.7537347078323364,0.6391145586967468,-0.04866255074739456,0.7379021644592285,0.6225877404212952,-0.0635976567864418,0.7354410290718079,0.6063747406005859,-0.07750219851732254,0.7710849046707153,0.5420217514038086,-0.026863740757107735,0.7681944370269775,0.5031733512878418,-0.04339921474456787,0.7723639607429504,0.4801696538925171,-0.05877393111586571,0.7801655530929565,0.46217384934425354,-0.0696055144071579,0.7953882217407227,0.5355873703956604,-0.021009040996432304,0.7943077087402344,0.4960886836051941,-0.034258510917425156,0.7983685731887817,0.4744254946708679,-0.04589647799730301,0.804818332195282,0.4588412046432495,-0.054103270173072815,0.8193522095680237,0.5383425951004028,-0.018481584265828133,0.8198500275611877,0.49959805607795715,-0.030275573953986168,0.821980357170105,0.47792351245880127,-0.036681901663541794,0.8253448009490967,0.4633190631866455,-0.040416207164525986,0.8425509929656982,0.5496660470962524,-0.018934166058897972,0.843019962310791,0.5143401026725769,-0.028314726427197456,0.8419122695922852,0.4947403371334076,-0.031712617725133896,0.840023398399353,0.479275107383728,-0.03325624018907547,la
