landmark_0_x,landmark_0_y,landmark_0_z,landmark_1_x,landmark_1_y,landmark_1_z,landmark_2_x,landmark_2_y,landmark_2_z,landmark_3_x,landmark_3_y,landmark_3_z,landmark_4_x,landmark_4_y,landmark_4_z,landmark_5_x,landmark_5_y,landmark_5_z,landmark_6_x,landmark_6_y,landmark_6_z,landmark_7_x,landmark_7_y,landmark_7_z,landmark_8_x,landmark_8_y,landmark_8_z,landmark_9_x,landmark_9_y,landmark_9_z,landmark_10_x,landmark_10_y,landmark_10_z,landmark_11_x,landmark_11_y,landmark_11_z,landmark_12_x,landmark_12_y,landmark_12_z,landmark_13_x,landmark_13_y,landmark_13_z,landmark_14_x,landmark_14_y,landmark_14_z,landmark_15_x,landmark_15_y,landmark_15_z,landmark_16_x,landmark_16_y,landmark_16_z,landmark_17_x,landmark_17_y,landmark_17_z,landmark_18_x,landmark_18_y,landmark_18_z,landmark_19_x,landmark_19_y,landmark_19_z,landmark_20_x,landmark_20_y,landmark_20_z,class
0.708105206489563,0.8394575715065002,-6.082359504944179e-08,0.6740792393684387,0.848798930644989,-0.008182717487215996,0.6395915150642395,0.8461883664131165,-0.016338426619768143,0.6178131699562073,0.8448858261108398,-0.02506623975932598,0.6006946563720703,0.8486891388893127,-0.03310708329081535,0.6399425864219666,0.7705514430999756,-0.0068176304921507835,0.6318010091781616,0.7318219542503357,-0.02008526213467121,0.6300371885299683,0.7318138480186462,-0.030855275690555573,0.6297393441200256,0.7423561811447144,-0.03652537986636162,0.659898579120636,0.7573472261428833,-0.010403159074485302,0.6500813961029053,0.7167650461196899,-0.02215150184929371,0.6484915018081665,0.7235309481620789,-0.0293717123568058,0.6500092148780823,0.7406044006347656,-0.03193604573607445,0.6809627413749695,0.7527989149093628,-0.01574035920202732,0.671244204044342,0.7193115949630737,-0.024823805317282677,0.6688922047615051,0.7265636920928955,-0.026281213387846947,0.6687403321266174,0.74088054895401,-0.02527797222137451,0.7033267021179199,0.7561320066452026,-0.021933499723672867,0.6945710778236389,0.7326651215553284,-0.02745509147644043,0.6901596784591675,0.7348343729972839,-0.025989819318056107,0.6865582466125488,0.7422918081283569,-0.023369811475276947,la
