landmark_0_x,landmark_0_y,landmark_0_z,landmark_1_x,landmark_1_y,landmark_1_z,landmark_2_x,landmark_2_y,landmark_2_z,landmark_3_x,landmark_3_y,landmark_3_z,landmark_4_x,landmark_4_y,landmark_4_z,landmark_5_x,landmark_5_y,landmark_5_z,landmark_6_x,landmark_6_y,landmark_6_z,landmark_7_x,landmark_7_y,landmark_7_z,landmark_8_x,landmark_8_y,landmark_8_z,landmark_9_x,landmark_9_y,landmark_9_z,landmark_10_x,landmark_10_y,landmark_10_z,landmark_11_x,landmark_11_y,landmark_11_z,landmark_12_x,landmark_12_y,landmark_12_z,landmark_13_x,landmark_13_y,landmark_13_z,landmark_14_x,landmark_14_y,landmark_14_z,landmark_15_x,landmark_15_y,landmark_15_z,landmark_16_x,landmark_16_y,landmark_16_z,landmark_17_x,landmark_17_y,landmark_17_z,landmark_18_x,landmark_18_y,landmark_18_z,landmark_19_x,landmark_19_y,landmark_19_z,landmark_20_x,landmark_20_y,landmark_20_z,class
0.8221641778945923,0.4824528098106384,5.137815151101677e-07,0.750820517539978,0.4908992052078247,-0.05566035583615303,0.688765823841095,0.4741557240486145,-0.10013516992330551,0.6492940783500671,0.4616851508617401,-0.14045962691307068,0.6583160161972046,0.45063427090644836,-0.17990878224372864,0.6966597437858582,0.26214465498924255,-0.0611165426671505,0.6971017718315125,0.1551319807767868,-0.10936371982097626,0.706414520740509,0.12023977935314178,-0.15094710886478424,0.7175891399383545,0.12234386801719666,-0.1762581765651703,0.7561134696006775,0.24413824081420898,-0.05729244276881218,0.7564842104911804,0.1353943794965744,-0.10276684910058975,0.7658807635307312,0.11274532973766327,-0.1385284811258316,0.7723594903945923,0.13505919277668,-0.15927132964134216,0.814185380935669,0.24670445919036865,-0.05977967754006386,0.8125918507575989,0.14053167402744293,-0.09897566586732864,0.8162052631378174,0.11884686350822449,-0.12220396101474762,0.8134320974349976,0.14192216098308563,-0.1329307109117508,0.8700199127197266,0.2664155662059784,-0.06665187329053879,0.8724087476730347,0.17334672808647156,-0.09833100438117981,0.8733906745910645,0.14446641504764557,-0.11183430254459381,0.8663729429244995,0.14867454767227173,-0.11716007441282272,la
