landmark_0_x,landmark_0_y,landmark_0_z,landmark_1_x,landmark_1_y,landmark_1_z,landmark_2_x,landmark_2_y,landmark_2_z,landmark_3_x,landmark_3_y,landmark_3_z,landmark_4_x,landmark_4_y,landmark_4_z,landmark_5_x,landmark_5_y,landmark_5_z,landmark_6_x,landmark_6_y,landmark_6_z,landmark_7_x,landmark_7_y,landmark_7_z,landmark_8_x,landmark_8_y,landmark_8_z,landmark_9_x,landmark_9_y,landmark_9_z,landmark_10_x,landmark_10_y,landmark_10_z,landmark_11_x,landmark_11_y,landmark_11_z,landmark_12_x,landmark_12_y,landmark_12_z,landmark_13_x,landmark_13_y,landmark_13_z,landmark_14_x,landmark_14_y,landmark_14_z,landmark_15_x,landmark_15_y,landmark_15_z,landmark_16_x,landmark_16_y,landmark_16_z,landmark_17_x,landmark_17_y,landmark_17_z,landmark_18_x,landmark_18_y,landmark_18_z,landmark_19_x,landmark_19_y,landmark_19_z,landmark_20_x,landmark_20_y,landmark_20_z,class
0.6668148040771484,0.8100086450576782,1.7291701226440637e-07,0.6001342535018921,0.8283699154853821,-0.03240382298827171,0.5420722961425781,0.8293318748474121,-0.06949648261070251,0.5023417472839355,0.8381548523902893,-0.10667901486158371,0.4732298254966736,0.8473307490348816,-0.1431623250246048,0.5423293709754944,0.6614100337028503,-0.05525501072406769,0.5209665894508362,0.5726062059402466,-0.11005818843841553,0.5027086138725281,0.5845167636871338,-0.14958392083644867,0.49718692898750305,0.622872531414032,-0.17088723182678223,0.5888528823852539,0.642929196357727,-0.06797215342521667,0.5715896487236023,0.5280291438102722,-0.12499426305294037,0.5464315414428711,0.5536562204360962,-0.15318326652050018,0.5408139824867249,0.6068035364151001,-0.1627160757780075,0.6398587226867676,0.6496114730834961,-0.08569824695587158,0.6211581230163574,0.5535389184951782,-0.13189224898815155,0.5955480933189392,0.5791998505592346,-0.147002175450325,0.5844232439994812,0.6226128339767456,-0.14859187602996826,0.6934384703636169,0.6761469841003418,-0.10590746253728867,0.6820015907287598,0.617301344871521,-0.1399010717868805,0.6589328050613403,0.6049407720565796,-0.1507594883441925,0.6390292048454285,0.6024423837661743,-0.15281209349632263,la
