landmark_0_x,landmark_0_y,landmark_0_z,landmark_1_x,landmark_1_y,landmark_1_z,landmark_2_x,landmark_2_y,landmark_2_z,landmark_3_x,landmark_3_y,landmark_3_z,landmark_4_x,landmark_4_y,landmark_4_z,landmark_5_x,landmark_5_y,landmark_5_z,landmark_6_x,landmark_6_y,landmark_6_z,landmark_7_x,landmark_7_y,landmark_7_z,landmark_8_x,landmark_8_y,landmark_8_z,landmark_9_x,landmark_9_y,landmark_9_z,landmark_10_x,landmark_10_y,landmark_10_z,landmark_11_x,landmark_11_y,landmark_11_z,landmark_12_x,landmark_12_y,landmark_12_z,landmark_13_x,landmark_13_y,landmark_13_z,landmark_14_x,landmark_14_y,landmark_14_z,landmark_15_x,landmark_15_y,landmark_15_z,landmark_16_x,landmark_16_y,landmark_16_z,landmark_17_x,landmark_17_y,landmark_17_z,landmark_18_x,landmark_18_y,landmark_18_z,landmark_19_x,landmark_19_y,landmark_19_z,landmark_20_x,landmark_20_y,landmark_20_z,class
0.8735049366950989,0.5167336463928223,3.203239202775876e-07,0.8426129221916199,0.5087794065475464,-0.021564118564128876,0.8161109089851379,0.49490487575531006,-0.036925796419382095,0.7962753772735596,0.4833279848098755,-0.05013773590326309,0.7874857783317566,0.47814029455184937,-0.06313852220773697,0.8202096223831177,0.4182659983634949,-0.01954972930252552,0.8161318898200989,0.3833201229572296,-0.03312208876013756,0.8173061013221741,0.36048299074172974,-0.04597228765487671,0.8191379308700562,0.3396133780479431,-0.055383164435625076,0.8443010449409485,0.408987820148468,-0.017578816041350365,0.8406726121902466,0.37417155504226685,-0.02840597741305828,0.8399089574813843,0.35233768820762634,-0.03797249495983124,0.8382882475852966,0.3313348591327667,-0.04512406140565872,0.8685761094093323,0.4086220860481262,-0.01819857954978943,0.8658377528190613,0.3741171360015869,-0.028451330959796906,0.8645389080047607,0.3525255024433136,-0.0331309512257576,0.8624410629272461,0.33315324783325195,-0.035938069224357605,0.8926403522491455,0.4157954156398773,-0.020927345380187035,0.8904772400856018,0.3818292021751404,-0.02895336039364338,0.8888121843338013,0.3606019914150238,-0.030638806521892548,0.8862666487693787,0.34077757596969604,-0.03123478963971138,la
