landmark_0_x,landmark_0_y,landmark_0_z,landmark_1_x,landmark_1_y,landmark_1_z,landmark_2_x,landmark_2_y,landmark_2_z,landmark_3_x,landmark_3_y,landmark_3_z,landmark_4_x,landmark_4_y,landmark_4_z,landmark_5_x,landmark_5_y,landmark_5_z,landmark_6_x,landmark_6_y,landmark_6_z,landmark_7_x,landmark_7_y,landmark_7_z,landmark_8_x,landmark_8_y,landmark_8_z,landmark_9_x,landmark_9_y,landmark_9_z,landmark_10_x,landmark_10_y,landmark_10_z,landmark_11_x,landmark_11_y,landmark_11_z,landmark_12_x,landmark_12_y,landmark_12_z,landmark_13_x,landmark_13_y,landmark_13_z,landmark_14_x,landmark_14_y,landmark_14_z,landmark_15_x,landmark_15_y,landmark_15_z,landmark_16_x,landmark_16_y,landmark_16_z,landmark_17_x,landmark_17_y,landmark_17_z,landmark_18_x,landmark_18_y,landmark_18_z,landmark_19_x,landmark_19_y,landmark_19_z,landmark_20_x,landmark_20_y,landmark_20_z,class
0.7251209020614624,0.5062757134437561,3.588544927879411e-07,0.6531259417533875,0.5178613662719727,-0.03688642382621765,0.5879783630371094,0.5069901943206787,-0.06801746785640717,0.5459127426147461,0.5079667568206787,-0.09735965728759766,0.5110301971435547,0.5014081597328186,-0.12640804052352905,0.5776376128196716,0.3053379952907562,-0.036854203790426254,0.5586722493171692,0.22253574430942535,-0.07607034593820572,0.5466528534889221,0.19268463551998138,-0.11286790668964386,0.5390749573707581,0.19464680552482605,-0.1362951248884201,0.6324969530105591,0.2765166163444519,-0.04253268986940384,0.616915762424469,0.18253687024116516,-0.08202362805604935,0.6061281561851501,0.1574603021144867,-0.11681434512138367,0.5976139307022095,0.1719934344291687,-0.1376188099384308,0.6895358562469482,0.2747358977794647,-0.053510632365942,0.6745997071266174,0.1874958723783493,-0.08755525201559067,0.6614323854446411,0.1616363376379013,-0.11096258461475372,0.6466436982154846,0.16942016780376434,-0.1233908012509346,0.7482959032058716,0.2965281307697296,-0.0675196498632431,0.7357884645462036,0.22191376984119415,-0.09620987623929977,0.7201047539710999,0.18721699714660645,-0.11032222211360931,0.702832043170929,0.17453277111053467,-0.11714372783899307,la
