landmark_0_x,landmark_0_y,landmark_0_z,landmark_1_x,landmark_1_y,landmark_1_z,landmark_2_x,landmark_2_y,landmark_2_z,landmark_3_x,landmark_3_y,landmark_3_z,landmark_4_x,landmark_4_y,landmark_4_z,landmark_5_x,landmark_5_y,landmark_5_z,landmark_6_x,landmark_6_y,landmark_6_z,landmark_7_x,landmark_7_y,landmark_7_z,landmark_8_x,landmark_8_y,landmark_8_z,landmark_9_x,landmark_9_y,landmark_9_z,landmark_10_x,landmark_10_y,landmark_10_z,landmark_11_x,landmark_11_y,landmark_11_z,landmark_12_x,landmark_12_y,landmark_12_z,landmark_13_x,landmark_13_y,landmark_13_z,landmark_14_x,landmark_14_y,landmark_14_z,landmark_15_x,landmark_15_y,landmark_15_z,landmark_16_x,landmark_16_y,landmark_16_z,landmark_17_x,landmark_17_y,landmark_17_z,landmark_18_x,landmark_18_y,landmark_18_z,landmark_19_x,landmark_19_y,landmark_19_z,landmark_20_x,landmark_20_y,landmark_20_z,class
0.7584137320518494,0.7096338868141174,1.5031483258098888e-07,0.6920151710510254,0.7087017297744751,-0.031207870692014694,0.6304255723953247,0.6985905170440674,-0.06393079459667206,0.5877784490585327,0.6988551020622253,-0.09763813763856888,0.5674319863319397,0.7032018899917603,-0.1296314150094986,0.6217733025550842,0.5019955039024353,-0.030952218919992447,0.6219369173049927,0.4086979627609253,-0.07536838203668594,0.6224930882453918,0.41297274827957153,-0.11187023669481277,0.6265378594398499,0.45810022950172424,-0.1310255378484726,0.6785134077072144,0.482552707195282,-0.04089414328336716,0.6750747561454773,0.36775195598602295,-0.08393511176109314,0.6705043315887451,0.3790159225463867,-0.11403663456439972,0.6730614900588989,0.433935284614563,-0.12663261592388153,0.7361228466033936,0.4908648431301117,-0.05608287826180458,0.7318490743637085,0.39608266949653625,-0.09360332041978836,0.7252662181854248,0.40800002217292786,-0.11067545413970947,0.7241469621658325,0.4547824263572693,-0.11389490216970444,0.792985737323761,0.5222271084785461,-0.07366835325956345,0.7862392663955688,0.4549069404602051,-0.10016290843486786,0.7751984000205994,0.4466857314109802,-0.10613881051540375,0.7661106586456299,0.4618312120437622,-0.10433395951986313,la
