landmark_0_x,landmark_0_y,landmark_0_z,landmark_1_x,landmark_1_y,landmark_1_z,landmark_2_x,landmark_2_y,landmark_2_z,landmark_3_x,landmark_3_y,landmark_3_z,landmark_4_x,landmark_4_y,landmark_4_z,landmark_5_x,landmark_5_y,landmark_5_z,landmark_6_x,landmark_6_y,landmark_6_z,landmark_7_x,landmark_7_y,landmark_7_z,landmark_8_x,landmark_8_y,landmark_8_z,landmark_9_x,landmark_9_y,landmark_9_z,landmark_10_x,landmark_10_y,landmark_10_z,landmark_11_x,landmark_11_y,landmark_11_z,landmark_12_x,landmark_12_y,landmark_12_z,landmark_13_x,landmark_13_y,landmark_13_z,landmark_14_x,landmark_14_y,landmark_14_z,landmark_15_x,landmark_15_y,landmark_15_z,landmark_16_x,landmark_16_y,landmark_16_z,landmark_17_x,landmark_17_y,landmark_17_z,landmark_18_x,landmark_18_y,landmark_18_z,landmark_19_x,landmark_19_y,landmark_19_z,landmark_20_x,landmark_20_y,landmark_20_z,class
0.7492058277130127,0.6505701541900635,1.3309080770795845e-07,0.7094839811325073,0.6549527645111084,-0.021457897499203682,0.6738890409469604,0.6426892876625061,-0.03737468644976616,0.652664303779602,0.6333073377609253,-0.05195831134915352,0.6396124958992004,0.6264272928237915,-0.06557115167379379,0.6798742413520813,0.5368182063102722,-0.01895720325410366,0.6742842197418213,0.4864231050014496,-0.03836105763912201,0.6757939457893372,0.47332724928855896,-0.055950433015823364,0.6789398193359375,0.4765765964984894,-0.06623820960521698,0.706250011920929,0.5248075723648071,-0.01906738430261612,0.7003805637359619,0.47343966364860535,-0.03495289385318756,0.7014332413673401,0.46313270926475525,-0.04811321943998337,0.7031158804893494,0.469089537858963,-0.056144196540117264,0.7329300045967102,0.5227454900741577,-0.02228064090013504,0.7263920307159424,0.47289836406707764,-0.035850122570991516,0.726745069026947,0.46573176980018616,-0.04123365506529808,0.7272275686264038,0.47429215908050537,-0.04327548295259476,0.760122537612915,0.5289623737335205,-0.027711547911167145,0.7531116008758545,0.48328277468681335,-0.03740934655070305,0.7516460418701172,0.4769901633262634,-0.03752721846103668,0.7495410442352295,0.48475825786590576,-0.03599923849105835,la
