landmark_0_x,landmark_0_y,landmark_0_z,landmark_1_x,landmark_1_y,landmark_1_z,landmark_2_x,landmark_2_y,landmark_2_z,landmark_3_x,landmark_3_y,landmark_3_z,landmark_4_x,landmark_4_y,landmark_4_z,landmark_5_x,landmark_5_y,landmark_5_z,landmark_6_x,landmark_6_y,landmark_6_z,landmark_7_x,landmark_7_y,landmark_7_z,landmark_8_x,landmark_8_y,landmark_8_z,landmark_9_x,landmark_9_y,landmark_9_z,landmark_10_x,landmark_10_y,landmark_10_z,landmark_11_x,landmark_11_y,landmark_11_z,landmark_12_x,landmark_12_y,landmark_12_z,landmark_13_x,landmark_13_y,landmark_13_z,landmark_14_x,landmark_14_y,landmark_14_z,landmark_15_x,landmark_15_y,landmark_15_z,landmark_16_x,landmark_16_y,landmark_16_z,landmark_17_x,landmark_17_y,landmark_17_z,landmark_18_x,landmark_18_y,landmark_18_z,landmark_19_x,landmark_19_y,landmark_19_z,landmark_20_x,landmark_20_y,landmark_20_z,class
0.7513961791992188,0.7256202697753906,-1.794496817808522e-08,0.7004619836807251,0.7376419305801392,-0.013302457518875599,0.651793360710144,0.730615496635437,-0.025271739810705185,0.6228880882263184,0.725019633769989,-0.03812504559755325,0.6093292236328125,0.7210469245910645,-0.04930204898118973,0.6479492783546448,0.5792760848999023,-0.003924374468624592,0.6456947326660156,0.5246730446815491,-0.017488373443484306,0.6511526107788086,0.52986741065979,-0.02986566536128521,0.6574741005897522,0.5531923174858093,-0.036259401589632034,0.6830324530601501,0.5535677075386047,-0.009328070096671581,0.6766075491905212,0.48397064208984375,-0.019577274098992348,0.6787816286087036,0.4965096712112427,-0.02737394906580448,0.6837342977523804,0.5294495820999146,-0.029590077698230743,0.7194753885269165,0.544897198677063,-0.017658058553934097,0.7160745859146118,0.49581781029701233,-0.026028091087937355,0.7169493436813354,0.51221764087677,-0.027906637638807297,0.7194719314575195,0.5386705994606018,-0.026564083993434906,0.7556634545326233,0.5520756244659424,-0.02784336358308792,0.7494485378265381,0.5127682685852051,-0.031162839382886887,0.7469121813774109,0.5247471928596497,-0.026718951761722565,0.7475199699401855,0.5433509349822998,-0.02138122357428074,la
