landmark_0_x,landmark_0_y,landmark_0_z,landmark_1_x,landmark_1_y,landmark_1_z,landmark_2_x,landmark_2_y,landmark_2_z,landmark_3_x,landmark_3_y,landmark_3_z,landmark_4_x,landmark_4_y,landmark_4_z,landmark_5_x,landmark_5_y,landmark_5_z,landmark_6_x,landmark_6_y,landmark_6_z,landmark_7_x,landmark_7_y,landmark_7_z,landmark_8_x,landmark_8_y,landmark_8_z,landmark_9_x,landmark_9_y,landmark_9_z,landmark_10_x,landmark_10_y,landmark_10_z,landmark_11_x,landmark_11_y,landmark_11_z,landmark_12_x,landmark_12_y,landmark_12_z,landmark_13_x,landmark_13_y,landmark_13_z,landmark_14_x,landmark_14_y,landmark_14_z,landmark_15_x,landmark_15_y,landmark_15_z,landmark_16_x,landmark_16_y,landmark_16_z,landmark_17_x,landmark_17_y,landmark_17_z,landmark_18_x,landmark_18_y,landmark_18_z,landmark_19_x,landmark_19_y,landmark_19_z,landmark_20_x,landmark_20_y,landmark_20_z,class
0.7165806293487549,0.8295139074325562,1.0798225247299342e-07,0.651914119720459,0.8430770039558411,-0.029562614858150482,0.5959150195121765,0.8422881364822388,-0.0651959702372551,0.5577899217605591,0.8500857353210449,-0.10171579569578171,0.5233977437019348,0.8666245341300964,-0.13820941746234894,0.6012348532676697,0.6804494857788086,-0.05330783873796463,0.5895861983299255,0.5963512063026428,-0.10653875768184662,0.5773239135742188,0.6109481453895569,-0.14436772465705872,0.5731026530265808,0.647430956363678,-0.16429568827152252,0.6515670418739319,0.6627481579780579,-0.06629560142755508,0.6388118863105774,0.552329421043396,-0.12302988022565842,0.6195324659347534,0.5811583995819092,-0.15181846916675568,0.6136998534202576,0.6339989304542542,-0.1615438014268875,0.7026646137237549,0.6686031222343445,-0.08371837437152863,0.6898012757301331,0.579902708530426,-0.13015295565128326,0.6677083373069763,0.606342613697052,-0.1472557932138443,0.6531032919883728,0.6491925716400146,-0.1499214470386505,0.7555574178695679,0.6925320029258728,-0.1030232161283493,0.75321364402771,0.6331949234008789,-0.13569672405719757,0.7340450882911682,0.6302804946899414,-0.1462966948747635,0.7123468518257141,0.6388571262359619,-0.14851880073547363,la
