landmark_0_x,landmark_0_y,landmark_0_z,landmark_1_x,landmark_1_y,landmark_1_z,landmark_2_x,landmark_2_y,landmark_2_z,landmark_3_x,landmark_3_y,landmark_3_z,landmark_4_x,landmark_4_y,landmark_4_z,landmark_5_x,landmark_5_y,landmark_5_z,landmark_6_x,landmark_6_y,landmark_6_z,landmark_7_x,landmark_7_y,landmark_7_z,landmark_8_x,landmark_8_y,landmark_8_z,landmark_9_x,landmark_9_y,landmark_9_z,landmark_10_x,landmark_10_y,landmark_10_z,landmark_11_x,landmark_11_y,landmark_11_z,landmark_12_x,landmark_12_y,landmark_12_z,landmark_13_x,landmark_13_y,landmark_13_z,landmark_14_x,landmark_14_y,landmark_14_z,landmark_15_x,landmark_15_y,landmark_15_z,landmark_16_x,landmark_16_y,landmark_16_z,landmark_17_x,landmark_17_y,landmark_17_z,landmark_18_x,landmark_18_y,landmark_18_z,landmark_19_x,landmark_19_y,landmark_19_z,landmark_20_x,landmark_20_y,landmark_20_z,class
0.7698894143104553,0.8379839658737183,-7.544349500676617e-08,0.7370675206184387,0.8436241149902344,-0.02132439985871315,0.7037777304649353,0.8421333432197571,-0.03517528623342514,0.6799648404121399,0.8407619595527649,-0.047659628093242645,0.6615025401115417,0.842715322971344,-0.058407533913850784,0.7022417187690735,0.7611878514289856,-0.01637197844684124,0.7069987058639526,0.7250127792358398,-0.03556126356124878,0.7192414402961731,0.7347493171691895,-0.049446042627096176,0.7286643385887146,0.7530995011329651,-0.05582089349627495,0.7262645363807678,0.7475113868713379,-0.014283786527812481,0.7257972359657288,0.7035207152366638,-0.03214067593216896,0.7335236072540283,0.7210907936096191,-0.04088077321648598,0.7402233481407166,0.7457026243209839,-0.04248056188225746,0.7474476099014282,0.7436466217041016,-0.015516798943281174,0.747633695602417,0.7105779647827148,-0.030288023874163628,0.7512145042419434,0.7272124886512756,-0.03284275531768799,0.7546359896659851,0.7477192282676697,-0.030199578031897545,0.7673748135566711,0.7469894886016846,-0.018516987562179565,0.7653964757919312,0.7248157262802124,-0.025910532101988792,0.7655224204063416,0.7367581129074097,-0.02435179054737091,0.7654964327812195,0.7519176602363586,-0.020606402307748795,la
