landmark_0_x,landmark_0_y,landmark_0_z,landmark_1_x,landmark_1_y,landmark_1_z,landmark_2_x,landmark_2_y,landmark_2_z,landmark_3_x,landmark_3_y,landmark_3_z,landmark_4_x,landmark_4_y,landmark_4_z,landmark_5_x,landmark_5_y,landmark_5_z,landmark_6_x,landmark_6_y,landmark_6_z,landmark_7_x,landmark_7_y,landmark_7_z,landmark_8_x,landmark_8_y,landmark_8_z,landmark_9_x,landmark_9_y,landmark_9_z,landmark_10_x,landmark_10_y,landmark_10_z,landmark_11_x,landmark_11_y,landmark_11_z,landmark_12_x,landmark_12_y,landmark_12_z,landmark_13_x,landmark_13_y,landmark_13_z,landmark_14_x,landmark_14_y,landmark_14_z,landmark_15_x,landmark_15_y,landmark_15_z,landmark_16_x,landmark_16_y,landmark_16_z,landmark_17_x,landmark_17_y,landmark_17_z,landmark_18_x,landmark_18_y,landmark_18_z,landmark_19_x,landmark_19_y,landmark_19_z,landmark_20_x,landmark_20_y,landmark_20_z,class
0.6603700518608093,0.7274213433265686,-1.3603784054794232e-07,0.6195387244224548,0.726495623588562,-0.02094096504151821,0.5836145877838135,0.7238031029701233,-0.03977299481630325,0.5601850152015686,0.729473888874054,-0.05896085873246193,0.5513703227043152,0.739386796951294,-0.07965674251317978,0.5727551579475403,0.6024125814437866,-0.03222690522670746,0.557235598564148,0.5638614296913147,-0.055875085294246674,0.5504169464111328,0.5293279886245728,-0.07477613538503647,0.544816255569458,0.4975235164165497,-0.0889526903629303,0.6107972264289856,0.5745068788528442,-0.0370815247297287,0.5961005687713623,0.6226286888122559,-0.07041563093662262,0.5891208052635193,0.6888364553451538,-0.0840088278055191,0.5846594572067261,0.7346715927124023,-0.08777453750371933,0.6506081819534302,0.5808514952659607,-0.04359564930200577,0.6362386345863342,0.6454919576644897,-0.07439392060041428,0.6216796636581421,0.7027616500854492,-0.07660746574401855,0.6110960245132446,0.7426365613937378,-0.07128012180328369,0.6848579049110413,0.6062130331993103,-0.05187857151031494,0.6698876023292542,0.6589084267616272,-0.07281085848808289,0.6542875170707703,0.6979526877403259,-0.07206091284751892,0.6423673033714294,0.7245621681213379,-0.06615909188985825,si
