landmark_0_x,landmark_0_y,landmark_0_z,landmark_1_x,landmark_1_y,landmark_1_z,landmark_2_x,landmark_2_y,landmark_2_z,landmark_3_x,landmark_3_y,landmark_3_z,landmark_4_x,landmark_4_y,landmark_4_z,landmark_5_x,landmark_5_y,landmark_5_z,landmark_6_x,landmark_6_y,landmark_6_z,landmark_7_x,landmark_7_y,landmark_7_z,landmark_8_x,landmark_8_y,landmark_8_z,landmark_9_x,landmark_9_y,landmark_9_z,landmark_10_x,landmark_10_y,landmark_10_z,landmark_11_x,landmark_11_y,landmark_11_z,landmark_12_x,landmark_12_y,landmark_12_z,landmark_13_x,landmark_13_y,landmark_13_z,landmark_14_x,landmark_14_y,landmark_14_z,landmark_15_x,landmark_15_y,landmark_15_z,landmark_16_x,landmark_16_y,landmark_16_z,landmark_17_x,landmark_17_y,landmark_17_z,landmark_18_x,landmark_18_y,landmark_18_z,landmark_19_x,landmark_19_y,landmark_19_z,landmark_20_x,landmark_20_y,landmark_20_z,class
0.6984311938285828,0.44865337014198303,-3.401280324055733e-08,0.6615027189254761,0.4516053795814514,-0.043125130236148834,0.6191883087158203,0.4510508179664612,-0.08004997670650482,0.6003343462944031,0.4720832407474518,-0.11408349126577377,0.5968313217163086,0.5015469193458557,-0.15071611106395721,0.6194331049919128,0.31613364815711975,-0.07686357945203781,0.607970118522644,0.2615414261817932,-0.12256161868572235,0.5988509058952332,0.22138261795043945,-0.15636244416236877,0.5927112698554993,0.18946155905723572,-0.18006294965744019,0.6715535521507263,0.28319814801216125,-0.07765429466962814,0.6647586822509766,0.3430170714855194,-0.13386793434619904,0.6537254452705383,0.43095237016677856,-0.1501120626926422,0.647040069103241,0.4799603819847107,-0.15324483811855316,0.7217246294021606,0.2922057509422302,-0.08159191161394119,0.7161001563072205,0.36403244733810425,-0.13099457323551178,0.6993942856788635,0.4401072859764099,-0.12517862021923065,0.6866013407707214,0.48092949390411377,-0.11248122155666351,0.7628869414329529,0.32105278968811035,-0.08950874209403992,0.7600955963134766,0.3843439817428589,-0.12655895948410034,0.7457920908927917,0.43780389428138733,-0.12258853018283844,0.7371295094490051,0.4618185758590698,-0.11196122318506241,si
