landmark_0_x,landmark_0_y,landmark_0_z,landmark_1_x,landmark_1_y,landmark_1_z,landmark_2_x,landmark_2_y,landmark_2_z,landmark_3_x,landmark_3_y,landmark_3_z,landmark_4_x,landmark_4_y,landmark_4_z,landmark_5_x,landmark_5_y,landmark_5_z,landmark_6_x,landmark_6_y,landmark_6_z,landmark_7_x,landmark_7_y,landmark_7_z,landmark_8_x,landmark_8_y,landmark_8_z,landmark_9_x,landmark_9_y,landmark_9_z,landmark_10_x,landmark_10_y,landmark_10_z,landmark_11_x,landmark_11_y,landmark_11_z,landmark_12_x,landmark_12_y,landmark_12_z,landmark_13_x,landmark_13_y,landmark_13_z,landmark_14_x,landmark_14_y,landmark_14_z,landmark_15_x,landmark_15_y,landmark_15_z,landmark_16_x,landmark_16_y,landmark_16_z,landmark_17_x,landmark_17_y,landmark_17_z,landmark_18_x,landmark_18_y,landmark_18_z,landmark_19_x,landmark_19_y,landmark_19_z,landmark_20_x,landmark_20_y,landmark_20_z,class
0.6751885414123535,0.7331579923629761,-4.35367191187197e-08,0.652672529220581,0.7320454120635986,-0.013331391848623753,0.6306007504463196,0.7303058505058289,-0.025985434651374817,0.6192660331726074,0.7380332350730896,-0.03840383514761925,0.6176594495773315,0.7505950927734375,-0.05202120542526245,0.6237201690673828,0.6603988409042358,-0.023104144260287285,0.6175548434257507,0.6411547660827637,-0.038570914417505264,0.6153043508529663,0.6218889355659485,-0.05154133215546608,0.6127819418907166,0.6029651761054993,-0.061635423451662064,0.6471065878868103,0.6412981152534485,-0.026201019063591957,0.6412757039070129,0.6701217293739319,-0.04574274644255638,0.6382975578308105,0.7094804644584656,-0.053411830216646194,0.6355616450309753,0.7351737022399902,-0.056420501321554184,0.6717700958251953,0.6434881091117859,-0.030391817912459373,0.6651240587234497,0.6793691515922546,-0.04784694314002991,0.6571563482284546,0.7126437425613403,-0.048357851803302765,0.6505064964294434,0.7356749773025513,-0.0458359532058239,0.6936510801315308,0.6571031808853149,-0.03582413122057915,0.686667263507843,0.6845181584358215,-0.048546887934207916,0.6786221265792847,0.707116961479187,-0.04799690470099449,0.67152339220047,0.7228264212608337,-0.04515315964818001,si
