landmark_0_x,landmark_0_y,landmark_0_z,landmark_1_x,landmark_1_y,landmark_1_z,landmark_2_x,landmark_2_y,landmark_2_z,landmark_3_x,landmark_3_y,landmark_3_z,landmark_4_x,landmark_4_y,landmark_4_z,landmark_5_x,landmark_5_y,landmark_5_z,landmark_6_x,landmark_6_y,landmark_6_z,landmark_7_x,landmark_7_y,landmark_7_z,landmark_8_x,landmark_8_y,landmark_8_z,landmark_9_x,landmark_9_y,landmark_9_z,landmark_10_x,landmark_10_y,landmark_10_z,landmark_11_x,landmark_11_y,landmark_11_z,landmark_12_x,landmark_12_y,landmark_12_z,landmark_13_x,landmark_13_y,landmark_13_z,landmark_14_x,landmark_14_y,landmark_14_z,landmark_15_x,landmark_15_y,landmark_15_z,landmark_16_x,landmark_16_y,landmark_16_z,landmark_17_x,landmark_17_y,landmark_17_z,landmark_18_x,landmark_18_y,landmark_18_z,landmark_19_x,landmark_19_y,landmark_19_z,landmark_20_x,landmark_20_y,landmark_20_z,class
0.7025579810142517,0.7105767130851746,-1.1749641970482116e-07,0.6640840172767639,0.6963773965835571,-0.011208929121494293,0.6322243809700012,0.6837847828865051,-0.02257782220840454,0.6100747585296631,0.6801611185073853,-0.035329606384038925,0.6044710874557495,0.6859312057495117,-0.04916616901755333,0.6341419219970703,0.5970289707183838,-0.016483638435602188,0.6205851435661316,0.5630596280097961,-0.032065968960523605,0.6147429943084717,0.5344165563583374,-0.04414062574505806,0.6090970635414124,0.5086897611618042,-0.05331260338425636,0.6623921394348145,0.5877272486686707,-0.02158692292869091,0.6420385837554932,0.6138721108436584,-0.045747172087430954,0.6295817494392395,0.657919704914093,-0.05622477829456329,0.6235031485557556,0.6921188831329346,-0.059084970504045486,0.6878411769866943,0.5993653535842896,-0.027771158143877983,0.6640193462371826,0.6360409259796143,-0.05014470964670181,0.6486891508102417,0.6718088984489441,-0.05354253575205803,0.6393021941184998,0.6997730731964111,-0.05061265453696251,0.7076873183250427,0.6222735643386841,-0.034769222140312195,0.6851571798324585,0.653291642665863,-0.04871362820267677,0.6705101728439331,0.677689254283905,-0.04875154793262482,0.6601069569587708,0.6965914964675903,-0.04507848247885704,si
