landmark_0_x,landmark_0_y,landmark_0_z,landmark_1_x,landmark_1_y,landmark_1_z,landmark_2_x,landmark_2_y,landmark_2_z,landmark_3_x,landmark_3_y,landmark_3_z,landmark_4_x,landmark_4_y,landmark_4_z,landmark_5_x,landmark_5_y,landmark_5_z,landmark_6_x,landmark_6_y,landmark_6_z,landmark_7_x,landmark_7_y,landmark_7_z,landmark_8_x,landmark_8_y,landmark_8_z,landmark_9_x,landmark_9_y,landmark_9_z,landmark_10_x,landmark_10_y,landmark_10_z,landmark_11_x,landmark_11_y,landmark_11_z,landmark_12_x,landmark_12_y,landmark_12_z,landmark_13_x,landmark_13_y,landmark_13_z,landmark_14_x,landmark_14_y,landmark_14_z,landmark_15_x,landmark_15_y,landmark_15_z,landmark_16_x,landmark_16_y,landmark_16_z,landmark_17_x,landmark_17_y,landmark_17_z,landmark_18_x,landmark_18_y,landmark_18_z,landmark_19_x,landmark_19_y,landmark_19_z,landmark_20_x,landmark_20_y,landmark_20_z,class
0.7398903965950012,0.6932796835899353,1.6600714047854126e-07,0.6984742283821106,0.6974338293075562,-0.03754737973213196,0.6569532155990601,0.6936624646186829,-0.07028641551733017,0.6407315731048584,0.7026258111000061,-0.09971947968006134,0.6264046430587769,0.7274675369262695,-0.13155582547187805,0.639973521232605,0.550434947013855,-0.07210163027048111,0.6346501111984253,0.49965810775756836,-0.11852195113897324,0.632784366607666,0.44994479417800903,-0.15762656927108765,0.6341475248336792,0.4039890766143799,-0.1864466667175293,0.6933502554893494,0.5173097252845764,-0.07466360181570053,0.6885078549385071,0.5763157606124878,-0.12873245775699615,0.6883288025856018,0.665653645992279,-0.14472836256027222,0.6901307106018066,0.7190794944763184,-0.1486709713935852,0.7470523715019226,0.528019368648529,-0.07993421703577042,0.7426965832710266,0.5924911499023438,-0.12713667750358582,0.7300759553909302,0.6747512817382812,-0.11664733290672302,0.7220981121063232,0.7253475189208984,-0.10117501020431519,0.7941632270812988,0.5597175359725952,-0.08878403156995773,0.7879205942153931,0.6151735782623291,-0.12698423862457275,0.7710474133491516,0.6768714785575867,-0.11931666731834412,0.7604042887687683,0.7101146578788757,-0.10558260232210159,si
