landmark_0_x,landmark_0_y,landmark_0_z,landmark_1_x,landmark_1_y,landmark_1_z,landmark_2_x,landmark_2_y,landmark_2_z,landmark_3_x,landmark_3_y,landmark_3_z,landmark_4_x,landmark_4_y,landmark_4_z,landmark_5_x,landmark_5_y,landmark_5_z,landmark_6_x,landmark_6_y,landmark_6_z,landmark_7_x,landmark_7_y,landmark_7_z,landmark_8_x,landmark_8_y,landmark_8_z,landmark_9_x,landmark_9_y,landmark_9_z,landmark_10_x,landmark_10_y,landmark_10_z,landmark_11_x,landmark_11_y,landmark_11_z,landmark_12_x,landmark_12_y,landmark_12_z,landmark_13_x,landmark_13_y,landmark_13_z,landmark_14_x,landmark_14_y,landmark_14_z,landmark_15_x,landmark_15_y,landmark_15_z,landmark_16_x,landmark_16_y,landmark_16_z,landmark_17_x,landmark_17_y,landmark_17_z,landmark_18_x,landmark_18_y,landmark_18_z,landmark_19_x,landmark_19_y,landmark_19_z,landmark_20_x,landmark_20_y,landmark_20_z,class
0.7946377992630005,0.658046305179596,2.692489999844838e-07,0.7537037134170532,0.6499245762825012,-0.04256380349397659,0.711323082447052,0.626291036605835,-0.07832416146993637,0.6984395384788513,0.6273934841156006,-0.11211499571800232,0.706053614616394,0.6405781507492065,-0.1462874412536621,0.7131974101066589,0.4737420082092285,-0.060774169862270355,0.7154936790466309,0.38497471809387207,-0.10331381112337112,0.7228924632072449,0.32300376892089844,-0.1289730966091156,0.7335955500602722,0.27019548416137695,-0.14561301469802856,0.7656344175338745,0.4652194082736969,-0.0626104474067688,0.7859049439430237,0.4651752710342407,-0.12170765548944473,0.7813881635665894,0.5618479251861572,-0.13072025775909424,0.7730721235275269,0.6036070585250854,-0.1236681342124939,0.8142860531806946,0.4806034564971924,-0.06903274357318878,0.8372287750244141,0.4996500015258789,-0.12122970074415207,0.8227173089981079,0.5825636386871338,-0.10825565457344055,0.8063560724258423,0.6098443865776062,-0.08693979680538177,0.8556298017501831,0.510227620601654,-0.07938794046640396,0.8749402165412903,0.5308336019515991,-0.11137688159942627,0.8598058223724365,0.5922845602035522,-0.09886643290519714,0.8414767384529114,0.6103675961494446,-0.08111502230167389,si
