landmark_0_x,landmark_0_y,landmark_0_z,landmark_1_x,landmark_1_y,landmark_1_z,landmark_2_x,landmark_2_y,landmark_2_z,landmark_3_x,landmark_3_y,landmark_3_z,landmark_4_x,landmark_4_y,landmark_4_z,landmark_5_x,landmark_5_y,landmark_5_z,landmark_6_x,landmark_6_y,landmark_6_z,landmark_7_x,landmark_7_y,landmark_7_z,landmark_8_x,landmark_8_y,landmark_8_z,landmark_9_x,landmark_9_y,landmark_9_z,landmark_10_x,landmark_10_y,landmark_10_z,landmark_11_x,landmark_11_y,landmark_11_z,landmark_12_x,landmark_12_y,landmark_12_z,landmark_13_x,landmark_13_y,landmark_13_z,landmark_14_x,landmark_14_y,landmark_14_z,landmark_15_x,landmark_15_y,landmark_15_z,landmark_16_x,landmark_16_y,landmark_16_z,landmark_17_x,landmark_17_y,landmark_17_z,landmark_18_x,landmark_18_y,landmark_18_z,landmark_19_x,landmark_19_y,landmark_19_z,landmark_20_x,landmark_20_y,landmark_20_z,class
0.770759105682373,0.38626188039779663,1.1953329703828786e-07,0.7321043610572815,0.38562896847724915,-0.03675246983766556,0.6947230696678162,0.3762662410736084,-0.06841196119785309,0.6891217827796936,0.3725659251213074,-0.09638431668281555,0.7226581573486328,0.38179704546928406,-0.12545804679393768,0.7085249423980713,0.24711652100086212,-0.06258879601955414,0.7107641100883484,0.18401998281478882,-0.10163399577140808,0.7209334373474121,0.13850824534893036,-0.1312713623046875,0.7316564321517944,0.09776616096496582,-0.15176968276500702,0.7548931241035461,0.21931494772434235,-0.05958877503871918,0.7631470561027527,0.2515150308609009,-0.10453017055988312,0.759429395198822,0.33289700746536255,-0.11431644856929779,0.7507269978523254,0.3792200982570648,-0.11307037621736526,0.7979382872581482,0.2245021015405655,-0.05931000038981438,0.8046154975891113,0.27463096380233765,-0.09807358682155609,0.7917190194129944,0.3432505130767822,-0.0894027128815651,0.7756769061088562,0.3825027346611023,-0.07509702444076538,0.8320698738098145,0.24769315123558044,-0.062366291880607605,0.837149441242218,0.2932046353816986,-0.09135450422763824,0.8222503066062927,0.34593430161476135,-0.08504870533943176,0.8062591552734375,0.37433117628097534,-0.07286336272954941,si
