landmark_0_x,landmark_0_y,landmark_0_z,landmark_1_x,landmark_1_y,landmark_1_z,landmark_2_x,landmark_2_y,landmark_2_z,landmark_3_x,landmark_3_y,landmark_3_z,landmark_4_x,landmark_4_y,landmark_4_z,landmark_5_x,landmark_5_y,landmark_5_z,landmark_6_x,landmark_6_y,landmark_6_z,landmark_7_x,landmark_7_y,landmark_7_z,landmark_8_x,landmark_8_y,landmark_8_z,landmark_9_x,landmark_9_y,landmark_9_z,landmark_10_x,landmark_10_y,landmark_10_z,landmark_11_x,landmark_11_y,landmark_11_z,landmark_12_x,landmark_12_y,landmark_12_z,landmark_13_x,landmark_13_y,landmark_13_z,landmark_14_x,landmark_14_y,landmark_14_z,landmark_15_x,landmark_15_y,landmark_15_z,landmark_16_x,landmark_16_y,landmark_16_z,landmark_17_x,landmark_17_y,landmark_17_z,landmark_18_x,landmark_18_y,landmark_18_z,landmark_19_x,landmark_19_y,landmark_19_z,landmark_20_x,landmark_20_y,landmark_20_z,class
0.8754664063453674,0.42075783014297485,4.014901122673109e-08,0.8530252575874329,0.4058234691619873,-0.017924781888723373,0.8396074175834656,0.3794814944267273,-0.031095681712031364,0.848667323589325,0.3658764362335205,-0.04291823133826256,0.8650734424591064,0.36334913969039917,-0.05438423529267311,0.8553168773651123,0.3185472786426544,-0.022527039051055908,0.8588056564331055,0.27340662479400635,-0.03843282535672188,0.8628414273262024,0.24665643274784088,-0.04965448006987572,0.8666121363639832,0.22312289476394653,-0.057914506644010544,0.8784658908843994,0.32215696573257446,-0.022452106699347496,0.8852871656417847,0.30499470233917236,-0.044945184141397476,0.8802978992462158,0.3425426483154297,-0.049617867916822433,0.8740315437316895,0.36325833201408386,-0.048287533223629,0.8978822231292725,0.3335329294204712,-0.024255335330963135,0.9048702716827393,0.3189012110233307,-0.04280801862478256,0.897406280040741,0.3504602313041687,-0.03680169954895973,0.8891839385032654,0.3658802807331085,-0.028918365016579628,0.913172721862793,0.35040178894996643,-0.027857478708028793,0.9195102453231812,0.34068214893341064,-0.039946164935827255,0.9116096496582031,0.3630453646183014,-0.03474532812833786,0.9039838910102844,0.37358084321022034,-0.028265777975320816,si
