landmark_0_x,landmark_0_y,landmark_0_z,landmark_1_x,landmark_1_y,landmark_1_z,landmark_2_x,landmark_2_y,landmark_2_z,landmark_3_x,landmark_3_y,landmark_3_z,landmark_4_x,landmark_4_y,landmark_4_z,landmark_5_x,landmark_5_y,landmark_5_z,landmark_6_x,landmark_6_y,landmark_6_z,landmark_7_x,landmark_7_y,landmark_7_z,landmark_8_x,landmark_8_y,landmark_8_z,landmark_9_x,landmark_9_y,landmark_9_z,landmark_10_x,landmark_10_y,landmark_10_z,landmark_11_x,landmark_11_y,landmark_11_z,landmark_12_x,landmark_12_y,landmark_12_z,landmark_13_x,landmark_13_y,landmark_13_z,landmark_14_x,landmark_14_y,landmark_14_z,landmark_15_x,landmark_15_y,landmark_15_z,landmark_16_x,landmark_16_y,landmark_16_z,landmark_17_x,landmark_17_y,landmark_17_z,landmark_18_x,landmark_18_y,landmark_18_z,landmark_19_x,landmark_19_y,landmark_19_z,landmark_20_x,landmark_20_y,landmark_20_z,class
0.7045356035232544,0.5584768056869507,-1.7782687677936337e-07,0.6650201678276062,0.559938371181488,-0.03235083818435669,0.6201896667480469,0.5521093606948853,-0.06138477474451065,0.5990111231803894,0.5722513198852539,-0.09005965292453766,0.5970175266265869,0.6017868518829346,-0.12097840756177902,0.6195703744888306,0.4128282964229584,-0.05306759476661682,0.6054667234420776,0.35463592410087585,-0.0881284698843956,0.5950977206230164,0.3154647946357727,-0.11342877894639969,0.5885034203529358,0.28856825828552246,-0.13111896812915802,0.6706741452217102,0.3763294219970703,-0.05699176341295242,0.670906126499176,0.4535953104496002,-0.10509883612394333,0.6638034582138062,0.538970947265625,-0.11929120868444443,0.6602619290351868,0.5854644775390625,-0.12034096568822861,0.7194728851318359,0.3852945864200592,-0.06365831196308136,0.7202391028404236,0.47688400745391846,-0.10598889738321304,0.707092821598053,0.5504331588745117,-0.10165567696094513,0.6985037326812744,0.5877031683921814,-0.08992847055196762,0.7625628709793091,0.4139922857284546,-0.07359634339809418,0.7620242834091187,0.49453288316726685,-0.1041284129023552,0.7498279213905334,0.5495795011520386,-0.09966486692428589,0.7424092292785645,0.5740997791290283,-0.08858349174261093,si
