landmark_0_x,landmark_0_y,landmark_0_z,landmark_1_x,landmark_1_y,landmark_1_z,landmark_2_x,landmark_2_y,landmark_2_z,landmark_3_x,landmark_3_y,landmark_3_z,landmark_4_x,landmark_4_y,landmark_4_z,landmark_5_x,landmark_5_y,landmark_5_z,landmark_6_x,landmark_6_y,landmark_6_z,landmark_7_x,landmark_7_y,landmark_7_z,landmark_8_x,landmark_8_y,landmark_8_z,landmark_9_x,landmark_9_y,landmark_9_z,landmark_10_x,landmark_10_y,landmark_10_z,landmark_11_x,landmark_11_y,landmark_11_z,landmark_12_x,landmark_12_y,landmark_12_z,landmark_13_x,landmark_13_y,landmark_13_z,landmark_14_x,landmark_14_y,landmark_14_z,landmark_15_x,landmark_15_y,landmark_15_z,landmark_16_x,landmark_16_y,landmark_16_z,landmark_17_x,landmark_17_y,landmark_17_z,landmark_18_x,landmark_18_y,landmark_18_z,landmark_19_x,landmark_19_y,landmark_19_z,landmark_20_x,landmark_20_y,landmark_20_z,class
0.7656641602516174,0.67560875415802,5.8306678596409256e-08,0.7406647801399231,0.6764426231384277,-0.01669904589653015,0.7152767181396484,0.6706411838531494,-0.03144105151295662,0.7044239640235901,0.6684924960136414,-0.04587458446621895,0.7065364122390747,0.6653317213058472,-0.06080574914813042,0.7213400602340698,0.5898181200027466,-0.02674061432480812,0.7161116003990173,0.545789897441864,-0.04542181268334389,0.7154260873794556,0.5150094032287598,-0.058656107634305954,0.7149406671524048,0.48734211921691895,-0.0681692585349083,0.7492921352386475,0.5842137932777405,-0.03037126734852791,0.7498930096626282,0.5705457925796509,-0.056878406554460526,0.7464601993560791,0.6097666621208191,-0.06435593217611313,0.7439961433410645,0.6371611952781677,-0.06390342861413956,0.7744863629341125,0.5928255319595337,-0.035455141216516495,0.7755360007286072,0.5893930196762085,-0.05816204100847244,0.7677651643753052,0.6231533885002136,-0.05488322302699089,0.7621740102767944,0.6449415683746338,-0.04732440784573555,0.7956758737564087,0.6100189089775085,-0.041906483471393585,0.7971819639205933,0.610708475112915,-0.056671012192964554,0.7893228530883789,0.6339078545570374,-0.05226796492934227,0.7835196256637573,0.6474810242652893,-0.04519401863217354,si
