landmark_0_x,landmark_0_y,landmark_0_z,landmark_1_x,landmark_1_y,landmark_1_z,landmark_2_x,landmark_2_y,landmark_2_z,landmark_3_x,landmark_3_y,landmark_3_z,landmark_4_x,landmark_4_y,landmark_4_z,landmark_5_x,landmark_5_y,landmark_5_z,landmark_6_x,landmark_6_y,landmark_6_z,landmark_7_x,landmark_7_y,landmark_7_z,landmark_8_x,landmark_8_y,landmark_8_z,landmark_9_x,landmark_9_y,landmark_9_z,landmark_10_x,landmark_10_y,landmark_10_z,landmark_11_x,landmark_11_y,landmark_11_z,landmark_12_x,landmark_12_y,landmark_12_z,landmark_13_x,landmark_13_y,landmark_13_z,landmark_14_x,landmark_14_y,landmark_14_z,landmark_15_x,landmark_15_y,landmark_15_z,landmark_16_x,landmark_16_y,landmark_16_z,landmark_17_x,landmark_17_y,landmark_17_z,landmark_18_x,landmark_18_y,landmark_18_z,landmark_19_x,landmark_19_y,landmark_19_z,landmark_20_x,landmark_20_y,landmark_20_z,class
0.7947208881378174,0.6734626889228821,4.5012679805722655e-08,0.7729698419570923,0.6701024174690247,-0.018429318442940712,0.7509182691574097,0.6605742573738098,-0.03410537168383598,0.7431923747062683,0.6580372452735901,-0.0491807647049427,0.7408848404884338,0.6576579809188843,-0.06438586115837097,0.7513598203659058,0.5802624821662903,-0.028225766494870186,0.749883770942688,0.5344582200050354,-0.04830688238143921,0.7532273530960083,0.5029500722885132,-0.061860039830207825,0.7566419243812561,0.47423890233039856,-0.07140558212995529,0.7788841724395752,0.5756346583366394,-0.030735740438103676,0.7828086614608765,0.5705989599227905,-0.05704200267791748,0.77913498878479,0.6119822859764099,-0.06282730400562286,0.7748499512672424,0.6316019892692566,-0.062022317200899124,0.8039773106575012,0.5846097469329834,-0.03519877791404724,0.8068899512290955,0.5871607065200806,-0.05766305699944496,0.7993539571762085,0.6227256655693054,-0.05234825611114502,0.7931303977966309,0.6357460021972656,-0.04437387362122536,0.8258498907089233,0.6009367108345032,-0.04147171229124069,0.828606128692627,0.6061396598815918,-0.05561273545026779,0.8199464678764343,0.6323637366294861,-0.05021621659398079,0.8131420016288757,0.6412413120269775,-0.0430537685751915,si
