landmark_0_x,landmark_0_y,landmark_0_z,landmark_1_x,landmark_1_y,landmark_1_z,landmark_2_x,landmark_2_y,landmark_2_z,landmark_3_x,landmark_3_y,landmark_3_z,landmark_4_x,landmark_4_y,landmark_4_z,landmark_5_x,landmark_5_y,landmark_5_z,landmark_6_x,landmark_6_y,landmark_6_z,landmark_7_x,landmark_7_y,landmark_7_z,landmark_8_x,landmark_8_y,landmark_8_z,landmark_9_x,landmark_9_y,landmark_9_z,landmark_10_x,landmark_10_y,landmark_10_z,landmark_11_x,landmark_11_y,landmark_11_z,landmark_12_x,landmark_12_y,landmark_12_z,landmark_13_x,landmark_13_y,landmark_13_z,landmark_14_x,landmark_14_y,landmark_14_z,landmark_15_x,landmark_15_y,landmark_15_z,landmark_16_x,landmark_16_y,landmark_16_z,landmark_17_x,landmark_17_y,landmark_17_z,landmark_18_x,landmark_18_y,landmark_18_z,landmark_19_x,landmark_19_y,landmark_19_z,landmark_20_x,landmark_20_y,landmark_20_z,class
0.9023733139038086,0.41828134655952454,9.843265758036068e-08,0.8733236193656921,0.4014114737510681,-0.027055632323026657,0.8551013469696045,0.37168630957603455,-0.046954311430454254,0.8661620616912842,0.35976868867874146,-0.06512834876775742,0.8773689270019531,0.3532887101173401,-0.0821438878774643,0.8684229254722595,0.27288755774497986,-0.03317591920495033,0.8738378882408142,0.2092897891998291,-0.05516999959945679,0.8822789788246155,0.17009031772613525,-0.06812704354524612,0.8896618485450745,0.13585062325000763,-0.07695045322179794,0.8980302810668945,0.2764213979244232,-0.032139819115400314,0.9221990704536438,0.26525235176086426,-0.06647797673940659,0.9194820523262024,0.32205265760421753,-0.07282133400440216,0.9092704057693481,0.3491547703742981,-0.06905864924192429,0.923862099647522,0.28973329067230225,-0.03389640152454376,0.9424338936805725,0.2918309271335602,-0.06236584112048149,0.9340269565582275,0.33613455295562744,-0.056473828852176666,0.9205156564712524,0.3498816192150116,-0.04564295709133148,0.9450116157531738,0.31008079648017883,-0.038259271532297134,0.9604513049125671,0.31273913383483887,-0.05489503592252731,0.9511536955833435,0.3439248204231262,-0.04928950220346451,0.9368489980697632,0.35202598571777344,-0.04068947210907936,si
