landmark_0_x,landmark_0_y,landmark_0_z,landmark_1_x,landmark_1_y,landmark_1_z,landmark_2_x,landmark_2_y,landmark_2_z,landmark_3_x,landmark_3_y,landmark_3_z,landmark_4_x,landmark_4_y,landmark_4_z,landmark_5_x,landmark_5_y,landmark_5_z,landmark_6_x,landmark_6_y,landmark_6_z,landmark_7_x,landmark_7_y,landmark_7_z,landmark_8_x,landmark_8_y,landmark_8_z,landmark_9_x,landmark_9_y,landmark_9_z,landmark_10_x,landmark_10_y,landmark_10_z,landmark_11_x,landmark_11_y,landmark_11_z,landmark_12_x,landmark_12_y,landmark_12_z,landmark_13_x,landmark_13_y,landmark_13_z,landmark_14_x,landmark_14_y,landmark_14_z,landmark_15_x,landmark_15_y,landmark_15_z,landmark_16_x,landmark_16_y,landmark_16_z,landmark_17_x,landmark_17_y,landmark_17_z,landmark_18_x,landmark_18_y,landmark_18_z,landmark_19_x,landmark_19_y,landmark_19_z,landmark_20_x,landmark_20_y,landmark_20_z,class
0.679740846157074,0.715664267539978,-5.111803602630971e-08,0.6575985550880432,0.7158600687980652,-0.01220728550106287,0.6361101269721985,0.714469313621521,-0.023674454540014267,0.6245154142379761,0.7220929265022278,-0.035258948802948,0.6195595264434814,0.736100435256958,-0.04792029783129692,0.6266115307807922,0.6482628583908081,-0.02010355331003666,0.6217222213745117,0.6250147819519043,-0.03382643312215805,0.6196978688240051,0.604529619216919,-0.04554888233542442,0.6175341606140137,0.5860818028450012,-0.0549062080681324,0.6497166156768799,0.6315546631813049,-0.0238177627325058,0.644904375076294,0.6570181846618652,-0.042287759482860565,0.6429944634437561,0.6926136612892151,-0.050206638872623444,0.6413465142250061,0.7153513431549072,-0.0534944012761116,0.674230694770813,0.6347423195838928,-0.028446819633245468,0.6689651012420654,0.6652147769927979,-0.0451856330037117,0.6629682183265686,0.6965117454528809,-0.04548574239015579,0.6581463813781738,0.716605007648468,-0.042885735630989075,0.6967440247535706,0.6479690074920654,-0.034235551953315735,0.6911455392837524,0.6708065867424011,-0.04687207564711571,0.6835392713546753,0.6926982998847961,-0.045911554247140884,0.6770062446594238,0.7072306871414185,-0.042663849890232086,si
