landmark_0_x,landmark_0_y,landmark_0_z,landmark_1_x,landmark_1_y,landmark_1_z,landmark_2_x,landmark_2_y,landmark_2_z,landmark_3_x,landmark_3_y,landmark_3_z,landmark_4_x,landmark_4_y,landmark_4_z,landmark_5_x,landmark_5_y,landmark_5_z,landmark_6_x,landmark_6_y,landmark_6_z,landmark_7_x,landmark_7_y,landmark_7_z,landmark_8_x,landmark_8_y,landmark_8_z,landmark_9_x,landmark_9_y,landmark_9_z,landmark_10_x,landmark_10_y,landmark_10_z,landmark_11_x,landmark_11_y,landmark_11_z,landmark_12_x,landmark_12_y,landmark_12_z,landmark_13_x,landmark_13_y,landmark_13_z,landmark_14_x,landmark_14_y,landmark_14_z,landmark_15_x,landmark_15_y,landmark_15_z,landmark_16_x,landmark_16_y,landmark_16_z,landmark_17_x,landmark_17_y,landmark_17_z,landmark_18_x,landmark_18_y,landmark_18_z,landmark_19_x,landmark_19_y,landmark_19_z,landmark_20_x,landmark_20_y,landmark_20_z,class
0.9076550602912903,0.44306954741477966,6.527979223847069e-08,0.8778002858161926,0.4247869849205017,-0.022523226216435432,0.8586503863334656,0.39294901490211487,-0.04014233127236366,0.8726140260696411,0.3819972276687622,-0.05663304403424263,0.8930107355117798,0.37978416681289673,-0.07253706455230713,0.8753504157066345,0.3053446412086487,-0.03202267736196518,0.8822065591812134,0.24330782890319824,-0.05458267033100128,0.890807569026947,0.20594020187854767,-0.069065622985363,0.8973081111907959,0.17154385149478912,-0.0791206955909729,0.9059025645256042,0.3066752851009369,-0.03248651698231697,0.9264588952064514,0.29796460270881653,-0.06681293994188309,0.9206461310386658,0.3547225594520569,-0.07392209768295288,0.9082382321357727,0.38424259424209595,-0.0712645947933197,0.932254433631897,0.3172526955604553,-0.035105958580970764,0.9512282013893127,0.31631267070770264,-0.06304515153169632,0.9403007626533508,0.36357665061950684,-0.05659959837794304,0.9250784516334534,0.3841792941093445,-0.045564550906419754,0.9538544416427612,0.3354121744632721,-0.03991366922855377,0.9693641662597656,0.3364569842815399,-0.056942861527204514,0.9584895968437195,0.37034347653388977,-0.05108627304434776,0.9436652064323425,0.38307666778564453,-0.04214998707175255,si
