landmark_0_x,landmark_0_y,landmark_0_z,landmark_1_x,landmark_1_y,landmark_1_z,landmark_2_x,landmark_2_y,landmark_2_z,landmark_3_x,landmark_3_y,landmark_3_z,landmark_4_x,landmark_4_y,landmark_4_z,landmark_5_x,landmark_5_y,landmark_5_z,landmark_6_x,landmark_6_y,landmark_6_z,landmark_7_x,landmark_7_y,landmark_7_z,landmark_8_x,landmark_8_y,landmark_8_z,landmark_9_x,landmark_9_y,landmark_9_z,landmark_10_x,landmark_10_y,landmark_10_z,landmark_11_x,landmark_11_y,landmark_11_z,landmark_12_x,landmark_12_y,landmark_12_z,landmark_13_x,landmark_13_y,landmark_13_z,landmark_14_x,landmark_14_y,landmark_14_z,landmark_15_x,landmark_15_y,landmark_15_z,landmark_16_x,landmark_16_y,landmark_16_z,landmark_17_x,landmark_17_y,landmark_17_z,landmark_18_x,landmark_18_y,landmark_18_z,landmark_19_x,landmark_19_y,landmark_19_z,landmark_20_x,landmark_20_y,landmark_20_z,class
0.6312790513038635,0.7661795616149902,-9.402633338595479e-08,0.6032599210739136,0.7647870779037476,-0.014156102202832699,0.5774976015090942,0.7621577382087708,-0.02733146958053112,0.5613362193107605,0.7688519358634949,-0.040885016322135925,0.5523448586463928,0.7832478284835815,-0.05593607574701309,0.5699819326400757,0.6827886700630188,-0.02428949438035488,0.559197723865509,0.6550124287605286,-0.04089081659913063,0.5538735389709473,0.629711389541626,-0.054508838802576065,0.5493785738945007,0.6060806512832642,-0.06510844826698303,0.5968887209892273,0.6633264422416687,-0.028351252898573875,0.5849466919898987,0.7019947171211243,-0.0517357774078846,0.5786131024360657,0.7492090463638306,-0.06106186285614967,0.5746822357177734,0.7818111777305603,-0.06419984251260757,0.6248318552970886,0.6692222356796265,-0.03340606391429901,0.6121717095375061,0.714262843132019,-0.0552707202732563,0.6017308831214905,0.75443434715271,-0.05656006187200546,0.5944634675979614,0.7831575274467468,-0.05321851372718811,0.6483237147331238,0.6880771517753601,-0.03964029997587204,0.636045515537262,0.7237927317619324,-0.05599086359143257,0.6243197321891785,0.752269983291626,-0.05583380535244942,0.6151560544967651,0.772685170173645,-0.05214386433362961,si
