landmark_0_x,landmark_0_y,landmark_0_z,landmark_1_x,landmark_1_y,landmark_1_z,landmark_2_x,landmark_2_y,landmark_2_z,landmark_3_x,landmark_3_y,landmark_3_z,landmark_4_x,landmark_4_y,landmark_4_z,landmark_5_x,landmark_5_y,landmark_5_z,landmark_6_x,landmark_6_y,landmark_6_z,landmark_7_x,landmark_7_y,landmark_7_z,landmark_8_x,landmark_8_y,landmark_8_z,landmark_9_x,landmark_9_y,landmark_9_z,landmark_10_x,landmark_10_y,landmark_10_z,landmark_11_x,landmark_11_y,landmark_11_z,landmark_12_x,landmark_12_y,landmark_12_z,landmark_13_x,landmark_13_y,landmark_13_z,landmark_14_x,landmark_14_y,landmark_14_z,landmark_15_x,landmark_15_y,landmark_15_z,landmark_16_x,landmark_16_y,landmark_16_z,landmark_17_x,landmark_17_y,landmark_17_z,landmark_18_x,landmark_18_y,landmark_18_z,landmark_19_x,landmark_19_y,landmark_19_z,landmark_20_x,landmark_20_y,landmark_20_z,class
0.8742450475692749,0.4282476603984833,2.4566000789150166e-08,0.853007435798645,0.41130003333091736,-0.01510844100266695,0.8402072787284851,0.38655051589012146,-0.02654869295656681,0.8504558205604553,0.3764505386352539,-0.03737838566303253,0.8660907745361328,0.37439101934432983,-0.04807395115494728,0.8556635975837708,0.32567840814590454,-0.019506726413965225,0.8589205741882324,0.2804192900657654,-0.03470321372151375,0.8629533052444458,0.25373631715774536,-0.04591638967394829,0.8659899830818176,0.22903892397880554,-0.05421224236488342,0.8786405324935913,0.3312678635120392,-0.02070404402911663,0.8863819241523743,0.3147244453430176,-0.04356082156300545,0.8812819719314575,0.3509097993373871,-0.04962595924735069,0.8737834692001343,0.37271562218666077,-0.04904875531792641,0.8979775309562683,0.3437421917915344,-0.0234326533973217,0.9051657915115356,0.32970917224884033,-0.041760437190532684,0.8971390128135681,0.36124131083488464,-0.03704025596380234,0.8877875804901123,0.3788387179374695,-0.029670177027583122,0.9132024645805359,0.36138981580734253,-0.027714289724826813,0.919191300868988,0.3532675802707672,-0.039340902119874954,0.9104784727096558,0.3750210404396057,-0.03473595902323723,0.9016737341880798,0.3859872817993164,-0.02845991961658001,si
