landmark_0_x,landmark_0_y,landmark_0_z,landmark_1_x,landmark_1_y,landmark_1_z,landmark_2_x,landmark_2_y,landmark_2_z,landmark_3_x,landmark_3_y,landmark_3_z,landmark_4_x,landmark_4_y,landmark_4_z,landmark_5_x,landmark_5_y,landmark_5_z,landmark_6_x,landmark_6_y,landmark_6_z,landmark_7_x,landmark_7_y,landmark_7_z,landmark_8_x,landmark_8_y,landmark_8_z,landmark_9_x,landmark_9_y,landmark_9_z,landmark_10_x,landmark_10_y,landmark_10_z,landmark_11_x,landmark_11_y,landmark_11_z,landmark_12_x,landmark_12_y,landmark_12_z,landmark_13_x,landmark_13_y,landmark_13_z,landmark_14_x,landmark_14_y,landmark_14_z,landmark_15_x,landmark_15_y,landmark_15_z,landmark_16_x,landmark_16_y,landmark_16_z,landmark_17_x,landmark_17_y,landmark_17_z,landmark_18_x,landmark_18_y,landmark_18_z,landmark_19_x,landmark_19_y,landmark_19_z,landmark_20_x,landmark_20_y,landmark_20_z,class
0.7522344589233398,0.3932372033596039,5.337767206015087e-08,0.7213663458824158,0.38339003920555115,-0.01629050262272358,0.6995307207107544,0.35760366916656494,-0.02867997996509075,0.7077156901359558,0.34072545170783997,-0.03963809087872505,0.7284221053123474,0.33812186121940613,-0.05037665739655495,0.7075258493423462,0.29066216945648193,-0.023701556026935577,0.7096133232116699,0.2439085990190506,-0.04115638509392738,0.7141277194023132,0.21366098523139954,-0.054128386080265045,0.7187018990516663,0.18694062530994415,-0.06337189674377441,0.7341300845146179,0.28459814190864563,-0.024444865062832832,0.740595281124115,0.2678145468235016,-0.049368225038051605,0.7398322820663452,0.31130850315093994,-0.05449606478214264,0.7367043495178223,0.34086132049560547,-0.052440542727708817,0.757085382938385,0.288545161485672,-0.02674819715321064,0.7625542283058167,0.2786746919155121,-0.04635545238852501,0.7580397129058838,0.3154616057872772,-0.0403616763651371,0.7517076134681702,0.33932918310165405,-0.03157191723585129,0.7755195498466492,0.3002573251724243,-0.030679237097501755,0.7791183590888977,0.2966562509536743,-0.042680591344833374,0.7732917070388794,0.32278817892074585,-0.037162330001592636,0.7678608894348145,0.3377338945865631,-0.029860271140933037,si
