landmark_0_x,landmark_0_y,landmark_0_z,landmark_1_x,landmark_1_y,landmark_1_z,landmark_2_x,landmark_2_y,landmark_2_z,landmark_3_x,landmark_3_y,landmark_3_z,landmark_4_x,landmark_4_y,landmark_4_z,landmark_5_x,landmark_5_y,landmark_5_z,landmark_6_x,landmark_6_y,landmark_6_z,landmark_7_x,landmark_7_y,landmark_7_z,landmark_8_x,landmark_8_y,landmark_8_z,landmark_9_x,landmark_9_y,landmark_9_z,landmark_10_x,landmark_10_y,landmark_10_z,landmark_11_x,landmark_11_y,landmark_11_z,landmark_12_x,landmark_12_y,landmark_12_z,landmark_13_x,landmark_13_y,landmark_13_z,landmark_14_x,landmark_14_y,landmark_14_z,landmark_15_x,landmark_15_y,landmark_15_z,landmark_16_x,landmark_16_y,landmark_16_z,landmark_17_x,landmark_17_y,landmark_17_z,landmark_18_x,landmark_18_y,landmark_18_z,landmark_19_x,landmark_19_y,landmark_19_z,landmark_20_x,landmark_20_y,landmark_20_z,class
0.7735559940338135,0.6761495471000671,4.848760681852582e-08,0.7486680150032043,0.6754305362701416,-0.01660861074924469,0.7210075855255127,0.665745198726654,-0.03136524558067322,0.7107751965522766,0.6601618528366089,-0.04590022191405296,0.7232098579406738,0.6617664694786072,-0.06080631911754608,0.7278244495391846,0.5861606001853943,-0.02500796876847744,0.725675106048584,0.5395490527153015,-0.04322749376296997,0.7268251180648804,0.5075540542602539,-0.05607505142688751,0.7277305126190186,0.47947973012924194,-0.06552881002426147,0.7558624744415283,0.5801708698272705,-0.027487998828291893,0.7554967403411865,0.5751709938049316,-0.05458355322480202,0.7536039352416992,0.6162793636322021,-0.06103858724236488,0.7512637972831726,0.6452392935752869,-0.05986785888671875,0.7818714380264282,0.5867289304733276,-0.03165024518966675,0.7818319797515869,0.5910246968269348,-0.05409829318523407,0.7750332355499268,0.6266443729400635,-0.0498277023434639,0.7682881355285645,0.6499901413917542,-0.04155914485454559,0.8044400215148926,0.6011122465133667,-0.03741159290075302,0.8058536648750305,0.6036260724067688,-0.05117062106728554,0.7978493571281433,0.6290561556816101,-0.04683450236916542,0.7907761335372925,0.6434549689292908,-0.0400371178984642,si
