landmark_0_x,landmark_0_y,landmark_0_z,landmark_1_x,landmark_1_y,landmark_1_z,landmark_2_x,landmark_2_y,landmark_2_z,landmark_3_x,landmark_3_y,landmark_3_z,landmark_4_x,landmark_4_y,landmark_4_z,landmark_5_x,landmark_5_y,landmark_5_z,landmark_6_x,landmark_6_y,landmark_6_z,landmark_7_x,landmark_7_y,landmark_7_z,landmark_8_x,landmark_8_y,landmark_8_z,landmark_9_x,landmark_9_y,landmark_9_z,landmark_10_x,landmark_10_y,landmark_10_z,landmark_11_x,landmark_11_y,landmark_11_z,landmark_12_x,landmark_12_y,landmark_12_z,landmark_13_x,landmark_13_y,landmark_13_z,landmark_14_x,landmark_14_y,landmark_14_z,landmark_15_x,landmark_15_y,landmark_15_z,landmark_16_x,landmark_16_y,landmark_16_z,landmark_17_x,landmark_17_y,landmark_17_z,landmark_18_x,landmark_18_y,landmark_18_z,landmark_19_x,landmark_19_y,landmark_19_z,landmark_20_x,landmark_20_y,landmark_20_z,class
0.8104298114776611,0.6810644865036011,1.5323148261359165e-07,0.7723802328109741,0.6731396317481995,-0.04025384411215782,0.7283385992050171,0.6556916832923889,-0.07433633506298065,0.722538411617279,0.6616842746734619,-0.10646499693393707,0.7549488544464111,0.6722015738487244,-0.13866250216960907,0.7437744140625,0.5160477161407471,-0.060442037880420685,0.7494387030601501,0.44204476475715637,-0.09970460832118988,0.7555276155471802,0.3903820514678955,-0.1247827336192131,0.7645294666290283,0.3430521488189697,-0.14309409260749817,0.7958263754844666,0.5055503249168396,-0.06217867136001587,0.8072260618209839,0.5199748873710632,-0.11597898602485657,0.7983516454696655,0.6033562421798706,-0.12640751898288727,0.7908369302749634,0.6381074786186218,-0.1235351487994194,0.8427042365074158,0.5227562785148621,-0.0679856389760971,0.8521459698677063,0.5556808710098267,-0.11277084797620773,0.8341445326805115,0.6221787333488464,-0.10350555926561356,0.8196695446968079,0.6431814432144165,-0.08809792995452881,0.8815539479255676,0.5542721152305603,-0.07798921316862106,0.8880746364593506,0.5899181365966797,-0.10754081606864929,0.8676188588142395,0.6380852460861206,-0.1013980284333229,0.8491169810295105,0.650519609451294,-0.09026984125375748,si
