landmark_0_x,landmark_0_y,landmark_0_z,landmark_1_x,landmark_1_y,landmark_1_z,landmark_2_x,landmark_2_y,landmark_2_z,landmark_3_x,landmark_3_y,landmark_3_z,landmark_4_x,landmark_4_y,landmark_4_z,landmark_5_x,landmark_5_y,landmark_5_z,landmark_6_x,landmark_6_y,landmark_6_z,landmark_7_x,landmark_7_y,landmark_7_z,landmark_8_x,landmark_8_y,landmark_8_z,landmark_9_x,landmark_9_y,landmark_9_z,landmark_10_x,landmark_10_y,landmark_10_z,landmark_11_x,landmark_11_y,landmark_11_z,landmark_12_x,landmark_12_y,landmark_12_z,landmark_13_x,landmark_13_y,landmark_13_z,landmark_14_x,landmark_14_y,landmark_14_z,landmark_15_x,landmark_15_y,landmark_15_z,landmark_16_x,landmark_16_y,landmark_16_z,landmark_17_x,landmark_17_y,landmark_17_z,landmark_18_x,landmark_18_y,landmark_18_z,landmark_19_x,landmark_19_y,landmark_19_z,landmark_20_x,landmark_20_y,landmark_20_z,class
0.7402752041816711,0.37343651056289673,8.46070591364878e-08,0.7052419781684875,0.37196260690689087,-0.041109848767519,0.6641684770584106,0.36535656452178955,-0.07346256822347641,0.6469864845275879,0.36797839403152466,-0.10217595845460892,0.6587872505187988,0.37606650590896606,-0.13237567245960236,0.6640497446060181,0.21264678239822388,-0.06130623072385788,0.6586967706680298,0.15511450171470642,-0.09782232344150543,0.6583279967308044,0.10706682503223419,-0.12513214349746704,0.6604302525520325,0.06562304496765137,-0.14493544399738312,0.7183547616004944,0.1843080222606659,-0.06008465960621834,0.7200337052345276,0.2205761820077896,-0.10829036682844162,0.7126052975654602,0.3036659061908722,-0.12109939754009247,0.7041671872138977,0.3541106581687927,-0.12125597149133682,0.7682281732559204,0.19453242421150208,-0.06213763356208801,0.7681759595870972,0.2549300193786621,-0.10548531264066696,0.7518206834793091,0.3238964080810547,-0.1004023551940918,0.7361754775047302,0.3643755316734314,-0.08792607486248016,0.8082635402679443,0.22350531816482544,-0.06781142950057983,0.8064459562301636,0.2751586139202118,-0.09894644469022751,0.7863844633102417,0.32917582988739014,-0.09427464008331299,0.7675766944885254,0.35867977142333984,-0.08334758877754211,si
