landmark_0_x,landmark_0_y,landmark_0_z,landmark_1_x,landmark_1_y,landmark_1_z,landmark_2_x,landmark_2_y,landmark_2_z,landmark_3_x,landmark_3_y,landmark_3_z,landmark_4_x,landmark_4_y,landmark_4_z,landmark_5_x,landmark_5_y,landmark_5_z,landmark_6_x,landmark_6_y,landmark_6_z,landmark_7_x,landmark_7_y,landmark_7_z,landmark_8_x,landmark_8_y,landmark_8_z,landmark_9_x,landmark_9_y,landmark_9_z,landmark_10_x,landmark_10_y,landmark_10_z,landmark_11_x,landmark_11_y,landmark_11_z,landmark_12_x,landmark_12_y,landmark_12_z,landmark_13_x,landmark_13_y,landmark_13_z,landmark_14_x,landmark_14_y,landmark_14_z,landmark_15_x,landmark_15_y,landmark_15_z,landmark_16_x,landmark_16_y,landmark_16_z,landmark_17_x,landmark_17_y,landmark_17_z,landmark_18_x,landmark_18_y,landmark_18_z,landmark_19_x,landmark_19_y,landmark_19_z,landmark_20_x,landmark_20_y,landmark_20_z,class
0.8589992523193359,0.6285178661346436,3.1852323001402283e-09,0.8322249054908752,0.6184540390968323,-0.02012280747294426,0.8118798136711121,0.5953591465950012,-0.03605122119188309,0.8211468458175659,0.5876880288124084,-0.050335194915533066,0.8420358300209045,0.5832645893096924,-0.06385136395692825,0.8275719881057739,0.5156979560852051,-0.030516011640429497,0.8330169320106506,0.4670557975769043,-0.05040866881608963,0.8402837514877319,0.43378376960754395,-0.06356536597013474,0.8465002179145813,0.40338146686553955,-0.07347345352172852,0.8573222756385803,0.5084313750267029,-0.030937042087316513,0.869195818901062,0.5195967555046082,-0.05791427567601204,0.8631278872489929,0.5676442384719849,-0.06267037242650986,0.8552581667900085,0.5888094902038574,-0.06076301634311676,0.8823049068450928,0.5194823145866394,-0.033179447054862976,0.8926272988319397,0.5434098243713379,-0.05479668080806732,0.8810227513313293,0.5804011225700378,-0.047709207981824875,0.8703803420066833,0.5907928943634033,-0.038571957498788834,0.9023747444152832,0.5397033095359802,-0.03766042739152908,0.9095537066459656,0.5606787204742432,-0.05154959857463837,0.897860586643219,0.5891765356063843,-0.04620997607707977,0.887311577796936,0.5959055423736572,-0.03893585130572319,si
