landmark_0_x,landmark_0_y,landmark_0_z,landmark_1_x,landmark_1_y,landmark_1_z,landmark_2_x,landmark_2_y,landmark_2_z,landmark_3_x,landmark_3_y,landmark_3_z,landmark_4_x,landmark_4_y,landmark_4_z,landmark_5_x,landmark_5_y,landmark_5_z,landmark_6_x,landmark_6_y,landmark_6_z,landmark_7_x,landmark_7_y,landmark_7_z,landmark_8_x,landmark_8_y,landmark_8_z,landmark_9_x,landmark_9_y,landmark_9_z,landmark_10_x,landmark_10_y,landmark_10_z,landmark_11_x,landmark_11_y,landmark_11_z,landmark_12_x,landmark_12_y,landmark_12_z,landmark_13_x,landmark_13_y,landmark_13_z,landmark_14_x,landmark_14_y,landmark_14_z,landmark_15_x,landmark_15_y,landmark_15_z,landmark_16_x,landmark_16_y,landmark_16_z,landmark_17_x,landmark_17_y,landmark_17_z,landmark_18_x,landmark_18_y,landmark_18_z,landmark_19_x,landmark_19_y,landmark_19_z,landmark_20_x,landmark_20_y,landmark_20_z,class
0.6974737048149109,0.7388361692428589,-5.6321162844596984e-08,0.6540454030036926,0.7236181497573853,-0.019518880173563957,0.6130762696266174,0.7006456851959229,-0.03933946415781975,0.5903581380844116,0.7005078792572021,-0.05993824824690819,0.5947886109352112,0.7104294896125793,-0.08185078203678131,0.6329203248023987,0.5736680030822754,-0.03630451858043671,0.6307594776153564,0.5153795480728149,-0.05985080078244209,0.6333976984024048,0.4712986946105957,-0.07693817466497421,0.6401046514511108,0.4311964511871338,-0.09015179425477982,0.6811090111732483,0.5586153268814087,-0.041201215237379074,0.6661131978034973,0.6159456372261047,-0.0713479220867157,0.6519671082496643,0.6730703115463257,-0.07815641909837723,0.6491875648498535,0.7016509771347046,-0.07838916778564453,0.7216671109199524,0.5796774625778198,-0.04772955924272537,0.7002851963043213,0.6515845060348511,-0.0700165405869484,0.6861353516578674,0.6942158341407776,-0.06271766126155853,0.6832692623138428,0.7106497883796692,-0.054202571511268616,0.7543599009513855,0.6147130727767944,-0.05716246739029884,0.7324261665344238,0.6740793585777283,-0.06993590295314789,0.7173449397087097,0.7067887187004089,-0.06284857541322708,0.7127666473388672,0.7160599827766418,-0.05397636815905571,si
