landmark_0_x,landmark_0_y,landmark_0_z,landmark_1_x,landmark_1_y,landmark_1_z,landmark_2_x,landmark_2_y,landmark_2_z,landmark_3_x,landmark_3_y,landmark_3_z,landmark_4_x,landmark_4_y,landmark_4_z,landmark_5_x,landmark_5_y,landmark_5_z,landmark_6_x,landmark_6_y,landmark_6_z,landmark_7_x,landmark_7_y,landmark_7_z,landmark_8_x,landmark_8_y,landmark_8_z,landmark_9_x,landmark_9_y,landmark_9_z,landmark_10_x,landmark_10_y,landmark_10_z,landmark_11_x,landmark_11_y,landmark_11_z,landmark_12_x,landmark_12_y,landmark_12_z,landmark_13_x,landmark_13_y,landmark_13_z,landmark_14_x,landmark_14_y,landmark_14_z,landmark_15_x,landmark_15_y,landmark_15_z,landmark_16_x,landmark_16_y,landmark_16_z,landmark_17_x,landmark_17_y,landmark_17_z,landmark_18_x,landmark_18_y,landmark_18_z,landmark_19_x,landmark_19_y,landmark_19_z,landmark_20_x,landmark_20_y,landmark_20_z,class
0.6616580486297607,0.7607471942901611,-1.6617809706076514e-07,0.6146255731582642,0.7567710280418396,-0.023310545831918716,0.5724442005157471,0.7528749108314514,-0.04502033814787865,0.5502960681915283,0.7609929442405701,-0.0672624260187149,0.5472912192344666,0.7710639238357544,-0.09071686863899231,0.568701982498169,0.6222259998321533,-0.032707568258047104,0.5580213665962219,0.5939899682998657,-0.05897928774356842,0.551637589931488,0.5682716369628906,-0.07956832647323608,0.5455559492111206,0.540621280670166,-0.09520068764686584,0.6100638508796692,0.5956395268440247,-0.03858603164553642,0.5990885496139526,0.6534064412117004,-0.07499361038208008,0.5910536050796509,0.7237185835838318,-0.089661605656147,0.5839623808860779,0.7627058625221252,-0.09413430839776993,0.6512015461921692,0.6048546433448792,-0.046916358172893524,0.6393123865127563,0.6750913262367249,-0.08212019503116608,0.6238964200019836,0.7391085624694824,-0.08418476581573486,0.6113043427467346,0.7736742496490479,-0.07824979722499847,0.6864693760871887,0.6331003308296204,-0.057245444506406784,0.6750020980834961,0.6888927221298218,-0.08226019144058228,0.6573805809020996,0.734637975692749,-0.08182565122842789,0.6421056389808655,0.7606557607650757,-0.0758269801735878,si
