landmark_0_x,landmark_0_y,landmark_0_z,landmark_1_x,landmark_1_y,landmark_1_z,landmark_2_x,landmark_2_y,landmark_2_z,landmark_3_x,landmark_3_y,landmark_3_z,landmark_4_x,landmark_4_y,landmark_4_z,landmark_5_x,landmark_5_y,landmark_5_z,landmark_6_x,landmark_6_y,landmark_6_z,landmark_7_x,landmark_7_y,landmark_7_z,landmark_8_x,landmark_8_y,landmark_8_z,landmark_9_x,landmark_9_y,landmark_9_z,landmark_10_x,landmark_10_y,landmark_10_z,landmark_11_x,landmark_11_y,landmark_11_z,landmark_12_x,landmark_12_y,landmark_12_z,landmark_13_x,landmark_13_y,landmark_13_z,landmark_14_x,landmark_14_y,landmark_14_z,landmark_15_x,landmark_15_y,landmark_15_z,landmark_16_x,landmark_16_y,landmark_16_z,landmark_17_x,landmark_17_y,landmark_17_z,landmark_18_x,landmark_18_y,landmark_18_z,landmark_19_x,landmark_19_y,landmark_19_z,landmark_20_x,landmark_20_y,landmark_20_z,class
0.6744328737258911,0.7507964372634888,-5.623392596021404e-08,0.6512662768363953,0.7500923871994019,-0.013029714114964008,0.6287333965301514,0.7505143284797668,-0.024559911340475082,0.6141634583473206,0.7580006122589111,-0.03590692952275276,0.6047009825706482,0.7696337699890137,-0.04816360026597977,0.6196078658103943,0.6788416504859924,-0.020535461604595184,0.6124935746192932,0.6609429717063904,-0.03449111059308052,0.6086623668670654,0.6432645320892334,-0.04607381671667099,0.6049582958221436,0.6263869404792786,-0.05496840924024582,0.6430435180664062,0.6621165871620178,-0.023351075127720833,0.6354109048843384,0.6917521953582764,-0.04213302209973335,0.6335061192512512,0.7319115996360779,-0.049548715353012085,0.6323788166046143,0.7592151761054993,-0.05195704102516174,0.6682903170585632,0.6669919490814209,-0.02720005065202713,0.6598724126815796,0.7040296792984009,-0.04537966847419739,0.652468204498291,0.7394323348999023,-0.046182792633771896,0.6468179821968079,0.7643319964408875,-0.04306013509631157,0.6906537413597107,0.6831716299057007,-0.03207945078611374,0.6824453473091125,0.709865391254425,-0.04558806121349335,0.6738086342811584,0.7337124347686768,-0.04502059146761894,0.6667075753211975,0.7513612508773804,-0.04162365943193436,si
