landmark_0_x,landmark_0_y,landmark_0_z,landmark_1_x,landmark_1_y,landmark_1_z,landmark_2_x,landmark_2_y,landmark_2_z,landmark_3_x,landmark_3_y,landmark_3_z,landmark_4_x,landmark_4_y,landmark_4_z,landmark_5_x,landmark_5_y,landmark_5_z,landmark_6_x,landmark_6_y,landmark_6_z,landmark_7_x,landmark_7_y,landmark_7_z,landmark_8_x,landmark_8_y,landmark_8_z,landmark_9_x,landmark_9_y,landmark_9_z,landmark_10_x,landmark_10_y,landmark_10_z,landmark_11_x,landmark_11_y,landmark_11_z,landmark_12_x,landmark_12_y,landmark_12_z,landmark_13_x,landmark_13_y,landmark_13_z,landmark_14_x,landmark_14_y,landmark_14_z,landmark_15_x,landmark_15_y,landmark_15_z,landmark_16_x,landmark_16_y,landmark_16_z,landmark_17_x,landmark_17_y,landmark_17_z,landmark_18_x,landmark_18_y,landmark_18_z,landmark_19_x,landmark_19_y,landmark_19_z,landmark_20_x,landmark_20_y,landmark_20_z,class
0.7625946998596191,0.7851479649543762,2.3723042374967918e-07,0.7382187843322754,0.7783092260360718,-0.013859303668141365,0.719333291053772,0.7637150883674622,-0.02541087009012699,0.7203630805015564,0.7542212009429932,-0.03689311072230339,0.7381653189659119,0.753219485282898,-0.04820428788661957,0.7265115976333618,0.7019563317298889,-0.016971487551927567,0.7294972538948059,0.6662572026252747,-0.030660411342978477,0.7343364953994751,0.6432149410247803,-0.0392017588019371,0.7379129528999329,0.6217989325523376,-0.04436424374580383,0.7452597618103027,0.7010132074356079,-0.018989166244864464,0.7416718006134033,0.6651270985603333,-0.033360566943883896,0.7370767593383789,0.655503511428833,-0.038552574813365936,0.7307829856872559,0.6420928239822388,-0.03947081416845322,0.7636468410491943,0.7072659134864807,-0.022618606686592102,0.7640324234962463,0.6965851783752441,-0.04029860720038414,0.7605056166648865,0.7269126176834106,-0.03914062678813934,0.7562709450721741,0.7452583312988281,-0.03279858082532883,0.7811641693115234,0.7201330065727234,-0.027343712747097015,0.7805373668670654,0.7121850848197937,-0.0376008078455925,0.7765544652938843,0.7345619201660156,-0.03328380361199379,0.7722229361534119,0.7489519715309143,-0.026979127898812294,si
