landmark_0_x,landmark_0_y,landmark_0_z,landmark_1_x,landmark_1_y,landmark_1_z,landmark_2_x,landmark_2_y,landmark_2_z,landmark_3_x,landmark_3_y,landmark_3_z,landmark_4_x,landmark_4_y,landmark_4_z,landmark_5_x,landmark_5_y,landmark_5_z,landmark_6_x,landmark_6_y,landmark_6_z,landmark_7_x,landmark_7_y,landmark_7_z,landmark_8_x,landmark_8_y,landmark_8_z,landmark_9_x,landmark_9_y,landmark_9_z,landmark_10_x,landmark_10_y,landmark_10_z,landmark_11_x,landmark_11_y,landmark_11_z,landmark_12_x,landmark_12_y,landmark_12_z,landmark_13_x,landmark_13_y,landmark_13_z,landmark_14_x,landmark_14_y,landmark_14_z,landmark_15_x,landmark_15_y,landmark_15_z,landmark_16_x,landmark_16_y,landmark_16_z,landmark_17_x,landmark_17_y,landmark_17_z,landmark_18_x,landmark_18_y,landmark_18_z,landmark_19_x,landmark_19_y,landmark_19_z,landmark_20_x,landmark_20_y,landmark_20_z,class
0.901822566986084,0.5154675841331482,1.1676638322910549e-08,0.8727501034736633,0.49666762351989746,-0.021521491929888725,0.8564565181732178,0.4633937180042267,-0.036849021911621094,0.8746169805526733,0.4510914087295532,-0.05109018832445145,0.8971626162528992,0.44685882329940796,-0.06497440487146378,0.8709319829940796,0.38456693291664124,-0.026843994855880737,0.8766164779663086,0.3288896083831787,-0.04723348841071129,0.8849250078201294,0.2930228114128113,-0.06098403036594391,0.891103208065033,0.2602466344833374,-0.07067286223173141,0.9011965394020081,0.3828599452972412,-0.027110956609249115,0.9203713536262512,0.37572431564331055,-0.05896821618080139,0.9142387509346008,0.4284525215625763,-0.06701982021331787,0.9009640216827393,0.458081990480423,-0.06525790691375732,0.927176296710968,0.39223167300224304,-0.02948286011815071,0.9438645839691162,0.3960513174533844,-0.056192945688962936,0.9331426620483398,0.44057992100715637,-0.05200483277440071,0.9177943468093872,0.4599757194519043,-0.04244794696569443,0.947928786277771,0.40889549255371094,-0.033805835992097855,0.9610770344734192,0.41100552678108215,-0.04975438863039017,0.9500587582588196,0.4438595473766327,-0.04455948993563652,0.9354883432388306,0.4573497772216797,-0.036263372749090195,si
