landmark_0_x,landmark_0_y,landmark_0_z,landmark_1_x,landmark_1_y,landmark_1_z,landmark_2_x,landmark_2_y,landmark_2_z,landmark_3_x,landmark_3_y,landmark_3_z,landmark_4_x,landmark_4_y,landmark_4_z,landmark_5_x,landmark_5_y,landmark_5_z,landmark_6_x,landmark_6_y,landmark_6_z,landmark_7_x,landmark_7_y,landmark_7_z,landmark_8_x,landmark_8_y,landmark_8_z,landmark_9_x,landmark_9_y,landmark_9_z,landmark_10_x,landmark_10_y,landmark_10_z,landmark_11_x,landmark_11_y,landmark_11_z,landmark_12_x,landmark_12_y,landmark_12_z,landmark_13_x,landmark_13_y,landmark_13_z,landmark_14_x,landmark_14_y,landmark_14_z,landmark_15_x,landmark_15_y,landmark_15_z,landmark_16_x,landmark_16_y,landmark_16_z,landmark_17_x,landmark_17_y,landmark_17_z,landmark_18_x,landmark_18_y,landmark_18_z,landmark_19_x,landmark_19_y,landmark_19_z,landmark_20_x,landmark_20_y,landmark_20_z,class
0.7143681645393372,0.4462994933128357,-4.482230409053045e-08,0.6889855265617371,0.4447459578514099,-0.016280818730592728,0.665107250213623,0.4369600713253021,-0.03083891049027443,0.6587826013565063,0.436821311712265,-0.04522431641817093,0.6621183156967163,0.4371088445186615,-0.0601806566119194,0.6659634113311768,0.3669573962688446,-0.027511930093169212,0.662524938583374,0.3251328468322754,-0.045688606798648834,0.6633134484291077,0.29756009578704834,-0.05939130485057831,0.6636294722557068,0.27196624875068665,-0.06933789700269699,0.6921203136444092,0.35911354422569275,-0.029914867132902145,0.6924352645874023,0.35897406935691833,-0.054913900792598724,0.6895512938499451,0.4003201127052307,-0.06289476156234741,0.684101402759552,0.42776018381118774,-0.0643494725227356,0.7167977690696716,0.36299827694892883,-0.03354429453611374,0.7165942192077637,0.3615255653858185,-0.05545409768819809,0.7122337818145752,0.3989444673061371,-0.051827747374773026,0.7059698700904846,0.42308491468429565,-0.044784706085920334,0.7389792799949646,0.3734357953071594,-0.03857211396098137,0.7393499612808228,0.36756065487861633,-0.05313108488917351,0.7339928150177002,0.39286869764328003,-0.04818468540906906,0.7277974486351013,0.4097628593444824,-0.04102896898984909,si
