landmark_0_x,landmark_0_y,landmark_0_z,landmark_1_x,landmark_1_y,landmark_1_z,landmark_2_x,landmark_2_y,landmark_2_z,landmark_3_x,landmark_3_y,landmark_3_z,landmark_4_x,landmark_4_y,landmark_4_z,landmark_5_x,landmark_5_y,landmark_5_z,landmark_6_x,landmark_6_y,landmark_6_z,landmark_7_x,landmark_7_y,landmark_7_z,landmark_8_x,landmark_8_y,landmark_8_z,landmark_9_x,landmark_9_y,landmark_9_z,landmark_10_x,landmark_10_y,landmark_10_z,landmark_11_x,landmark_11_y,landmark_11_z,landmark_12_x,landmark_12_y,landmark_12_z,landmark_13_x,landmark_13_y,landmark_13_z,landmark_14_x,landmark_14_y,landmark_14_z,landmark_15_x,landmark_15_y,landmark_15_z,landmark_16_x,landmark_16_y,landmark_16_z,landmark_17_x,landmark_17_y,landmark_17_z,landmark_18_x,landmark_18_y,landmark_18_z,landmark_19_x,landmark_19_y,landmark_19_z,landmark_20_x,landmark_20_y,landmark_20_z,class
0.8839045166969299,0.4982497990131378,4.189420721445458e-08,0.8631067276000977,0.48352256417274475,-0.014778440818190575,0.848923921585083,0.4592977464199066,-0.026266517117619514,0.8566051125526428,0.44933202862739563,-0.0372483991086483,0.869793176651001,0.4473106861114502,-0.04817904531955719,0.8579301834106445,0.3985563814640045,-0.01898420974612236,0.8579148054122925,0.3554336428642273,-0.033671386539936066,0.8607203364372253,0.3293536305427551,-0.04416154697537422,0.8638065457344055,0.30621737241744995,-0.05186835676431656,0.8803885579109192,0.4012179672718048,-0.02013465389609337,0.8869078159332275,0.3918878138065338,-0.04252158850431442,0.8844434022903442,0.42799443006515503,-0.04857877641916275,0.8787956237792969,0.4473777711391449,-0.04813121259212494,0.9003714323043823,0.4111030399799347,-0.022807415574789047,0.9057570695877075,0.4036807715892792,-0.04079967737197876,0.9003466963768005,0.43453776836395264,-0.036431849002838135,0.8932022452354431,0.44835537672042847,-0.029538899660110474,0.9172435998916626,0.42626360058784485,-0.026965582743287086,0.9211193323135376,0.4205784499645233,-0.038258276879787445,0.9144395589828491,0.443720281124115,-0.033467795699834824,0.9078772068023682,0.4536903202533722,-0.02716135047376156,si
