landmark_0_x,landmark_0_y,landmark_0_z,landmark_1_x,landmark_1_y,landmark_1_z,landmark_2_x,landmark_2_y,landmark_2_z,landmark_3_x,landmark_3_y,landmark_3_z,landmark_4_x,landmark_4_y,landmark_4_z,landmark_5_x,landmark_5_y,landmark_5_z,landmark_6_x,landmark_6_y,landmark_6_z,landmark_7_x,landmark_7_y,landmark_7_z,landmark_8_x,landmark_8_y,landmark_8_z,landmark_9_x,landmark_9_y,landmark_9_z,landmark_10_x,landmark_10_y,landmark_10_z,landmark_11_x,landmark_11_y,landmark_11_z,landmark_12_x,landmark_12_y,landmark_12_z,landmark_13_x,landmark_13_y,landmark_13_z,landmark_14_x,landmark_14_y,landmark_14_z,landmark_15_x,landmark_15_y,landmark_15_z,landmark_16_x,landmark_16_y,landmark_16_z,landmark_17_x,landmark_17_y,landmark_17_z,landmark_18_x,landmark_18_y,landmark_18_z,landmark_19_x,landmark_19_y,landmark_19_z,landmark_20_x,landmark_20_y,landmark_20_z,class
0.6967318058013916,0.5827237367630005,3.767999245951614e-08,0.6753189563751221,0.5864500403404236,-0.01904548890888691,0.6549683213233948,0.5850781798362732,-0.03440937027335167,0.6443223357200623,0.5852738618850708,-0.048858847469091415,0.639934241771698,0.5855063199996948,-0.06363847106695175,0.6460354328155518,0.5113727450370789,-0.02556118182837963,0.6388855576515198,0.4807997941970825,-0.04430233687162399,0.6369543671607971,0.45609235763549805,-0.05893648788332939,0.6360725164413452,0.4329030513763428,-0.06922979652881622,0.6700510382652283,0.49824053049087524,-0.02677033096551895,0.6664164662361145,0.4971437156200409,-0.0514669306576252,0.6665009260177612,0.5358574390411377,-0.05978037789463997,0.6658344864845276,0.5613921880722046,-0.06118650734424591,0.6944636106491089,0.4993368089199066,-0.029887817800045013,0.6913130283355713,0.49845263361930847,-0.05336880311369896,0.6877946257591248,0.5364485383033752,-0.051557525992393494,0.68462735414505,0.5616382360458374,-0.04504946991801262,0.7174164056777954,0.5086976885795593,-0.034422844648361206,0.7134667038917542,0.504459023475647,-0.05085745453834534,0.7068499326705933,0.5314697027206421,-0.04770441725850105,0.7011017799377441,0.5509047508239746,-0.041464462876319885,si
