landmark_0_x,landmark_0_y,landmark_0_z,landmark_1_x,landmark_1_y,landmark_1_z,landmark_2_x,landmark_2_y,landmark_2_z,landmark_3_x,landmark_3_y,landmark_3_z,landmark_4_x,landmark_4_y,landmark_4_z,landmark_5_x,landmark_5_y,landmark_5_z,landmark_6_x,landmark_6_y,landmark_6_z,landmark_7_x,landmark_7_y,landmark_7_z,landmark_8_x,landmark_8_y,landmark_8_z,landmark_9_x,landmark_9_y,landmark_9_z,landmark_10_x,landmark_10_y,landmark_10_z,landmark_11_x,landmark_11_y,landmark_11_z,landmark_12_x,landmark_12_y,landmark_12_z,landmark_13_x,landmark_13_y,landmark_13_z,landmark_14_x,landmark_14_y,landmark_14_z,landmark_15_x,landmark_15_y,landmark_15_z,landmark_16_x,landmark_16_y,landmark_16_z,landmark_17_x,landmark_17_y,landmark_17_z,landmark_18_x,landmark_18_y,landmark_18_z,landmark_19_x,landmark_19_y,landmark_19_z,landmark_20_x,landmark_20_y,landmark_20_z,class
0.7301015257835388,0.3350491523742676,5.3953971956843816e-08,0.7024452090263367,0.3345298767089844,-0.023371368646621704,0.6717727780342102,0.3292750120162964,-0.044338408857584,0.6552853584289551,0.3291894495487213,-0.06457535177469254,0.6590585708618164,0.33407050371170044,-0.08538048714399338,0.6628467440605164,0.22922492027282715,-0.030803225934505463,0.6531366109848022,0.18515644967556,-0.05393379181623459,0.6518673896789551,0.1513238251209259,-0.07023921608924866,0.6524339914321899,0.12333741784095764,-0.08151937276124954,0.6973894834518433,0.21514937281608582,-0.033068835735321045,0.6976881623268127,0.21366731822490692,-0.06414662301540375,0.6962568163871765,0.2627529501914978,-0.07185342162847519,0.6937755346298218,0.2954382598400116,-0.07040257006883621,0.7296997308731079,0.21991364657878876,-0.038083985447883606,0.7291128039360046,0.23017024993896484,-0.06461735814809799,0.7216408848762512,0.2741095721721649,-0.06099366396665573,0.7152644991874695,0.3001931309700012,-0.0521727092564106,0.7586520910263062,0.23444238305091858,-0.04519093781709671,0.756833016872406,0.24909354746341705,-0.06075482815504074,0.7479643225669861,0.28148096799850464,-0.05594804510474205,0.741594672203064,0.298210084438324,-0.04824503883719444,si
