landmark_0_x,landmark_0_y,landmark_0_z,landmark_1_x,landmark_1_y,landmark_1_z,landmark_2_x,landmark_2_y,landmark_2_z,landmark_3_x,landmark_3_y,landmark_3_z,landmark_4_x,landmark_4_y,landmark_4_z,landmark_5_x,landmark_5_y,landmark_5_z,landmark_6_x,landmark_6_y,landmark_6_z,landmark_7_x,landmark_7_y,landmark_7_z,landmark_8_x,landmark_8_y,landmark_8_z,landmark_9_x,landmark_9_y,landmark_9_z,landmark_10_x,landmark_10_y,landmark_10_z,landmark_11_x,landmark_11_y,landmark_11_z,landmark_12_x,landmark_12_y,landmark_12_z,landmark_13_x,landmark_13_y,landmark_13_z,landmark_14_x,landmark_14_y,landmark_14_z,landmark_15_x,landmark_15_y,landmark_15_z,landmark_16_x,landmark_16_y,landmark_16_z,landmark_17_x,landmark_17_y,landmark_17_z,landmark_18_x,landmark_18_y,landmark_18_z,landmark_19_x,landmark_19_y,landmark_19_z,landmark_20_x,landmark_20_y,landmark_20_z,class
0.8217212557792664,0.7552257776260376,1.399463087636832e-07,0.7877478003501892,0.7634903192520142,-0.034722186625003815,0.7640030384063721,0.7643417716026306,-0.061941031366586685,0.7714008688926697,0.780743420124054,-0.0855669304728508,0.7920408844947815,0.7939541339874268,-0.11026374995708466,0.767353892326355,0.6566122174263,-0.054056186228990555,0.778283417224884,0.6214649081230164,-0.08590091019868851,0.7916823625564575,0.5938317775726318,-0.10899898409843445,0.8080115914344788,0.5679136514663696,-0.12477456778287888,0.8094105124473572,0.6432643532752991,-0.05265375226736069,0.8355236649513245,0.6696861386299133,-0.09810392558574677,0.8383662104606628,0.7402260303497314,-0.11173515021800995,0.8364636898040771,0.783843994140625,-0.11233490705490112,0.8486058115959167,0.6535090208053589,-0.053732048720121384,0.8669834136962891,0.6886572241783142,-0.09377887845039368,0.8586392402648926,0.7538583874702454,-0.09102525562047958,0.8466315269470215,0.7907117605209351,-0.0800987258553505,0.8808963894844055,0.6740634441375732,-0.05742805078625679,0.8900731801986694,0.7037302255630493,-0.08718594163656235,0.8773993849754333,0.7513791918754578,-0.0844859927892685,0.8622537851333618,0.7778571844100952,-0.0753743052482605,si
