landmark_0_x,landmark_0_y,landmark_0_z,landmark_1_x,landmark_1_y,landmark_1_z,landmark_2_x,landmark_2_y,landmark_2_z,landmark_3_x,landmark_3_y,landmark_3_z,landmark_4_x,landmark_4_y,landmark_4_z,landmark_5_x,landmark_5_y,landmark_5_z,landmark_6_x,landmark_6_y,landmark_6_z,landmark_7_x,landmark_7_y,landmark_7_z,landmark_8_x,landmark_8_y,landmark_8_z,landmark_9_x,landmark_9_y,landmark_9_z,landmark_10_x,landmark_10_y,landmark_10_z,landmark_11_x,landmark_11_y,landmark_11_z,landmark_12_x,landmark_12_y,landmark_12_z,landmark_13_x,landmark_13_y,landmark_13_z,landmark_14_x,landmark_14_y,landmark_14_z,landmark_15_x,landmark_15_y,landmark_15_z,landmark_16_x,landmark_16_y,landmark_16_z,landmark_17_x,landmark_17_y,landmark_17_z,landmark_18_x,landmark_18_y,landmark_18_z,landmark_19_x,landmark_19_y,landmark_19_z,landmark_20_x,landmark_20_y,landmark_20_z,class
0.6402357220649719,0.7516996264457703,-9.001217904369696e-08,0.6071946620941162,0.751994788646698,-0.01624380797147751,0.5784308910369873,0.7516220808029175,-0.0317651741206646,0.559978187084198,0.7610996961593628,-0.04756736755371094,0.5469461679458618,0.7744402885437012,-0.0649620071053505,0.5686839818954468,0.6611819863319397,-0.029210899025201797,0.5560764670372009,0.6299514174461365,-0.048622775822877884,0.5505794882774353,0.6009647250175476,-0.06391865015029907,0.5458105206489563,0.5740746259689331,-0.07545894384384155,0.5995500683784485,0.6381325721740723,-0.03376340493559837,0.5869898796081543,0.6769625544548035,-0.06035193055868149,0.5817026495933533,0.7283895611763,-0.0709327906370163,0.5783414244651794,0.764561653137207,-0.07421620190143585,0.6317505836486816,0.643704354763031,-0.03930700570344925,0.6178046464920044,0.6966666579246521,-0.06391700357198715,0.6074258685112,0.742459237575531,-0.06489523500204086,0.5999740958213806,0.7745693922042847,-0.06050265207886696,0.6589692234992981,0.6645982265472412,-0.046152375638484955,0.6443572640419006,0.7062272429466248,-0.06360737234354019,0.6326823234558105,0.7375888824462891,-0.06256002187728882,0.623390257358551,0.7594337463378906,-0.05773143097758293,si
