landmark_0_x,landmark_0_y,landmark_0_z,landmark_1_x,landmark_1_y,landmark_1_z,landmark_2_x,landmark_2_y,landmark_2_z,landmark_3_x,landmark_3_y,landmark_3_z,landmark_4_x,landmark_4_y,landmark_4_z,landmark_5_x,landmark_5_y,landmark_5_z,landmark_6_x,landmark_6_y,landmark_6_z,landmark_7_x,landmark_7_y,landmark_7_z,landmark_8_x,landmark_8_y,landmark_8_z,landmark_9_x,landmark_9_y,landmark_9_z,landmark_10_x,landmark_10_y,landmark_10_z,landmark_11_x,landmark_11_y,landmark_11_z,landmark_12_x,landmark_12_y,landmark_12_z,landmark_13_x,landmark_13_y,landmark_13_z,landmark_14_x,landmark_14_y,landmark_14_z,landmark_15_x,landmark_15_y,landmark_15_z,landmark_16_x,landmark_16_y,landmark_16_z,landmark_17_x,landmark_17_y,landmark_17_z,landmark_18_x,landmark_18_y,landmark_18_z,landmark_19_x,landmark_19_y,landmark_19_z,landmark_20_x,landmark_20_y,landmark_20_z,class
0.8430602550506592,0.7959219813346863,2.1099657132594984e-08,0.8214656710624695,0.786640465259552,-0.015722552314400673,0.8042044043540955,0.7685760855674744,-0.02792116440832615,0.8071452379226685,0.7613385319709778,-0.03980497643351555,0.8212728500366211,0.7582074403762817,-0.051464054733514786,0.8130335211753845,0.7058219313621521,-0.018457328900694847,0.8107181191444397,0.6641915440559387,-0.03291773423552513,0.8116434216499329,0.638679027557373,-0.04309388995170593,0.8127908706665039,0.6157956123352051,-0.05070296302437782,0.8352086544036865,0.7060702443122864,-0.02000562474131584,0.8385778665542603,0.6930710077285767,-0.04232698678970337,0.8372971415519714,0.7257867455482483,-0.04839666932821274,0.8336524367332458,0.7474798560142517,-0.048076532781124115,0.8552567362785339,0.7148042321205139,-0.02340085804462433,0.8578861951828003,0.7059721946716309,-0.04225165396928787,0.8541327714920044,0.7350946068763733,-0.038531314581632614,0.8488956689834595,0.7520253658294678,-0.03185632824897766,0.8730868101119995,0.7291198372840881,-0.028441930189728737,0.8757345676422119,0.7211933135986328,-0.04040638357400894,0.8690082430839539,0.7418813705444336,-0.03644341230392456,0.8621680736541748,0.753571629524231,-0.030808400362730026,si
