landmark_0_x,landmark_0_y,landmark_0_z,landmark_1_x,landmark_1_y,landmark_1_z,landmark_2_x,landmark_2_y,landmark_2_z,landmark_3_x,landmark_3_y,landmark_3_z,landmark_4_x,landmark_4_y,landmark_4_z,landmark_5_x,landmark_5_y,landmark_5_z,landmark_6_x,landmark_6_y,landmark_6_z,landmark_7_x,landmark_7_y,landmark_7_z,landmark_8_x,landmark_8_y,landmark_8_z,landmark_9_x,landmark_9_y,landmark_9_z,landmark_10_x,landmark_10_y,landmark_10_z,landmark_11_x,landmark_11_y,landmark_11_z,landmark_12_x,landmark_12_y,landmark_12_z,landmark_13_x,landmark_13_y,landmark_13_z,landmark_14_x,landmark_14_y,landmark_14_z,landmark_15_x,landmark_15_y,landmark_15_z,landmark_16_x,landmark_16_y,landmark_16_z,landmark_17_x,landmark_17_y,landmark_17_z,landmark_18_x,landmark_18_y,landmark_18_z,landmark_19_x,landmark_19_y,landmark_19_z,landmark_20_x,landmark_20_y,landmark_20_z,class
0.8715156316757202,0.4157369136810303,2.9589655170525475e-08,0.8512343168258667,0.4001258909702301,-0.01764996163547039,0.8383675813674927,0.3742660582065582,-0.030524834990501404,0.845133900642395,0.35894307494163513,-0.04248198866844177,0.861931562423706,0.35611677169799805,-0.05403866246342659,0.8535200953483582,0.30772170424461365,-0.019938265904784203,0.8576910495758057,0.26344212889671326,-0.03488666191697121,0.8623062372207642,0.23584580421447754,-0.04514883831143379,0.8668433427810669,0.2120642364025116,-0.052584365010261536,0.8759278059005737,0.3119976818561554,-0.019975069910287857,0.8838028907775879,0.2949081063270569,-0.04188522696495056,0.8778899908065796,0.3306743800640106,-0.04622143507003784,0.8709990382194519,0.3515099287033081,-0.04428777098655701,0.8948571681976318,0.32441043853759766,-0.021996429190039635,0.9026423096656799,0.31156376004219055,-0.040185365825891495,0.8950743675231934,0.3412013053894043,-0.03475813567638397,0.8868463635444641,0.3570041060447693,-0.026831135153770447,0.9096862077713013,0.34294989705085754,-0.025860071182250977,0.9170210957527161,0.3319118916988373,-0.03702548146247864,0.9093652963638306,0.3519262373447418,-0.032022345811128616,0.901285707950592,0.3627726435661316,-0.025534365326166153,si
