landmark_0_x,landmark_0_y,landmark_0_z,landmark_1_x,landmark_1_y,landmark_1_z,landmark_2_x,landmark_2_y,landmark_2_z,landmark_3_x,landmark_3_y,landmark_3_z,landmark_4_x,landmark_4_y,landmark_4_z,landmark_5_x,landmark_5_y,landmark_5_z,landmark_6_x,landmark_6_y,landmark_6_z,landmark_7_x,landmark_7_y,landmark_7_z,landmark_8_x,landmark_8_y,landmark_8_z,landmark_9_x,landmark_9_y,landmark_9_z,landmark_10_x,landmark_10_y,landmark_10_z,landmark_11_x,landmark_11_y,landmark_11_z,landmark_12_x,landmark_12_y,landmark_12_z,landmark_13_x,landmark_13_y,landmark_13_z,landmark_14_x,landmark_14_y,landmark_14_z,landmark_15_x,landmark_15_y,landmark_15_z,landmark_16_x,landmark_16_y,landmark_16_z,landmark_17_x,landmark_17_y,landmark_17_z,landmark_18_x,landmark_18_y,landmark_18_z,landmark_19_x,landmark_19_y,landmark_19_z,landmark_20_x,landmark_20_y,landmark_20_z,class
0.7551848888397217,0.4131287932395935,1.882814970599611e-08,0.7289906740188599,0.40471431612968445,-0.016678007319569588,0.7089276313781738,0.3835148811340332,-0.029642626643180847,0.7151357531547546,0.37021613121032715,-0.0420757457613945,0.73337322473526,0.3635004162788391,-0.05430411174893379,0.7184710502624512,0.3105432391166687,-0.02049056440591812,0.7191178798675537,0.26594284176826477,-0.036773908883333206,0.7220880389213562,0.23818498849868774,-0.04834684357047081,0.7245078682899475,0.21288836002349854,-0.05663205310702324,0.7428210377693176,0.3088715672492981,-0.02159726805984974,0.7502224445343018,0.2920830249786377,-0.046315595507621765,0.7502229809761047,0.33410099148750305,-0.052625708281993866,0.7462124824523926,0.3621731698513031,-0.051361214369535446,0.7648135423660278,0.31551238894462585,-0.02447233349084854,0.7717755436897278,0.2992161512374878,-0.0455966480076313,0.7674233913421631,0.3371039032936096,-0.041361622512340546,0.7603480219841003,0.36106982827186584,-0.03313450887799263,0.7840502262115479,0.3290635049343109,-0.02881609834730625,0.7888133525848389,0.3164577782154083,-0.04223330691456795,0.7827576398849487,0.343465119600296,-0.03755051642656326,0.7752044200897217,0.36042967438697815,-0.030478306114673615,si
