landmark_0_x,landmark_0_y,landmark_0_z,landmark_1_x,landmark_1_y,landmark_1_z,landmark_2_x,landmark_2_y,landmark_2_z,landmark_3_x,landmark_3_y,landmark_3_z,landmark_4_x,landmark_4_y,landmark_4_z,landmark_5_x,landmark_5_y,landmark_5_z,landmark_6_x,landmark_6_y,landmark_6_z,landmark_7_x,landmark_7_y,landmark_7_z,landmark_8_x,landmark_8_y,landmark_8_z,landmark_9_x,landmark_9_y,landmark_9_z,landmark_10_x,landmark_10_y,landmark_10_z,landmark_11_x,landmark_11_y,landmark_11_z,landmark_12_x,landmark_12_y,landmark_12_z,landmark_13_x,landmark_13_y,landmark_13_z,landmark_14_x,landmark_14_y,landmark_14_z,landmark_15_x,landmark_15_y,landmark_15_z,landmark_16_x,landmark_16_y,landmark_16_z,landmark_17_x,landmark_17_y,landmark_17_z,landmark_18_x,landmark_18_y,landmark_18_z,landmark_19_x,landmark_19_y,landmark_19_z,landmark_20_x,landmark_20_y,landmark_20_z,class
0.6894404888153076,0.649036705493927,1.0187592991428573e-08,0.6683107614517212,0.6516028046607971,-0.01651052013039589,0.6479719877243042,0.6512390971183777,-0.03015540912747383,0.6358904242515564,0.6547149419784546,-0.043110549449920654,0.6275848150253296,0.6643492579460144,-0.056843746453523636,0.6361684203147888,0.5797647833824158,-0.021314626559615135,0.6300877332687378,0.5558513402938843,-0.03718991205096245,0.6276940107345581,0.5337519645690918,-0.05056207627058029,0.6256083250045776,0.5137671828269958,-0.06047273799777031,0.6594745516777039,0.5635249018669128,-0.02314114011824131,0.6533402800559998,0.5752027630805969,-0.04423685371875763,0.6528530120849609,0.614730954170227,-0.051882304251194,0.6524789929389954,0.641674816608429,-0.053787361830472946,0.6834153532981873,0.565342903137207,-0.02670007012784481,0.6780073642730713,0.5771226286888123,-0.047056131064891815,0.6729975938796997,0.6137073636054993,-0.04618394747376442,0.6689134240150452,0.6399245858192444,-0.041258554905653,0.7057028412818909,0.5772657990455627,-0.03156675398349762,0.7005537152290344,0.5808690190315247,-0.04644566774368286,0.6938069462776184,0.606784462928772,-0.04419767111539841,0.6877831816673279,0.6269899010658264,-0.03919355943799019,si
