landmark_0_x,landmark_0_y,landmark_0_z,landmark_1_x,landmark_1_y,landmark_1_z,landmark_2_x,landmark_2_y,landmark_2_z,landmark_3_x,landmark_3_y,landmark_3_z,landmark_4_x,landmark_4_y,landmark_4_z,landmark_5_x,landmark_5_y,landmark_5_z,landmark_6_x,landmark_6_y,landmark_6_z,landmark_7_x,landmark_7_y,landmark_7_z,landmark_8_x,landmark_8_y,landmark_8_z,landmark_9_x,landmark_9_y,landmark_9_z,landmark_10_x,landmark_10_y,landmark_10_z,landmark_11_x,landmark_11_y,landmark_11_z,landmark_12_x,landmark_12_y,landmark_12_z,landmark_13_x,landmark_13_y,landmark_13_z,landmark_14_x,landmark_14_y,landmark_14_z,landmark_15_x,landmark_15_y,landmark_15_z,landmark_16_x,landmark_16_y,landmark_16_z,landmark_17_x,landmark_17_y,landmark_17_z,landmark_18_x,landmark_18_y,landmark_18_z,landmark_19_x,landmark_19_y,landmark_19_z,landmark_20_x,landmark_20_y,landmark_20_z,class
0.7245838046073914,0.3946774899959564,2.1573253405904325e-08,0.698302149772644,0.39243972301483154,-0.017489196732640266,0.671629011631012,0.3779175281524658,-0.030994024127721786,0.6654036045074463,0.3691967725753784,-0.04374880716204643,0.6810693740844727,0.3686041235923767,-0.05649637430906296,0.6734973788261414,0.30101248621940613,-0.021881677210330963,0.6731209754943848,0.2563002109527588,-0.03802815452218056,0.6753643155097961,0.2274373173713684,-0.04928334057331085,0.676484227180481,0.20256948471069336,-0.0574636347591877,0.7004814147949219,0.2921988070011139,-0.022972315549850464,0.7064535617828369,0.2869132161140442,-0.047560643404722214,0.7084084749221802,0.3298054337501526,-0.05337245762348175,0.7050876021385193,0.35523974895477295,-0.05177544429898262,0.7257944345474243,0.29493483901023865,-0.02574099600315094,0.7318541407585144,0.2956865727901459,-0.04718194901943207,0.7298123836517334,0.3345499336719513,-0.04258359223604202,0.7238379120826721,0.35488051176071167,-0.034025613218545914,0.7472671866416931,0.3058708906173706,-0.030106091871857643,0.7528440952301025,0.3091390132904053,-0.04368305578827858,0.7492401003837585,0.3379521369934082,-0.0385180339217186,0.743489146232605,0.35256242752075195,-0.030797919258475304,si
