landmark_0_x,landmark_0_y,landmark_0_z,landmark_1_x,landmark_1_y,landmark_1_z,landmark_2_x,landmark_2_y,landmark_2_z,landmark_3_x,landmark_3_y,landmark_3_z,landmark_4_x,landmark_4_y,landmark_4_z,landmark_5_x,landmark_5_y,landmark_5_z,landmark_6_x,landmark_6_y,landmark_6_z,landmark_7_x,landmark_7_y,landmark_7_z,landmark_8_x,landmark_8_y,landmark_8_z,landmark_9_x,landmark_9_y,landmark_9_z,landmark_10_x,landmark_10_y,landmark_10_z,landmark_11_x,landmark_11_y,landmark_11_z,landmark_12_x,landmark_12_y,landmark_12_z,landmark_13_x,landmark_13_y,landmark_13_z,landmark_14_x,landmark_14_y,landmark_14_z,landmark_15_x,landmark_15_y,landmark_15_z,landmark_16_x,landmark_16_y,landmark_16_z,landmark_17_x,landmark_17_y,landmark_17_z,landmark_18_x,landmark_18_y,landmark_18_z,landmark_19_x,landmark_19_y,landmark_19_z,landmark_20_x,landmark_20_y,landmark_20_z,class
0.7052093744277954,0.7568134665489197,7.622005426810574e-08,0.6771028637886047,0.7480698227882385,-0.020297663286328316,0.6553084850311279,0.727787971496582,-0.03466128930449486,0.6541001200675964,0.7253848910331726,-0.04797053709626198,0.6585043668746948,0.7302379608154297,-0.061888910830020905,0.6641536951065063,0.6350723505020142,-0.021569229662418365,0.6586669087409973,0.6017109751701355,-0.03606549650430679,0.6570482850074768,0.5780770182609558,-0.04835571348667145,0.6557978987693787,0.5580863952636719,-0.05777498334646225,0.696104109287262,0.6286791563034058,-0.023647228255867958,0.7013634443283081,0.6092825531959534,-0.04433941841125488,0.7003040313720703,0.6371124386787415,-0.0534876212477684,0.6969793438911438,0.6594342589378357,-0.0551484189927578,0.7247394323348999,0.6390092968940735,-0.027734488248825073,0.7311188578605652,0.6324726939201355,-0.04455488920211792,0.7273629307746887,0.6555964350700378,-0.044356465339660645,0.7241241931915283,0.6708458662033081,-0.040139637887477875,0.7488918304443359,0.6599942445755005,-0.03408227115869522,0.7558386325836182,0.6601351499557495,-0.04386678710579872,0.7516152858734131,0.677536129951477,-0.04038381949067116,0.7486897110939026,0.6887086629867554,-0.035107195377349854,si
