landmark_0_x,landmark_0_y,landmark_0_z,landmark_1_x,landmark_1_y,landmark_1_z,landmark_2_x,landmark_2_y,landmark_2_z,landmark_3_x,landmark_3_y,landmark_3_z,landmark_4_x,landmark_4_y,landmark_4_z,landmark_5_x,landmark_5_y,landmark_5_z,landmark_6_x,landmark_6_y,landmark_6_z,landmark_7_x,landmark_7_y,landmark_7_z,landmark_8_x,landmark_8_y,landmark_8_z,landmark_9_x,landmark_9_y,landmark_9_z,landmark_10_x,landmark_10_y,landmark_10_z,landmark_11_x,landmark_11_y,landmark_11_z,landmark_12_x,landmark_12_y,landmark_12_z,landmark_13_x,landmark_13_y,landmark_13_z,landmark_14_x,landmark_14_y,landmark_14_z,landmark_15_x,landmark_15_y,landmark_15_z,landmark_16_x,landmark_16_y,landmark_16_z,landmark_17_x,landmark_17_y,landmark_17_z,landmark_18_x,landmark_18_y,landmark_18_z,landmark_19_x,landmark_19_y,landmark_19_z,landmark_20_x,landmark_20_y,landmark_20_z,class
0.7156379222869873,0.7160632610321045,7.849894956279968e-09,0.6733986139297485,0.7146538496017456,-0.03140614554286003,0.6296083331108093,0.7043227553367615,-0.056951675564050674,0.6162859201431274,0.709210991859436,-0.08125524967908859,0.6352991461753845,0.7149385213851929,-0.10699032247066498,0.6337626576423645,0.5662304162979126,-0.04581756889820099,0.6287349462509155,0.5090028643608093,-0.07718247175216675,0.6267338395118713,0.46388521790504456,-0.10126306116580963,0.627151370048523,0.4209321439266205,-0.11933445930480957,0.6799554228782654,0.5392585396766663,-0.04768775403499603,0.6776500344276428,0.5729945302009583,-0.09137174487113953,0.6704963445663452,0.6504465341567993,-0.10583805292844772,0.6626957654953003,0.6963987350463867,-0.10782759636640549,0.7257547378540039,0.5458727478981018,-0.05206521973013878,0.7239087820053101,0.5928722023963928,-0.09182560443878174,0.7083120346069336,0.6632053256034851,-0.08957843482494354,0.6928354501724243,0.7030492424964905,-0.0790005549788475,0.7640032768249512,0.5713077187538147,-0.0591861866414547,0.7623438835144043,0.6134177446365356,-0.08788831532001495,0.7462508678436279,0.6648331880569458,-0.08467304706573486,0.7309368848800659,0.6921702027320862,-0.07500888407230377,si
