landmark_0_x,landmark_0_y,landmark_0_z,landmark_1_x,landmark_1_y,landmark_1_z,landmark_2_x,landmark_2_y,landmark_2_z,landmark_3_x,landmark_3_y,landmark_3_z,landmark_4_x,landmark_4_y,landmark_4_z,landmark_5_x,landmark_5_y,landmark_5_z,landmark_6_x,landmark_6_y,landmark_6_z,landmark_7_x,landmark_7_y,landmark_7_z,landmark_8_x,landmark_8_y,landmark_8_z,landmark_9_x,landmark_9_y,landmark_9_z,landmark_10_x,landmark_10_y,landmark_10_z,landmark_11_x,landmark_11_y,landmark_11_z,landmark_12_x,landmark_12_y,landmark_12_z,landmark_13_x,landmark_13_y,landmark_13_z,landmark_14_x,landmark_14_y,landmark_14_z,landmark_15_x,landmark_15_y,landmark_15_z,landmark_16_x,landmark_16_y,landmark_16_z,landmark_17_x,landmark_17_y,landmark_17_z,landmark_18_x,landmark_18_y,landmark_18_z,landmark_19_x,landmark_19_y,landmark_19_z,landmark_20_x,landmark_20_y,landmark_20_z,class
0.7200313806533813,0.4090871810913086,1.270172411693693e-08,0.6882543563842773,0.4084435999393463,-0.02435273677110672,0.6587973833084106,0.4044342339038849,-0.04503558203577995,0.6408820152282715,0.404829740524292,-0.06456772238016129,0.6319897770881653,0.40993160009384155,-0.08507303893566132,0.6475407481193542,0.2934328615665436,-0.03700323775410652,0.6381437182426453,0.2530612647533417,-0.06510002166032791,0.6337541341781616,0.2166110724210739,-0.08752833306789398,0.6313573718070984,0.18292619287967682,-0.10317781567573547,0.6830740571022034,0.27014249563217163,-0.039114952087402344,0.6772592663764954,0.2987484633922577,-0.07528067380189896,0.6731326580047607,0.36001574993133545,-0.0878693163394928,0.6697375774383545,0.3979474604129791,-0.08989690244197845,0.7193071842193604,0.27309364080429077,-0.04337054863572121,0.7149433493614197,0.313588947057724,-0.07581472396850586,0.7064509391784668,0.36905187368392944,-0.0734076276421547,0.6992752552032471,0.4014865756034851,-0.06426689773797989,0.751258134841919,0.2899765074253082,-0.049709197133779526,0.7466626763343811,0.3207593262195587,-0.07140126824378967,0.7376254200935364,0.3608488142490387,-0.0667516216635704,0.731662392616272,0.3819594979286194,-0.0575079582631588,si
