landmark_0_x,landmark_0_y,landmark_0_z,landmark_1_x,landmark_1_y,landmark_1_z,landmark_2_x,landmark_2_y,landmark_2_z,landmark_3_x,landmark_3_y,landmark_3_z,landmark_4_x,landmark_4_y,landmark_4_z,landmark_5_x,landmark_5_y,landmark_5_z,landmark_6_x,landmark_6_y,landmark_6_z,landmark_7_x,landmark_7_y,landmark_7_z,landmark_8_x,landmark_8_y,landmark_8_z,landmark_9_x,landmark_9_y,landmark_9_z,landmark_10_x,landmark_10_y,landmark_10_z,landmark_11_x,landmark_11_y,landmark_11_z,landmark_12_x,landmark_12_y,landmark_12_z,landmark_13_x,landmark_13_y,landmark_13_z,landmark_14_x,landmark_14_y,landmark_14_z,landmark_15_x,landmark_15_y,landmark_15_z,landmark_16_x,landmark_16_y,landmark_16_z,landmark_17_x,landmark_17_y,landmark_17_z,landmark_18_x,landmark_18_y,landmark_18_z,landmark_19_x,landmark_19_y,landmark_19_z,landmark_20_x,landmark_20_y,landmark_20_z,class
0.803924560546875,0.6685073375701904,5.924254509181992e-08,0.7828971743583679,0.6654002666473389,-0.019634466618299484,0.7584390640258789,0.6554251313209534,-0.035477206110954285,0.7510102391242981,0.6520857214927673,-0.05050430819392204,0.7621045708656311,0.6483848690986633,-0.06559356302022934,0.7628322839736938,0.5750284194946289,-0.029540201649069786,0.7647759318351746,0.5269737243652344,-0.04962526261806488,0.7697862982749939,0.4958207607269287,-0.062831349670887,0.7748249769210815,0.46741196513175964,-0.07207397371530533,0.7905524969100952,0.5695977210998535,-0.030680570751428604,0.7998363375663757,0.5691397786140442,-0.059745609760284424,0.7979393601417542,0.6113886833190918,-0.06694039702415466,0.7934556007385254,0.6347166895866394,-0.06610572338104248,0.8156020641326904,0.5766875147819519,-0.03357367590069771,0.8233857154846191,0.5882895588874817,-0.05797269940376282,0.8173424005508423,0.624505341053009,-0.0537530891597271,0.8100414276123047,0.6411595344543457,-0.04549366980791092,0.836714506149292,0.5909299254417419,-0.038316503167152405,0.8436896800994873,0.6048305630683899,-0.05355241894721985,0.83518385887146,0.6333823800086975,-0.049317531287670135,0.8263849020004272,0.6450716853141785,-0.04227619990706444,si
