landmark_0_x,landmark_0_y,landmark_0_z,landmark_1_x,landmark_1_y,landmark_1_z,landmark_2_x,landmark_2_y,landmark_2_z,landmark_3_x,landmark_3_y,landmark_3_z,landmark_4_x,landmark_4_y,landmark_4_z,landmark_5_x,landmark_5_y,landmark_5_z,landmark_6_x,landmark_6_y,landmark_6_z,landmark_7_x,landmark_7_y,landmark_7_z,landmark_8_x,landmark_8_y,landmark_8_z,landmark_9_x,landmark_9_y,landmark_9_z,landmark_10_x,landmark_10_y,landmark_10_z,landmark_11_x,landmark_11_y,landmark_11_z,landmark_12_x,landmark_12_y,landmark_12_z,landmark_13_x,landmark_13_y,landmark_13_z,landmark_14_x,landmark_14_y,landmark_14_z,landmark_15_x,landmark_15_y,landmark_15_z,landmark_16_x,landmark_16_y,landmark_16_z,landmark_17_x,landmark_17_y,landmark_17_z,landmark_18_x,landmark_18_y,landmark_18_z,landmark_19_x,landmark_19_y,landmark_19_z,landmark_20_x,landmark_20_y,landmark_20_z,class
0.8914834856987,0.40966659784317017,-4.593216829107405e-08,0.8633213043212891,0.3916078209877014,-0.023516573011875153,0.841461181640625,0.36183059215545654,-0.04214327409863472,0.8518496155738831,0.34947431087493896,-0.05960576608777046,0.8725115656852722,0.3474351167678833,-0.07616624981164932,0.862575352191925,0.26157814264297485,-0.03361782059073448,0.8670742511749268,0.2031528651714325,-0.055753953754901886,0.874566376209259,0.1653013825416565,-0.06939719617366791,0.8832952976226807,0.1312771439552307,-0.0793246328830719,0.895286500453949,0.2584281265735626,-0.03367093950510025,0.9119064807891846,0.2716440260410309,-0.06736984103918076,0.9023274183273315,0.32675474882125854,-0.07400930672883987,0.8918527960777283,0.3543282449245453,-0.07141018658876419,0.9227023720741272,0.2726145088672638,-0.036034371703863144,0.931755781173706,0.30168822407722473,-0.06240716576576233,0.918271541595459,0.34225893020629883,-0.05776212736964226,0.9067346453666687,0.35407790541648865,-0.048835840076208115,0.9452964067459106,0.2947324514389038,-0.0410769023001194,0.9523816108703613,0.31938713788986206,-0.056754373013973236,0.936543345451355,0.34862658381462097,-0.053897932171821594,0.9218186140060425,0.3541128933429718,-0.047806981950998306,si
