landmark_0_x,landmark_0_y,landmark_0_z,landmark_1_x,landmark_1_y,landmark_1_z,landmark_2_x,landmark_2_y,landmark_2_z,landmark_3_x,landmark_3_y,landmark_3_z,landmark_4_x,landmark_4_y,landmark_4_z,landmark_5_x,landmark_5_y,landmark_5_z,landmark_6_x,landmark_6_y,landmark_6_z,landmark_7_x,landmark_7_y,landmark_7_z,landmark_8_x,landmark_8_y,landmark_8_z,landmark_9_x,landmark_9_y,landmark_9_z,landmark_10_x,landmark_10_y,landmark_10_z,landmark_11_x,landmark_11_y,landmark_11_z,landmark_12_x,landmark_12_y,landmark_12_z,landmark_13_x,landmark_13_y,landmark_13_z,landmark_14_x,landmark_14_y,landmark_14_z,landmark_15_x,landmark_15_y,landmark_15_z,landmark_16_x,landmark_16_y,landmark_16_z,landmark_17_x,landmark_17_y,landmark_17_z,landmark_18_x,landmark_18_y,landmark_18_z,landmark_19_x,landmark_19_y,landmark_19_z,landmark_20_x,landmark_20_y,landmark_20_z,class
0.7690693140029907,0.37074291706085205,1.275263628031098e-07,0.7244341373443604,0.35890820622444153,-0.026705434545874596,0.6863195896148682,0.33872342109680176,-0.05547735467553139,0.6776318550109863,0.34146684408187866,-0.08186139166355133,0.7027018666267395,0.3563831150531769,-0.11063624173402786,0.7082733511924744,0.23485828936100006,-0.056608036160469055,0.70086270570755,0.16925880312919617,-0.0862010046839714,0.7019944787025452,0.12392447888851166,-0.1062665581703186,0.7082439661026001,0.0872022956609726,-0.1198088526725769,0.7556498050689697,0.23543699085712433,-0.057511210441589355,0.744617223739624,0.20496466755867004,-0.09656234830617905,0.7344775199890137,0.2707288861274719,-0.10336291790008545,0.7326477766036987,0.3256247341632843,-0.09943068027496338,0.7974950075149536,0.2489587664604187,-0.05934467911720276,0.7840213775634766,0.23485904932022095,-0.08967659622430801,0.770215630531311,0.2908661961555481,-0.07985737919807434,0.7650952935218811,0.33611810207366943,-0.06526921689510345,0.8327882885932922,0.26822060346603394,-0.0627211481332779,0.8220844268798828,0.24599194526672363,-0.07929600775241852,0.8072211146354675,0.28714078664779663,-0.06705522537231445,0.8028325438499451,0.3191722631454468,-0.0529678538441658,si
