landmark_0_x,landmark_0_y,landmark_0_z,landmark_1_x,landmark_1_y,landmark_1_z,landmark_2_x,landmark_2_y,landmark_2_z,landmark_3_x,landmark_3_y,landmark_3_z,landmark_4_x,landmark_4_y,landmark_4_z,landmark_5_x,landmark_5_y,landmark_5_z,landmark_6_x,landmark_6_y,landmark_6_z,landmark_7_x,landmark_7_y,landmark_7_z,landmark_8_x,landmark_8_y,landmark_8_z,landmark_9_x,landmark_9_y,landmark_9_z,landmark_10_x,landmark_10_y,landmark_10_z,landmark_11_x,landmark_11_y,landmark_11_z,landmark_12_x,landmark_12_y,landmark_12_z,landmark_13_x,landmark_13_y,landmark_13_z,landmark_14_x,landmark_14_y,landmark_14_z,landmark_15_x,landmark_15_y,landmark_15_z,landmark_16_x,landmark_16_y,landmark_16_z,landmark_17_x,landmark_17_y,landmark_17_z,landmark_18_x,landmark_18_y,landmark_18_z,landmark_19_x,landmark_19_y,landmark_19_z,landmark_20_x,landmark_20_y,landmark_20_z,class
0.8365439176559448,0.35867878794670105,-1.142428640577009e-08,0.8130185604095459,0.34001338481903076,-0.018354374915361404,0.7972902655601501,0.3183385729789734,-0.03307464346289635,0.8066018223762512,0.3085165321826935,-0.04587997496128082,0.8269040584564209,0.3115026652812958,-0.057392418384552,0.8236351013183594,0.26362672448158264,-0.025053055956959724,0.8341711163520813,0.24389082193374634,-0.04167218133807182,0.8326212763786316,0.25535306334495544,-0.05276104062795639,0.8277643322944641,0.2689988315105438,-0.05896156281232834,0.8450121283531189,0.2624686360359192,-0.02301511913537979,0.8489287495613098,0.2481742799282074,-0.038894981145858765,0.8445184826850891,0.27081891894340515,-0.04505966976284981,0.8390241861343384,0.2897561490535736,-0.04686891287565231,0.8619154691696167,0.2685161232948303,-0.022585256025195122,0.8645738959312439,0.2619739770889282,-0.035356998443603516,0.8590784072875977,0.2860194742679596,-0.03388671204447746,0.8527700901031494,0.3042505085468292,-0.030320225283503532,0.8748804330825806,0.2791345417499542,-0.023886900395154953,0.8754453659057617,0.27785035967826843,-0.03259122371673584,0.8703647255897522,0.2949301600456238,-0.030461207032203674,0.8659250736236572,0.3072381615638733,-0.026472318917512894,si
