landmark_0_x,landmark_0_y,landmark_0_z,landmark_1_x,landmark_1_y,landmark_1_z,landmark_2_x,landmark_2_y,landmark_2_z,landmark_3_x,landmark_3_y,landmark_3_z,landmark_4_x,landmark_4_y,landmark_4_z,landmark_5_x,landmark_5_y,landmark_5_z,landmark_6_x,landmark_6_y,landmark_6_z,landmark_7_x,landmark_7_y,landmark_7_z,landmark_8_x,landmark_8_y,landmark_8_z,landmark_9_x,landmark_9_y,landmark_9_z,landmark_10_x,landmark_10_y,landmark_10_z,landmark_11_x,landmark_11_y,landmark_11_z,landmark_12_x,landmark_12_y,landmark_12_z,landmark_13_x,landmark_13_y,landmark_13_z,landmark_14_x,landmark_14_y,landmark_14_z,landmark_15_x,landmark_15_y,landmark_15_z,landmark_16_x,landmark_16_y,landmark_16_z,landmark_17_x,landmark_17_y,landmark_17_z,landmark_18_x,landmark_18_y,landmark_18_z,landmark_19_x,landmark_19_y,landmark_19_z,landmark_20_x,landmark_20_y,landmark_20_z,class
0.6894063353538513,0.6313862800598145,-6.01323222326755e-08,0.6505522131919861,0.6296280026435852,-0.04134868085384369,0.6068323254585266,0.6272631287574768,-0.07844842970371246,0.5924345850944519,0.6601743102073669,-0.11309299618005753,0.6017096042633057,0.7014461755752563,-0.15010328590869904,0.6122979521751404,0.48666083812713623,-0.07411281764507294,0.6041934490203857,0.4590805470943451,-0.123174287378788,0.5969882607460022,0.4265572726726532,-0.16006243228912354,0.5931053161621094,0.3968687057495117,-0.18711119890213013,0.6711254119873047,0.4552654027938843,-0.07884343713521957,0.6682904958724976,0.5461083650588989,-0.1376950889825821,0.6552319526672363,0.6418378353118896,-0.15338151156902313,0.648942232131958,0.684476375579834,-0.1564234495162964,0.7253652215003967,0.47551506757736206,-0.08759106695652008,0.7234197854995728,0.5765646696090698,-0.13873791694641113,0.6971799731254578,0.6526380777359009,-0.13143333792686462,0.6799029111862183,0.6814330816268921,-0.11835672706365585,0.7682409286499023,0.518375039100647,-0.10081445425748825,0.7646701335906982,0.6074401140213013,-0.1413092464208603,0.7397841811180115,0.6628866791725159,-0.13881778717041016,0.723034143447876,0.6811244487762451,-0.1296137273311615,si
