landmark_0_x,landmark_0_y,landmark_0_z,landmark_1_x,landmark_1_y,landmark_1_z,landmark_2_x,landmark_2_y,landmark_2_z,landmark_3_x,landmark_3_y,landmark_3_z,landmark_4_x,landmark_4_y,landmark_4_z,landmark_5_x,landmark_5_y,landmark_5_z,landmark_6_x,landmark_6_y,landmark_6_z,landmark_7_x,landmark_7_y,landmark_7_z,landmark_8_x,landmark_8_y,landmark_8_z,landmark_9_x,landmark_9_y,landmark_9_z,landmark_10_x,landmark_10_y,landmark_10_z,landmark_11_x,landmark_11_y,landmark_11_z,landmark_12_x,landmark_12_y,landmark_12_z,landmark_13_x,landmark_13_y,landmark_13_z,landmark_14_x,landmark_14_y,landmark_14_z,landmark_15_x,landmark_15_y,landmark_15_z,landmark_16_x,landmark_16_y,landmark_16_z,landmark_17_x,landmark_17_y,landmark_17_z,landmark_18_x,landmark_18_y,landmark_18_z,landmark_19_x,landmark_19_y,landmark_19_z,landmark_20_x,landmark_20_y,landmark_20_z,class
0.719461977481842,0.36287742853164673,2.2442570468683698e-08,0.6934598684310913,0.35921233892440796,-0.01824868470430374,0.6698662638664246,0.3439750671386719,-0.03224586695432663,0.6671878695487976,0.3318367600440979,-0.04557456448674202,0.6847387552261353,0.3275608718395233,-0.05860427767038345,0.677939236164093,0.26008009910583496,-0.01977398991584778,0.676189661026001,0.21657566726207733,-0.03479243442416191,0.6779142022132874,0.1891499161720276,-0.04494037851691246,0.6799057126045227,0.16486676037311554,-0.05251583829522133,0.7036564350128174,0.2575538754463196,-0.0206136517226696,0.7079195380210876,0.24472874402999878,-0.0447675995528698,0.707270622253418,0.2872231900691986,-0.05050570145249367,0.7037443518638611,0.3182281255722046,-0.048614196479320526,0.727415144443512,0.2658708393573761,-0.02351563051342964,0.7312843203544617,0.259687215089798,-0.0455123595893383,0.7254916429519653,0.2988399267196655,-0.04222414642572403,0.7185296416282654,0.32456740736961365,-0.034063491970300674,0.7485972046852112,0.281683087348938,-0.02792522870004177,0.7497360110282898,0.2777782678604126,-0.04192718118429184,0.7424079179763794,0.30589014291763306,-0.03824298083782196,0.7346706986427307,0.3236368000507355,-0.0316501222550869,si
