landmark_0_x,landmark_0_y,landmark_0_z,landmark_1_x,landmark_1_y,landmark_1_z,landmark_2_x,landmark_2_y,landmark_2_z,landmark_3_x,landmark_3_y,landmark_3_z,landmark_4_x,landmark_4_y,landmark_4_z,landmark_5_x,landmark_5_y,landmark_5_z,landmark_6_x,landmark_6_y,landmark_6_z,landmark_7_x,landmark_7_y,landmark_7_z,landmark_8_x,landmark_8_y,landmark_8_z,landmark_9_x,landmark_9_y,landmark_9_z,landmark_10_x,landmark_10_y,landmark_10_z,landmark_11_x,landmark_11_y,landmark_11_z,landmark_12_x,landmark_12_y,landmark_12_z,landmark_13_x,landmark_13_y,landmark_13_z,landmark_14_x,landmark_14_y,landmark_14_z,landmark_15_x,landmark_15_y,landmark_15_z,landmark_16_x,landmark_16_y,landmark_16_z,landmark_17_x,landmark_17_y,landmark_17_z,landmark_18_x,landmark_18_y,landmark_18_z,landmark_19_x,landmark_19_y,landmark_19_z,landmark_20_x,landmark_20_y,landmark_20_z,class
0.8631567358970642,0.39541488885879517,3.487950150926622e-09,0.8427921533584595,0.3817320168018341,-0.0176747664809227,0.8288769721984863,0.358037531375885,-0.031683631241321564,0.8368718028068542,0.345150887966156,-0.04479604586958885,0.8520397543907166,0.3455711007118225,-0.0573219433426857,0.846672773361206,0.2897458076477051,-0.023357734084129333,0.850124180316925,0.2461796998977661,-0.040274959057569504,0.854681134223938,0.2195475697517395,-0.05054781585931778,0.8588520884513855,0.19537439942359924,-0.05772749334573746,0.8679037690162659,0.29136180877685547,-0.02390715293586254,0.8768177032470703,0.2833523452281952,-0.048131175339221954,0.8702146410942078,0.32327568531036377,-0.05180230736732483,0.8635290265083313,0.340940922498703,-0.0489279106259346,0.885972797870636,0.3019886016845703,-0.02647959254682064,0.8934370875358582,0.30550283193588257,-0.04671122878789902,0.883547842502594,0.3370198607444763,-0.041642215102910995,0.8747305870056152,0.34621912240982056,-0.033599499613046646,0.9012954235076904,0.31888702511787415,-0.03089475817978382,0.9076188802719116,0.32076483964920044,-0.0426095649600029,0.8975880742073059,0.34277623891830444,-0.03824963793158531,0.8878053426742554,0.3483525216579437,-0.032201528549194336,si
