landmark_0_x,landmark_0_y,landmark_0_z,landmark_1_x,landmark_1_y,landmark_1_z,landmark_2_x,landmark_2_y,landmark_2_z,landmark_3_x,landmark_3_y,landmark_3_z,landmark_4_x,landmark_4_y,landmark_4_z,landmark_5_x,landmark_5_y,landmark_5_z,landmark_6_x,landmark_6_y,landmark_6_z,landmark_7_x,landmark_7_y,landmark_7_z,landmark_8_x,landmark_8_y,landmark_8_z,landmark_9_x,landmark_9_y,landmark_9_z,landmark_10_x,landmark_10_y,landmark_10_z,landmark_11_x,landmark_11_y,landmark_11_z,landmark_12_x,landmark_12_y,landmark_12_z,landmark_13_x,landmark_13_y,landmark_13_z,landmark_14_x,landmark_14_y,landmark_14_z,landmark_15_x,landmark_15_y,landmark_15_z,landmark_16_x,landmark_16_y,landmark_16_z,landmark_17_x,landmark_17_y,landmark_17_z,landmark_18_x,landmark_18_y,landmark_18_z,landmark_19_x,landmark_19_y,landmark_19_z,landmark_20_x,landmark_20_y,landmark_20_z,class
0.7985084652900696,0.7983402609825134,7.530802292876615e-08,0.7762954831123352,0.7862887978553772,-0.016793448477983475,0.7627271413803101,0.7645289301872253,-0.029031919315457344,0.7691090703010559,0.7563841938972473,-0.04048105701804161,0.7846860885620117,0.754814088344574,-0.05180969089269638,0.7703938484191895,0.7128781676292419,-0.020182209089398384,0.7732527256011963,0.6750522255897522,-0.03577606379985809,0.7783035039901733,0.6478792428970337,-0.0466216541826725,0.7829491496086121,0.6249004006385803,-0.05426570028066635,0.7896389961242676,0.7130545377731323,-0.020390592515468597,0.7926127910614014,0.6972977519035339,-0.04217499494552612,0.791356086730957,0.7239398956298828,-0.04821169748902321,0.7897036075592041,0.7427383661270142,-0.04776832461357117,0.8068925738334656,0.7194655537605286,-0.022615982219576836,0.8097149133682251,0.7135265469551086,-0.04136337339878082,0.8041361570358276,0.7413511872291565,-0.03899111598730087,0.7991657257080078,0.756318986415863,-0.032895490527153015,0.821761429309845,0.7305830121040344,-0.0264730267226696,0.8240345120429993,0.7265207171440125,-0.037864044308662415,0.8168638944625854,0.7466641068458557,-0.03534388914704323,0.8110622763633728,0.7571350336074829,-0.030938144773244858,si
