landmark_0_x,landmark_0_y,landmark_0_z,landmark_1_x,landmark_1_y,landmark_1_z,landmark_2_x,landmark_2_y,landmark_2_z,landmark_3_x,landmark_3_y,landmark_3_z,landmark_4_x,landmark_4_y,landmark_4_z,landmark_5_x,landmark_5_y,landmark_5_z,landmark_6_x,landmark_6_y,landmark_6_z,landmark_7_x,landmark_7_y,landmark_7_z,landmark_8_x,landmark_8_y,landmark_8_z,landmark_9_x,landmark_9_y,landmark_9_z,landmark_10_x,landmark_10_y,landmark_10_z,landmark_11_x,landmark_11_y,landmark_11_z,landmark_12_x,landmark_12_y,landmark_12_z,landmark_13_x,landmark_13_y,landmark_13_z,landmark_14_x,landmark_14_y,landmark_14_z,landmark_15_x,landmark_15_y,landmark_15_z,landmark_16_x,landmark_16_y,landmark_16_z,landmark_17_x,landmark_17_y,landmark_17_z,landmark_18_x,landmark_18_y,landmark_18_z,landmark_19_x,landmark_19_y,landmark_19_z,landmark_20_x,landmark_20_y,landmark_20_z,class
0.7708078622817993,0.39000773429870605,1.7732234880440956e-07,0.7377389669418335,0.39081627130508423,-0.03960123658180237,0.7038094997406006,0.3853282630443573,-0.07333527505397797,0.6945410966873169,0.38839709758758545,-0.10295702517032623,0.7155604958534241,0.40125834941864014,-0.13394109904766083,0.7142156958580017,0.2752522826194763,-0.07119638472795486,0.7152698040008545,0.22577017545700073,-0.11397372931241989,0.7224662899971008,0.1855582445859909,-0.14483016729354858,0.7310960292816162,0.15019774436950684,-0.16527892649173737,0.7560614943504333,0.25459372997283936,-0.06929536908864975,0.7578242421150208,0.28627192974090576,-0.11859027296304703,0.7544988393783569,0.35641855001449585,-0.13004159927368164,0.7503629922866821,0.38950055837631226,-0.12969788908958435,0.7956097722053528,0.2610011398792267,-0.07033689320087433,0.798271656036377,0.30552902817726135,-0.11295683681964874,0.7884294986724854,0.36340010166168213,-0.10491940379142761,0.777805745601654,0.3901587724685669,-0.0908321812748909,0.8272461891174316,0.2810264527797699,-0.07494871318340302,0.8302675485610962,0.3188542127609253,-0.1061164140701294,0.8179179430007935,0.36337724328041077,-0.0996687263250351,0.8059859871864319,0.3835105001926422,-0.08740679174661636,si
