landmark_0_x,landmark_0_y,landmark_0_z,landmark_1_x,landmark_1_y,landmark_1_z,landmark_2_x,landmark_2_y,landmark_2_z,landmark_3_x,landmark_3_y,landmark_3_z,landmark_4_x,landmark_4_y,landmark_4_z,landmark_5_x,landmark_5_y,landmark_5_z,landmark_6_x,landmark_6_y,landmark_6_z,landmark_7_x,landmark_7_y,landmark_7_z,landmark_8_x,landmark_8_y,landmark_8_z,landmark_9_x,landmark_9_y,landmark_9_z,landmark_10_x,landmark_10_y,landmark_10_z,landmark_11_x,landmark_11_y,landmark_11_z,landmark_12_x,landmark_12_y,landmark_12_z,landmark_13_x,landmark_13_y,landmark_13_z,landmark_14_x,landmark_14_y,landmark_14_z,landmark_15_x,landmark_15_y,landmark_15_z,landmark_16_x,landmark_16_y,landmark_16_z,landmark_17_x,landmark_17_y,landmark_17_z,landmark_18_x,landmark_18_y,landmark_18_z,landmark_19_x,landmark_19_y,landmark_19_z,landmark_20_x,landmark_20_y,landmark_20_z,class
0.7107905745506287,0.7909403443336487,1.9994246258647763e-09,0.6655218005180359,0.7712967991828918,-0.033581770956516266,0.6225994825363159,0.7524900436401367,-0.06385228037834167,0.6047899127006531,0.7604100108146667,-0.09283675253391266,0.6191934943199158,0.7791093587875366,-0.1239362433552742,0.6508423686027527,0.613750696182251,-0.057356130331754684,0.6544842720031738,0.553412675857544,-0.09673767536878586,0.6609334945678711,0.5046867728233337,-0.12849928438663483,0.668685257434845,0.45826050639152527,-0.1521458625793457,0.7074933648109436,0.5989220142364502,-0.060500383377075195,0.6928418874740601,0.6486374735832214,-0.11041582375764847,0.6681662797927856,0.7286056280136108,-0.12724514305591583,0.648442804813385,0.7773353457450867,-0.13134317100048065,0.7554914951324463,0.623486340045929,-0.06623212993144989,0.7383925914764404,0.6879253387451172,-0.10871396958827972,0.7042989134788513,0.753591001033783,-0.10631053894758224,0.6751316785812378,0.7949740886688232,-0.09618920087814331,0.789863109588623,0.6666689515113831,-0.07527631521224976,0.7717894911766052,0.7233903408050537,-0.10686136037111282,0.7390007376670837,0.76889967918396,-0.10473927110433578,0.7118532061576843,0.79493647813797,-0.09580530226230621,si
