landmark_0_x,landmark_0_y,landmark_0_z,landmark_1_x,landmark_1_y,landmark_1_z,landmark_2_x,landmark_2_y,landmark_2_z,landmark_3_x,landmark_3_y,landmark_3_z,landmark_4_x,landmark_4_y,landmark_4_z,landmark_5_x,landmark_5_y,landmark_5_z,landmark_6_x,landmark_6_y,landmark_6_z,landmark_7_x,landmark_7_y,landmark_7_z,landmark_8_x,landmark_8_y,landmark_8_z,landmark_9_x,landmark_9_y,landmark_9_z,landmark_10_x,landmark_10_y,landmark_10_z,landmark_11_x,landmark_11_y,landmark_11_z,landmark_12_x,landmark_12_y,landmark_12_z,landmark_13_x,landmark_13_y,landmark_13_z,landmark_14_x,landmark_14_y,landmark_14_z,landmark_15_x,landmark_15_y,landmark_15_z,landmark_16_x,landmark_16_y,landmark_16_z,landmark_17_x,landmark_17_y,landmark_17_z,landmark_18_x,landmark_18_y,landmark_18_z,landmark_19_x,landmark_19_y,landmark_19_z,landmark_20_x,landmark_20_y,landmark_20_z,class
0.698052167892456,0.6303964257240295,-4.5429622730353e-08,0.6676043272018433,0.6299490332603455,-0.024574140086770058,0.6363509893417358,0.6256839036941528,-0.045165054500103,0.6203057765960693,0.6298171281814575,-0.06447608023881912,0.627549946308136,0.6302399039268494,-0.08482703566551208,0.6343586444854736,0.5185188055038452,-0.03828197345137596,0.629117488861084,0.479099839925766,-0.06423316150903702,0.6255673766136169,0.4465642273426056,-0.08378977328538895,0.6234961748123169,0.4159219264984131,-0.09809453040361404,0.6718924641609192,0.4952508509159088,-0.039861489087343216,0.665871262550354,0.528136134147644,-0.07354272156953812,0.6607382297515869,0.5904663801193237,-0.08371990919113159,0.6557724475860596,0.6248194575309753,-0.08477921038866043,0.7083496451377869,0.5009101033210754,-0.043476175516843796,0.7022202014923096,0.5473734140396118,-0.073570117354393,0.6913002133369446,0.6002199649810791,-0.07053452730178833,0.6816561222076416,0.6281624436378479,-0.06188461557030678,0.738530695438385,0.522083580493927,-0.04929540306329727,0.7324850559234619,0.5603600144386292,-0.07038136571645737,0.7202045917510986,0.5984013080596924,-0.06699442863464355,0.7100012898445129,0.6184295415878296,-0.05920438840985298,si
