landmark_0_x,landmark_0_y,landmark_0_z,landmark_1_x,landmark_1_y,landmark_1_z,landmark_2_x,landmark_2_y,landmark_2_z,landmark_3_x,landmark_3_y,landmark_3_z,landmark_4_x,landmark_4_y,landmark_4_z,landmark_5_x,landmark_5_y,landmark_5_z,landmark_6_x,landmark_6_y,landmark_6_z,landmark_7_x,landmark_7_y,landmark_7_z,landmark_8_x,landmark_8_y,landmark_8_z,landmark_9_x,landmark_9_y,landmark_9_z,landmark_10_x,landmark_10_y,landmark_10_z,landmark_11_x,landmark_11_y,landmark_11_z,landmark_12_x,landmark_12_y,landmark_12_z,landmark_13_x,landmark_13_y,landmark_13_z,landmark_14_x,landmark_14_y,landmark_14_z,landmark_15_x,landmark_15_y,landmark_15_z,landmark_16_x,landmark_16_y,landmark_16_z,landmark_17_x,landmark_17_y,landmark_17_z,landmark_18_x,landmark_18_y,landmark_18_z,landmark_19_x,landmark_19_y,landmark_19_z,landmark_20_x,landmark_20_y,landmark_20_z,class
0.7709155678749084,0.7872377038002014,-1.7453029244052232e-08,0.7480489015579224,0.779738187789917,-0.014200333505868912,0.7302837371826172,0.7645013332366943,-0.025874152779579163,0.7354633808135986,0.7597768306732178,-0.03691309317946434,0.7517741918563843,0.7587379217147827,-0.04777523875236511,0.7394607663154602,0.7045777440071106,-0.022780494764447212,0.740384578704834,0.6666980385780334,-0.03814484179019928,0.7444088459014893,0.6422568559646606,-0.04855302721261978,0.7480084300041199,0.6191183924674988,-0.05614587292075157,0.7606990337371826,0.7023905515670776,-0.02385528013110161,0.7667175531387329,0.7047581076622009,-0.04450748488306999,0.7647374272346497,0.7354009747505188,-0.049465976655483246,0.7609907388687134,0.7476557493209839,-0.04932834208011627,0.7793828845024109,0.709653377532959,-0.02626369521021843,0.7841435670852661,0.7193450331687927,-0.04372432827949524,0.7795994877815247,0.7463355660438538,-0.040439117699861526,0.7756732702255249,0.7540549635887146,-0.034589506685733795,0.7956019639968872,0.7212886810302734,-0.030118359252810478,0.7986809015274048,0.7284577488899231,-0.04084628075361252,0.7928481101989746,0.7505102753639221,-0.037241850048303604,0.7881062030792236,0.7580717206001282,-0.03195367753505707,si
