landmark_0_x,landmark_0_y,landmark_0_z,landmark_1_x,landmark_1_y,landmark_1_z,landmark_2_x,landmark_2_y,landmark_2_z,landmark_3_x,landmark_3_y,landmark_3_z,landmark_4_x,landmark_4_y,landmark_4_z,landmark_5_x,landmark_5_y,landmark_5_z,landmark_6_x,landmark_6_y,landmark_6_z,landmark_7_x,landmark_7_y,landmark_7_z,landmark_8_x,landmark_8_y,landmark_8_z,landmark_9_x,landmark_9_y,landmark_9_z,landmark_10_x,landmark_10_y,landmark_10_z,landmark_11_x,landmark_11_y,landmark_11_z,landmark_12_x,landmark_12_y,landmark_12_z,landmark_13_x,landmark_13_y,landmark_13_z,landmark_14_x,landmark_14_y,landmark_14_z,landmark_15_x,landmark_15_y,landmark_15_z,landmark_16_x,landmark_16_y,landmark_16_z,landmark_17_x,landmark_17_y,landmark_17_z,landmark_18_x,landmark_18_y,landmark_18_z,landmark_19_x,landmark_19_y,landmark_19_z,landmark_20_x,landmark_20_y,landmark_20_z,class
0.7880397439002991,0.7933582067489624,-4.661505403902311e-09,0.7662196159362793,0.7819823622703552,-0.01311899721622467,0.7512072920799255,0.7629742622375488,-0.02505280263721943,0.7600113153457642,0.7617936134338379,-0.03697039186954498,0.7768115997314453,0.7653095722198486,-0.04919077828526497,0.7609784603118896,0.7059308886528015,-0.01981319487094879,0.7633535861968994,0.6712572574615479,-0.03441895171999931,0.7680892944335938,0.6460058689117432,-0.04455709829926491,0.7722181677818298,0.6234851479530334,-0.05185769498348236,0.7815043926239014,0.7030823230743408,-0.021722780540585518,0.7878006100654602,0.7095506191253662,-0.0423295795917511,0.7852330207824707,0.7425419092178345,-0.04793642833828926,0.7812628149986267,0.7560572624206543,-0.048033520579338074,0.800079882144928,0.7101647257804871,-0.02501010149717331,0.8056198358535767,0.7191630005836487,-0.04215028136968613,0.8002288341522217,0.7472695112228394,-0.03939935937523842,0.7944118976593018,0.7558260560035706,-0.033920858055353165,0.8161793351173401,0.7221445441246033,-0.029614005237817764,0.8190596103668213,0.7262770533561707,-0.03942035883665085,0.8132480382919312,0.747870147228241,-0.03540215641260147,0.8079063296318054,0.7549614310264587,-0.0300542414188385,si
