landmark_0_x,landmark_0_y,landmark_0_z,landmark_1_x,landmark_1_y,landmark_1_z,landmark_2_x,landmark_2_y,landmark_2_z,landmark_3_x,landmark_3_y,landmark_3_z,landmark_4_x,landmark_4_y,landmark_4_z,landmark_5_x,landmark_5_y,landmark_5_z,landmark_6_x,landmark_6_y,landmark_6_z,landmark_7_x,landmark_7_y,landmark_7_z,landmark_8_x,landmark_8_y,landmark_8_z,landmark_9_x,landmark_9_y,landmark_9_z,landmark_10_x,landmark_10_y,landmark_10_z,landmark_11_x,landmark_11_y,landmark_11_z,landmark_12_x,landmark_12_y,landmark_12_z,landmark_13_x,landmark_13_y,landmark_13_z,landmark_14_x,landmark_14_y,landmark_14_z,landmark_15_x,landmark_15_y,landmark_15_z,landmark_16_x,landmark_16_y,landmark_16_z,landmark_17_x,landmark_17_y,landmark_17_z,landmark_18_x,landmark_18_y,landmark_18_z,landmark_19_x,landmark_19_y,landmark_19_z,landmark_20_x,landmark_20_y,landmark_20_z,class
0.6630013585090637,0.766435980796814,-8.422524899742712e-09,0.6449148058891296,0.7695109248161316,-0.012233889661729336,0.6235771775245667,0.7665194869041443,-0.02392709255218506,0.611387312412262,0.7696420550346375,-0.03544623777270317,0.6013941168785095,0.778188943862915,-0.047654591500759125,0.6220602989196777,0.7034226655960083,-0.019189372658729553,0.6118526458740234,0.6780977249145508,-0.03230605274438858,0.6049535870552063,0.6592088341712952,-0.041459228843450546,0.6008943319320679,0.6436423063278198,-0.04833921790122986,0.6418061256408691,0.6928378939628601,-0.022076796740293503,0.6315333247184753,0.7034097909927368,-0.037976834923028946,0.629657506942749,0.732912540435791,-0.04098895937204361,0.6325007081031799,0.7428563833236694,-0.04079137369990349,0.6613276600837708,0.696678102016449,-0.02644474431872368,0.651546061038971,0.7124108076095581,-0.04047137126326561,0.6494361758232117,0.7389951944351196,-0.03551173582673073,0.652485728263855,0.745089590549469,-0.030154075473546982,0.6807581186294556,0.7073344588279724,-0.03214353322982788,0.6710583567619324,0.7216287851333618,-0.04105270653963089,0.6687608361244202,0.7403774857521057,-0.03618280589580536,0.6718597412109375,0.7439672350883484,-0.031018303707242012,si
