landmark_0_x,landmark_0_y,landmark_0_z,landmark_1_x,landmark_1_y,landmark_1_z,landmark_2_x,landmark_2_y,landmark_2_z,landmark_3_x,landmark_3_y,landmark_3_z,landmark_4_x,landmark_4_y,landmark_4_z,landmark_5_x,landmark_5_y,landmark_5_z,landmark_6_x,landmark_6_y,landmark_6_z,landmark_7_x,landmark_7_y,landmark_7_z,landmark_8_x,landmark_8_y,landmark_8_z,landmark_9_x,landmark_9_y,landmark_9_z,landmark_10_x,landmark_10_y,landmark_10_z,landmark_11_x,landmark_11_y,landmark_11_z,landmark_12_x,landmark_12_y,landmark_12_z,landmark_13_x,landmark_13_y,landmark_13_z,landmark_14_x,landmark_14_y,landmark_14_z,landmark_15_x,landmark_15_y,landmark_15_z,landmark_16_x,landmark_16_y,landmark_16_z,landmark_17_x,landmark_17_y,landmark_17_z,landmark_18_x,landmark_18_y,landmark_18_z,landmark_19_x,landmark_19_y,landmark_19_z,landmark_20_x,landmark_20_y,landmark_20_z,class
0.8616159558296204,0.7391339540481567,6.451683987052093e-08,0.8373081684112549,0.7239153385162354,-0.011381646618247032,0.8206672072410583,0.7058716416358948,-0.022065214812755585,0.8237398862838745,0.6979013085365295,-0.03360100835561752,0.8351259231567383,0.6952810883522034,-0.045422639697790146,0.8256824016571045,0.651244044303894,-0.014439661987125874,0.8207776546478271,0.6119057536125183,-0.029133455827832222,0.8199166655540466,0.5866178870201111,-0.03942729905247688,0.8196050524711609,0.5631425380706787,-0.04680809751152992,0.8473802208900452,0.6511876583099365,-0.01779833436012268,0.8470834493637085,0.6297887563705444,-0.04077105596661568,0.844736635684967,0.6637089848518372,-0.0475306361913681,0.8410605788230896,0.6902245283126831,-0.046778980642557144,0.8671727180480957,0.6584408283233643,-0.02260727621614933,0.8663965463638306,0.6452218890190125,-0.042855050414800644,0.8610181212425232,0.6792087554931641,-0.04055856168270111,0.8556697964668274,0.7031662464141846,-0.03317302092909813,0.8854955434799194,0.6710382699966431,-0.028352636843919754,0.885320782661438,0.6578308343887329,-0.04076959937810898,0.8777738809585571,0.6785106062889099,-0.03731357678771019,0.8706494569778442,0.6944016218185425,-0.031221594661474228,si
