landmark_0_x,landmark_0_y,landmark_0_z,landmark_1_x,landmark_1_y,landmark_1_z,landmark_2_x,landmark_2_y,landmark_2_z,landmark_3_x,landmark_3_y,landmark_3_z,landmark_4_x,landmark_4_y,landmark_4_z,landmark_5_x,landmark_5_y,landmark_5_z,landmark_6_x,landmark_6_y,landmark_6_z,landmark_7_x,landmark_7_y,landmark_7_z,landmark_8_x,landmark_8_y,landmark_8_z,landmark_9_x,landmark_9_y,landmark_9_z,landmark_10_x,landmark_10_y,landmark_10_z,landmark_11_x,landmark_11_y,landmark_11_z,landmark_12_x,landmark_12_y,landmark_12_z,landmark_13_x,landmark_13_y,landmark_13_z,landmark_14_x,landmark_14_y,landmark_14_z,landmark_15_x,landmark_15_y,landmark_15_z,landmark_16_x,landmark_16_y,landmark_16_z,landmark_17_x,landmark_17_y,landmark_17_z,landmark_18_x,landmark_18_y,landmark_18_z,landmark_19_x,landmark_19_y,landmark_19_z,landmark_20_x,landmark_20_y,landmark_20_z,class
0.7020857334136963,0.7414343357086182,-2.7285686599043402e-08,0.6651822328567505,0.7496739625930786,-0.019518190994858742,0.6307218670845032,0.7447581887245178,-0.035768359899520874,0.6278985738754272,0.7602733373641968,-0.05155537649989128,0.6411818861961365,0.7734138369560242,-0.06858912855386734,0.6333208084106445,0.6334882378578186,-0.02901206724345684,0.6242260336875916,0.596773624420166,-0.04857669770717621,0.6216133832931519,0.5712632536888123,-0.06254096329212189,0.6221973896026611,0.5464334487915039,-0.07264011353254318,0.670293927192688,0.6163418889045715,-0.03211645409464836,0.6663583517074585,0.6315902471542358,-0.05830629914999008,0.6646170616149902,0.6871975064277649,-0.06435360014438629,0.6665072441101074,0.7197864055633545,-0.0622897669672966,0.7039946913719177,0.624360978603363,-0.0371660515666008,0.7014334201812744,0.6667080521583557,-0.05722445994615555,0.6954837441444397,0.7135220170021057,-0.05275110527873039,0.6945223212242126,0.7330237030982971,-0.04439908638596535,0.7318923473358154,0.6462417840957642,-0.04444969817996025,0.7290865182876587,0.6869252920150757,-0.054066628217697144,0.7220335006713867,0.7214558124542236,-0.04715496301651001,0.7203406095504761,0.7341071367263794,-0.03865979239344597,si
