landmark_0_x,landmark_0_y,landmark_0_z,landmark_1_x,landmark_1_y,landmark_1_z,landmark_2_x,landmark_2_y,landmark_2_z,landmark_3_x,landmark_3_y,landmark_3_z,landmark_4_x,landmark_4_y,landmark_4_z,landmark_5_x,landmark_5_y,landmark_5_z,landmark_6_x,landmark_6_y,landmark_6_z,landmark_7_x,landmark_7_y,landmark_7_z,landmark_8_x,landmark_8_y,landmark_8_z,landmark_9_x,landmark_9_y,landmark_9_z,landmark_10_x,landmark_10_y,landmark_10_z,landmark_11_x,landmark_11_y,landmark_11_z,landmark_12_x,landmark_12_y,landmark_12_z,landmark_13_x,landmark_13_y,landmark_13_z,landmark_14_x,landmark_14_y,landmark_14_z,landmark_15_x,landmark_15_y,landmark_15_z,landmark_16_x,landmark_16_y,landmark_16_z,landmark_17_x,landmark_17_y,landmark_17_z,landmark_18_x,landmark_18_y,landmark_18_z,landmark_19_x,landmark_19_y,landmark_19_z,landmark_20_x,landmark_20_y,landmark_20_z,class
0.8568089008331299,0.6430646181106567,3.8538949809208134e-08,0.8333909511566162,0.6275514364242554,-0.012249032966792583,0.8165913224220276,0.6093071699142456,-0.022698625922203064,0.8146041631698608,0.6003623008728027,-0.03410762548446655,0.820986270904541,0.5988625288009644,-0.045944664627313614,0.8166834115982056,0.5531349778175354,-0.012545797973871231,0.8095650672912598,0.5173708200454712,-0.028134416788816452,0.8075311183929443,0.4908955693244934,-0.03991493582725525,0.8066765666007996,0.46693387627601624,-0.04818303883075714,0.838527500629425,0.5489970445632935,-0.01572895050048828,0.8361275792121887,0.5348206758499146,-0.039673130959272385,0.8332526683807373,0.570980429649353,-0.04742945730686188,0.8307979106903076,0.5992358326911926,-0.04712580144405365,0.8596696257591248,0.5540055632591248,-0.02071286365389824,0.8565690517425537,0.5438657999038696,-0.04177958890795708,0.8507733345031738,0.5787407159805298,-0.0401792898774147,0.8470562100410461,0.6041072010993958,-0.033021632581949234,0.8800500631332397,0.5653867125511169,-0.026779450476169586,0.8776358366012573,0.5541159510612488,-0.03951327130198479,0.8694087862968445,0.5765624046325684,-0.03613707423210144,0.8636829853057861,0.5941764712333679,-0.02991332672536373,si
