landmark_0_x,landmark_0_y,landmark_0_z,landmark_1_x,landmark_1_y,landmark_1_z,landmark_2_x,landmark_2_y,landmark_2_z,landmark_3_x,landmark_3_y,landmark_3_z,landmark_4_x,landmark_4_y,landmark_4_z,landmark_5_x,landmark_5_y,landmark_5_z,landmark_6_x,landmark_6_y,landmark_6_z,landmark_7_x,landmark_7_y,landmark_7_z,landmark_8_x,landmark_8_y,landmark_8_z,landmark_9_x,landmark_9_y,landmark_9_z,landmark_10_x,landmark_10_y,landmark_10_z,landmark_11_x,landmark_11_y,landmark_11_z,landmark_12_x,landmark_12_y,landmark_12_z,landmark_13_x,landmark_13_y,landmark_13_z,landmark_14_x,landmark_14_y,landmark_14_z,landmark_15_x,landmark_15_y,landmark_15_z,landmark_16_x,landmark_16_y,landmark_16_z,landmark_17_x,landmark_17_y,landmark_17_z,landmark_18_x,landmark_18_y,landmark_18_z,landmark_19_x,landmark_19_y,landmark_19_z,landmark_20_x,landmark_20_y,landmark_20_z,class
0.7708894610404968,0.6290754079818726,2.8498612891780795e-07,0.729957103729248,0.6254957318305969,-0.05158413201570511,0.6919814944267273,0.6102375984191895,-0.09306372702121735,0.6727465391159058,0.5968010425567627,-0.13173948228359222,0.6694939136505127,0.5894238948822021,-0.16950763761997223,0.6810305118560791,0.44293633103370667,-0.06639745086431503,0.6762286424636841,0.343671977519989,-0.11222957074642181,0.6768830418586731,0.27635279297828674,-0.1382702738046646,0.6836403012275696,0.22059187293052673,-0.15431684255599976,0.7363133430480957,0.43740880489349365,-0.06462563574314117,0.7447293400764465,0.41269612312316895,-0.12577268481254578,0.7393665313720703,0.5082824230194092,-0.1332658976316452,0.7326608300209045,0.5479570627212524,-0.12435990571975708,0.7873229384422302,0.4523160457611084,-0.06850111484527588,0.796787679195404,0.4479493498802185,-0.12221109122037888,0.7818952202796936,0.5292120575904846,-0.10618475824594498,0.767565131187439,0.5573773384094238,-0.08236527442932129,0.8288581371307373,0.4817705750465393,-0.07723265886306763,0.838593602180481,0.4850957691669464,-0.10960488021373749,0.8217713236808777,0.5424751043319702,-0.09638851881027222,0.805884599685669,0.560261607170105,-0.07806538045406342,si
