landmark_0_x,landmark_0_y,landmark_0_z,landmark_1_x,landmark_1_y,landmark_1_z,landmark_2_x,landmark_2_y,landmark_2_z,landmark_3_x,landmark_3_y,landmark_3_z,landmark_4_x,landmark_4_y,landmark_4_z,landmark_5_x,landmark_5_y,landmark_5_z,landmark_6_x,landmark_6_y,landmark_6_z,landmark_7_x,landmark_7_y,landmark_7_z,landmark_8_x,landmark_8_y,landmark_8_z,landmark_9_x,landmark_9_y,landmark_9_z,landmark_10_x,landmark_10_y,landmark_10_z,landmark_11_x,landmark_11_y,landmark_11_z,landmark_12_x,landmark_12_y,landmark_12_z,landmark_13_x,landmark_13_y,landmark_13_z,landmark_14_x,landmark_14_y,landmark_14_z,landmark_15_x,landmark_15_y,landmark_15_z,landmark_16_x,landmark_16_y,landmark_16_z,landmark_17_x,landmark_17_y,landmark_17_z,landmark_18_x,landmark_18_y,landmark_18_z,landmark_19_x,landmark_19_y,landmark_19_z,landmark_20_x,landmark_20_y,landmark_20_z,class
0.7824200391769409,0.4289856553077698,-5.000696319257258e-07,0.7225176692008972,0.45465126633644104,-0.024051722139120102,0.6508314609527588,0.4709104001522064,-0.03854849562048912,0.6006582379341125,0.488155722618103,-0.05322035029530525,0.5626994371414185,0.5088263154029846,-0.06313273310661316,0.654513955116272,0.3699816167354584,-0.014081686735153198,0.6341848969459534,0.34587642550468445,-0.040191400796175,0.6675605773925781,0.3854897618293762,-0.05223347246646881,0.6748614311218262,0.39447590708732605,-0.058553099632263184,0.6825917363166809,0.3277727961540222,-0.01382521167397499,0.6659824252128601,0.307506263256073,-0.040725138038396835,0.6974242925643921,0.3579622209072113,-0.04308892786502838,0.697956383228302,0.36354130506515503,-0.041774168610572815,0.7124336361885071,0.29566600918769836,-0.018575569614768028,0.6971244812011719,0.2711314558982849,-0.044141869992017746,0.7212273478507996,0.32300662994384766,-0.031888265162706375,0.7227085828781128,0.3345644474029541,-0.019853932783007622,0.7416096925735474,0.2722700536251068,-0.025808999314904213,0.726891279220581,0.2456948310136795,-0.035533372312784195,0.7375357151031494,0.2857262194156647,-0.023811817169189453,0.7386775612831116,0.3013831377029419,-0.014202997088432312,fa
