landmark_0_x,landmark_0_y,landmark_0_z,landmark_1_x,landmark_1_y,landmark_1_z,landmark_2_x,landmark_2_y,landmark_2_z,landmark_3_x,landmark_3_y,landmark_3_z,landmark_4_x,landmark_4_y,landmark_4_z,landmark_5_x,landmark_5_y,landmark_5_z,landmark_6_x,landmark_6_y,landmark_6_z,landmark_7_x,landmark_7_y,landmark_7_z,landmark_8_x,landmark_8_y,landmark_8_z,landmark_9_x,landmark_9_y,landmark_9_z,landmark_10_x,landmark_10_y,landmark_10_z,landmark_11_x,landmark_11_y,landmark_11_z,landmark_12_x,landmark_12_y,landmark_12_z,landmark_13_x,landmark_13_y,landmark_13_z,landmark_14_x,landmark_14_y,landmark_14_z,landmark_15_x,landmark_15_y,landmark_15_z,landmark_16_x,landmark_16_y,landmark_16_z,landmark_17_x,landmark_17_y,landmark_17_z,landmark_18_x,landmark_18_y,landmark_18_z,landmark_19_x,landmark_19_y,landmark_19_z,landmark_20_x,landmark_20_y,landmark_20_z,class
0.9163607954978943,0.7435237169265747,-5.803834142170672e-07,0.8474103212356567,0.7834429740905762,-0.03195144981145859,0.7632673978805542,0.8005146384239197,-0.0542202927172184,0.7014116048812866,0.8198102712631226,-0.07395392656326294,0.654924213886261,0.8520601391792297,-0.0889529213309288,0.7476388216018677,0.6512764096260071,-0.03619657829403877,0.7566574811935425,0.6443904042243958,-0.06628545373678207,0.7904015183448792,0.6838632225990295,-0.07967150956392288,0.7984693646430969,0.6890228986740112,-0.0877082347869873,0.7887301445007324,0.5971688628196716,-0.0374709889292717,0.7979586720466614,0.6032974720001221,-0.06879871338605881,0.8261995315551758,0.6534252166748047,-0.07302626222372055,0.8288851976394653,0.6581255197525024,-0.07292737811803818,0.8338984847068787,0.5594102740287781,-0.04318045824766159,0.8437336683273315,0.5688391923904419,-0.07306919991970062,0.8640470504760742,0.6204149723052979,-0.0633864477276802,0.8624478578567505,0.6239848732948303,-0.05344230681657791,0.8790996074676514,0.5316417813301086,-0.05219319462776184,0.8802759051322937,0.5280098915100098,-0.06838811188936234,0.8963744044303894,0.5743157863616943,-0.058168452233076096,0.8997584581375122,0.5845397114753723,-0.04847164824604988,fa
