landmark_0_x,landmark_0_y,landmark_0_z,landmark_1_x,landmark_1_y,landmark_1_z,landmark_2_x,landmark_2_y,landmark_2_z,landmark_3_x,landmark_3_y,landmark_3_z,landmark_4_x,landmark_4_y,landmark_4_z,landmark_5_x,landmark_5_y,landmark_5_z,landmark_6_x,landmark_6_y,landmark_6_z,landmark_7_x,landmark_7_y,landmark_7_z,landmark_8_x,landmark_8_y,landmark_8_z,landmark_9_x,landmark_9_y,landmark_9_z,landmark_10_x,landmark_10_y,landmark_10_z,landmark_11_x,landmark_11_y,landmark_11_z,landmark_12_x,landmark_12_y,landmark_12_z,landmark_13_x,landmark_13_y,landmark_13_z,landmark_14_x,landmark_14_y,landmark_14_z,landmark_15_x,landmark_15_y,landmark_15_z,landmark_16_x,landmark_16_y,landmark_16_z,landmark_17_x,landmark_17_y,landmark_17_z,landmark_18_x,landmark_18_y,landmark_18_z,landmark_19_x,landmark_19_y,landmark_19_z,landmark_20_x,landmark_20_y,landmark_20_z,class
0.8096041083335876,0.3970446288585663,-8.22691276880505e-07,0.7290083765983582,0.4297780990600586,-0.03540417551994324,0.6336044669151306,0.45137378573417664,-0.059723567217588425,0.5607720017433167,0.4684475064277649,-0.08432812243700027,0.5066712498664856,0.49738025665283203,-0.10437771677970886,0.6267004609107971,0.2942299544811249,-0.022165685892105103,0.6126963496208191,0.24613118171691895,-0.06337887793779373,0.652423083782196,0.2997848093509674,-0.09067438542842865,0.669851541519165,0.3356524705886841,-0.10536955296993256,0.6680043339729309,0.23861756920814514,-0.02294735424220562,0.6559514999389648,0.19673985242843628,-0.06364641338586807,0.6934496164321899,0.2649427056312561,-0.07745054364204407,0.7036680579185486,0.2998724579811096,-0.08149488270282745,0.7122843861579895,0.19720831513404846,-0.03043491207063198,0.6987074613571167,0.1557249277830124,-0.06925655901432037,0.7278034090995789,0.22308576107025146,-0.06185109168291092,0.7380794882774353,0.2602842450141907,-0.04954889789223671,0.7572798728942871,0.16959863901138306,-0.040970202535390854,0.7373616099357605,0.1308317631483078,-0.059425320476293564,0.7553835511207581,0.18549804389476776,-0.045792967081069946,0.7634477615356445,0.2178400754928589,-0.03212627023458481,fa
