landmark_0_x,landmark_0_y,landmark_0_z,landmark_1_x,landmark_1_y,landmark_1_z,landmark_2_x,landmark_2_y,landmark_2_z,landmark_3_x,landmark_3_y,landmark_3_z,landmark_4_x,landmark_4_y,landmark_4_z,landmark_5_x,landmark_5_y,landmark_5_z,landmark_6_x,landmark_6_y,landmark_6_z,landmark_7_x,landmark_7_y,landmark_7_z,landmark_8_x,landmark_8_y,landmark_8_z,landmark_9_x,landmark_9_y,landmark_9_z,landmark_10_x,landmark_10_y,landmark_10_z,landmark_11_x,landmark_11_y,landmark_11_z,landmark_12_x,landmark_12_y,landmark_12_z,landmark_13_x,landmark_13_y,landmark_13_z,landmark_14_x,landmark_14_y,landmark_14_z,landmark_15_x,landmark_15_y,landmark_15_z,landmark_16_x,landmark_16_y,landmark_16_z,landmark_17_x,landmark_17_y,landmark_17_z,landmark_18_x,landmark_18_y,landmark_18_z,landmark_19_x,landmark_19_y,landmark_19_z,landmark_20_x,landmark_20_y,landmark_20_z,class
0.7701368927955627,0.6202763319015503,-4.849057972933224e-07,0.7130743265151978,0.6435623168945312,-0.024533933028578758,0.6428276300430298,0.6498281955718994,-0.037176840007305145,0.5889161825180054,0.6605949997901917,-0.04914300888776779,0.5520293712615967,0.6775376200675964,-0.0553765594959259,0.6420820951461792,0.5444279909133911,-0.008406473323702812,0.6200813055038452,0.5257450342178345,-0.03267843648791313,0.6502977013587952,0.5680328607559204,-0.0417768731713295,0.6591233015060425,0.5743633508682251,-0.04566708952188492,0.6705760955810547,0.5105512142181396,-0.007349555846303701,0.6519627571105957,0.5020061731338501,-0.03564901277422905,0.6816904544830322,0.553663432598114,-0.03807499259710312,0.68294757604599,0.5482717156410217,-0.03438360616564751,0.7012748122215271,0.48640191555023193,-0.01166556216776371,0.6847195625305176,0.47764483094215393,-0.040000397711992264,0.7076175808906555,0.5267614126205444,-0.028875449672341347,0.709084153175354,0.5207652449607849,-0.015316277742385864,0.7313563227653503,0.46803000569343567,-0.01809716410934925,0.715570867061615,0.4542049169540405,-0.029120998457074165,0.7277865409851074,0.4954681098461151,-0.016813408583402634,0.7324084043502808,0.49870017170906067,-0.005026544444262981,fa
