landmark_0_x,landmark_0_y,landmark_0_z,landmark_1_x,landmark_1_y,landmark_1_z,landmark_2_x,landmark_2_y,landmark_2_z,landmark_3_x,landmark_3_y,landmark_3_z,landmark_4_x,landmark_4_y,landmark_4_z,landmark_5_x,landmark_5_y,landmark_5_z,landmark_6_x,landmark_6_y,landmark_6_z,landmark_7_x,landmark_7_y,landmark_7_z,landmark_8_x,landmark_8_y,landmark_8_z,landmark_9_x,landmark_9_y,landmark_9_z,landmark_10_x,landmark_10_y,landmark_10_z,landmark_11_x,landmark_11_y,landmark_11_z,landmark_12_x,landmark_12_y,landmark_12_z,landmark_13_x,landmark_13_y,landmark_13_z,landmark_14_x,landmark_14_y,landmark_14_z,landmark_15_x,landmark_15_y,landmark_15_z,landmark_16_x,landmark_16_y,landmark_16_z,landmark_17_x,landmark_17_y,landmark_17_z,landmark_18_x,landmark_18_y,landmark_18_z,landmark_19_x,landmark_19_y,landmark_19_z,landmark_20_x,landmark_20_y,landmark_20_z,class
0.8797045946121216,0.4531702995300293,-6.648941734965774e-07,0.804883599281311,0.4820692837238312,-0.04756845533847809,0.7150357961654663,0.48184671998023987,-0.07210914045572281,0.6396856307983398,0.48115861415863037,-0.09247085452079773,0.5828755497932434,0.5010595321655273,-0.10417068749666214,0.7084356546401978,0.3376237452030182,-0.032438695430755615,0.7072088122367859,0.2920016348361969,-0.06643716990947723,0.7488535046577454,0.3537363111972809,-0.07565724104642868,0.7522894144058228,0.37673524022102356,-0.07933549582958221,0.7563453912734985,0.28431302309036255,-0.025842566043138504,0.7586504220962524,0.2530897557735443,-0.065097875893116,0.7946820259094238,0.3348326086997986,-0.06853006780147552,0.7828021049499512,0.3437306880950928,-0.0652368888258934,0.8072320818901062,0.24877862632274628,-0.026471661403775215,0.8089686632156372,0.2188580185174942,-0.0699625313282013,0.833076000213623,0.2952690124511719,-0.05774269998073578,0.8222722411155701,0.30652379989624023,-0.041694991290569305,0.8553497791290283,0.22525455057621002,-0.030506398528814316,0.8509759306907654,0.1894865185022354,-0.05322612076997757,0.863440752029419,0.24955905973911285,-0.04060825705528259,0.8590823411941528,0.2693651020526886,-0.02710227482020855,fa
