landmark_0_x,landmark_0_y,landmark_0_z,landmark_1_x,landmark_1_y,landmark_1_z,landmark_2_x,landmark_2_y,landmark_2_z,landmark_3_x,landmark_3_y,landmark_3_z,landmark_4_x,landmark_4_y,landmark_4_z,landmark_5_x,landmark_5_y,landmark_5_z,landmark_6_x,landmark_6_y,landmark_6_z,landmark_7_x,landmark_7_y,landmark_7_z,landmark_8_x,landmark_8_y,landmark_8_z,landmark_9_x,landmark_9_y,landmark_9_z,landmark_10_x,landmark_10_y,landmark_10_z,landmark_11_x,landmark_11_y,landmark_11_z,landmark_12_x,landmark_12_y,landmark_12_z,landmark_13_x,landmark_13_y,landmark_13_z,landmark_14_x,landmark_14_y,landmark_14_z,landmark_15_x,landmark_15_y,landmark_15_z,landmark_16_x,landmark_16_y,landmark_16_z,landmark_17_x,landmark_17_y,landmark_17_z,landmark_18_x,landmark_18_y,landmark_18_z,landmark_19_x,landmark_19_y,landmark_19_z,landmark_20_x,landmark_20_y,landmark_20_z,class
0.8346850275993347,0.29073864221572876,-2.816005917338771e-07,0.7902870178222656,0.2904042601585388,-0.03383480757474899,0.7375591993331909,0.2779235243797302,-0.05303873494267464,0.6948177218437195,0.27524805068969727,-0.06912796199321747,0.6588881611824036,0.2819104790687561,-0.08103781938552856,0.7398201823234558,0.18679022789001465,-0.0236467607319355,0.7557584047317505,0.15736234188079834,-0.050669532269239426,0.7690073251724243,0.194881409406662,-0.06547334790229797,0.7594518661499023,0.21150164306163788,-0.07382823526859283,0.7718430757522583,0.16733220219612122,-0.01873735897243023,0.7801017761230469,0.14381271600723267,-0.04569467902183533,0.7927748560905457,0.19037963449954987,-0.05096311867237091,0.7831261157989502,0.20215310156345367,-0.051316145807504654,0.804042398929596,0.1585289090871811,-0.0194347333163023,0.811268150806427,0.13536426424980164,-0.04721386730670929,0.8203949928283691,0.17971402406692505,-0.04109278321266174,0.8127179741859436,0.19411766529083252,-0.03252878412604332,0.8351271152496338,0.15717291831970215,-0.022943347692489624,0.8416237235069275,0.13501814007759094,-0.03810138627886772,0.845770001411438,0.17054007947444916,-0.03177209198474884,0.8399950265884399,0.18665599822998047,-0.024841565638780594,fa
