landmark_0_x,landmark_0_y,landmark_0_z,landmark_1_x,landmark_1_y,landmark_1_z,landmark_2_x,landmark_2_y,landmark_2_z,landmark_3_x,landmark_3_y,landmark_3_z,landmark_4_x,landmark_4_y,landmark_4_z,landmark_5_x,landmark_5_y,landmark_5_z,landmark_6_x,landmark_6_y,landmark_6_z,landmark_7_x,landmark_7_y,landmark_7_z,landmark_8_x,landmark_8_y,landmark_8_z,landmark_9_x,landmark_9_y,landmark_9_z,landmark_10_x,landmark_10_y,landmark_10_z,landmark_11_x,landmark_11_y,landmark_11_z,landmark_12_x,landmark_12_y,landmark_12_z,landmark_13_x,landmark_13_y,landmark_13_z,landmark_14_x,landmark_14_y,landmark_14_z,landmark_15_x,landmark_15_y,landmark_15_z,landmark_16_x,landmark_16_y,landmark_16_z,landmark_17_x,landmark_17_y,landmark_17_z,landmark_18_x,landmark_18_y,landmark_18_z,landmark_19_x,landmark_19_y,landmark_19_z,landmark_20_x,landmark_20_y,landmark_20_z,class
0.8204376697540283,0.8419886231422424,-3.6933604974365153e-07,0.780523955821991,0.8554569482803345,-0.026595933362841606,0.7314679622650146,0.8572842478752136,-0.0425911583006382,0.6910070180892944,0.8639193177223206,-0.05585860088467598,0.6594816446304321,0.8791304230690002,-0.06420625746250153,0.7201371192932129,0.7626848220825195,-0.021484076976776123,0.7291135191917419,0.7607924938201904,-0.041529856622219086,0.7515934109687805,0.7913657426834106,-0.050093457102775574,0.750657320022583,0.794660747051239,-0.055152758955955505,0.7419030666351318,0.7315027713775635,-0.018377527594566345,0.7593512535095215,0.741824746131897,-0.03932180255651474,0.7772053480148315,0.7799614071846008,-0.042660411447286606,0.7687528133392334,0.7788692712783813,-0.04266446456313133,0.7684239149093628,0.7140156030654907,-0.01894224062561989,0.7864707112312317,0.7276972532272339,-0.03948104754090309,0.7983881235122681,0.7637001872062683,-0.03375941887497902,0.7897558808326721,0.763001561164856,-0.02731211856007576,0.7944812178611755,0.7040253281593323,-0.022114604711532593,0.8077755570411682,0.7143243551254272,-0.03213394060730934,0.8148301839828491,0.7461578249931335,-0.026970766484737396,0.8090230226516724,0.7507804036140442,-0.021642493084073067,fa
