landmark_0_x,landmark_0_y,landmark_0_z,landmark_1_x,landmark_1_y,landmark_1_z,landmark_2_x,landmark_2_y,landmark_2_z,landmark_3_x,landmark_3_y,landmark_3_z,landmark_4_x,landmark_4_y,landmark_4_z,landmark_5_x,landmark_5_y,landmark_5_z,landmark_6_x,landmark_6_y,landmark_6_z,landmark_7_x,landmark_7_y,landmark_7_z,landmark_8_x,landmark_8_y,landmark_8_z,landmark_9_x,landmark_9_y,landmark_9_z,landmark_10_x,landmark_10_y,landmark_10_z,landmark_11_x,landmark_11_y,landmark_11_z,landmark_12_x,landmark_12_y,landmark_12_z,landmark_13_x,landmark_13_y,landmark_13_z,landmark_14_x,landmark_14_y,landmark_14_z,landmark_15_x,landmark_15_y,landmark_15_z,landmark_16_x,landmark_16_y,landmark_16_z,landmark_17_x,landmark_17_y,landmark_17_z,landmark_18_x,landmark_18_y,landmark_18_z,landmark_19_x,landmark_19_y,landmark_19_z,landmark_20_x,landmark_20_y,landmark_20_z,class
0.8834486603736877,0.4560781717300415,-7.184983132901834e-07,0.8050326704978943,0.4876645803451538,-0.05495375394821167,0.7086318135261536,0.4890986979007721,-0.0848313495516777,0.6279618144035339,0.48917558789253235,-0.10891606658697128,0.5650758147239685,0.5089161992073059,-0.12360905855894089,0.6963695287704468,0.33044689893722534,-0.04515818879008293,0.7031276822090149,0.28661105036735535,-0.08110788464546204,0.7462543249130249,0.35399627685546875,-0.08793676644563675,0.7436330318450928,0.37438032031059265,-0.09031900763511658,0.7478201389312744,0.2730029225349426,-0.0368124358355999,0.7579359412193298,0.24086643755435944,-0.08070919662714005,0.7964556217193604,0.3319088816642761,-0.08253934234380722,0.7787950038909912,0.3403853178024292,-0.07756391912698746,0.8033132553100586,0.23605112731456757,-0.03563858941197395,0.8126426339149475,0.20527955889701843,-0.08455513417720795,0.8384012579917908,0.29168596863746643,-0.06995240598917007,0.8223203420639038,0.30473792552948,-0.051792483776807785,0.8557112216949463,0.21352267265319824,-0.0381241999566555,0.8575152158737183,0.18033064901828766,-0.0644492581486702,0.8713637590408325,0.25113144516944885,-0.050700876861810684,0.8618596792221069,0.27557969093322754,-0.03619050607085228,fa
