landmark_0_x,landmark_0_y,landmark_0_z,landmark_1_x,landmark_1_y,landmark_1_z,landmark_2_x,landmark_2_y,landmark_2_z,landmark_3_x,landmark_3_y,landmark_3_z,landmark_4_x,landmark_4_y,landmark_4_z,landmark_5_x,landmark_5_y,landmark_5_z,landmark_6_x,landmark_6_y,landmark_6_z,landmark_7_x,landmark_7_y,landmark_7_z,landmark_8_x,landmark_8_y,landmark_8_z,landmark_9_x,landmark_9_y,landmark_9_z,landmark_10_x,landmark_10_y,landmark_10_z,landmark_11_x,landmark_11_y,landmark_11_z,landmark_12_x,landmark_12_y,landmark_12_z,landmark_13_x,landmark_13_y,landmark_13_z,landmark_14_x,landmark_14_y,landmark_14_z,landmark_15_x,landmark_15_y,landmark_15_z,landmark_16_x,landmark_16_y,landmark_16_z,landmark_17_x,landmark_17_y,landmark_17_z,landmark_18_x,landmark_18_y,landmark_18_z,landmark_19_x,landmark_19_y,landmark_19_z,landmark_20_x,landmark_20_y,landmark_20_z,class
0.7925180196762085,0.5537315011024475,-5.895129788768827e-07,0.7176870107650757,0.5958912968635559,-0.02300211973488331,0.6329808235168457,0.6195568442344666,-0.039510585367679596,0.5717332363128662,0.6373608112335205,-0.056728266179561615,0.527705192565918,0.6620786190032959,-0.06969054043292999,0.6244717836380005,0.4777259826660156,-0.014479896053671837,0.6034234762191772,0.4767739772796631,-0.04427139833569527,0.6412011981010437,0.5185130834579468,-0.061001334339380264,0.6581018567085266,0.521895170211792,-0.07090941816568375,0.6575761437416077,0.4264160394668579,-0.0189030971378088,0.6371885538101196,0.4310826063156128,-0.04946593940258026,0.6736488938331604,0.4856685400009155,-0.05448691546916962,0.6860700249671936,0.48316076397895813,-0.054174792021512985,0.6968831419944763,0.3889837861061096,-0.028246426954865456,0.6782861948013306,0.3922572731971741,-0.05745543912053108,0.7075555920600891,0.4486194849014282,-0.04359545558691025,0.7165627479553223,0.4461649954319,-0.029904991388320923,0.738661527633667,0.36181414127349854,-0.04006309062242508,0.7177197337150574,0.3575754463672638,-0.05102526396512985,0.7351723313331604,0.40683433413505554,-0.03426952660083771,0.7447868585586548,0.41100719571113586,-0.02038230188190937,fa
