landmark_0_x,landmark_0_y,landmark_0_z,landmark_1_x,landmark_1_y,landmark_1_z,landmark_2_x,landmark_2_y,landmark_2_z,landmark_3_x,landmark_3_y,landmark_3_z,landmark_4_x,landmark_4_y,landmark_4_z,landmark_5_x,landmark_5_y,landmark_5_z,landmark_6_x,landmark_6_y,landmark_6_z,landmark_7_x,landmark_7_y,landmark_7_z,landmark_8_x,landmark_8_y,landmark_8_z,landmark_9_x,landmark_9_y,landmark_9_z,landmark_10_x,landmark_10_y,landmark_10_z,landmark_11_x,landmark_11_y,landmark_11_z,landmark_12_x,landmark_12_y,landmark_12_z,landmark_13_x,landmark_13_y,landmark_13_z,landmark_14_x,landmark_14_y,landmark_14_z,landmark_15_x,landmark_15_y,landmark_15_z,landmark_16_x,landmark_16_y,landmark_16_z,landmark_17_x,landmark_17_y,landmark_17_z,landmark_18_x,landmark_18_y,landmark_18_z,landmark_19_x,landmark_19_y,landmark_19_z,landmark_20_x,landmark_20_y,landmark_20_z,class
0.781606137752533,0.7030125856399536,-6.22929064775235e-07,0.7111785411834717,0.7397292852401733,-0.027599811553955078,0.6280686259269714,0.763185977935791,-0.046313147991895676,0.5656750202178955,0.7859237790107727,-0.0645735114812851,0.5183389186859131,0.8069701790809631,-0.07781414687633514,0.6072800755500793,0.6159334778785706,-0.018934151157736778,0.5945073962211609,0.6277614831924438,-0.05162043496966362,0.6272060871124268,0.6686688661575317,-0.07092111557722092,0.6449495553970337,0.6770727038383484,-0.08196403831243515,0.6389387249946594,0.561660885810852,-0.021181778982281685,0.6353928446769714,0.588829517364502,-0.054253142327070236,0.6652345657348633,0.6427772641181946,-0.062361106276512146,0.6757089495658875,0.6442677974700928,-0.06380601972341537,0.6805267930030823,0.5256356596946716,-0.02878149040043354,0.6788454651832581,0.5516785979270935,-0.06043253839015961,0.7016085982322693,0.6065714955329895,-0.05075354129076004,0.7094024419784546,0.6083131432533264,-0.03899766877293587,0.7240743041038513,0.500662088394165,-0.03956074267625809,0.7178102135658264,0.511240541934967,-0.05555472522974014,0.7309902310371399,0.5559988617897034,-0.04464508965611458,0.7381681203842163,0.5621241331100464,-0.03330894932150841,fa
