landmark_0_x,landmark_0_y,landmark_0_z,landmark_1_x,landmark_1_y,landmark_1_z,landmark_2_x,landmark_2_y,landmark_2_z,landmark_3_x,landmark_3_y,landmark_3_z,landmark_4_x,landmark_4_y,landmark_4_z,landmark_5_x,landmark_5_y,landmark_5_z,landmark_6_x,landmark_6_y,landmark_6_z,landmark_7_x,landmark_7_y,landmark_7_z,landmark_8_x,landmark_8_y,landmark_8_z,landmark_9_x,landmark_9_y,landmark_9_z,landmark_10_x,landmark_10_y,landmark_10_z,landmark_11_x,landmark_11_y,landmark_11_z,landmark_12_x,landmark_12_y,landmark_12_z,landmark_13_x,landmark_13_y,landmark_13_z,landmark_14_x,landmark_14_y,landmark_14_z,landmark_15_x,landmark_15_y,landmark_15_z,landmark_16_x,landmark_16_y,landmark_16_z,landmark_17_x,landmark_17_y,landmark_17_z,landmark_18_x,landmark_18_y,landmark_18_z,landmark_19_x,landmark_19_y,landmark_19_z,landmark_20_x,landmark_20_y,landmark_20_z,class
0.7606769800186157,0.6313865780830383,-4.743502302062552e-07,0.7097257971763611,0.6551134586334229,-0.021649176254868507,0.6451407074928284,0.6621267795562744,-0.033156488090753555,0.596388578414917,0.673821210861206,-0.044147323817014694,0.5627936124801636,0.6895055770874023,-0.050164248794317245,0.6400035619735718,0.566983163356781,-0.01018508244305849,0.6198064684867859,0.5498781800270081,-0.03431050106883049,0.6508510112762451,0.5858826041221619,-0.043875519186258316,0.6592899560928345,0.591834545135498,-0.04832323640584946,0.665075421333313,0.5326688885688782,-0.010182686150074005,0.6493486762046814,0.5261396169662476,-0.03723081946372986,0.6805151700973511,0.5722532868385315,-0.0402444489300251,0.6796854138374329,0.5687068700790405,-0.0376223549246788,0.692524790763855,0.5063214898109436,-0.014881962910294533,0.6795471906661987,0.5010876655578613,-0.042121995240449905,0.7047573328018188,0.5477792024612427,-0.03201868012547493,0.703385591506958,0.5440303087234497,-0.019889317452907562,0.7201092839241028,0.4856554865837097,-0.021417362615466118,0.7078770995140076,0.47792762517929077,-0.03284245729446411,0.7232120633125305,0.5165631175041199,-0.02173817902803421,0.7260903120040894,0.5189069509506226,-0.01113812904804945,fa
