landmark_0_x,landmark_0_y,landmark_0_z,landmark_1_x,landmark_1_y,landmark_1_z,landmark_2_x,landmark_2_y,landmark_2_z,landmark_3_x,landmark_3_y,landmark_3_z,landmark_4_x,landmark_4_y,landmark_4_z,landmark_5_x,landmark_5_y,landmark_5_z,landmark_6_x,landmark_6_y,landmark_6_z,landmark_7_x,landmark_7_y,landmark_7_z,landmark_8_x,landmark_8_y,landmark_8_z,landmark_9_x,landmark_9_y,landmark_9_z,landmark_10_x,landmark_10_y,landmark_10_z,landmark_11_x,landmark_11_y,landmark_11_z,landmark_12_x,landmark_12_y,landmark_12_z,landmark_13_x,landmark_13_y,landmark_13_z,landmark_14_x,landmark_14_y,landmark_14_z,landmark_15_x,landmark_15_y,landmark_15_z,landmark_16_x,landmark_16_y,landmark_16_z,landmark_17_x,landmark_17_y,landmark_17_z,landmark_18_x,landmark_18_y,landmark_18_z,landmark_19_x,landmark_19_y,landmark_19_z,landmark_20_x,landmark_20_y,landmark_20_z,class
0.8127673864364624,0.678787112236023,-6.29368003046693e-07,0.7396880984306335,0.7040539383888245,-0.03219568729400635,0.6513190269470215,0.705396294593811,-0.04964422062039375,0.5833814740180969,0.7195168137550354,-0.06600571423768997,0.5346379280090332,0.7412471771240234,-0.07529471814632416,0.6431509256362915,0.5654371976852417,-0.014596526511013508,0.6241443157196045,0.5543997287750244,-0.04673130810260773,0.6644423604011536,0.6090847849845886,-0.0591084361076355,0.6747246980667114,0.6122136116027832,-0.0654292106628418,0.6807389855384827,0.5173096060752869,-0.014452483505010605,0.6674612760543823,0.5213600993156433,-0.05124080181121826,0.704878568649292,0.591414213180542,-0.05486343801021576,0.7050275206565857,0.5823127031326294,-0.05104542151093483,0.7247864007949829,0.4871266186237335,-0.020936498418450356,0.7143213152885437,0.49352914094924927,-0.05841370299458504,0.7422852516174316,0.562269389629364,-0.04428153485059738,0.7410244941711426,0.5532772541046143,-0.027509840205311775,0.7687368392944336,0.4672144651412964,-0.03032936155796051,0.756449282169342,0.46759968996047974,-0.04565602168440819,0.7713973522186279,0.522088885307312,-0.030576003715395927,0.7744807600975037,0.521946132183075,-0.016224456951022148,fa
