landmark_0_x,landmark_0_y,landmark_0_z,landmark_1_x,landmark_1_y,landmark_1_z,landmark_2_x,landmark_2_y,landmark_2_z,landmark_3_x,landmark_3_y,landmark_3_z,landmark_4_x,landmark_4_y,landmark_4_z,landmark_5_x,landmark_5_y,landmark_5_z,landmark_6_x,landmark_6_y,landmark_6_z,landmark_7_x,landmark_7_y,landmark_7_z,landmark_8_x,landmark_8_y,landmark_8_z,landmark_9_x,landmark_9_y,landmark_9_z,landmark_10_x,landmark_10_y,landmark_10_z,landmark_11_x,landmark_11_y,landmark_11_z,landmark_12_x,landmark_12_y,landmark_12_z,landmark_13_x,landmark_13_y,landmark_13_z,landmark_14_x,landmark_14_y,landmark_14_z,landmark_15_x,landmark_15_y,landmark_15_z,landmark_16_x,landmark_16_y,landmark_16_z,landmark_17_x,landmark_17_y,landmark_17_z,landmark_18_x,landmark_18_y,landmark_18_z,landmark_19_x,landmark_19_y,landmark_19_z,landmark_20_x,landmark_20_y,landmark_20_z,class
0.8120654225349426,0.521489679813385,-4.626574536814587e-07,0.7620099186897278,0.5406643748283386,-0.03363359719514847,0.6954272389411926,0.5413134098052979,-0.050508223474025726,0.643202006816864,0.5409470796585083,-0.06418130546808243,0.6049414277076721,0.554895281791687,-0.07155708968639374,0.687745213508606,0.4451470673084259,-0.022010022774338722,0.6879749298095703,0.4022039473056793,-0.04903758317232132,0.7157905101776123,0.44936636090278625,-0.05854300409555435,0.7133635878562927,0.46441835165023804,-0.06328526139259338,0.7202650308609009,0.40819215774536133,-0.01750311069190502,0.7234689593315125,0.37472835183143616,-0.04883561283349991,0.7494170665740967,0.43444013595581055,-0.05218837782740593,0.7380412817001343,0.44283729791641235,-0.0495733767747879,0.7521768808364868,0.38157257437705994,-0.018592869862914085,0.7569403052330017,0.35565584897994995,-0.050905078649520874,0.7757553458213806,0.41106700897216797,-0.04143843427300453,0.7652628421783447,0.4215165972709656,-0.029293878003954887,0.7819943428039551,0.362124502658844,-0.022306794300675392,0.7833921909332275,0.34169623255729675,-0.03860016167163849,0.7958218455314636,0.38736629486083984,-0.029713734984397888,0.7900243997573853,0.4024558365345001,-0.02037314511835575,fa
