landmark_0_x,landmark_0_y,landmark_0_z,landmark_1_x,landmark_1_y,landmark_1_z,landmark_2_x,landmark_2_y,landmark_2_z,landmark_3_x,landmark_3_y,landmark_3_z,landmark_4_x,landmark_4_y,landmark_4_z,landmark_5_x,landmark_5_y,landmark_5_z,landmark_6_x,landmark_6_y,landmark_6_z,landmark_7_x,landmark_7_y,landmark_7_z,landmark_8_x,landmark_8_y,landmark_8_z,landmark_9_x,landmark_9_y,landmark_9_z,landmark_10_x,landmark_10_y,landmark_10_z,landmark_11_x,landmark_11_y,landmark_11_z,landmark_12_x,landmark_12_y,landmark_12_z,landmark_13_x,landmark_13_y,landmark_13_z,landmark_14_x,landmark_14_y,landmark_14_z,landmark_15_x,landmark_15_y,landmark_15_z,landmark_16_x,landmark_16_y,landmark_16_z,landmark_17_x,landmark_17_y,landmark_17_z,landmark_18_x,landmark_18_y,landmark_18_z,landmark_19_x,landmark_19_y,landmark_19_z,landmark_20_x,landmark_20_y,landmark_20_z,class
0.7185465097427368,0.7970926761627197,-4.2246577436344523e-07,0.6712039113044739,0.8177722096443176,-0.02199598029255867,0.6177816987037659,0.8207533955574036,-0.03438684344291687,0.5776378512382507,0.8268981575965881,-0.04550839215517044,0.5475424528121948,0.8407443761825562,-0.05222957581281662,0.6066311001777649,0.7205745577812195,-0.013332720845937729,0.6044673323631287,0.7165641784667969,-0.032817404717206955,0.6288691163063049,0.7525953054428101,-0.039840325713157654,0.6321153044700623,0.7555209398269653,-0.043356262147426605,0.6330326199531555,0.6891485452651978,-0.012903807684779167,0.6331864595413208,0.6971837878227234,-0.03483857586979866,0.6558595299720764,0.7422146201133728,-0.036591339856386185,0.6537481546401978,0.7377023696899414,-0.03421811759471893,0.6631234884262085,0.6701689958572388,-0.016344813629984856,0.6627389192581177,0.6774595975875854,-0.03950316458940506,0.6801618337631226,0.7213543653488159,-0.030660735443234444,0.6778168082237244,0.7166525721549988,-0.02042200043797493,0.6935012936592102,0.6575157642364502,-0.02168215811252594,0.6880193948745728,0.6560025215148926,-0.03177725151181221,0.6980041861534119,0.6936005353927612,-0.02169022709131241,0.6993235945701599,0.6973537802696228,-0.01197865791618824,fa
