landmark_0_x,landmark_0_y,landmark_0_z,landmark_1_x,landmark_1_y,landmark_1_z,landmark_2_x,landmark_2_y,landmark_2_z,landmark_3_x,landmark_3_y,landmark_3_z,landmark_4_x,landmark_4_y,landmark_4_z,landmark_5_x,landmark_5_y,landmark_5_z,landmark_6_x,landmark_6_y,landmark_6_z,landmark_7_x,landmark_7_y,landmark_7_z,landmark_8_x,landmark_8_y,landmark_8_z,landmark_9_x,landmark_9_y,landmark_9_z,landmark_10_x,landmark_10_y,landmark_10_z,landmark_11_x,landmark_11_y,landmark_11_z,landmark_12_x,landmark_12_y,landmark_12_z,landmark_13_x,landmark_13_y,landmark_13_z,landmark_14_x,landmark_14_y,landmark_14_z,landmark_15_x,landmark_15_y,landmark_15_z,landmark_16_x,landmark_16_y,landmark_16_z,landmark_17_x,landmark_17_y,landmark_17_z,landmark_18_x,landmark_18_y,landmark_18_z,landmark_19_x,landmark_19_y,landmark_19_z,landmark_20_x,landmark_20_y,landmark_20_z,class
0.7980329990386963,0.6344661116600037,-5.907160129936528e-07,0.7285183668136597,0.6552643775939941,-0.02623877115547657,0.6445562243461609,0.6622093319892883,-0.041224848479032516,0.5793488025665283,0.676222026348114,-0.05640854313969612,0.5364970564842224,0.696556806564331,-0.06543216109275818,0.6443096995353699,0.5309115648269653,-0.007844416424632072,0.6224582195281982,0.5173792839050293,-0.035903409123420715,0.6559388041496277,0.5695504546165466,-0.04582556337118149,0.6652565598487854,0.5764662027359009,-0.04949328675866127,0.6803063750267029,0.4912719428539276,-0.008171875029802322,0.6616361141204834,0.49238869547843933,-0.03909273073077202,0.6952037811279297,0.5563011765480042,-0.03994065523147583,0.6962885856628418,0.5484863519668579,-0.03487391769886017,0.7200276851654053,0.46250587701797485,-0.01470542699098587,0.7014804482460022,0.46294599771499634,-0.04645869508385658,0.7282534241676331,0.5242685079574585,-0.0312734879553318,0.7311708927154541,0.5165774822235107,-0.014559675008058548,0.7591381072998047,0.44145694375038147,-0.023747660219669342,0.7376076579093933,0.4357649087905884,-0.03448332101106644,0.7527350783348083,0.48641324043273926,-0.01805569790303707,0.7602040767669678,0.4876633882522583,-0.003306442406028509,fa
