landmark_0_x,landmark_0_y,landmark_0_z,landmark_1_x,landmark_1_y,landmark_1_z,landmark_2_x,landmark_2_y,landmark_2_z,landmark_3_x,landmark_3_y,landmark_3_z,landmark_4_x,landmark_4_y,landmark_4_z,landmark_5_x,landmark_5_y,landmark_5_z,landmark_6_x,landmark_6_y,landmark_6_z,landmark_7_x,landmark_7_y,landmark_7_z,landmark_8_x,landmark_8_y,landmark_8_z,landmark_9_x,landmark_9_y,landmark_9_z,landmark_10_x,landmark_10_y,landmark_10_z,landmark_11_x,landmark_11_y,landmark_11_z,landmark_12_x,landmark_12_y,landmark_12_z,landmark_13_x,landmark_13_y,landmark_13_z,landmark_14_x,landmark_14_y,landmark_14_z,landmark_15_x,landmark_15_y,landmark_15_z,landmark_16_x,landmark_16_y,landmark_16_z,landmark_17_x,landmark_17_y,landmark_17_z,landmark_18_x,landmark_18_y,landmark_18_z,landmark_19_x,landmark_19_y,landmark_19_z,landmark_20_x,landmark_20_y,landmark_20_z,class
0.7406566143035889,0.818267285823822,-4.366887367268646e-07,0.6959724426269531,0.837502658367157,-0.02007373981177807,0.642100989818573,0.8423205018043518,-0.032300811260938644,0.6017516255378723,0.8516263961791992,-0.04366622120141983,0.571903645992279,0.866386890411377,-0.051242005079984665,0.6274271011352539,0.7475108504295349,-0.012611301615834236,0.6236650943756104,0.7528842687606812,-0.03503241389989853,0.6485579013824463,0.7820523381233215,-0.0469682551920414,0.6535936594009399,0.7838841080665588,-0.05406424403190613,0.6500385999679565,0.7119738459587097,-0.013451971113681793,0.6526563763618469,0.729379415512085,-0.03580664098262787,0.6763448119163513,0.7666847705841064,-0.03979329764842987,0.6757628321647644,0.7633396983146667,-0.039804134517908096,0.6782516241073608,0.6900266408920288,-0.01825588010251522,0.68290114402771,0.7084263563156128,-0.040185920894145966,0.6996802687644958,0.7457207441329956,-0.03345448896288872,0.6961174607276917,0.7417774796485901,-0.02599574439227581,0.7074248790740967,0.676823616027832,-0.025245964527130127,0.7112956047058105,0.6912921667098999,-0.03520256653428078,0.7217442989349365,0.7251887917518616,-0.02820676378905773,0.7204586267471313,0.7261265516281128,-0.021685123443603516,fa
