landmark_0_x,landmark_0_y,landmark_0_z,landmark_1_x,landmark_1_y,landmark_1_z,landmark_2_x,landmark_2_y,landmark_2_z,landmark_3_x,landmark_3_y,landmark_3_z,landmark_4_x,landmark_4_y,landmark_4_z,landmark_5_x,landmark_5_y,landmark_5_z,landmark_6_x,landmark_6_y,landmark_6_z,landmark_7_x,landmark_7_y,landmark_7_z,landmark_8_x,landmark_8_y,landmark_8_z,landmark_9_x,landmark_9_y,landmark_9_z,landmark_10_x,landmark_10_y,landmark_10_z,landmark_11_x,landmark_11_y,landmark_11_z,landmark_12_x,landmark_12_y,landmark_12_z,landmark_13_x,landmark_13_y,landmark_13_z,landmark_14_x,landmark_14_y,landmark_14_z,landmark_15_x,landmark_15_y,landmark_15_z,landmark_16_x,landmark_16_y,landmark_16_z,landmark_17_x,landmark_17_y,landmark_17_z,landmark_18_x,landmark_18_y,landmark_18_z,landmark_19_x,landmark_19_y,landmark_19_z,landmark_20_x,landmark_20_y,landmark_20_z,class
0.6965071558952332,0.24593234062194824,-3.7863031820961623e-07,0.6462823152542114,0.2594998776912689,-0.020834393799304962,0.5885597467422485,0.2575119733810425,-0.03259636461734772,0.5453991293907166,0.2570260465145111,-0.04391351714730263,0.5135481953620911,0.26570868492126465,-0.05191041901707649,0.5999178290367126,0.1609247326850891,-0.00871864054352045,0.5897447466850281,0.13558822870254517,-0.029267659410834312,0.6037380695343018,0.1741846203804016,-0.040071140974760056,0.6095253229141235,0.18406930565834045,-0.04594102129340172,0.6305369734764099,0.1389954388141632,-0.00862810667604208,0.6211110949516296,0.11324970424175262,-0.03129613399505615,0.633209228515625,0.16272008419036865,-0.03561458736658096,0.634527862071991,0.17140282690525055,-0.03513632342219353,0.6602497100830078,0.12445808947086334,-0.01289954874664545,0.6526839137077332,0.10134120285511017,-0.035620544105768204,0.6614968776702881,0.1497446596622467,-0.028650665655732155,0.661984384059906,0.15892544388771057,-0.01989017240703106,0.6893029808998108,0.11594262719154358,-0.018961818888783455,0.6803357601165771,0.09176629781723022,-0.029513731598854065,0.6851165890693665,0.13286201655864716,-0.02033398114144802,0.6864261031150818,0.14810298383235931,-0.01169637218117714,fa
