landmark_0_x,landmark_0_y,landmark_0_z,landmark_1_x,landmark_1_y,landmark_1_z,landmark_2_x,landmark_2_y,landmark_2_z,landmark_3_x,landmark_3_y,landmark_3_z,landmark_4_x,landmark_4_y,landmark_4_z,landmark_5_x,landmark_5_y,landmark_5_z,landmark_6_x,landmark_6_y,landmark_6_z,landmark_7_x,landmark_7_y,landmark_7_z,landmark_8_x,landmark_8_y,landmark_8_z,landmark_9_x,landmark_9_y,landmark_9_z,landmark_10_x,landmark_10_y,landmark_10_z,landmark_11_x,landmark_11_y,landmark_11_z,landmark_12_x,landmark_12_y,landmark_12_z,landmark_13_x,landmark_13_y,landmark_13_z,landmark_14_x,landmark_14_y,landmark_14_z,landmark_15_x,landmark_15_y,landmark_15_z,landmark_16_x,landmark_16_y,landmark_16_z,landmark_17_x,landmark_17_y,landmark_17_z,landmark_18_x,landmark_18_y,landmark_18_z,landmark_19_x,landmark_19_y,landmark_19_z,landmark_20_x,landmark_20_y,landmark_20_z,class
0.9042457342147827,0.45230644941329956,-2.818309212671011e-07,0.8566733002662659,0.4551672339439392,-0.018443657085299492,0.8072963953018188,0.4517151415348053,-0.02955658920109272,0.7673805356025696,0.4454265236854553,-0.04060367867350578,0.7378284931182861,0.44864240288734436,-0.04850216582417488,0.8185003399848938,0.37246933579444885,-0.004619706887751818,0.8070321083068848,0.34642642736434937,-0.022327089682221413,0.8214414715766907,0.38036835193634033,-0.03213990107178688,0.8249542713165283,0.3897508680820465,-0.03737644851207733,0.8435837030410767,0.3517734408378601,-0.0036665531806647778,0.8327770233154297,0.32976609468460083,-0.022146329283714294,0.8469050526618958,0.36883020401000977,-0.026002369821071625,0.8487831354141235,0.37530583143234253,-0.025667890906333923,0.8688269853591919,0.337238073348999,-0.006783125456422567,0.8606467247009277,0.3193204998970032,-0.025310827419161797,0.871117889881134,0.3567492961883545,-0.01933186687529087,0.8723011016845703,0.36397120356559753,-0.011805928312242031,0.8948469758033752,0.32714220881462097,-0.01157462503761053,0.8860759139060974,0.3082343637943268,-0.018756400793790817,0.8914629220962524,0.3406165540218353,-0.01061259675770998,0.8936091661453247,0.3512781262397766,-0.003194366814568639,fa
