landmark_0_x,landmark_0_y,landmark_0_z,landmark_1_x,landmark_1_y,landmark_1_z,landmark_2_x,landmark_2_y,landmark_2_z,landmark_3_x,landmark_3_y,landmark_3_z,landmark_4_x,landmark_4_y,landmark_4_z,landmark_5_x,landmark_5_y,landmark_5_z,landmark_6_x,landmark_6_y,landmark_6_z,landmark_7_x,landmark_7_y,landmark_7_z,landmark_8_x,landmark_8_y,landmark_8_z,landmark_9_x,landmark_9_y,landmark_9_z,landmark_10_x,landmark_10_y,landmark_10_z,landmark_11_x,landmark_11_y,landmark_11_z,landmark_12_x,landmark_12_y,landmark_12_z,landmark_13_x,landmark_13_y,landmark_13_z,landmark_14_x,landmark_14_y,landmark_14_z,landmark_15_x,landmark_15_y,landmark_15_z,landmark_16_x,landmark_16_y,landmark_16_z,landmark_17_x,landmark_17_y,landmark_17_z,landmark_18_x,landmark_18_y,landmark_18_z,landmark_19_x,landmark_19_y,landmark_19_z,landmark_20_x,landmark_20_y,landmark_20_z,class
0.7583563923835754,0.6305066347122192,-4.3555908746384375e-07,0.7079311013221741,0.6545279622077942,-0.022625213488936424,0.6465374827384949,0.6603471636772156,-0.03482608124613762,0.5994186997413635,0.6701929569244385,-0.046302568167448044,0.5658843517303467,0.6854711771011353,-0.05271623656153679,0.6402460932731628,0.5648910403251648,-0.009924691170454025,0.6227415800094604,0.5485632419586182,-0.03356825187802315,0.6529667377471924,0.5836181044578552,-0.042487982660532,0.6607685685157776,0.5891457200050354,-0.04637763649225235,0.664963960647583,0.5313723087310791,-0.00934976153075695,0.6511155962944031,0.5263591408729553,-0.036468468606472015,0.6813810467720032,0.5716938972473145,-0.03929460793733597,0.6798484325408936,0.567319929599762,-0.03612659126520157,0.6921876668930054,0.5061212778091431,-0.013616219162940979,0.6809044480323792,0.5040487051010132,-0.040885671973228455,0.7052117586135864,0.5485355854034424,-0.03127482905983925,0.7029649615287781,0.5423822402954102,-0.019258767366409302,0.7192173004150391,0.48672232031822205,-0.01977819949388504,0.7082083225250244,0.48294857144355774,-0.031123755499720573,0.7233707904815674,0.5190001726150513,-0.020597994327545166,0.7259770631790161,0.517956018447876,-0.010288765653967857,fa
