landmark_0_x,landmark_0_y,landmark_0_z,landmark_1_x,landmark_1_y,landmark_1_z,landmark_2_x,landmark_2_y,landmark_2_z,landmark_3_x,landmark_3_y,landmark_3_z,landmark_4_x,landmark_4_y,landmark_4_z,landmark_5_x,landmark_5_y,landmark_5_z,landmark_6_x,landmark_6_y,landmark_6_z,landmark_7_x,landmark_7_y,landmark_7_z,landmark_8_x,landmark_8_y,landmark_8_z,landmark_9_x,landmark_9_y,landmark_9_z,landmark_10_x,landmark_10_y,landmark_10_z,landmark_11_x,landmark_11_y,landmark_11_z,landmark_12_x,landmark_12_y,landmark_12_z,landmark_13_x,landmark_13_y,landmark_13_z,landmark_14_x,landmark_14_y,landmark_14_z,landmark_15_x,landmark_15_y,landmark_15_z,landmark_16_x,landmark_16_y,landmark_16_z,landmark_17_x,landmark_17_y,landmark_17_z,landmark_18_x,landmark_18_y,landmark_18_z,landmark_19_x,landmark_19_y,landmark_19_z,landmark_20_x,landmark_20_y,landmark_20_z,class
0.8637099862098694,0.30657827854156494,-2.8795787443414156e-07,0.8193626403808594,0.30575117468833923,-0.03602093458175659,0.7670361399650574,0.29323914647102356,-0.056644171476364136,0.7209463119506836,0.28098541498184204,-0.07413870841264725,0.6819763779640198,0.2811870574951172,-0.08652704209089279,0.7629925608634949,0.2017083764076233,-0.020799029618501663,0.7710156440734863,0.16962745785713196,-0.04789966344833374,0.7892965078353882,0.21193407475948334,-0.06173715740442276,0.781536877155304,0.22537879645824432,-0.06898796558380127,0.7938791513442993,0.177321657538414,-0.014015733264386654,0.7962708473205566,0.14770448207855225,-0.04373802989721298,0.8156710267066956,0.20057226717472076,-0.049806974828243256,0.8052240610122681,0.20810963213443756,-0.048951826989650726,0.8257302045822144,0.16284027695655823,-0.013078493066132069,0.8306593894958496,0.13880710303783417,-0.04332217201590538,0.843106210231781,0.1859874427318573,-0.03764721751213074,0.8333909511566162,0.1972842514514923,-0.02773432433605194,0.8551209568977356,0.15445467829704285,-0.014857037924230099,0.8596869707107544,0.1283400058746338,-0.02968590147793293,0.8640192747116089,0.1647726595401764,-0.02295623905956745,0.8566480875015259,0.18104413151741028,-0.014920126646757126,fa
