landmark_0_x,landmark_0_y,landmark_0_z,landmark_1_x,landmark_1_y,landmark_1_z,landmark_2_x,landmark_2_y,landmark_2_z,landmark_3_x,landmark_3_y,landmark_3_z,landmark_4_x,landmark_4_y,landmark_4_z,landmark_5_x,landmark_5_y,landmark_5_z,landmark_6_x,landmark_6_y,landmark_6_z,landmark_7_x,landmark_7_y,landmark_7_z,landmark_8_x,landmark_8_y,landmark_8_z,landmark_9_x,landmark_9_y,landmark_9_z,landmark_10_x,landmark_10_y,landmark_10_z,landmark_11_x,landmark_11_y,landmark_11_z,landmark_12_x,landmark_12_y,landmark_12_z,landmark_13_x,landmark_13_y,landmark_13_z,landmark_14_x,landmark_14_y,landmark_14_z,landmark_15_x,landmark_15_y,landmark_15_z,landmark_16_x,landmark_16_y,landmark_16_z,landmark_17_x,landmark_17_y,landmark_17_z,landmark_18_x,landmark_18_y,landmark_18_z,landmark_19_x,landmark_19_y,landmark_19_z,landmark_20_x,landmark_20_y,landmark_20_z,class
0.9091359376907349,0.6563239097595215,-3.6511963230623223e-07,0.8676488995552063,0.6625547409057617,-0.02450423315167427,0.8171834945678711,0.6537803411483765,-0.037521976977586746,0.7764065861701965,0.6462689638137817,-0.04884710907936096,0.7438971400260925,0.6486685872077942,-0.055857859551906586,0.8141545057296753,0.5775359869003296,-0.0118987075984478,0.8157342672348022,0.549266517162323,-0.03431107476353645,0.8345018625259399,0.5872711539268494,-0.04517974704504013,0.834358274936676,0.6004565358161926,-0.050927869975566864,0.842036247253418,0.553504467010498,-0.00995958223938942,0.8436019420623779,0.5321153402328491,-0.0340568833053112,0.8596365451812744,0.5792261362075806,-0.03869221732020378,0.8538891077041626,0.5881889462471008,-0.038077205419540405,0.8703566193580627,0.538512110710144,-0.012717301025986671,0.8732331991195679,0.5220377445220947,-0.037747159600257874,0.8839113712310791,0.565751314163208,-0.03186626359820366,0.8771585822105408,0.5750108361244202,-0.023229671642184258,0.897500216960907,0.5288802981376648,-0.017374815419316292,0.8974229097366333,0.5132356882095337,-0.030044496059417725,0.9032099843025208,0.5494656562805176,-0.022945623844861984,0.8983548879623413,0.5624531507492065,-0.015307951718568802,fa
