landmark_0_x,landmark_0_y,landmark_0_z,landmark_1_x,landmark_1_y,landmark_1_z,landmark_2_x,landmark_2_y,landmark_2_z,landmark_3_x,landmark_3_y,landmark_3_z,landmark_4_x,landmark_4_y,landmark_4_z,landmark_5_x,landmark_5_y,landmark_5_z,landmark_6_x,landmark_6_y,landmark_6_z,landmark_7_x,landmark_7_y,landmark_7_z,landmark_8_x,landmark_8_y,landmark_8_z,landmark_9_x,landmark_9_y,landmark_9_z,landmark_10_x,landmark_10_y,landmark_10_z,landmark_11_x,landmark_11_y,landmark_11_z,landmark_12_x,landmark_12_y,landmark_12_z,landmark_13_x,landmark_13_y,landmark_13_z,landmark_14_x,landmark_14_y,landmark_14_z,landmark_15_x,landmark_15_y,landmark_15_z,landmark_16_x,landmark_16_y,landmark_16_z,landmark_17_x,landmark_17_y,landmark_17_z,landmark_18_x,landmark_18_y,landmark_18_z,landmark_19_x,landmark_19_y,landmark_19_z,landmark_20_x,landmark_20_y,landmark_20_z,class
0.8614011406898499,0.4806806743144989,-4.772024340127246e-07,0.7969314455986023,0.5016083121299744,-0.034386616200208664,0.7166594862937927,0.5041738748550415,-0.053462062031030655,0.6536382436752319,0.508373498916626,-0.07013722509145737,0.608695387840271,0.523881733417511,-0.08098717033863068,0.713731586933136,0.38455018401145935,-0.018938250839710236,0.7074601054191589,0.349698543548584,-0.049107879400253296,0.7364242672920227,0.3970012962818146,-0.06286164373159409,0.737186849117279,0.4074009954929352,-0.07087496668100357,0.7518264055252075,0.3418353497982025,-0.01702173240482807,0.7416766881942749,0.3106631934642792,-0.0535174161195755,0.7721439599990845,0.37359297275543213,-0.05962905287742615,0.7695969343185425,0.38103172183036804,-0.05732748657464981,0.7908703684806824,0.3112487196922302,-0.02132033370435238,0.7847406268119812,0.2925652861595154,-0.05767618864774704,0.8082430958747864,0.3527165949344635,-0.04751855134963989,0.8034156560897827,0.358387291431427,-0.0337105467915535,0.8296540379524231,0.2899417579174042,-0.028417086228728294,0.8219252824783325,0.2746460437774658,-0.045475300401449203,0.8367516994476318,0.32530665397644043,-0.03362075984477997,0.8353644609451294,0.33627110719680786,-0.021825946867465973,fa
