landmark_0_x,landmark_0_y,landmark_0_z,landmark_1_x,landmark_1_y,landmark_1_z,landmark_2_x,landmark_2_y,landmark_2_z,landmark_3_x,landmark_3_y,landmark_3_z,landmark_4_x,landmark_4_y,landmark_4_z,landmark_5_x,landmark_5_y,landmark_5_z,landmark_6_x,landmark_6_y,landmark_6_z,landmark_7_x,landmark_7_y,landmark_7_z,landmark_8_x,landmark_8_y,landmark_8_z,landmark_9_x,landmark_9_y,landmark_9_z,landmark_10_x,landmark_10_y,landmark_10_z,landmark_11_x,landmark_11_y,landmark_11_z,landmark_12_x,landmark_12_y,landmark_12_z,landmark_13_x,landmark_13_y,landmark_13_z,landmark_14_x,landmark_14_y,landmark_14_z,landmark_15_x,landmark_15_y,landmark_15_z,landmark_16_x,landmark_16_y,landmark_16_z,landmark_17_x,landmark_17_y,landmark_17_z,landmark_18_x,landmark_18_y,landmark_18_z,landmark_19_x,landmark_19_y,landmark_19_z,landmark_20_x,landmark_20_y,landmark_20_z,class
0.9156832695007324,0.5593684911727905,-6.735695023962762e-07,0.8415051102638245,0.5824142098426819,-0.025053227320313454,0.7591763734817505,0.5904661417007446,-0.04410765692591667,0.7019238471984863,0.6008276343345642,-0.0640278086066246,0.6598759889602661,0.6287103295326233,-0.08048175275325775,0.7544429898262024,0.446379154920578,-0.019907677546143532,0.7564435601234436,0.41764968633651733,-0.05562716722488403,0.7886757254600525,0.4661102592945099,-0.07796667516231537,0.7977439761161804,0.49368739128112793,-0.0906263068318367,0.7940938472747803,0.39445123076438904,-0.02535553090274334,0.7943493127822876,0.37419337034225464,-0.05885297805070877,0.823771595954895,0.43213826417922974,-0.0673859715461731,0.8281732797622681,0.4541093409061432,-0.07001270353794098,0.8366153240203857,0.3562111556529999,-0.03641606867313385,0.834145724773407,0.3362939953804016,-0.06730445474386215,0.8559592962265015,0.3961992859840393,-0.05862617492675781,0.8565119504928589,0.4212939441204071,-0.04879549518227577,0.8787325620651245,0.32893258333206177,-0.050390444695949554,0.8723187446594238,0.3036213517189026,-0.06487990915775299,0.8848066926002502,0.3542213439941406,-0.052829235792160034,0.8844327330589294,0.380506694316864,-0.04196375980973244,fa
