landmark_0_x,landmark_0_y,landmark_0_z,landmark_1_x,landmark_1_y,landmark_1_z,landmark_2_x,landmark_2_y,landmark_2_z,landmark_3_x,landmark_3_y,landmark_3_z,landmark_4_x,landmark_4_y,landmark_4_z,landmark_5_x,landmark_5_y,landmark_5_z,landmark_6_x,landmark_6_y,landmark_6_z,landmark_7_x,landmark_7_y,landmark_7_z,landmark_8_x,landmark_8_y,landmark_8_z,landmark_9_x,landmark_9_y,landmark_9_z,landmark_10_x,landmark_10_y,landmark_10_z,landmark_11_x,landmark_11_y,landmark_11_z,landmark_12_x,landmark_12_y,landmark_12_z,landmark_13_x,landmark_13_y,landmark_13_z,landmark_14_x,landmark_14_y,landmark_14_z,landmark_15_x,landmark_15_y,landmark_15_z,landmark_16_x,landmark_16_y,landmark_16_z,landmark_17_x,landmark_17_y,landmark_17_z,landmark_18_x,landmark_18_y,landmark_18_z,landmark_19_x,landmark_19_y,landmark_19_z,landmark_20_x,landmark_20_y,landmark_20_z,class
0.8497042655944824,0.8159388899803162,-5.348001650418155e-07,0.7779303789138794,0.8517441749572754,-0.028811275959014893,0.6979379057884216,0.8688205480575562,-0.05091274529695511,0.6324475407600403,0.8866614103317261,-0.07207557559013367,0.5824403166770935,0.9129400253295898,-0.08779503405094147,0.6756213307380676,0.7244143486022949,-0.02211027964949608,0.672062337398529,0.7242844104766846,-0.054723069071769714,0.7084683775901794,0.7648751139640808,-0.07145421206951141,0.721969723701477,0.7686620354652405,-0.08039911836385727,0.7133165597915649,0.6778563261032104,-0.024672705680131912,0.7132057547569275,0.683094322681427,-0.056162022054195404,0.743215799331665,0.7342731952667236,-0.06079445779323578,0.7484003901481628,0.7361613512039185,-0.060248468071222305,0.7564563751220703,0.6445881724357605,-0.032564908266067505,0.7571296691894531,0.6536320447921753,-0.06222940608859062,0.7809959053993225,0.7073302268981934,-0.04875018447637558,0.7839055061340332,0.7082380056381226,-0.03517786040902138,0.799516499042511,0.618156373500824,-0.04373559355735779,0.7935668230056763,0.6177183389663696,-0.05585652217268944,0.8104509711265564,0.6626077890396118,-0.041001200675964355,0.8161638379096985,0.6672371625900269,-0.027662482112646103,fa
