landmark_0_x,landmark_0_y,landmark_0_z,landmark_1_x,landmark_1_y,landmark_1_z,landmark_2_x,landmark_2_y,landmark_2_z,landmark_3_x,landmark_3_y,landmark_3_z,landmark_4_x,landmark_4_y,landmark_4_z,landmark_5_x,landmark_5_y,landmark_5_z,landmark_6_x,landmark_6_y,landmark_6_z,landmark_7_x,landmark_7_y,landmark_7_z,landmark_8_x,landmark_8_y,landmark_8_z,landmark_9_x,landmark_9_y,landmark_9_z,landmark_10_x,landmark_10_y,landmark_10_z,landmark_11_x,landmark_11_y,landmark_11_z,landmark_12_x,landmark_12_y,landmark_12_z,landmark_13_x,landmark_13_y,landmark_13_z,landmark_14_x,landmark_14_y,landmark_14_z,landmark_15_x,landmark_15_y,landmark_15_z,landmark_16_x,landmark_16_y,landmark_16_z,landmark_17_x,landmark_17_y,landmark_17_z,landmark_18_x,landmark_18_y,landmark_18_z,landmark_19_x,landmark_19_y,landmark_19_z,landmark_20_x,landmark_20_y,landmark_20_z,class
0.7285451889038086,0.38489270210266113,-6.494454964922625e-07,0.6501246690750122,0.42081964015960693,-0.04486840218305588,0.5513423681259155,0.4341672658920288,-0.07047177851200104,0.46968528628349304,0.45150026679039,-0.09370028227567673,0.4133570194244385,0.4768078327178955,-0.10823596268892288,0.5393773317337036,0.27943575382232666,-0.026046978309750557,0.5088744163513184,0.2383534014225006,-0.06708703935146332,0.557772696018219,0.3013625144958496,-0.08308671414852142,0.5721508264541626,0.31916308403015137,-0.08953512459993362,0.5827587842941284,0.22730955481529236,-0.0215574000030756,0.5597788691520691,0.19636160135269165,-0.06747450679540634,0.606148898601532,0.27565205097198486,-0.07347945123910904,0.6058526635169983,0.2798575758934021,-0.06955892592668533,0.6291317939758301,0.18703195452690125,-0.025300849229097366,0.6096508502960205,0.1524968296289444,-0.0705324187874794,0.6438829302787781,0.2282920777797699,-0.054958276450634,0.643686056137085,0.2345074564218521,-0.03523091599345207,0.6744242906570435,0.1551634520292282,-0.032742153853178024,0.6520099639892578,0.11827152967453003,-0.052404746413230896,0.6713595390319824,0.18223917484283447,-0.03490416333079338,0.6761319041252136,0.20070934295654297,-0.017508327960968018,fa
