landmark_0_x,landmark_0_y,landmark_0_z,landmark_1_x,landmark_1_y,landmark_1_z,landmark_2_x,landmark_2_y,landmark_2_z,landmark_3_x,landmark_3_y,landmark_3_z,landmark_4_x,landmark_4_y,landmark_4_z,landmark_5_x,landmark_5_y,landmark_5_z,landmark_6_x,landmark_6_y,landmark_6_z,landmark_7_x,landmark_7_y,landmark_7_z,landmark_8_x,landmark_8_y,landmark_8_z,landmark_9_x,landmark_9_y,landmark_9_z,landmark_10_x,landmark_10_y,landmark_10_z,landmark_11_x,landmark_11_y,landmark_11_z,landmark_12_x,landmark_12_y,landmark_12_z,landmark_13_x,landmark_13_y,landmark_13_z,landmark_14_x,landmark_14_y,landmark_14_z,landmark_15_x,landmark_15_y,landmark_15_z,landmark_16_x,landmark_16_y,landmark_16_z,landmark_17_x,landmark_17_y,landmark_17_z,landmark_18_x,landmark_18_y,landmark_18_z,landmark_19_x,landmark_19_y,landmark_19_z,landmark_20_x,landmark_20_y,landmark_20_z,class
0.7989250421524048,0.4650438129901886,-5.4263841775537e-07,0.7308892607688904,0.4986317753791809,-0.02517625316977501,0.65220046043396,0.5243945121765137,-0.04367024824023247,0.5920791029930115,0.5459860563278198,-0.0623287595808506,0.5481283664703369,0.5671318769454956,-0.0769701898097992,0.6480458378791809,0.39134451746940613,-0.01655680686235428,0.628427267074585,0.3801730275154114,-0.04391724616289139,0.6603307723999023,0.4182797074317932,-0.06048574671149254,0.6745570302009583,0.42578932642936707,-0.07081856578588486,0.6803140044212341,0.34500816464424133,-0.018646828830242157,0.6636773347854614,0.33880874514579773,-0.046393755823373795,0.6931979060173035,0.3885040879249573,-0.05301109701395035,0.7014688849449158,0.39375030994415283,-0.05555803328752518,0.7163378000259399,0.31078222393989563,-0.025396274402737617,0.7004383206367493,0.30459851026535034,-0.0516558438539505,0.7234202027320862,0.3570128083229065,-0.040384817868471146,0.7300328016281128,0.36318066716194153,-0.029855776578187943,0.7528923153877258,0.2855815589427948,-0.034757230430841446,0.7340993881225586,0.274847149848938,-0.04466415196657181,0.7476027011871338,0.32571572065353394,-0.0296898502856493,0.7550173401832581,0.34153977036476135,-0.017969468608498573,fa
