landmark_0_x,landmark_0_y,landmark_0_z,landmark_1_x,landmark_1_y,landmark_1_z,landmark_2_x,landmark_2_y,landmark_2_z,landmark_3_x,landmark_3_y,landmark_3_z,landmark_4_x,landmark_4_y,landmark_4_z,landmark_5_x,landmark_5_y,landmark_5_z,landmark_6_x,landmark_6_y,landmark_6_z,landmark_7_x,landmark_7_y,landmark_7_z,landmark_8_x,landmark_8_y,landmark_8_z,landmark_9_x,landmark_9_y,landmark_9_z,landmark_10_x,landmark_10_y,landmark_10_z,landmark_11_x,landmark_11_y,landmark_11_z,landmark_12_x,landmark_12_y,landmark_12_z,landmark_13_x,landmark_13_y,landmark_13_z,landmark_14_x,landmark_14_y,landmark_14_z,landmark_15_x,landmark_15_y,landmark_15_z,landmark_16_x,landmark_16_y,landmark_16_z,landmark_17_x,landmark_17_y,landmark_17_z,landmark_18_x,landmark_18_y,landmark_18_z,landmark_19_x,landmark_19_y,landmark_19_z,landmark_20_x,landmark_20_y,landmark_20_z,class
0.9149016737937927,0.7077955007553101,-6.874618065921823e-07,0.8447796702384949,0.7358177900314331,-0.030577320605516434,0.7734063863754272,0.7457847595214844,-0.05694103240966797,0.7172389030456543,0.7590675354003906,-0.08323871344327927,0.6739768981933594,0.790691614151001,-0.10622452199459076,0.761416494846344,0.5872339010238647,-0.036427274346351624,0.7514546513557434,0.5701263546943665,-0.07086069881916046,0.7814326882362366,0.620176374912262,-0.08854395151138306,0.7954387664794922,0.6328688859939575,-0.09893641620874405,0.8018265962600708,0.537466287612915,-0.04108886048197746,0.7943563461303711,0.5252888202667236,-0.07414327561855316,0.819688081741333,0.588159441947937,-0.07978616654872894,0.8279783725738525,0.5995920896530151,-0.08137033879756927,0.8464009761810303,0.5023852586746216,-0.05023494362831116,0.841657817363739,0.49707257747650146,-0.07828718423843384,0.8613329529762268,0.561508059501648,-0.06524159759283066,0.866276741027832,0.5741967558860779,-0.05459882318973541,0.8924800753593445,0.47539427876472473,-0.06312447786331177,0.882194459438324,0.4588943421840668,-0.07452578842639923,0.8931661248207092,0.5165884494781494,-0.05900655686855316,0.8977700471878052,0.5375853180885315,-0.04671620950102806,fa
