landmark_0_x,landmark_0_y,landmark_0_z,landmark_1_x,landmark_1_y,landmark_1_z,landmark_2_x,landmark_2_y,landmark_2_z,landmark_3_x,landmark_3_y,landmark_3_z,landmark_4_x,landmark_4_y,landmark_4_z,landmark_5_x,landmark_5_y,landmark_5_z,landmark_6_x,landmark_6_y,landmark_6_z,landmark_7_x,landmark_7_y,landmark_7_z,landmark_8_x,landmark_8_y,landmark_8_z,landmark_9_x,landmark_9_y,landmark_9_z,landmark_10_x,landmark_10_y,landmark_10_z,landmark_11_x,landmark_11_y,landmark_11_z,landmark_12_x,landmark_12_y,landmark_12_z,landmark_13_x,landmark_13_y,landmark_13_z,landmark_14_x,landmark_14_y,landmark_14_z,landmark_15_x,landmark_15_y,landmark_15_z,landmark_16_x,landmark_16_y,landmark_16_z,landmark_17_x,landmark_17_y,landmark_17_z,landmark_18_x,landmark_18_y,landmark_18_z,landmark_19_x,landmark_19_y,landmark_19_z,landmark_20_x,landmark_20_y,landmark_20_z,class
0.7469118237495422,0.6382662653923035,-3.7971739175191033e-07,0.697417676448822,0.6598866581916809,-0.017170140519738197,0.6386808156967163,0.6657638549804688,-0.027737541124224663,0.5963118076324463,0.6743183135986328,-0.038561586290597916,0.5652679204940796,0.6913098096847534,-0.045659877359867096,0.6403672695159912,0.5775958299636841,-0.007949343882501125,0.6230165958404541,0.5570483803749084,-0.027846289798617363,0.6458491086959839,0.590879499912262,-0.03605473414063454,0.65146803855896,0.5939590334892273,-0.040501900017261505,0.6641348600387573,0.5490833520889282,-0.009331217966973782,0.6484079360961914,0.5366578698158264,-0.03234029561281204,0.6719833612442017,0.5796418190002441,-0.03414827585220337,0.6737949848175049,0.5758447647094727,-0.03180759400129318,0.6893492937088013,0.527105450630188,-0.014642206951975822,0.675848126411438,0.5165968537330627,-0.036255642771720886,0.6947105526924133,0.5595555901527405,-0.025423172861337662,0.6960997581481934,0.5568944811820984,-0.014523997902870178,0.7147603034973145,0.5102095007896423,-0.021697301417589188,0.7017696499824524,0.4989001750946045,-0.02955435961484909,0.7123996019363403,0.5348168611526489,-0.018193501979112625,0.716428279876709,0.5385317802429199,-0.008632761426270008,fa
