landmark_0_x,landmark_0_y,landmark_0_z,landmark_1_x,landmark_1_y,landmark_1_z,landmark_2_x,landmark_2_y,landmark_2_z,landmark_3_x,landmark_3_y,landmark_3_z,landmark_4_x,landmark_4_y,landmark_4_z,landmark_5_x,landmark_5_y,landmark_5_z,landmark_6_x,landmark_6_y,landmark_6_z,landmark_7_x,landmark_7_y,landmark_7_z,landmark_8_x,landmark_8_y,landmark_8_z,landmark_9_x,landmark_9_y,landmark_9_z,landmark_10_x,landmark_10_y,landmark_10_z,landmark_11_x,landmark_11_y,landmark_11_z,landmark_12_x,landmark_12_y,landmark_12_z,landmark_13_x,landmark_13_y,landmark_13_z,landmark_14_x,landmark_14_y,landmark_14_z,landmark_15_x,landmark_15_y,landmark_15_z,landmark_16_x,landmark_16_y,landmark_16_z,landmark_17_x,landmark_17_y,landmark_17_z,landmark_18_x,landmark_18_y,landmark_18_z,landmark_19_x,landmark_19_y,landmark_19_z,landmark_20_x,landmark_20_y,landmark_20_z,class
0.786109983921051,0.5798012018203735,-6.084988513066492e-07,0.7127708196640015,0.6188936233520508,-0.025212621316313744,0.6278604865074158,0.6410962343215942,-0.04179583117365837,0.5649484992027283,0.6606729626655579,-0.05854104831814766,0.5186026692390442,0.6846708059310913,-0.07054790109395981,0.6143980026245117,0.49988049268722534,-0.014394599013030529,0.5991759896278381,0.49981793761253357,-0.04350988194346428,0.6359413862228394,0.539953351020813,-0.059999220073223114,0.650091290473938,0.5432242155075073,-0.07015354186296463,0.6475180983543396,0.44810354709625244,-0.017586370930075645,0.6353886723518372,0.4551253914833069,-0.04790215194225311,0.6711899042129517,0.5099784731864929,-0.05324127525091171,0.6796995401382446,0.5094671249389648,-0.05343880131840706,0.6876773834228516,0.4104675054550171,-0.025938859209418297,0.676077663898468,0.41626161336898804,-0.05594775453209877,0.7045418620109558,0.47275710105895996,-0.042976170778274536,0.711124837398529,0.47271886467933655,-0.029666515067219734,0.7297344207763672,0.3840146064758301,-0.03693610802292824,0.7130897045135498,0.37749266624450684,-0.04920729622244835,0.7301478385925293,0.4264904260635376,-0.03363677114248276,0.7383857369422913,0.4331052899360657,-0.02021484076976776,fa
