landmark_0_x,landmark_0_y,landmark_0_z,landmark_1_x,landmark_1_y,landmark_1_z,landmark_2_x,landmark_2_y,landmark_2_z,landmark_3_x,landmark_3_y,landmark_3_z,landmark_4_x,landmark_4_y,landmark_4_z,landmark_5_x,landmark_5_y,landmark_5_z,landmark_6_x,landmark_6_y,landmark_6_z,landmark_7_x,landmark_7_y,landmark_7_z,landmark_8_x,landmark_8_y,landmark_8_z,landmark_9_x,landmark_9_y,landmark_9_z,landmark_10_x,landmark_10_y,landmark_10_z,landmark_11_x,landmark_11_y,landmark_11_z,landmark_12_x,landmark_12_y,landmark_12_z,landmark_13_x,landmark_13_y,landmark_13_z,landmark_14_x,landmark_14_y,landmark_14_z,landmark_15_x,landmark_15_y,landmark_15_z,landmark_16_x,landmark_16_y,landmark_16_z,landmark_17_x,landmark_17_y,landmark_17_z,landmark_18_x,landmark_18_y,landmark_18_z,landmark_19_x,landmark_19_y,landmark_19_z,landmark_20_x,landmark_20_y,landmark_20_z,class
0.8949009776115417,0.332552969455719,-3.9950015207068645e-07,0.8488606214523315,0.3373778760433197,-0.025648362934589386,0.7981206774711609,0.33044394850730896,-0.040411368012428284,0.7549570798873901,0.32201364636421204,-0.05449245125055313,0.720513105392456,0.3228994309902191,-0.06417741626501083,0.8037562370300293,0.2492925226688385,-0.013034832663834095,0.802720308303833,0.21816591918468475,-0.035931579768657684,0.8204321265220642,0.25426608324050903,-0.046929676085710526,0.8206888437271118,0.2690592408180237,-0.051752299070358276,0.8324477076530457,0.22415216267108917,-0.009813971817493439,0.8325384855270386,0.2010873258113861,-0.03176746889948845,0.8493177890777588,0.24461153149604797,-0.034826088696718216,0.8449625372886658,0.25118735432624817,-0.034045517444610596,0.8610403537750244,0.20482522249221802,-0.011626753024756908,0.8604159951210022,0.18065914511680603,-0.035630207508802414,0.8712863326072693,0.2229013741016388,-0.030174564570188522,0.8679476976394653,0.23513439297676086,-0.02185973897576332,0.888153612613678,0.18860173225402832,-0.015479075722396374,0.8837113976478577,0.15397676825523376,-0.026650460436940193,0.8846665620803833,0.1859489381313324,-0.019748017191886902,0.8804068565368652,0.20467010140419006,-0.012276454828679562,fa
