landmark_0_x,landmark_0_y,landmark_0_z,landmark_1_x,landmark_1_y,landmark_1_z,landmark_2_x,landmark_2_y,landmark_2_z,landmark_3_x,landmark_3_y,landmark_3_z,landmark_4_x,landmark_4_y,landmark_4_z,landmark_5_x,landmark_5_y,landmark_5_z,landmark_6_x,landmark_6_y,landmark_6_z,landmark_7_x,landmark_7_y,landmark_7_z,landmark_8_x,landmark_8_y,landmark_8_z,landmark_9_x,landmark_9_y,landmark_9_z,landmark_10_x,landmark_10_y,landmark_10_z,landmark_11_x,landmark_11_y,landmark_11_z,landmark_12_x,landmark_12_y,landmark_12_z,landmark_13_x,landmark_13_y,landmark_13_z,landmark_14_x,landmark_14_y,landmark_14_z,landmark_15_x,landmark_15_y,landmark_15_z,landmark_16_x,landmark_16_y,landmark_16_z,landmark_17_x,landmark_17_y,landmark_17_z,landmark_18_x,landmark_18_y,landmark_18_z,landmark_19_x,landmark_19_y,landmark_19_z,landmark_20_x,landmark_20_y,landmark_20_z,class
0.7849382758140564,0.5830467343330383,-3.7906536931586743e-07,0.7384050488471985,0.6038917899131775,-0.024233516305685043,0.6789973378181458,0.6118401885032654,-0.037237219512462616,0.635381817817688,0.620063841342926,-0.048480287194252014,0.6048728227615356,0.6370479464530945,-0.05498815327882767,0.6738634705543518,0.524058997631073,-0.015324940904974937,0.6687020659446716,0.49718374013900757,-0.03647846728563309,0.6938520073890686,0.5322986841201782,-0.04346843436360359,0.692249059677124,0.5394446849822998,-0.04684305936098099,0.7001765966415405,0.4929080009460449,-0.013310076668858528,0.6955029964447021,0.47214841842651367,-0.03871121257543564,0.7211470007896423,0.5195295214653015,-0.039988525211811066,0.7147893905639648,0.5216639041900635,-0.03657941892743111,0.7270577549934387,0.4704444408416748,-0.015605323947966099,0.7258293032646179,0.4541911482810974,-0.04082934558391571,0.7442151308059692,0.49955689907073975,-0.030636588111519814,0.7377535104751587,0.5043044090270996,-0.019283002242445946,0.7526885867118835,0.45469382405281067,-0.01995849795639515,0.7510610222816467,0.4419822692871094,-0.030943797901272774,0.7631734013557434,0.4803316295146942,-0.021014515310525894,0.7606843113899231,0.49010562896728516,-0.01189461536705494,fa
