landmark_0_x,landmark_0_y,landmark_0_z,landmark_1_x,landmark_1_y,landmark_1_z,landmark_2_x,landmark_2_y,landmark_2_z,landmark_3_x,landmark_3_y,landmark_3_z,landmark_4_x,landmark_4_y,landmark_4_z,landmark_5_x,landmark_5_y,landmark_5_z,landmark_6_x,landmark_6_y,landmark_6_z,landmark_7_x,landmark_7_y,landmark_7_z,landmark_8_x,landmark_8_y,landmark_8_z,landmark_9_x,landmark_9_y,landmark_9_z,landmark_10_x,landmark_10_y,landmark_10_z,landmark_11_x,landmark_11_y,landmark_11_z,landmark_12_x,landmark_12_y,landmark_12_z,landmark_13_x,landmark_13_y,landmark_13_z,landmark_14_x,landmark_14_y,landmark_14_z,landmark_15_x,landmark_15_y,landmark_15_z,landmark_16_x,landmark_16_y,landmark_16_z,landmark_17_x,landmark_17_y,landmark_17_z,landmark_18_x,landmark_18_y,landmark_18_z,landmark_19_x,landmark_19_y,landmark_19_z,landmark_20_x,landmark_20_y,landmark_20_z,class
0.8789642453193665,0.31121811270713806,-3.242285799842648e-07,0.8338445425033569,0.3111822009086609,-0.029484257102012634,0.7832852602005005,0.30053722858428955,-0.046512577682733536,0.7398736476898193,0.2890031039714813,-0.06206084415316582,0.7047309875488281,0.2896277904510498,-0.07354345917701721,0.788445234298706,0.21655666828155518,-0.014468970708549023,0.7891842126846313,0.18383106589317322,-0.0388384647667408,0.8053858280181885,0.22259171307086945,-0.052808720618486404,0.8071288466453552,0.24086549878120422,-0.05974355712532997,0.8187327980995178,0.19362570345401764,-0.009916766546666622,0.8179235458374023,0.16666179895401,-0.03409338742494583,0.8330187797546387,0.21343743801116943,-0.040221668779850006,0.8302666544914246,0.22561374306678772,-0.0407959520816803,0.8483487963676453,0.17767320573329926,-0.0107636209577322,0.8491618037223816,0.15155330300331116,-0.036476556211709976,0.8594270348548889,0.1958765685558319,-0.032114315778017044,0.857452929019928,0.21105220913887024,-0.023803243413567543,0.8762585520744324,0.16644909977912903,-0.013942665420472622,0.8754870891571045,0.13248583674430847,-0.026151668280363083,0.8789927959442139,0.1675151288509369,-0.018967164680361748,0.8767163753509521,0.18720591068267822,-0.011001969687640667,fa
