landmark_0_x,landmark_0_y,landmark_0_z,landmark_1_x,landmark_1_y,landmark_1_z,landmark_2_x,landmark_2_y,landmark_2_z,landmark_3_x,landmark_3_y,landmark_3_z,landmark_4_x,landmark_4_y,landmark_4_z,landmark_5_x,landmark_5_y,landmark_5_z,landmark_6_x,landmark_6_y,landmark_6_z,landmark_7_x,landmark_7_y,landmark_7_z,landmark_8_x,landmark_8_y,landmark_8_z,landmark_9_x,landmark_9_y,landmark_9_z,landmark_10_x,landmark_10_y,landmark_10_z,landmark_11_x,landmark_11_y,landmark_11_z,landmark_12_x,landmark_12_y,landmark_12_z,landmark_13_x,landmark_13_y,landmark_13_z,landmark_14_x,landmark_14_y,landmark_14_z,landmark_15_x,landmark_15_y,landmark_15_z,landmark_16_x,landmark_16_y,landmark_16_z,landmark_17_x,landmark_17_y,landmark_17_z,landmark_18_x,landmark_18_y,landmark_18_z,landmark_19_x,landmark_19_y,landmark_19_z,landmark_20_x,landmark_20_y,landmark_20_z,class
0.7819450497627258,0.6143476963043213,-9.191062133595551e-08,0.7510479688644409,0.5941733717918396,-0.012710214592516422,0.7322176694869995,0.5706443190574646,-0.02317032404243946,0.7466475963592529,0.5498505234718323,-0.0334763266146183,0.7694849967956543,0.5450741648674011,-0.04243748262524605,0.739753246307373,0.5116629600524902,-0.01073981262743473,0.7517863512039185,0.5010045170783997,-0.030800756067037582,0.7616220116615295,0.5182100534439087,-0.046793822199106216,0.7681547999382019,0.5381881594657898,-0.05552785098552704,0.7648089528083801,0.5086421966552734,-0.012880219146609306,0.7749449014663696,0.49935823678970337,-0.030664242804050446,0.7821251153945923,0.5234827995300293,-0.03981572389602661,0.7844266295433044,0.5423840880393982,-0.043183326721191406,0.7871584892272949,0.513961911201477,-0.017583385109901428,0.7981226444244385,0.5041980147361755,-0.031719379127025604,0.8005580306053162,0.5251049399375916,-0.03134123235940933,0.7987488508224487,0.5413848161697388,-0.027969898656010628,0.8061038255691528,0.5271488428115845,-0.02398751489818096,0.8161109089851379,0.5170455574989319,-0.0312974639236927,0.8144578337669373,0.5335069894790649,-0.027449000626802444,0.8101776838302612,0.5463106632232666,-0.022452745586633682,do
