landmark_0_x,landmark_0_y,landmark_0_z,landmark_1_x,landmark_1_y,landmark_1_z,landmark_2_x,landmark_2_y,landmark_2_z,landmark_3_x,landmark_3_y,landmark_3_z,landmark_4_x,landmark_4_y,landmark_4_z,landmark_5_x,landmark_5_y,landmark_5_z,landmark_6_x,landmark_6_y,landmark_6_z,landmark_7_x,landmark_7_y,landmark_7_z,landmark_8_x,landmark_8_y,landmark_8_z,landmark_9_x,landmark_9_y,landmark_9_z,landmark_10_x,landmark_10_y,landmark_10_z,landmark_11_x,landmark_11_y,landmark_11_z,landmark_12_x,landmark_12_y,landmark_12_z,landmark_13_x,landmark_13_y,landmark_13_z,landmark_14_x,landmark_14_y,landmark_14_z,landmark_15_x,landmark_15_y,landmark_15_z,landmark_16_x,landmark_16_y,landmark_16_z,landmark_17_x,landmark_17_y,landmark_17_z,landmark_18_x,landmark_18_y,landmark_18_z,landmark_19_x,landmark_19_y,landmark_19_z,landmark_20_x,landmark_20_y,landmark_20_z,class
0.6651303768157959,0.8139086961746216,-3.5259358810435515e-07,0.6191155314445496,0.8033525347709656,-0.01326182670891285,0.575314462184906,0.7763606905937195,-0.02215191163122654,0.5684290528297424,0.7368113994598389,-0.030607907101511955,0.6016606688499451,0.7287442088127136,-0.03552344813942909,0.5921724438667297,0.668104350566864,-0.007402808405458927,0.5802572965621948,0.6759474277496338,-0.02339572086930275,0.5840916633605957,0.7053390145301819,-0.03107604943215847,0.5877982974052429,0.7138494849205017,-0.03510327264666557,0.6229076981544495,0.6542313098907471,-0.009782843291759491,0.61204993724823,0.6998125910758972,-0.02419992908835411,0.6185387372970581,0.7383338212966919,-0.023992346599698067,0.6245964169502258,0.7385076284408569,-0.020772961899638176,0.6542118787765503,0.6594938039779663,-0.015409049578011036,0.6460834741592407,0.7085014581680298,-0.027675766497850418,0.6486384868621826,0.7392049431800842,-0.020394640043377876,0.6533896327018738,0.7357577085494995,-0.012630120851099491,0.6854651570320129,0.6740598082542419,-0.023556934669613838,0.6769975423812866,0.7044990062713623,-0.028676150366663933,0.6776351928710938,0.7287040948867798,-0.022661829367280006,0.6830570697784424,0.728710949420929,-0.015662437304854393,do
