landmark_0_x,landmark_0_y,landmark_0_z,landmark_1_x,landmark_1_y,landmark_1_z,landmark_2_x,landmark_2_y,landmark_2_z,landmark_3_x,landmark_3_y,landmark_3_z,landmark_4_x,landmark_4_y,landmark_4_z,landmark_5_x,landmark_5_y,landmark_5_z,landmark_6_x,landmark_6_y,landmark_6_z,landmark_7_x,landmark_7_y,landmark_7_z,landmark_8_x,landmark_8_y,landmark_8_z,landmark_9_x,landmark_9_y,landmark_9_z,landmark_10_x,landmark_10_y,landmark_10_z,landmark_11_x,landmark_11_y,landmark_11_z,landmark_12_x,landmark_12_y,landmark_12_z,landmark_13_x,landmark_13_y,landmark_13_z,landmark_14_x,landmark_14_y,landmark_14_z,landmark_15_x,landmark_15_y,landmark_15_z,landmark_16_x,landmark_16_y,landmark_16_z,landmark_17_x,landmark_17_y,landmark_17_z,landmark_18_x,landmark_18_y,landmark_18_z,landmark_19_x,landmark_19_y,landmark_19_z,landmark_20_x,landmark_20_y,landmark_20_z,class
0.822841227054596,0.22105379402637482,-6.272751562619305e-08,0.7939702868461609,0.18076157569885254,-0.005572672467678785,0.777469277381897,0.1405002623796463,-0.009479774162173271,0.7863392233848572,0.10726852715015411,-0.015706492587924004,0.8070755004882812,0.10403001308441162,-0.02060225047171116,0.7884760499000549,0.1115015298128128,0.008613022975623608,0.7921590805053711,0.08492624759674072,-0.0077765220776200294,0.7974070310592651,0.10149161517620087,-0.021260756999254227,0.8002920746803284,0.11888256669044495,-0.02795100212097168,0.8113468885421753,0.11132806539535522,0.004092463757842779,0.817688524723053,0.09111728519201279,-0.010231798514723778,0.8182999491691589,0.11416347324848175,-0.01735767163336277,0.8165032863616943,0.13225282728672028,-0.019053280353546143,0.8334951400756836,0.11658953875303268,-0.0036416430957615376,0.8394490480422974,0.09858950972557068,-0.01581435091793537,0.83652263879776,0.12231548130512238,-0.013516598381102085,0.8328293561935425,0.13939233124256134,-0.008432558737695217,0.8536914587020874,0.1273752748966217,-0.012647011317312717,0.8580156564712524,0.10709982365369797,-0.015608025714755058,0.8530454039573669,0.12528753280639648,-0.008742542937397957,0.8498385548591614,0.13899505138397217,-0.002073561307042837,do
