landmark_0_x,landmark_0_y,landmark_0_z,landmark_1_x,landmark_1_y,landmark_1_z,landmark_2_x,landmark_2_y,landmark_2_z,landmark_3_x,landmark_3_y,landmark_3_z,landmark_4_x,landmark_4_y,landmark_4_z,landmark_5_x,landmark_5_y,landmark_5_z,landmark_6_x,landmark_6_y,landmark_6_z,landmark_7_x,landmark_7_y,landmark_7_z,landmark_8_x,landmark_8_y,landmark_8_z,landmark_9_x,landmark_9_y,landmark_9_z,landmark_10_x,landmark_10_y,landmark_10_z,landmark_11_x,landmark_11_y,landmark_11_z,landmark_12_x,landmark_12_y,landmark_12_z,landmark_13_x,landmark_13_y,landmark_13_z,landmark_14_x,landmark_14_y,landmark_14_z,landmark_15_x,landmark_15_y,landmark_15_z,landmark_16_x,landmark_16_y,landmark_16_z,landmark_17_x,landmark_17_y,landmark_17_z,landmark_18_x,landmark_18_y,landmark_18_z,landmark_19_x,landmark_19_y,landmark_19_z,landmark_20_x,landmark_20_y,landmark_20_z,class
0.7900195717811584,0.8677153587341309,-1.4918914814643358e-07,0.7667076587677002,0.8455921411514282,-0.011270367540419102,0.7485809922218323,0.8220545053482056,-0.019957754760980606,0.753750205039978,0.8010400533676147,-0.028740236535668373,0.7727934122085571,0.79549241065979,-0.03578769788146019,0.7640998363494873,0.7631284594535828,-0.004938630852848291,0.7690069675445557,0.7533034086227417,-0.02155919186770916,0.7646228671073914,0.7659983038902283,-0.033336956053972244,0.7585523128509521,0.7774391770362854,-0.039407506585121155,0.7842764258384705,0.7633415460586548,-0.006868467200547457,0.7891652584075928,0.7635971307754517,-0.022241506725549698,0.7855467200279236,0.7893290519714355,-0.027525708079338074,0.7829365134239197,0.8008108139038086,-0.02791142649948597,0.802303671836853,0.7714369893074036,-0.011713514104485512,0.808158814907074,0.7731849551200867,-0.024875763803720474,0.8025567531585693,0.7942872047424316,-0.022707020863890648,0.7986867427825928,0.804074764251709,-0.017850404605269432,0.8185120820999146,0.7858392596244812,-0.01824006251990795,0.8226584196090698,0.7829766869544983,-0.024509459733963013,0.8165207505226135,0.7992444038391113,-0.02043740637600422,0.8121187090873718,0.8081021308898926,-0.015193479135632515,do
