landmark_0_x,landmark_0_y,landmark_0_z,landmark_1_x,landmark_1_y,landmark_1_z,landmark_2_x,landmark_2_y,landmark_2_z,landmark_3_x,landmark_3_y,landmark_3_z,landmark_4_x,landmark_4_y,landmark_4_z,landmark_5_x,landmark_5_y,landmark_5_z,landmark_6_x,landmark_6_y,landmark_6_z,landmark_7_x,landmark_7_y,landmark_7_z,landmark_8_x,landmark_8_y,landmark_8_z,landmark_9_x,landmark_9_y,landmark_9_z,landmark_10_x,landmark_10_y,landmark_10_z,landmark_11_x,landmark_11_y,landmark_11_z,landmark_12_x,landmark_12_y,landmark_12_z,landmark_13_x,landmark_13_y,landmark_13_z,landmark_14_x,landmark_14_y,landmark_14_z,landmark_15_x,landmark_15_y,landmark_15_z,landmark_16_x,landmark_16_y,landmark_16_z,landmark_17_x,landmark_17_y,landmark_17_z,landmark_18_x,landmark_18_y,landmark_18_z,landmark_19_x,landmark_19_y,landmark_19_z,landmark_20_x,landmark_20_y,landmark_20_z,class
0.7549304366111755,0.8718279600143433,-4.4912044927514216e-07,0.6958609819412231,0.8540734052658081,-0.03173787519335747,0.6515143513679504,0.8088499307632446,-0.05280041694641113,0.6770929098129272,0.7727834582328796,-0.0699332132935524,0.7310545444488525,0.7709121108055115,-0.08037365972995758,0.6789008975028992,0.662700891494751,-0.027645587921142578,0.6906572580337524,0.6878100633621216,-0.0570494681596756,0.6962315440177917,0.7451125383377075,-0.07187259197235107,0.6973881721496582,0.7470565438270569,-0.0823722705245018,0.7268009185791016,0.6595274806022644,-0.028908750042319298,0.7346738576889038,0.6913703083992004,-0.06038520112633705,0.7327092289924622,0.7527785897254944,-0.06555833667516708,0.7298595905303955,0.7468224167823792,-0.06469188630580902,0.7704716920852661,0.673607587814331,-0.0354621596634388,0.7793566584587097,0.7134865522384644,-0.062547467648983,0.770722508430481,0.7660347819328308,-0.05419488996267319,0.7626290917396545,0.7531705498695374,-0.04474516585469246,0.8127763271331787,0.6994913816452026,-0.04614068195223808,0.8141811490058899,0.7279188632965088,-0.0617954321205616,0.8032941818237305,0.7723819613456726,-0.055596183985471725,0.7951375842094421,0.7683476209640503,-0.04821515083312988,do
