landmark_0_x,landmark_0_y,landmark_0_z,landmark_1_x,landmark_1_y,landmark_1_z,landmark_2_x,landmark_2_y,landmark_2_z,landmark_3_x,landmark_3_y,landmark_3_z,landmark_4_x,landmark_4_y,landmark_4_z,landmark_5_x,landmark_5_y,landmark_5_z,landmark_6_x,landmark_6_y,landmark_6_z,landmark_7_x,landmark_7_y,landmark_7_z,landmark_8_x,landmark_8_y,landmark_8_z,landmark_9_x,landmark_9_y,landmark_9_z,landmark_10_x,landmark_10_y,landmark_10_z,landmark_11_x,landmark_11_y,landmark_11_z,landmark_12_x,landmark_12_y,landmark_12_z,landmark_13_x,landmark_13_y,landmark_13_z,landmark_14_x,landmark_14_y,landmark_14_z,landmark_15_x,landmark_15_y,landmark_15_z,landmark_16_x,landmark_16_y,landmark_16_z,landmark_17_x,landmark_17_y,landmark_17_z,landmark_18_x,landmark_18_y,landmark_18_z,landmark_19_x,landmark_19_y,landmark_19_z,landmark_20_x,landmark_20_y,landmark_20_z,class
0.6033167839050293,0.6147231459617615,-2.772273433038208e-07,0.5629056096076965,0.6060227155685425,-0.016201715916395187,0.5239627957344055,0.5873556137084961,-0.02837364561855793,0.5146218538284302,0.5615729689598083,-0.03902182728052139,0.5398095846176147,0.5499526262283325,-0.04613778740167618,0.5401893854141235,0.48081356287002563,-0.010560152120888233,0.528347373008728,0.5180637836456299,-0.0275766309350729,0.5385488867759705,0.5498077273368835,-0.039140693843364716,0.5453352332115173,0.5454623699188232,-0.04699075594544411,0.5668725967407227,0.46665364503860474,-0.011780599132180214,0.5571166276931763,0.5195159316062927,-0.025742068886756897,0.5662947297096252,0.5496962666511536,-0.028327662497758865,0.5717344284057617,0.5426357388496399,-0.02864331193268299,0.5941025614738464,0.4687687158584595,-0.016063926741480827,0.5854440927505493,0.5227842330932617,-0.026703976094722748,0.5907450914382935,0.5479674339294434,-0.019879059866070747,0.5944135189056396,0.5398582220077515,-0.014103931374847889,0.6207131147384644,0.48026779294013977,-0.023224936798214912,0.6116161346435547,0.5226413607597351,-0.027975214645266533,0.6150924563407898,0.5410168766975403,-0.022979263216257095,0.6184641122817993,0.5347065925598145,-0.01763896830379963,do
