landmark_0_x,landmark_0_y,landmark_0_z,landmark_1_x,landmark_1_y,landmark_1_z,landmark_2_x,landmark_2_y,landmark_2_z,landmark_3_x,landmark_3_y,landmark_3_z,landmark_4_x,landmark_4_y,landmark_4_z,landmark_5_x,landmark_5_y,landmark_5_z,landmark_6_x,landmark_6_y,landmark_6_z,landmark_7_x,landmark_7_y,landmark_7_z,landmark_8_x,landmark_8_y,landmark_8_z,landmark_9_x,landmark_9_y,landmark_9_z,landmark_10_x,landmark_10_y,landmark_10_z,landmark_11_x,landmark_11_y,landmark_11_z,landmark_12_x,landmark_12_y,landmark_12_z,landmark_13_x,landmark_13_y,landmark_13_z,landmark_14_x,landmark_14_y,landmark_14_z,landmark_15_x,landmark_15_y,landmark_15_z,landmark_16_x,landmark_16_y,landmark_16_z,landmark_17_x,landmark_17_y,landmark_17_z,landmark_18_x,landmark_18_y,landmark_18_z,landmark_19_x,landmark_19_y,landmark_19_z,landmark_20_x,landmark_20_y,landmark_20_z,class
0.6098312139511108,0.8420451879501343,-2.2488804063414136e-07,0.5769897103309631,0.8412744402885437,-0.01162312738597393,0.5459614992141724,0.8269398212432861,-0.019851550459861755,0.542986273765564,0.8035574555397034,-0.02698899246752262,0.5638060569763184,0.7970227599143982,-0.0310810673981905,0.5509178638458252,0.7453161478042603,-0.007678260561078787,0.5480907559394836,0.763534426689148,-0.021097425371408463,0.5529163479804993,0.7860783338546753,-0.02887304499745369,0.5538833141326904,0.7836955189704895,-0.03416302427649498,0.57293301820755,0.7351186275482178,-0.009511338546872139,0.5725813508033752,0.7704783082008362,-0.022869816049933434,0.5767529010772705,0.7921567559242249,-0.02526598423719406,0.5773162841796875,0.7845055460929871,-0.02486002817749977,0.5956931114196777,0.736135721206665,-0.013713626191020012,0.5963076949119568,0.7734891176223755,-0.023878615349531174,0.5977644920349121,0.7925807237625122,-0.018974604085087776,0.5969537496566772,0.783214807510376,-0.014251274056732655,0.6178998947143555,0.7439817786216736,-0.02004612237215042,0.616215169429779,0.7752510905265808,-0.025651540607213974,0.6176891326904297,0.7901847958564758,-0.022781753912568092,0.6189377307891846,0.7820020914077759,-0.019018862396478653,do
