landmark_0_x,landmark_0_y,landmark_0_z,landmark_1_x,landmark_1_y,landmark_1_z,landmark_2_x,landmark_2_y,landmark_2_z,landmark_3_x,landmark_3_y,landmark_3_z,landmark_4_x,landmark_4_y,landmark_4_z,landmark_5_x,landmark_5_y,landmark_5_z,landmark_6_x,landmark_6_y,landmark_6_z,landmark_7_x,landmark_7_y,landmark_7_z,landmark_8_x,landmark_8_y,landmark_8_z,landmark_9_x,landmark_9_y,landmark_9_z,landmark_10_x,landmark_10_y,landmark_10_z,landmark_11_x,landmark_11_y,landmark_11_z,landmark_12_x,landmark_12_y,landmark_12_z,landmark_13_x,landmark_13_y,landmark_13_z,landmark_14_x,landmark_14_y,landmark_14_z,landmark_15_x,landmark_15_y,landmark_15_z,landmark_16_x,landmark_16_y,landmark_16_z,landmark_17_x,landmark_17_y,landmark_17_z,landmark_18_x,landmark_18_y,landmark_18_z,landmark_19_x,landmark_19_y,landmark_19_z,landmark_20_x,landmark_20_y,landmark_20_z,class
0.7165741324424744,0.6215541958808899,-4.194071436813829e-07,0.6696867346763611,0.6081163883209229,-0.020879998803138733,0.6253824234008789,0.5747547149658203,-0.03528020158410072,0.6290854215621948,0.5343780517578125,-0.047970112413167953,0.6689172983169556,0.523266613483429,-0.05539711192250252,0.6467434167861938,0.4500511586666107,-0.013832691125571728,0.639394998550415,0.46886759996414185,-0.03863293305039406,0.6498409509658813,0.5128410458564758,-0.05228721350431442,0.6567578315734863,0.5159068703651428,-0.06063932552933693,0.6849618554115295,0.4366081655025482,-0.016184397041797638,0.6823996901512146,0.48066359758377075,-0.041078828275203705,0.6866874694824219,0.5309275388717651,-0.04398178309202194,0.6884970664978027,0.5304989218711853,-0.041360173374414444,0.7211700677871704,0.442437082529068,-0.023246977478265762,0.71930992603302,0.4978884160518646,-0.043435774743556976,0.7170001268386841,0.5389652252197266,-0.03555016592144966,0.7151212096214294,0.5318571329116821,-0.02649734541773796,0.756271243095398,0.4595646560192108,-0.0338556282222271,0.7520768046379089,0.5065407156944275,-0.04424715414643288,0.745693027973175,0.5389550924301147,-0.03965052589774132,0.7416477799415588,0.5346555113792419,-0.0332542359828949,do
