landmark_0_x,landmark_0_y,landmark_0_z,landmark_1_x,landmark_1_y,landmark_1_z,landmark_2_x,landmark_2_y,landmark_2_z,landmark_3_x,landmark_3_y,landmark_3_z,landmark_4_x,landmark_4_y,landmark_4_z,landmark_5_x,landmark_5_y,landmark_5_z,landmark_6_x,landmark_6_y,landmark_6_z,landmark_7_x,landmark_7_y,landmark_7_z,landmark_8_x,landmark_8_y,landmark_8_z,landmark_9_x,landmark_9_y,landmark_9_z,landmark_10_x,landmark_10_y,landmark_10_z,landmark_11_x,landmark_11_y,landmark_11_z,landmark_12_x,landmark_12_y,landmark_12_z,landmark_13_x,landmark_13_y,landmark_13_z,landmark_14_x,landmark_14_y,landmark_14_z,landmark_15_x,landmark_15_y,landmark_15_z,landmark_16_x,landmark_16_y,landmark_16_z,landmark_17_x,landmark_17_y,landmark_17_z,landmark_18_x,landmark_18_y,landmark_18_z,landmark_19_x,landmark_19_y,landmark_19_z,landmark_20_x,landmark_20_y,landmark_20_z,class
0.7328935265541077,0.7283750772476196,-5.412724704001448e-07,0.6752126812934875,0.7121310234069824,-0.03421660512685776,0.6216830611228943,0.675951361656189,-0.05937868729233742,0.6252694725990295,0.6412863731384277,-0.0806853324174881,0.6782554984092712,0.6338446736335754,-0.09469582140445709,0.6442572474479675,0.49599799513816833,-0.03150307759642601,0.6418602466583252,0.5575558543205261,-0.06282960623502731,0.6547126173973083,0.6155804395675659,-0.07991451025009155,0.6618049740791321,0.6120303273200989,-0.0914515033364296,0.6936861276626587,0.4822302460670471,-0.031590647995471954,0.6953595876693726,0.569320559501648,-0.06103742495179176,0.698682427406311,0.6218258738517761,-0.06588632613420486,0.699085533618927,0.6093431711196899,-0.06637369096279144,0.7422049641609192,0.49414297938346863,-0.03702392056584358,0.7440593242645264,0.5812508463859558,-0.062007781118154526,0.7385342121124268,0.6276164650917053,-0.05287651717662811,0.7346073389053345,0.6139708757400513,-0.043862421065568924,0.7882694005966187,0.5198895335197449,-0.04741571843624115,0.7854703068733215,0.5847389698028564,-0.06158039718866348,0.778708815574646,0.6196994781494141,-0.05658546835184097,0.7752367854118347,0.6087034344673157,-0.04977068677544594,do
