landmark_0_x,landmark_0_y,landmark_0_z,landmark_1_x,landmark_1_y,landmark_1_z,landmark_2_x,landmark_2_y,landmark_2_z,landmark_3_x,landmark_3_y,landmark_3_z,landmark_4_x,landmark_4_y,landmark_4_z,landmark_5_x,landmark_5_y,landmark_5_z,landmark_6_x,landmark_6_y,landmark_6_z,landmark_7_x,landmark_7_y,landmark_7_z,landmark_8_x,landmark_8_y,landmark_8_z,landmark_9_x,landmark_9_y,landmark_9_z,landmark_10_x,landmark_10_y,landmark_10_z,landmark_11_x,landmark_11_y,landmark_11_z,landmark_12_x,landmark_12_y,landmark_12_z,landmark_13_x,landmark_13_y,landmark_13_z,landmark_14_x,landmark_14_y,landmark_14_z,landmark_15_x,landmark_15_y,landmark_15_z,landmark_16_x,landmark_16_y,landmark_16_z,landmark_17_x,landmark_17_y,landmark_17_z,landmark_18_x,landmark_18_y,landmark_18_z,landmark_19_x,landmark_19_y,landmark_19_z,landmark_20_x,landmark_20_y,landmark_20_z,class
0.7814056873321533,0.6757604479789734,-5.679847276951477e-07,0.70123291015625,0.6534861922264099,-0.04562060162425041,0.6379520893096924,0.593925952911377,-0.07589370012283325,0.652097761631012,0.5489351153373718,-0.09961438924074173,0.7165960073471069,0.5359519124031067,-0.11348458379507065,0.6899199485778809,0.37487736344337463,-0.03590863198041916,0.6896619200706482,0.4633243978023529,-0.07321411371231079,0.6976384520530701,0.524549126625061,-0.09424309432506561,0.7001037001609802,0.4942609965801239,-0.11026396602392197,0.7538469433784485,0.3677431344985962,-0.035576432943344116,0.7541635632514954,0.4692819118499756,-0.07310078293085098,0.75298011302948,0.5328075885772705,-0.08031522482633591,0.7522947192192078,0.4980565905570984,-0.08166937530040741,0.8149500489234924,0.38924640417099,-0.04242108389735222,0.8129955530166626,0.4815206229686737,-0.07578174769878387,0.8034639358520508,0.5397737622261047,-0.06396975368261337,0.8012951612472534,0.5057891011238098,-0.05247463285923004,0.872268557548523,0.4265868663787842,-0.0552755668759346,0.8652928471565247,0.48734307289123535,-0.07540460675954819,0.8524160385131836,0.5387207269668579,-0.06881168484687805,0.8503197431564331,0.5195711255073547,-0.060249388217926025,do
