landmark_0_x,landmark_0_y,landmark_0_z,landmark_1_x,landmark_1_y,landmark_1_z,landmark_2_x,landmark_2_y,landmark_2_z,landmark_3_x,landmark_3_y,landmark_3_z,landmark_4_x,landmark_4_y,landmark_4_z,landmark_5_x,landmark_5_y,landmark_5_z,landmark_6_x,landmark_6_y,landmark_6_z,landmark_7_x,landmark_7_y,landmark_7_z,landmark_8_x,landmark_8_y,landmark_8_z,landmark_9_x,landmark_9_y,landmark_9_z,landmark_10_x,landmark_10_y,landmark_10_z,landmark_11_x,landmark_11_y,landmark_11_z,landmark_12_x,landmark_12_y,landmark_12_z,landmark_13_x,landmark_13_y,landmark_13_z,landmark_14_x,landmark_14_y,landmark_14_z,landmark_15_x,landmark_15_y,landmark_15_z,landmark_16_x,landmark_16_y,landmark_16_z,landmark_17_x,landmark_17_y,landmark_17_z,landmark_18_x,landmark_18_y,landmark_18_z,landmark_19_x,landmark_19_y,landmark_19_z,landmark_20_x,landmark_20_y,landmark_20_z,class
0.6197954416275024,0.859704315662384,-2.4060776127043937e-07,0.586367130279541,0.8574422001838684,-0.011763912625610828,0.5570703744888306,0.8457619547843933,-0.02168613113462925,0.5508225560188293,0.8262813687324524,-0.030271800234913826,0.5690180659294128,0.8181569576263428,-0.03586462885141373,0.5615226626396179,0.7563720941543579,-0.010090235620737076,0.561679482460022,0.7864163517951965,-0.02322753146290779,0.5668244361877441,0.8116950392723083,-0.0315692238509655,0.567832887172699,0.8076408505439758,-0.037310488522052765,0.5837358832359314,0.7513456344604492,-0.011791041120886803,0.5843746662139893,0.7900651693344116,-0.02353370562195778,0.5883320569992065,0.8111914992332458,-0.025705423206090927,0.5889342427253723,0.805163562297821,-0.025986168533563614,0.6064813137054443,0.7548366189002991,-0.015523022972047329,0.6074961423873901,0.7944457530975342,-0.02452707476913929,0.6090090870857239,0.8123858571052551,-0.01961425133049488,0.608269214630127,0.805495023727417,-0.015295016579329967,0.6283209323883057,0.7639527320861816,-0.021293779835104942,0.6266180276870728,0.7939630746841431,-0.02550770714879036,0.6282774806022644,0.8077686429023743,-0.021832915022969246,0.629387378692627,0.801537036895752,-0.017770489677786827,do
