landmark_0_x,landmark_0_y,landmark_0_z,landmark_1_x,landmark_1_y,landmark_1_z,landmark_2_x,landmark_2_y,landmark_2_z,landmark_3_x,landmark_3_y,landmark_3_z,landmark_4_x,landmark_4_y,landmark_4_z,landmark_5_x,landmark_5_y,landmark_5_z,landmark_6_x,landmark_6_y,landmark_6_z,landmark_7_x,landmark_7_y,landmark_7_z,landmark_8_x,landmark_8_y,landmark_8_z,landmark_9_x,landmark_9_y,landmark_9_z,landmark_10_x,landmark_10_y,landmark_10_z,landmark_11_x,landmark_11_y,landmark_11_z,landmark_12_x,landmark_12_y,landmark_12_z,landmark_13_x,landmark_13_y,landmark_13_z,landmark_14_x,landmark_14_y,landmark_14_z,landmark_15_x,landmark_15_y,landmark_15_z,landmark_16_x,landmark_16_y,landmark_16_z,landmark_17_x,landmark_17_y,landmark_17_z,landmark_18_x,landmark_18_y,landmark_18_z,landmark_19_x,landmark_19_y,landmark_19_z,landmark_20_x,landmark_20_y,landmark_20_z,class
0.6455548405647278,0.6701271533966064,-5.755741199209297e-07,0.5831342339515686,0.6616151928901672,-0.038745149970054626,0.5217523574829102,0.6379077434539795,-0.0652344822883606,0.49639034271240234,0.6180112361907959,-0.08669902384281158,0.5265747308731079,0.5966298580169678,-0.1006147488951683,0.5302816033363342,0.4338235855102539,-0.039263006299734116,0.5229949951171875,0.525424599647522,-0.0752192884683609,0.541797399520874,0.5898522138595581,-0.09608219563961029,0.5550311803817749,0.588556170463562,-0.10906015336513519,0.5879684686660767,0.4189710021018982,-0.037703465670347214,0.5800864100456238,0.5365638136863708,-0.06872852891683578,0.5867388844490051,0.5901798605918884,-0.0740838348865509,0.5912827253341675,0.5751950144767761,-0.0749342069029808,0.6435147523880005,0.43269893527030945,-0.041722387075424194,0.632965087890625,0.5463098883628845,-0.06780510395765305,0.6332486271858215,0.590835690498352,-0.057475555688142776,0.6356566548347473,0.5722987651824951,-0.04779459163546562,0.6935200691223145,0.4605184495449066,-0.05108730122447014,0.6813744306564331,0.5501275062561035,-0.06585879623889923,0.6802619695663452,0.5835992097854614,-0.05940789356827736,0.683364987373352,0.5666492581367493,-0.0511188730597496,do
