landmark_0_x,landmark_0_y,landmark_0_z,landmark_1_x,landmark_1_y,landmark_1_z,landmark_2_x,landmark_2_y,landmark_2_z,landmark_3_x,landmark_3_y,landmark_3_z,landmark_4_x,landmark_4_y,landmark_4_z,landmark_5_x,landmark_5_y,landmark_5_z,landmark_6_x,landmark_6_y,landmark_6_z,landmark_7_x,landmark_7_y,landmark_7_z,landmark_8_x,landmark_8_y,landmark_8_z,landmark_9_x,landmark_9_y,landmark_9_z,landmark_10_x,landmark_10_y,landmark_10_z,landmark_11_x,landmark_11_y,landmark_11_z,landmark_12_x,landmark_12_y,landmark_12_z,landmark_13_x,landmark_13_y,landmark_13_z,landmark_14_x,landmark_14_y,landmark_14_z,landmark_15_x,landmark_15_y,landmark_15_z,landmark_16_x,landmark_16_y,landmark_16_z,landmark_17_x,landmark_17_y,landmark_17_z,landmark_18_x,landmark_18_y,landmark_18_z,landmark_19_x,landmark_19_y,landmark_19_z,landmark_20_x,landmark_20_y,landmark_20_z,class
0.739297091960907,0.5918506979942322,-1.431067033763611e-07,0.7050280570983887,0.5746650099754333,-0.010026522912085056,0.681022584438324,0.551264762878418,-0.01865360140800476,0.6898754239082336,0.5262722373008728,-0.0273317601531744,0.7104155421257019,0.5192683935165405,-0.03447883203625679,0.6884096264839172,0.48936375975608826,-0.009070361033082008,0.693673312664032,0.47370558977127075,-0.026960104703903198,0.6976704597473145,0.4880221486091614,-0.040240541100502014,0.6994683742523193,0.5046276450157166,-0.04759785160422325,0.713187575340271,0.4838542342185974,-0.012003057636320591,0.7180019617080688,0.4789193272590637,-0.028732532635331154,0.7195851802825928,0.502632737159729,-0.035730984061956406,0.7187057137489319,0.5159128308296204,-0.03784243017435074,0.7367721199989319,0.4867618978023529,-0.017233695834875107,0.7432301640510559,0.48187679052352905,-0.030021678656339645,0.7416536808013916,0.5017368197441101,-0.027819782495498657,0.7381921410560608,0.5125111937522888,-0.023726528510451317,0.75868159532547,0.49744048714637756,-0.024071937426924706,0.764673113822937,0.48918938636779785,-0.03042364865541458,0.7608404159545898,0.5067470073699951,-0.025952408090233803,0.7558543086051941,0.5162766575813293,-0.020705459639430046,do
