landmark_0_x,landmark_0_y,landmark_0_z,landmark_1_x,landmark_1_y,landmark_1_z,landmark_2_x,landmark_2_y,landmark_2_z,landmark_3_x,landmark_3_y,landmark_3_z,landmark_4_x,landmark_4_y,landmark_4_z,landmark_5_x,landmark_5_y,landmark_5_z,landmark_6_x,landmark_6_y,landmark_6_z,landmark_7_x,landmark_7_y,landmark_7_z,landmark_8_x,landmark_8_y,landmark_8_z,landmark_9_x,landmark_9_y,landmark_9_z,landmark_10_x,landmark_10_y,landmark_10_z,landmark_11_x,landmark_11_y,landmark_11_z,landmark_12_x,landmark_12_y,landmark_12_z,landmark_13_x,landmark_13_y,landmark_13_z,landmark_14_x,landmark_14_y,landmark_14_z,landmark_15_x,landmark_15_y,landmark_15_z,landmark_16_x,landmark_16_y,landmark_16_z,landmark_17_x,landmark_17_y,landmark_17_z,landmark_18_x,landmark_18_y,landmark_18_z,landmark_19_x,landmark_19_y,landmark_19_z,landmark_20_x,landmark_20_y,landmark_20_z,class
0.740044891834259,0.21054702997207642,-2.1545264416999999e-07,0.6977493166923523,0.18921324610710144,-0.01271641906350851,0.6677632331848145,0.1392233967781067,-0.018490146845579147,0.674900472164154,0.09366707503795624,-0.024696771055459976,0.703187108039856,0.07914991676807404,-0.028398584574460983,0.6855977773666382,0.09491531550884247,-0.0015236465260386467,0.6942828297615051,0.06566838920116425,-0.024495504796504974,0.6909919381141663,0.09425962716341019,-0.03812827542424202,0.684625506401062,0.11422450840473175,-0.04474595934152603,0.7141439318656921,0.08736226707696915,-0.00500540342181921,0.7228114008903503,0.06309210509061813,-0.025174787268042564,0.7200272679328918,0.09829532355070114,-0.02944658324122429,0.7158544659614563,0.11084514856338501,-0.028338134288787842,0.742944598197937,0.08822174370288849,-0.012869379483163357,0.751197338104248,0.06840598583221436,-0.03242452070116997,0.7458698153495789,0.10490215569734573,-0.026916485279798508,0.7399578094482422,0.11516106873750687,-0.019103944301605225,0.7737435698509216,0.09702566266059875,-0.02241899073123932,0.7774721384048462,0.078819140791893,-0.03285868093371391,0.7701777219772339,0.10807951539754868,-0.026235105469822884,0.7632834911346436,0.11990100890398026,-0.019070535898208618,do
