landmark_0_x,landmark_0_y,landmark_0_z,landmark_1_x,landmark_1_y,landmark_1_z,landmark_2_x,landmark_2_y,landmark_2_z,landmark_3_x,landmark_3_y,landmark_3_z,landmark_4_x,landmark_4_y,landmark_4_z,landmark_5_x,landmark_5_y,landmark_5_z,landmark_6_x,landmark_6_y,landmark_6_z,landmark_7_x,landmark_7_y,landmark_7_z,landmark_8_x,landmark_8_y,landmark_8_z,landmark_9_x,landmark_9_y,landmark_9_z,landmark_10_x,landmark_10_y,landmark_10_z,landmark_11_x,landmark_11_y,landmark_11_z,landmark_12_x,landmark_12_y,landmark_12_z,landmark_13_x,landmark_13_y,landmark_13_z,landmark_14_x,landmark_14_y,landmark_14_z,landmark_15_x,landmark_15_y,landmark_15_z,landmark_16_x,landmark_16_y,landmark_16_z,landmark_17_x,landmark_17_y,landmark_17_z,landmark_18_x,landmark_18_y,landmark_18_z,landmark_19_x,landmark_19_y,landmark_19_z,landmark_20_x,landmark_20_y,landmark_20_z,class
0.6965858340263367,0.8712137341499329,-4.878168624600221e-07,0.6316620111465454,0.859571099281311,-0.026371300220489502,0.5795770883560181,0.8210909366607666,-0.046383123844861984,0.5898781418800354,0.7918812036514282,-0.06341227889060974,0.6355454325675964,0.7921026349067688,-0.07472389936447144,0.6098859906196594,0.6527554988861084,-0.026043005287647247,0.604482114315033,0.7159218192100525,-0.05440746620297432,0.6104201078414917,0.7681262493133545,-0.072214275598526,0.6127163171768188,0.7607693076133728,-0.08488108962774277,0.657167375087738,0.6415137052536011,-0.028618020936846733,0.6551491022109985,0.7333354353904724,-0.05440390482544899,0.6551221013069153,0.7761195302009583,-0.06014589965343475,0.6547901630401611,0.7599323391914368,-0.06174243614077568,0.7027465105056763,0.6543357372283936,-0.03540879860520363,0.7006263732910156,0.7491653561592102,-0.055139850825071335,0.6971128582954407,0.7839267253875732,-0.04698881879448891,0.6949571967124939,0.763822615146637,-0.039756130427122116,0.7444409132003784,0.6798981428146362,-0.04662622511386871,0.7390614748001099,0.7562472820281982,-0.058376505970954895,0.737028181552887,0.7821369767189026,-0.0541146881878376,0.7373405694961548,0.7629929780960083,-0.04812915623188019,do
