landmark_0_x,landmark_0_y,landmark_0_z,landmark_1_x,landmark_1_y,landmark_1_z,landmark_2_x,landmark_2_y,landmark_2_z,landmark_3_x,landmark_3_y,landmark_3_z,landmark_4_x,landmark_4_y,landmark_4_z,landmark_5_x,landmark_5_y,landmark_5_z,landmark_6_x,landmark_6_y,landmark_6_z,landmark_7_x,landmark_7_y,landmark_7_z,landmark_8_x,landmark_8_y,landmark_8_z,landmark_9_x,landmark_9_y,landmark_9_z,landmark_10_x,landmark_10_y,landmark_10_z,landmark_11_x,landmark_11_y,landmark_11_z,landmark_12_x,landmark_12_y,landmark_12_z,landmark_13_x,landmark_13_y,landmark_13_z,landmark_14_x,landmark_14_y,landmark_14_z,landmark_15_x,landmark_15_y,landmark_15_z,landmark_16_x,landmark_16_y,landmark_16_z,landmark_17_x,landmark_17_y,landmark_17_z,landmark_18_x,landmark_18_y,landmark_18_z,landmark_19_x,landmark_19_y,landmark_19_z,landmark_20_x,landmark_20_y,landmark_20_z,class
0.6460998058319092,0.773521900177002,-1.7840898181020748e-07,0.6142709851264954,0.7667111754417419,-0.01204872690141201,0.582875669002533,0.7477371096611023,-0.020794415846467018,0.5807476043701172,0.7232290506362915,-0.02929382398724556,0.6055142283439636,0.7185956239700317,-0.034963373094797134,0.5869776606559753,0.6854677796363831,-0.005253290757536888,0.5915505886077881,0.6702976226806641,-0.023148922249674797,0.5938764810562134,0.6980825066566467,-0.032459575682878494,0.5908815860748291,0.7067763209342957,-0.03711436688899994,0.6109345555305481,0.676967978477478,-0.00818262342363596,0.6113105416297913,0.665444016456604,-0.026743954047560692,0.6133203506469727,0.700721025466919,-0.028299055993556976,0.6117895841598511,0.7063562870025635,-0.02451687678694725,0.6338192224502563,0.6766507029533386,-0.014638597145676613,0.6351616382598877,0.6696960926055908,-0.030018258839845657,0.6357728242874146,0.7000588178634644,-0.023609528318047523,0.63350510597229,0.703431248664856,-0.015022356063127518,0.6561083197593689,0.6833920478820801,-0.02283155359327793,0.6544603109359741,0.6793325543403625,-0.0289435014128685,0.6543615460395813,0.7024790644645691,-0.022575780749320984,0.6536995768547058,0.7058524489402771,-0.015679582953453064,do
