landmark_0_x,landmark_0_y,landmark_0_z,landmark_1_x,landmark_1_y,landmark_1_z,landmark_2_x,landmark_2_y,landmark_2_z,landmark_3_x,landmark_3_y,landmark_3_z,landmark_4_x,landmark_4_y,landmark_4_z,landmark_5_x,landmark_5_y,landmark_5_z,landmark_6_x,landmark_6_y,landmark_6_z,landmark_7_x,landmark_7_y,landmark_7_z,landmark_8_x,landmark_8_y,landmark_8_z,landmark_9_x,landmark_9_y,landmark_9_z,landmark_10_x,landmark_10_y,landmark_10_z,landmark_11_x,landmark_11_y,landmark_11_z,landmark_12_x,landmark_12_y,landmark_12_z,landmark_13_x,landmark_13_y,landmark_13_z,landmark_14_x,landmark_14_y,landmark_14_z,landmark_15_x,landmark_15_y,landmark_15_z,landmark_16_x,landmark_16_y,landmark_16_z,landmark_17_x,landmark_17_y,landmark_17_z,landmark_18_x,landmark_18_y,landmark_18_z,landmark_19_x,landmark_19_y,landmark_19_z,landmark_20_x,landmark_20_y,landmark_20_z,class
0.8882996439933777,0.3393760025501251,-2.7869718977058255e-08,0.8613551259040833,0.3126783072948456,-0.007141789887100458,0.8426805734634399,0.2793077528476715,-0.012605097144842148,0.8491707444190979,0.24777553975582123,-0.019040489569306374,0.8715301752090454,0.2369077205657959,-0.025204971432685852,0.853766143321991,0.25088217854499817,-0.0021420414559543133,0.8447710275650024,0.21808943152427673,-0.013648247346282005,0.8402959704399109,0.20286065340042114,-0.022296829149127007,0.8383699655532837,0.19475191831588745,-0.027728315442800522,0.8762320280075073,0.2501238286495209,-0.005442196968942881,0.8765134215354919,0.22339168190956116,-0.0207841657102108,0.8767513632774353,0.2442844808101654,-0.025628674775362015,0.8764260411262512,0.2618304491043091,-0.025066416710615158,0.8984737992286682,0.25553596019744873,-0.010514352470636368,0.899298906326294,0.2320796251296997,-0.024485448375344276,0.8962156772613525,0.2535605728626251,-0.02086644433438778,0.8948226571083069,0.27025946974754333,-0.014416509307920933,0.9206151366233826,0.2664731442928314,-0.0165163092315197,0.9204239249229431,0.24258795380592346,-0.023464534431695938,0.9156767129898071,0.25713714957237244,-0.01787444017827511,0.9127413630485535,0.2706358730792999,-0.011720241978764534,do
