landmark_0_x,landmark_0_y,landmark_0_z,landmark_1_x,landmark_1_y,landmark_1_z,landmark_2_x,landmark_2_y,landmark_2_z,landmark_3_x,landmark_3_y,landmark_3_z,landmark_4_x,landmark_4_y,landmark_4_z,landmark_5_x,landmark_5_y,landmark_5_z,landmark_6_x,landmark_6_y,landmark_6_z,landmark_7_x,landmark_7_y,landmark_7_z,landmark_8_x,landmark_8_y,landmark_8_z,landmark_9_x,landmark_9_y,landmark_9_z,landmark_10_x,landmark_10_y,landmark_10_z,landmark_11_x,landmark_11_y,landmark_11_z,landmark_12_x,landmark_12_y,landmark_12_z,landmark_13_x,landmark_13_y,landmark_13_z,landmark_14_x,landmark_14_y,landmark_14_z,landmark_15_x,landmark_15_y,landmark_15_z,landmark_16_x,landmark_16_y,landmark_16_z,landmark_17_x,landmark_17_y,landmark_17_z,landmark_18_x,landmark_18_y,landmark_18_z,landmark_19_x,landmark_19_y,landmark_19_z,landmark_20_x,landmark_20_y,landmark_20_z,class
0.680748462677002,0.8611772656440735,-5.241411713541311e-07,0.6192426085472107,0.8532842397689819,-0.029829448089003563,0.5634589791297913,0.8230693340301514,-0.05105407536029816,0.5639182329177856,0.7929220199584961,-0.069440096616745,0.6120873093605042,0.7868274450302124,-0.08185643702745438,0.5918110013008118,0.649020254611969,-0.025721093639731407,0.5834923982620239,0.7049544453620911,-0.05533980205655098,0.591413140296936,0.7546265125274658,-0.07251854985952377,0.5947870016098022,0.7470958232879639,-0.08417604118585587,0.6399638056755066,0.6338604688644409,-0.02703416347503662,0.6341054439544678,0.7237394452095032,-0.05374472215771675,0.638414740562439,0.7701693773269653,-0.058164648711681366,0.6407837271690369,0.7538129687309265,-0.05821283161640167,0.6868587732315063,0.6446200609207153,-0.033594269305467606,0.6804355978965759,0.7370626330375671,-0.055432338267564774,0.6790059804916382,0.7769595384597778,-0.046415798366069794,0.6790761351585388,0.7583686709403992,-0.03761926293373108,0.7298057079315186,0.6696348786354065,-0.044884759932756424,0.7200029492378235,0.7453625798225403,-0.05681648105382919,0.7166550159454346,0.7762979865074158,-0.051984477788209915,0.717367947101593,0.760468602180481,-0.04548422247171402,do
