landmark_0_x,landmark_0_y,landmark_0_z,landmark_1_x,landmark_1_y,landmark_1_z,landmark_2_x,landmark_2_y,landmark_2_z,landmark_3_x,landmark_3_y,landmark_3_z,landmark_4_x,landmark_4_y,landmark_4_z,landmark_5_x,landmark_5_y,landmark_5_z,landmark_6_x,landmark_6_y,landmark_6_z,landmark_7_x,landmark_7_y,landmark_7_z,landmark_8_x,landmark_8_y,landmark_8_z,landmark_9_x,landmark_9_y,landmark_9_z,landmark_10_x,landmark_10_y,landmark_10_z,landmark_11_x,landmark_11_y,landmark_11_z,landmark_12_x,landmark_12_y,landmark_12_z,landmark_13_x,landmark_13_y,landmark_13_z,landmark_14_x,landmark_14_y,landmark_14_z,landmark_15_x,landmark_15_y,landmark_15_z,landmark_16_x,landmark_16_y,landmark_16_z,landmark_17_x,landmark_17_y,landmark_17_z,landmark_18_x,landmark_18_y,landmark_18_z,landmark_19_x,landmark_19_y,landmark_19_z,landmark_20_x,landmark_20_y,landmark_20_z,class
0.7578665614128113,0.5818239450454712,-1.3236925155979407e-07,0.7126830220222473,0.5612800717353821,-0.01308890525251627,0.6754326820373535,0.5271160006523132,-0.02485075034201145,0.68064284324646,0.48708435893058777,-0.03735446557402611,0.7187032699584961,0.47631004452705383,-0.04867004230618477,0.6962377429008484,0.4582242965698242,-0.008309374563395977,0.6958509683609009,0.42128345370292664,-0.030596066266298294,0.6915715932846069,0.42693957686424255,-0.045644842088222504,0.6855469942092896,0.4404922425746918,-0.053590498864650726,0.7299022078514099,0.45041927695274353,-0.01386957336217165,0.7289902567863464,0.40637320280075073,-0.040554288774728775,0.7299911379814148,0.44703182578086853,-0.04869997873902321,0.7293742895126343,0.48133474588394165,-0.04657359421253204,0.7618964910507202,0.4520953595638275,-0.02247055433690548,0.7635650038719177,0.42138293385505676,-0.045428402721881866,0.7618935704231262,0.4627956748008728,-0.04141676425933838,0.7584080100059509,0.49189430475234985,-0.03114786185324192,0.7922888994216919,0.4637194871902466,-0.032581545412540436,0.7918931841850281,0.4359174370765686,-0.04358098655939102,0.7875893712043762,0.4664316177368164,-0.03605031222105026,0.7845879793167114,0.4874478876590729,-0.02668548747897148,do
