landmark_0_x,landmark_0_y,landmark_0_z,landmark_1_x,landmark_1_y,landmark_1_z,landmark_2_x,landmark_2_y,landmark_2_z,landmark_3_x,landmark_3_y,landmark_3_z,landmark_4_x,landmark_4_y,landmark_4_z,landmark_5_x,landmark_5_y,landmark_5_z,landmark_6_x,landmark_6_y,landmark_6_z,landmark_7_x,landmark_7_y,landmark_7_z,landmark_8_x,landmark_8_y,landmark_8_z,landmark_9_x,landmark_9_y,landmark_9_z,landmark_10_x,landmark_10_y,landmark_10_z,landmark_11_x,landmark_11_y,landmark_11_z,landmark_12_x,landmark_12_y,landmark_12_z,landmark_13_x,landmark_13_y,landmark_13_z,landmark_14_x,landmark_14_y,landmark_14_z,landmark_15_x,landmark_15_y,landmark_15_z,landmark_16_x,landmark_16_y,landmark_16_z,landmark_17_x,landmark_17_y,landmark_17_z,landmark_18_x,landmark_18_y,landmark_18_z,landmark_19_x,landmark_19_y,landmark_19_z,landmark_20_x,landmark_20_y,landmark_20_z,class
0.7183235287666321,0.8237186074256897,-3.309977500975947e-07,0.6727075576782227,0.8098396062850952,-0.015977151691913605,0.6339101791381836,0.7796154022216797,-0.027683647349476814,0.6328921318054199,0.7488154768943787,-0.03814738243818283,0.6605897545814514,0.7423936724662781,-0.04450977221131325,0.6518568992614746,0.6655294895172119,-0.008032902143895626,0.6430751085281372,0.6988846659660339,-0.028569048270583153,0.6518099904060364,0.7379993200302124,-0.04200240224599838,0.6580381393432617,0.7338548302650452,-0.05054197087883949,0.6826028227806091,0.6578466296195984,-0.011044919490814209,0.6760269403457642,0.707080602645874,-0.02814885415136814,0.6820789575576782,0.7462080717086792,-0.030724309384822845,0.6859471201896667,0.7361762523651123,-0.03013169765472412,0.7129736542701721,0.6658098101615906,-0.017896875739097595,0.7077968120574951,0.7178022861480713,-0.030562177300453186,0.7082779407501221,0.7514354586601257,-0.02227211371064186,0.7097073793411255,0.7412077188491821,-0.015093930996954441,0.7427855134010315,0.682336688041687,-0.02795475535094738,0.7345197796821594,0.7244282364845276,-0.0327843613922596,0.7328159213066101,0.7524706721305847,-0.026387998834252357,0.7346161007881165,0.7466169595718384,-0.019951140508055687,do
