landmark_0_x,landmark_0_y,landmark_0_z,landmark_1_x,landmark_1_y,landmark_1_z,landmark_2_x,landmark_2_y,landmark_2_z,landmark_3_x,landmark_3_y,landmark_3_z,landmark_4_x,landmark_4_y,landmark_4_z,landmark_5_x,landmark_5_y,landmark_5_z,landmark_6_x,landmark_6_y,landmark_6_z,landmark_7_x,landmark_7_y,landmark_7_z,landmark_8_x,landmark_8_y,landmark_8_z,landmark_9_x,landmark_9_y,landmark_9_z,landmark_10_x,landmark_10_y,landmark_10_z,landmark_11_x,landmark_11_y,landmark_11_z,landmark_12_x,landmark_12_y,landmark_12_z,landmark_13_x,landmark_13_y,landmark_13_z,landmark_14_x,landmark_14_y,landmark_14_z,landmark_15_x,landmark_15_y,landmark_15_z,landmark_16_x,landmark_16_y,landmark_16_z,landmark_17_x,landmark_17_y,landmark_17_z,landmark_18_x,landmark_18_y,landmark_18_z,landmark_19_x,landmark_19_y,landmark_19_z,landmark_20_x,landmark_20_y,landmark_20_z,class
0.7021067142486572,0.4096978008747101,-1.676276468742799e-07,0.6461341381072998,0.39469248056411743,-0.018579861149191856,0.600342869758606,0.3607740104198456,-0.036612965166568756,0.6097480654716492,0.3186121881008148,-0.0541108101606369,0.6553736925125122,0.3086070716381073,-0.06997425854206085,0.6222528219223022,0.26511088013648987,-0.026248008012771606,0.6253040432929993,0.21786373853683472,-0.057568129152059555,0.626470148563385,0.24590741097927094,-0.07837925851345062,0.6283189058303833,0.2780071198940277,-0.08893980085849762,0.665015459060669,0.25444281101226807,-0.031788598746061325,0.6655964851379395,0.19526493549346924,-0.06258635967969894,0.6662353873252869,0.23896367847919464,-0.07134681195020676,0.6677523255348206,0.2785174250602722,-0.07070813328027725,0.7054797410964966,0.2536964416503906,-0.04055905342102051,0.7066201567649841,0.1935894787311554,-0.0633716881275177,0.7046565413475037,0.2359500229358673,-0.05638899281620979,0.7033133506774902,0.2747369706630707,-0.04608010873198509,0.7432613372802734,0.26457175612449646,-0.05162183940410614,0.7396690249443054,0.2201889604330063,-0.063278928399086,0.736047089099884,0.255560964345932,-0.053799621760845184,0.7355477809906006,0.2840439975261688,-0.043512970209121704,do
