landmark_0_x,landmark_0_y,landmark_0_z,landmark_1_x,landmark_1_y,landmark_1_z,landmark_2_x,landmark_2_y,landmark_2_z,landmark_3_x,landmark_3_y,landmark_3_z,landmark_4_x,landmark_4_y,landmark_4_z,landmark_5_x,landmark_5_y,landmark_5_z,landmark_6_x,landmark_6_y,landmark_6_z,landmark_7_x,landmark_7_y,landmark_7_z,landmark_8_x,landmark_8_y,landmark_8_z,landmark_9_x,landmark_9_y,landmark_9_z,landmark_10_x,landmark_10_y,landmark_10_z,landmark_11_x,landmark_11_y,landmark_11_z,landmark_12_x,landmark_12_y,landmark_12_z,landmark_13_x,landmark_13_y,landmark_13_z,landmark_14_x,landmark_14_y,landmark_14_z,landmark_15_x,landmark_15_y,landmark_15_z,landmark_16_x,landmark_16_y,landmark_16_z,landmark_17_x,landmark_17_y,landmark_17_z,landmark_18_x,landmark_18_y,landmark_18_z,landmark_19_x,landmark_19_y,landmark_19_z,landmark_20_x,landmark_20_y,landmark_20_z,class
0.7447516918182373,0.4337308406829834,-1.3196547854477103e-07,0.6911859512329102,0.42184531688690186,-0.018686823546886444,0.646767258644104,0.37700796127319336,-0.033401019871234894,0.6597064733505249,0.33112847805023193,-0.04949485883116722,0.7007293105125427,0.32538464665412903,-0.06444332003593445,0.6734261512756348,0.26330217719078064,-0.017142921686172485,0.6932675838470459,0.19827035069465637,-0.04832354560494423,0.6967859268188477,0.1906454712152481,-0.06903396546840668,0.6929035186767578,0.19935809075832367,-0.08045405149459839,0.711155354976654,0.2566351294517517,-0.021632127463817596,0.7064584493637085,0.2470121532678604,-0.05390075966715813,0.7066659331321716,0.2941073477268219,-0.06189736723899841,0.7028865218162537,0.3152157664299011,-0.06189471110701561,0.7456520795822144,0.26599985361099243,-0.030869416892528534,0.7454547882080078,0.259246289730072,-0.0585956871509552,0.7447458505630493,0.3028968274593353,-0.05317765101790428,0.7395814657211304,0.31846484541893005,-0.04370366036891937,0.7803100347518921,0.2852495610713959,-0.042720917612314224,0.7813300490379333,0.2642222046852112,-0.05802534148097038,0.7758262753486633,0.30095210671424866,-0.050975847989320755,0.7699558138847351,0.3186764419078827,-0.0419100783765316,do
