landmark_0_x,landmark_0_y,landmark_0_z,landmark_1_x,landmark_1_y,landmark_1_z,landmark_2_x,landmark_2_y,landmark_2_z,landmark_3_x,landmark_3_y,landmark_3_z,landmark_4_x,landmark_4_y,landmark_4_z,landmark_5_x,landmark_5_y,landmark_5_z,landmark_6_x,landmark_6_y,landmark_6_z,landmark_7_x,landmark_7_y,landmark_7_z,landmark_8_x,landmark_8_y,landmark_8_z,landmark_9_x,landmark_9_y,landmark_9_z,landmark_10_x,landmark_10_y,landmark_10_z,landmark_11_x,landmark_11_y,landmark_11_z,landmark_12_x,landmark_12_y,landmark_12_z,landmark_13_x,landmark_13_y,landmark_13_z,landmark_14_x,landmark_14_y,landmark_14_z,landmark_15_x,landmark_15_y,landmark_15_z,landmark_16_x,landmark_16_y,landmark_16_z,landmark_17_x,landmark_17_y,landmark_17_z,landmark_18_x,landmark_18_y,landmark_18_z,landmark_19_x,landmark_19_y,landmark_19_z,landmark_20_x,landmark_20_y,landmark_20_z,class
0.7514123320579529,0.20242556929588318,-2.3875693955233146e-07,0.713141918182373,0.18819856643676758,-0.015851691365242004,0.6812434792518616,0.14305472373962402,-0.022454410791397095,0.6801120638847351,0.09439254552125931,-0.028312835842370987,0.7042371034622192,0.0734494999051094,-0.03130827099084854,0.7007129788398743,0.09695236384868622,-0.006939704529941082,0.7059800624847412,0.06787949800491333,-0.030060533434152603,0.7044890522956848,0.09774468094110489,-0.04312652349472046,0.7010297179222107,0.11628877371549606,-0.049334585666656494,0.7271337509155273,0.08828219771385193,-0.008038810454308987,0.7380919456481934,0.06570640951395035,-0.028368370607495308,0.7348912954330444,0.10273059457540512,-0.03166496381163597,0.7300789952278137,0.11441081017255783,-0.030042709782719612,0.7535444498062134,0.08797134459018707,-0.013459854759275913,0.7653059959411621,0.06968843936920166,-0.033134087920188904,0.7600743174552917,0.10635121166706085,-0.026772335171699524,0.7542251348495483,0.11594316363334656,-0.018414264544844627,0.7820785045623779,0.09537477046251297,-0.02077852003276348,0.7903664112091064,0.07719702273607254,-0.03145550191402435,0.78424471616745,0.1056579127907753,-0.02491561882197857,0.776743471622467,0.11738284677267075,-0.017651356756687164,do
