landmark_0_x,landmark_0_y,landmark_0_z,landmark_1_x,landmark_1_y,landmark_1_z,landmark_2_x,landmark_2_y,landmark_2_z,landmark_3_x,landmark_3_y,landmark_3_z,landmark_4_x,landmark_4_y,landmark_4_z,landmark_5_x,landmark_5_y,landmark_5_z,landmark_6_x,landmark_6_y,landmark_6_z,landmark_7_x,landmark_7_y,landmark_7_z,landmark_8_x,landmark_8_y,landmark_8_z,landmark_9_x,landmark_9_y,landmark_9_z,landmark_10_x,landmark_10_y,landmark_10_z,landmark_11_x,landmark_11_y,landmark_11_z,landmark_12_x,landmark_12_y,landmark_12_z,landmark_13_x,landmark_13_y,landmark_13_z,landmark_14_x,landmark_14_y,landmark_14_z,landmark_15_x,landmark_15_y,landmark_15_z,landmark_16_x,landmark_16_y,landmark_16_z,landmark_17_x,landmark_17_y,landmark_17_z,landmark_18_x,landmark_18_y,landmark_18_z,landmark_19_x,landmark_19_y,landmark_19_z,landmark_20_x,landmark_20_y,landmark_20_z,class
0.7996076345443726,0.7863088250160217,-8.800029860367431e-08,0.7751114964485168,0.7669792175292969,-0.013330371119081974,0.7582613229751587,0.7425851225852966,-0.023100480437278748,0.7636380791664124,0.7172197699546814,-0.03284651041030884,0.7821406126022339,0.7094810009002686,-0.04094945639371872,0.768312931060791,0.7011728882789612,-0.006341011729091406,0.7694427371025085,0.6786285638809204,-0.02449922449886799,0.7711756229400635,0.6893162727355957,-0.035872284322977066,0.7692143321037292,0.7012989521026611,-0.04081433266401291,0.7884511351585388,0.6979060173034668,-0.007330695632845163,0.7928371429443359,0.6825289130210876,-0.025236167013645172,0.7952736616134644,0.7117255926132202,-0.030153149738907814,0.7924781441688538,0.7268322110176086,-0.029002850875258446,0.8078240752220154,0.6995388269424438,-0.011475897394120693,0.8127540349960327,0.6872614026069641,-0.027727562934160233,0.8125646710395813,0.714436411857605,-0.024140018969774246,0.808679461479187,0.7295251488685608,-0.017103005200624466,0.825522780418396,0.7075174450874329,-0.017139356583356857,0.829766035079956,0.6943199038505554,-0.025249803438782692,0.8276111483573914,0.7156683206558228,-0.019854076206684113,0.8238976001739502,0.7283872961997986,-0.013093642890453339,do
