landmark_0_x,landmark_0_y,landmark_0_z,landmark_1_x,landmark_1_y,landmark_1_z,landmark_2_x,landmark_2_y,landmark_2_z,landmark_3_x,landmark_3_y,landmark_3_z,landmark_4_x,landmark_4_y,landmark_4_z,landmark_5_x,landmark_5_y,landmark_5_z,landmark_6_x,landmark_6_y,landmark_6_z,landmark_7_x,landmark_7_y,landmark_7_z,landmark_8_x,landmark_8_y,landmark_8_z,landmark_9_x,landmark_9_y,landmark_9_z,landmark_10_x,landmark_10_y,landmark_10_z,landmark_11_x,landmark_11_y,landmark_11_z,landmark_12_x,landmark_12_y,landmark_12_z,landmark_13_x,landmark_13_y,landmark_13_z,landmark_14_x,landmark_14_y,landmark_14_z,landmark_15_x,landmark_15_y,landmark_15_z,landmark_16_x,landmark_16_y,landmark_16_z,landmark_17_x,landmark_17_y,landmark_17_z,landmark_18_x,landmark_18_y,landmark_18_z,landmark_19_x,landmark_19_y,landmark_19_z,landmark_20_x,landmark_20_y,landmark_20_z,class
0.8303476572036743,0.4591043293476105,-1.3551459687732859e-07,0.7748842835426331,0.43288975954055786,-0.02056455984711647,0.7388929128646851,0.38759973645210266,-0.038087379187345505,0.7669607400894165,0.3467444181442261,-0.055824629962444305,0.8131839632987976,0.33611762523651123,-0.071590855717659,0.7566302418708801,0.3001185655593872,-0.019831251353025436,0.7549172043800354,0.2527221441268921,-0.0553593635559082,0.7748414874076843,0.28067994117736816,-0.08127598464488983,0.7895248532295227,0.31757327914237976,-0.09423930943012238,0.8004609942436218,0.2893128991127014,-0.024794084951281548,0.8055803775787354,0.23647430539131165,-0.057695258408784866,0.8225271701812744,0.28716397285461426,-0.07111497968435287,0.8284241557121277,0.3262259066104889,-0.07303090393543243,0.8412365317344666,0.2926625907421112,-0.03399272263050079,0.8502834439277649,0.25382527709007263,-0.06063355505466461,0.8588144779205322,0.3029836416244507,-0.05641499161720276,0.8582612872123718,0.3366183936595917,-0.04650714620947838,0.8782747387886047,0.30969199538230896,-0.04550628364086151,0.884350597858429,0.27424609661102295,-0.05824735388159752,0.885406494140625,0.31008169054985046,-0.047501325607299805,0.8820759057998657,0.3351292908191681,-0.03550712764263153,do
