landmark_0_x,landmark_0_y,landmark_0_z,landmark_1_x,landmark_1_y,landmark_1_z,landmark_2_x,landmark_2_y,landmark_2_z,landmark_3_x,landmark_3_y,landmark_3_z,landmark_4_x,landmark_4_y,landmark_4_z,landmark_5_x,landmark_5_y,landmark_5_z,landmark_6_x,landmark_6_y,landmark_6_z,landmark_7_x,landmark_7_y,landmark_7_z,landmark_8_x,landmark_8_y,landmark_8_z,landmark_9_x,landmark_9_y,landmark_9_z,landmark_10_x,landmark_10_y,landmark_10_z,landmark_11_x,landmark_11_y,landmark_11_z,landmark_12_x,landmark_12_y,landmark_12_z,landmark_13_x,landmark_13_y,landmark_13_z,landmark_14_x,landmark_14_y,landmark_14_z,landmark_15_x,landmark_15_y,landmark_15_z,landmark_16_x,landmark_16_y,landmark_16_z,landmark_17_x,landmark_17_y,landmark_17_z,landmark_18_x,landmark_18_y,landmark_18_z,landmark_19_x,landmark_19_y,landmark_19_z,landmark_20_x,landmark_20_y,landmark_20_z,class
0.8342098593711853,0.442868709564209,-4.219014044792857e-07,0.7954650521278381,0.43300169706344604,-0.012011317536234856,0.7667727470397949,0.39406225085258484,-0.021243704482913017,0.7625858187675476,0.35460683703422546,-0.030822528526186943,0.7676029205322266,0.32823124527931213,-0.03811272978782654,0.782081127166748,0.3228048086166382,-0.010769316926598549,0.7831017971038818,0.2993684709072113,-0.0324467234313488,0.7879325151443481,0.34049192070961,-0.04586348682641983,0.7916204333305359,0.37280815839767456,-0.051696136593818665,0.8126384019851685,0.3192901909351349,-0.014541743323206902,0.8141891956329346,0.29598715901374817,-0.03529002517461777,0.8176347613334656,0.34023794531822205,-0.041703127324581146,0.8206058144569397,0.37083181738853455,-0.04125993698835373,0.8424459099769592,0.32245588302612305,-0.021047497168183327,0.8450754880905151,0.3045658469200134,-0.038686659187078476,0.8461530208587646,0.3446117639541626,-0.03398934379220009,0.8472046852111816,0.37046951055526733,-0.0266567375510931,0.8708204030990601,0.3325035870075226,-0.028810184448957443,0.8722808957099915,0.31813517212867737,-0.03773866221308708,0.8698233962059021,0.3490216135978699,-0.030830860137939453,0.8697619438171387,0.3676392436027527,-0.022971725091338158,do
