landmark_0_x,landmark_0_y,landmark_0_z,landmark_1_x,landmark_1_y,landmark_1_z,landmark_2_x,landmark_2_y,landmark_2_z,landmark_3_x,landmark_3_y,landmark_3_z,landmark_4_x,landmark_4_y,landmark_4_z,landmark_5_x,landmark_5_y,landmark_5_z,landmark_6_x,landmark_6_y,landmark_6_z,landmark_7_x,landmark_7_y,landmark_7_z,landmark_8_x,landmark_8_y,landmark_8_z,landmark_9_x,landmark_9_y,landmark_9_z,landmark_10_x,landmark_10_y,landmark_10_z,landmark_11_x,landmark_11_y,landmark_11_z,landmark_12_x,landmark_12_y,landmark_12_z,landmark_13_x,landmark_13_y,landmark_13_z,landmark_14_x,landmark_14_y,landmark_14_z,landmark_15_x,landmark_15_y,landmark_15_z,landmark_16_x,landmark_16_y,landmark_16_z,landmark_17_x,landmark_17_y,landmark_17_z,landmark_18_x,landmark_18_y,landmark_18_z,landmark_19_x,landmark_19_y,landmark_19_z,landmark_20_x,landmark_20_y,landmark_20_z,class
0.6574296951293945,0.8080050945281982,-3.3749617500689055e-07,0.6120487451553345,0.7991153001785278,-0.012844069860875607,0.5666390657424927,0.767604410648346,-0.020917585119605064,0.5603757500648499,0.7287328839302063,-0.028839023783802986,0.5940459370613098,0.7247780561447144,-0.033112846314907074,0.5860926508903503,0.6620635390281677,-0.004358771722763777,0.5727410316467285,0.6690829992294312,-0.021408477798104286,0.5761560201644897,0.6971318125724792,-0.029167557135224342,0.5782614946365356,0.7005743384361267,-0.03326407074928284,0.6156297326087952,0.6484397649765015,-0.007592753507196903,0.6029777526855469,0.6845370531082153,-0.024403030052781105,0.610152006149292,0.7228462100028992,-0.02388691157102585,0.616479754447937,0.7188012003898621,-0.019392352551221848,0.6464441418647766,0.652910590171814,-0.014560113660991192,0.6371662020683289,0.6932389140129089,-0.028600450605154037,0.6401165723800659,0.7270718216896057,-0.020149486139416695,0.6451581120491028,0.720090389251709,-0.011066912673413754,0.6778714060783386,0.6666148900985718,-0.024122027680277824,0.6680817604064941,0.6943137049674988,-0.029526345431804657,0.6686414480209351,0.7208800911903381,-0.023118700832128525,0.6746912002563477,0.7171066999435425,-0.01598125696182251,do
