landmark_0_x,landmark_0_y,landmark_0_z,landmark_1_x,landmark_1_y,landmark_1_z,landmark_2_x,landmark_2_y,landmark_2_z,landmark_3_x,landmark_3_y,landmark_3_z,landmark_4_x,landmark_4_y,landmark_4_z,landmark_5_x,landmark_5_y,landmark_5_z,landmark_6_x,landmark_6_y,landmark_6_z,landmark_7_x,landmark_7_y,landmark_7_z,landmark_8_x,landmark_8_y,landmark_8_z,landmark_9_x,landmark_9_y,landmark_9_z,landmark_10_x,landmark_10_y,landmark_10_z,landmark_11_x,landmark_11_y,landmark_11_z,landmark_12_x,landmark_12_y,landmark_12_z,landmark_13_x,landmark_13_y,landmark_13_z,landmark_14_x,landmark_14_y,landmark_14_z,landmark_15_x,landmark_15_y,landmark_15_z,landmark_16_x,landmark_16_y,landmark_16_z,landmark_17_x,landmark_17_y,landmark_17_z,landmark_18_x,landmark_18_y,landmark_18_z,landmark_19_x,landmark_19_y,landmark_19_z,landmark_20_x,landmark_20_y,landmark_20_z,class
0.677129328250885,0.5841982960700989,-5.136804404060058e-08,0.6442966461181641,0.5791887640953064,-0.011574420146644115,0.6219805479049683,0.559678316116333,-0.02037765085697174,0.6267445087432861,0.5355998873710632,-0.02819834277033806,0.6447870135307312,0.5206372737884521,-0.03416052460670471,0.6199069619178772,0.49599677324295044,-0.011296315118670464,0.6396493911743164,0.49714547395706177,-0.02642892673611641,0.6483790874481201,0.505013644695282,-0.039278969168663025,0.6510197520256042,0.511026918888092,-0.04756477475166321,0.6436095237731934,0.48670411109924316,-0.0128879863768816,0.6647059917449951,0.4900885820388794,-0.025365052744746208,0.6671764850616455,0.5012928247451782,-0.0322144441306591,0.6667504906654358,0.5075311660766602,-0.03610076755285263,0.6680173873901367,0.48798421025276184,-0.016347475349903107,0.686943769454956,0.48928341269493103,-0.025899285450577736,0.6855149269104004,0.500074565410614,-0.024438364431262016,0.6821655035018921,0.5051776170730591,-0.022236580029129982,0.6916965842247009,0.49791356921195984,-0.021673114970326424,0.7048314809799194,0.49029606580734253,-0.026684390380978584,0.7001898884773254,0.5010170340538025,-0.023326866328716278,0.6940639019012451,0.5064120292663574,-0.01955430768430233,do
