landmark_0_x,landmark_0_y,landmark_0_z,landmark_1_x,landmark_1_y,landmark_1_z,landmark_2_x,landmark_2_y,landmark_2_z,landmark_3_x,landmark_3_y,landmark_3_z,landmark_4_x,landmark_4_y,landmark_4_z,landmark_5_x,landmark_5_y,landmark_5_z,landmark_6_x,landmark_6_y,landmark_6_z,landmark_7_x,landmark_7_y,landmark_7_z,landmark_8_x,landmark_8_y,landmark_8_z,landmark_9_x,landmark_9_y,landmark_9_z,landmark_10_x,landmark_10_y,landmark_10_z,landmark_11_x,landmark_11_y,landmark_11_z,landmark_12_x,landmark_12_y,landmark_12_z,landmark_13_x,landmark_13_y,landmark_13_z,landmark_14_x,landmark_14_y,landmark_14_z,landmark_15_x,landmark_15_y,landmark_15_z,landmark_16_x,landmark_16_y,landmark_16_z,landmark_17_x,landmark_17_y,landmark_17_z,landmark_18_x,landmark_18_y,landmark_18_z,landmark_19_x,landmark_19_y,landmark_19_z,landmark_20_x,landmark_20_y,landmark_20_z,class
0.8764171600341797,0.8249837160110474,-3.1267344979823974e-07,0.825037956237793,0.8040626049041748,-0.032189421355724335,0.7926445007324219,0.7623158097267151,-0.05400937423110008,0.8179575204849243,0.736132025718689,-0.07193423807621002,0.8628306984901428,0.727635383605957,-0.0831172913312912,0.8205254673957825,0.6125196814537048,-0.02608436718583107,0.8314676880836487,0.6495707035064697,-0.05964288488030434,0.8403819799423218,0.7055539488792419,-0.07922464609146118,0.8433681726455688,0.7069021463394165,-0.09167356789112091,0.8674129843711853,0.6115385890007019,-0.027947640046477318,0.8755468726158142,0.637999415397644,-0.06370043754577637,0.8775820136070251,0.7030196785926819,-0.07136179506778717,0.8791786432266235,0.70900559425354,-0.07026353478431702,0.9095734357833862,0.6278514862060547,-0.035311806946992874,0.9202249646186829,0.6559237241744995,-0.06628499180078506,0.9164294004440308,0.7161145210266113,-0.05528687685728073,0.9132974743843079,0.7189322113990784,-0.04167666286230087,0.947419285774231,0.6586676836013794,-0.046918559819459915,0.9563511610031128,0.6762306094169617,-0.06449420005083084,0.9480298757553101,0.7211489081382751,-0.055655963718891144,0.9426870346069336,0.7241984605789185,-0.04451989009976387,do
