landmark_0_x,landmark_0_y,landmark_0_z,landmark_1_x,landmark_1_y,landmark_1_z,landmark_2_x,landmark_2_y,landmark_2_z,landmark_3_x,landmark_3_y,landmark_3_z,landmark_4_x,landmark_4_y,landmark_4_z,landmark_5_x,landmark_5_y,landmark_5_z,landmark_6_x,landmark_6_y,landmark_6_z,landmark_7_x,landmark_7_y,landmark_7_z,landmark_8_x,landmark_8_y,landmark_8_z,landmark_9_x,landmark_9_y,landmark_9_z,landmark_10_x,landmark_10_y,landmark_10_z,landmark_11_x,landmark_11_y,landmark_11_z,landmark_12_x,landmark_12_y,landmark_12_z,landmark_13_x,landmark_13_y,landmark_13_z,landmark_14_x,landmark_14_y,landmark_14_z,landmark_15_x,landmark_15_y,landmark_15_z,landmark_16_x,landmark_16_y,landmark_16_z,landmark_17_x,landmark_17_y,landmark_17_z,landmark_18_x,landmark_18_y,landmark_18_z,landmark_19_x,landmark_19_y,landmark_19_z,landmark_20_x,landmark_20_y,landmark_20_z,class
0.6995437741279602,0.5767225027084351,-3.470111096248729e-07,0.6568202376365662,0.5756469368934631,-0.025681979954242706,0.6148930191993713,0.5562834739685059,-0.04364807903766632,0.6071773767471313,0.5341721177101135,-0.058408837765455246,0.639087975025177,0.5225529074668884,-0.06837631016969681,0.6315064430236816,0.4192741811275482,-0.020202340558171272,0.6314091086387634,0.4744671583175659,-0.04335988685488701,0.6401198506355286,0.5098045468330383,-0.058501992374658585,0.6439251899719238,0.49720096588134766,-0.06907094269990921,0.6680528521537781,0.40853869915008545,-0.020003722980618477,0.6670481562614441,0.4716383218765259,-0.04084274545311928,0.6713706851005554,0.5067242980003357,-0.044989489018917084,0.6730984449386597,0.4931192398071289,-0.045631349086761475,0.703519880771637,0.41588300466537476,-0.024019286036491394,0.7000366449356079,0.4753986895084381,-0.04205019399523735,0.6998185515403748,0.5055255889892578,-0.035511378198862076,0.6993216276168823,0.4909820258617401,-0.028695283457636833,0.736558735370636,0.4327608644962311,-0.031659938395023346,0.7304762005805969,0.4797207713127136,-0.04121235013008118,0.7287167310714722,0.5039193034172058,-0.037270914763212204,0.7282077670097351,0.4927017092704773,-0.032172586768865585,do
