landmark_0_x,landmark_0_y,landmark_0_z,landmark_1_x,landmark_1_y,landmark_1_z,landmark_2_x,landmark_2_y,landmark_2_z,landmark_3_x,landmark_3_y,landmark_3_z,landmark_4_x,landmark_4_y,landmark_4_z,landmark_5_x,landmark_5_y,landmark_5_z,landmark_6_x,landmark_6_y,landmark_6_z,landmark_7_x,landmark_7_y,landmark_7_z,landmark_8_x,landmark_8_y,landmark_8_z,landmark_9_x,landmark_9_y,landmark_9_z,landmark_10_x,landmark_10_y,landmark_10_z,landmark_11_x,landmark_11_y,landmark_11_z,landmark_12_x,landmark_12_y,landmark_12_z,landmark_13_x,landmark_13_y,landmark_13_z,landmark_14_x,landmark_14_y,landmark_14_z,landmark_15_x,landmark_15_y,landmark_15_z,landmark_16_x,landmark_16_y,landmark_16_z,landmark_17_x,landmark_17_y,landmark_17_z,landmark_18_x,landmark_18_y,landmark_18_z,landmark_19_x,landmark_19_y,landmark_19_z,landmark_20_x,landmark_20_y,landmark_20_z,class
0.746936559677124,0.5359581708908081,-3.2131316629602225e-07,0.6834158897399902,0.5224179625511169,-0.0429338738322258,0.6221137046813965,0.47718557715415955,-0.07048513740301132,0.6182082295417786,0.43171852827072144,-0.09169106930494308,0.6718009114265442,0.41510605812072754,-0.10423307120800018,0.6448255181312561,0.2953108549118042,-0.034911274909973145,0.6397393345832825,0.34782499074935913,-0.07271836698055267,0.654979407787323,0.4028473198413849,-0.09194713085889816,0.6636509895324707,0.3862212300300598,-0.10425042361021042,0.6996859312057495,0.27737581729888916,-0.033190712332725525,0.698436439037323,0.3388170897960663,-0.07177188247442245,0.7051870822906494,0.3974645435810089,-0.07686536014080048,0.7081925868988037,0.3775109648704529,-0.0740472748875618,0.7545064091682434,0.2869572043418884,-0.03848400339484215,0.7550726532936096,0.3582710027694702,-0.0712541937828064,0.75444096326828,0.41235819458961487,-0.058221813291311264,0.7553151845932007,0.39071619510650635,-0.043759167194366455,0.809059739112854,0.3080657124519348,-0.04952870309352875,0.804399311542511,0.36121615767478943,-0.0671568438410759,0.8018937110900879,0.404773473739624,-0.0592484213411808,0.8042045831680298,0.39139169454574585,-0.048907890915870667,do
