landmark_0_x,landmark_0_y,landmark_0_z,landmark_1_x,landmark_1_y,landmark_1_z,landmark_2_x,landmark_2_y,landmark_2_z,landmark_3_x,landmark_3_y,landmark_3_z,landmark_4_x,landmark_4_y,landmark_4_z,landmark_5_x,landmark_5_y,landmark_5_z,landmark_6_x,landmark_6_y,landmark_6_z,landmark_7_x,landmark_7_y,landmark_7_z,landmark_8_x,landmark_8_y,landmark_8_z,landmark_9_x,landmark_9_y,landmark_9_z,landmark_10_x,landmark_10_y,landmark_10_z,landmark_11_x,landmark_11_y,landmark_11_z,landmark_12_x,landmark_12_y,landmark_12_z,landmark_13_x,landmark_13_y,landmark_13_z,landmark_14_x,landmark_14_y,landmark_14_z,landmark_15_x,landmark_15_y,landmark_15_z,landmark_16_x,landmark_16_y,landmark_16_z,landmark_17_x,landmark_17_y,landmark_17_z,landmark_18_x,landmark_18_y,landmark_18_z,landmark_19_x,landmark_19_y,landmark_19_z,landmark_20_x,landmark_20_y,landmark_20_z,class
0.7508916258811951,0.8058397769927979,-1.4206361242941057e-07,0.7207975387573242,0.7889106869697571,-0.01210827473551035,0.6996456384658813,0.7663193941116333,-0.021696027368307114,0.7101185917854309,0.7434925436973572,-0.03086031973361969,0.7335934638977051,0.7378360629081726,-0.037945833057165146,0.7060675621032715,0.702884316444397,-0.009749784134328365,0.714522659778595,0.6956143379211426,-0.02886248007416725,0.7195409536361694,0.712098240852356,-0.04345529526472092,0.7230520844459534,0.7239080667495728,-0.05180563032627106,0.7302564978599548,0.6982192397117615,-0.011697480455040932,0.7410938143730164,0.7021896839141846,-0.02722741663455963,0.742915689945221,0.7243033051490784,-0.033583421260118484,0.7423965930938721,0.731644868850708,-0.03609056770801544,0.7528375387191772,0.7034352421760559,-0.01640341244637966,0.7649033665657043,0.7097011208534241,-0.02833646908402443,0.7612451910972595,0.7297573685646057,-0.02620035782456398,0.7561759352684021,0.7360913753509521,-0.02279934287071228,0.773090124130249,0.7160390615463257,-0.02316918596625328,0.7822087407112122,0.719224750995636,-0.028914036229252815,0.7772012948989868,0.7361788749694824,-0.025418739765882492,0.7715041041374207,0.743358314037323,-0.0213600043207407,do
