landmark_0_x,landmark_0_y,landmark_0_z,landmark_1_x,landmark_1_y,landmark_1_z,landmark_2_x,landmark_2_y,landmark_2_z,landmark_3_x,landmark_3_y,landmark_3_z,landmark_4_x,landmark_4_y,landmark_4_z,landmark_5_x,landmark_5_y,landmark_5_z,landmark_6_x,landmark_6_y,landmark_6_z,landmark_7_x,landmark_7_y,landmark_7_z,landmark_8_x,landmark_8_y,landmark_8_z,landmark_9_x,landmark_9_y,landmark_9_z,landmark_10_x,landmark_10_y,landmark_10_z,landmark_11_x,landmark_11_y,landmark_11_z,landmark_12_x,landmark_12_y,landmark_12_z,landmark_13_x,landmark_13_y,landmark_13_z,landmark_14_x,landmark_14_y,landmark_14_z,landmark_15_x,landmark_15_y,landmark_15_z,landmark_16_x,landmark_16_y,landmark_16_z,landmark_17_x,landmark_17_y,landmark_17_z,landmark_18_x,landmark_18_y,landmark_18_z,landmark_19_x,landmark_19_y,landmark_19_z,landmark_20_x,landmark_20_y,landmark_20_z,class
0.6986896395683289,0.5965188145637512,-1.6581792294800834e-07,0.6641489267349243,0.5852822065353394,-0.010698899626731873,0.6378865838050842,0.5620237588882446,-0.0194625873118639,0.6444157958030701,0.5372563004493713,-0.028102559968829155,0.6620763540267944,0.5250414609909058,-0.03493973985314369,0.6403299570083618,0.48355379700660706,-0.009045932441949844,0.6615208983421326,0.47945407032966614,-0.027153974398970604,0.6682524085044861,0.4977084696292877,-0.04124343395233154,0.6673108339309692,0.5101052522659302,-0.04991070553660393,0.6653491258621216,0.47860750555992126,-0.012542244978249073,0.6846415996551514,0.48343852162361145,-0.02839469537138939,0.6880990862846375,0.5075513124465942,-0.03528406098484993,0.6844995617866516,0.5175405144691467,-0.03841245919466019,0.6899022459983826,0.48396116495132446,-0.018435953184962273,0.7074430584907532,0.48969191312789917,-0.03113560937345028,0.7070327997207642,0.5143954157829285,-0.028733383864164352,0.7006487846374512,0.5240167379379272,-0.025416284799575806,0.7136695384979248,0.4976918399333954,-0.026167072355747223,0.7272481918334961,0.49701470136642456,-0.03327598050236702,0.7233690619468689,0.5203093886375427,-0.0293046236038208,0.7153401374816895,0.5309049487113953,-0.024823220446705818,do
