landmark_0_x,landmark_0_y,landmark_0_z,landmark_1_x,landmark_1_y,landmark_1_z,landmark_2_x,landmark_2_y,landmark_2_z,landmark_3_x,landmark_3_y,landmark_3_z,landmark_4_x,landmark_4_y,landmark_4_z,landmark_5_x,landmark_5_y,landmark_5_z,landmark_6_x,landmark_6_y,landmark_6_z,landmark_7_x,landmark_7_y,landmark_7_z,landmark_8_x,landmark_8_y,landmark_8_z,landmark_9_x,landmark_9_y,landmark_9_z,landmark_10_x,landmark_10_y,landmark_10_z,landmark_11_x,landmark_11_y,landmark_11_z,landmark_12_x,landmark_12_y,landmark_12_z,landmark_13_x,landmark_13_y,landmark_13_z,landmark_14_x,landmark_14_y,landmark_14_z,landmark_15_x,landmark_15_y,landmark_15_z,landmark_16_x,landmark_16_y,landmark_16_z,landmark_17_x,landmark_17_y,landmark_17_z,landmark_18_x,landmark_18_y,landmark_18_z,landmark_19_x,landmark_19_y,landmark_19_z,landmark_20_x,landmark_20_y,landmark_20_z,class
0.7288150191307068,0.7832603454589844,-2.0181273896469065e-07,0.7043426632881165,0.7809327244758606,-0.017253365367650986,0.6882680058479309,0.764593780040741,-0.02877574786543846,0.6980939507484436,0.7483095526695251,-0.03791622817516327,0.7184521555900574,0.7434831261634827,-0.04466754198074341,0.6904019713401794,0.6959732174873352,-0.01970205083489418,0.7205939888954163,0.7115772366523743,-0.036147721111774445,0.715707540512085,0.7259336113929749,-0.047393959015607834,0.7029280066490173,0.7253119349479675,-0.05526026338338852,0.7151447534561157,0.6931575536727905,-0.019346101209521294,0.7424086928367615,0.7185748815536499,-0.03541502356529236,0.7333646416664124,0.7346054315567017,-0.04044273868203163,0.7231071591377258,0.7323760390281677,-0.04281868040561676,0.7386489510536194,0.7006109356880188,-0.021157454699277878,0.761642336845398,0.7242773771286011,-0.03448295220732689,0.7509168386459351,0.7367233037948608,-0.033290836960077286,0.7398148775100708,0.7317079901695251,-0.030868977308273315,0.7603576183319092,0.7132250666618347,-0.02522166259586811,0.777137041091919,0.727190375328064,-0.03442976623773575,0.7666842937469482,0.7373162508010864,-0.03461955115199089,0.7560567855834961,0.7339468002319336,-0.03308307006955147,do
