landmark_0_x,landmark_0_y,landmark_0_z,landmark_1_x,landmark_1_y,landmark_1_z,landmark_2_x,landmark_2_y,landmark_2_z,landmark_3_x,landmark_3_y,landmark_3_z,landmark_4_x,landmark_4_y,landmark_4_z,landmark_5_x,landmark_5_y,landmark_5_z,landmark_6_x,landmark_6_y,landmark_6_z,landmark_7_x,landmark_7_y,landmark_7_z,landmark_8_x,landmark_8_y,landmark_8_z,landmark_9_x,landmark_9_y,landmark_9_z,landmark_10_x,landmark_10_y,landmark_10_z,landmark_11_x,landmark_11_y,landmark_11_z,landmark_12_x,landmark_12_y,landmark_12_z,landmark_13_x,landmark_13_y,landmark_13_z,landmark_14_x,landmark_14_y,landmark_14_z,landmark_15_x,landmark_15_y,landmark_15_z,landmark_16_x,landmark_16_y,landmark_16_z,landmark_17_x,landmark_17_y,landmark_17_z,landmark_18_x,landmark_18_y,landmark_18_z,landmark_19_x,landmark_19_y,landmark_19_z,landmark_20_x,landmark_20_y,landmark_20_z,class
0.8230379223823547,0.3608713150024414,-3.870686384743749e-07,0.7633441686630249,0.3218495845794678,-0.031097032129764557,0.7231171131134033,0.2500936985015869,-0.04889988899230957,0.748862624168396,0.18052473664283752,-0.06610050052404404,0.804844081401825,0.17164267599582672,-0.07717955112457275,0.7583896517753601,0.1567128300666809,-0.013511831872165203,0.7656527161598206,0.11023769527673721,-0.05433935299515724,0.7661967873573303,0.16993379592895508,-0.07468651235103607,0.7615178823471069,0.20078495144844055,-0.08244284987449646,0.801698625087738,0.15208885073661804,-0.013780678622424603,0.8153568506240845,0.11316891014575958,-0.055680904537439346,0.8118467926979065,0.19055840373039246,-0.06226831674575806,0.804958701133728,0.21429219841957092,-0.05599289387464523,0.8428172469139099,0.16018714010715485,-0.021908001974225044,0.8606205582618713,0.13584303855895996,-0.061825942248106,0.8474780917167664,0.20558634400367737,-0.0542384572327137,0.833798885345459,0.22656981647014618,-0.03779104724526405,0.8835395574569702,0.18246100842952728,-0.03336520120501518,0.8977996706962585,0.15463249385356903,-0.05431394279003143,0.881447434425354,0.201948881149292,-0.046457432210445404,0.8629809021949768,0.22369953989982605,-0.03410716354846954,do
