landmark_0_x,landmark_0_y,landmark_0_z,landmark_1_x,landmark_1_y,landmark_1_z,landmark_2_x,landmark_2_y,landmark_2_z,landmark_3_x,landmark_3_y,landmark_3_z,landmark_4_x,landmark_4_y,landmark_4_z,landmark_5_x,landmark_5_y,landmark_5_z,landmark_6_x,landmark_6_y,landmark_6_z,landmark_7_x,landmark_7_y,landmark_7_z,landmark_8_x,landmark_8_y,landmark_8_z,landmark_9_x,landmark_9_y,landmark_9_z,landmark_10_x,landmark_10_y,landmark_10_z,landmark_11_x,landmark_11_y,landmark_11_z,landmark_12_x,landmark_12_y,landmark_12_z,landmark_13_x,landmark_13_y,landmark_13_z,landmark_14_x,landmark_14_y,landmark_14_z,landmark_15_x,landmark_15_y,landmark_15_z,landmark_16_x,landmark_16_y,landmark_16_z,landmark_17_x,landmark_17_y,landmark_17_z,landmark_18_x,landmark_18_y,landmark_18_z,landmark_19_x,landmark_19_y,landmark_19_z,landmark_20_x,landmark_20_y,landmark_20_z,class
0.799278736114502,0.6929944157600403,-3.7417326126387707e-08,0.7751456499099731,0.6729918122291565,-0.007162825204432011,0.7576836347579956,0.645883321762085,-0.01242753304541111,0.7591316103935242,0.6218334436416626,-0.017806023359298706,0.7748293876647949,0.6095329523086548,-0.021797988563776016,0.774820864200592,0.6155069470405579,-0.0024881495628505945,0.777133584022522,0.5967358350753784,-0.013148712925612926,0.7738865613937378,0.6055291891098022,-0.019969072192907333,0.7701181769371033,0.607979416847229,-0.02328750677406788,0.7929534316062927,0.6140168905258179,-0.0038386236410588026,0.7974404096603394,0.5952944755554199,-0.012386294081807137,0.7943824529647827,0.6065223217010498,-0.014506412670016289,0.7922014594078064,0.6089902520179749,-0.014286701567471027,0.8100969195365906,0.6172720193862915,-0.0072170402854681015,0.8160904049873352,0.5994965434074402,-0.014405044727027416,0.8114303946495056,0.6094627380371094,-0.0119225038215518,0.8076923489570618,0.6119294166564941,-0.0087688397616148,0.8258132338523865,0.6249515414237976,-0.011519718915224075,0.8295779228210449,0.6059216260910034,-0.013938792049884796,0.8253790140151978,0.6145226359367371,-0.00989283062517643,0.8221018314361572,0.6195822358131409,-0.006076277233660221,do
