landmark_0_x,landmark_0_y,landmark_0_z,landmark_1_x,landmark_1_y,landmark_1_z,landmark_2_x,landmark_2_y,landmark_2_z,landmark_3_x,landmark_3_y,landmark_3_z,landmark_4_x,landmark_4_y,landmark_4_z,landmark_5_x,landmark_5_y,landmark_5_z,landmark_6_x,landmark_6_y,landmark_6_z,landmark_7_x,landmark_7_y,landmark_7_z,landmark_8_x,landmark_8_y,landmark_8_z,landmark_9_x,landmark_9_y,landmark_9_z,landmark_10_x,landmark_10_y,landmark_10_z,landmark_11_x,landmark_11_y,landmark_11_z,landmark_12_x,landmark_12_y,landmark_12_z,landmark_13_x,landmark_13_y,landmark_13_z,landmark_14_x,landmark_14_y,landmark_14_z,landmark_15_x,landmark_15_y,landmark_15_z,landmark_16_x,landmark_16_y,landmark_16_z,landmark_17_x,landmark_17_y,landmark_17_z,landmark_18_x,landmark_18_y,landmark_18_z,landmark_19_x,landmark_19_y,landmark_19_z,landmark_20_x,landmark_20_y,landmark_20_z,class
0.8472123742103577,0.48654717206954956,-3.614726438172511e-07,0.7897774577140808,0.47149717807769775,-0.043707456439733505,0.7523863315582275,0.4223426282405853,-0.06769893318414688,0.7826265096664429,0.3788456320762634,-0.08497414737939835,0.8279582858085632,0.3624347448348999,-0.09373140335083008,0.7689505815505981,0.28349485993385315,-0.03822842612862587,0.7847979068756104,0.29420942068099976,-0.07624213397502899,0.7958223819732666,0.35198724269866943,-0.09461656957864761,0.7963590621948242,0.3608609437942505,-0.10520463436841965,0.8163008689880371,0.27394574880599976,-0.03341256454586983,0.8362410664558411,0.29164132475852966,-0.07391972094774246,0.838279128074646,0.3586708903312683,-0.08024635910987854,0.8309044241905212,0.3572354316711426,-0.0775323137640953,0.8601313233375549,0.2823358476161957,-0.035641640424728394,0.8819766044616699,0.3105286955833435,-0.07012342661619186,0.8752768039703369,0.36577853560447693,-0.06065934896469116,0.8628630042076111,0.3570860028266907,-0.0483139231801033,0.9013463258743286,0.30400902032852173,-0.04305832460522652,0.9188687801361084,0.32836517691612244,-0.06536488234996796,0.9097084999084473,0.36908525228500366,-0.061515819281339645,0.8967636823654175,0.36504465341567993,-0.05382184684276581,do
