landmark_0_x,landmark_0_y,landmark_0_z,landmark_1_x,landmark_1_y,landmark_1_z,landmark_2_x,landmark_2_y,landmark_2_z,landmark_3_x,landmark_3_y,landmark_3_z,landmark_4_x,landmark_4_y,landmark_4_z,landmark_5_x,landmark_5_y,landmark_5_z,landmark_6_x,landmark_6_y,landmark_6_z,landmark_7_x,landmark_7_y,landmark_7_z,landmark_8_x,landmark_8_y,landmark_8_z,landmark_9_x,landmark_9_y,landmark_9_z,landmark_10_x,landmark_10_y,landmark_10_z,landmark_11_x,landmark_11_y,landmark_11_z,landmark_12_x,landmark_12_y,landmark_12_z,landmark_13_x,landmark_13_y,landmark_13_z,landmark_14_x,landmark_14_y,landmark_14_z,landmark_15_x,landmark_15_y,landmark_15_z,landmark_16_x,landmark_16_y,landmark_16_z,landmark_17_x,landmark_17_y,landmark_17_z,landmark_18_x,landmark_18_y,landmark_18_z,landmark_19_x,landmark_19_y,landmark_19_z,landmark_20_x,landmark_20_y,landmark_20_z,class
0.8335062861442566,0.7317147254943848,-2.5812789772317046e-07,0.7968742251396179,0.7112324833869934,-0.018144967034459114,0.7662829160690308,0.6818134784698486,-0.03272796794772148,0.7789192795753479,0.6518799066543579,-0.046955615282058716,0.8120141625404358,0.643438994884491,-0.057687439024448395,0.7754231095314026,0.5959247946739197,-0.01356563251465559,0.7754382491111755,0.5754026174545288,-0.04303490370512009,0.783612847328186,0.6085079312324524,-0.061890579760074615,0.7877927422523499,0.6254948973655701,-0.07174995541572571,0.8088729381561279,0.5885736346244812,-0.01735067367553711,0.8140471577644348,0.5802638530731201,-0.04640289023518562,0.8169096112251282,0.6278984546661377,-0.05379344895482063,0.8139781355857849,0.640591561794281,-0.05280935764312744,0.8405148386955261,0.5927239060401917,-0.02569963037967682,0.8488569855690002,0.5973702073097229,-0.04802941158413887,0.8469502329826355,0.6369432806968689,-0.041847556829452515,0.8413108587265015,0.6425315141677856,-0.03261061757802963,0.8703526854515076,0.6061521768569946,-0.03687527775764465,0.8766849637031555,0.614486575126648,-0.0470423586666584,0.872347891330719,0.6445395350456238,-0.0401899591088295,0.8674838542938232,0.6482041478157043,-0.03205692023038864,do
