landmark_0_x,landmark_0_y,landmark_0_z,landmark_1_x,landmark_1_y,landmark_1_z,landmark_2_x,landmark_2_y,landmark_2_z,landmark_3_x,landmark_3_y,landmark_3_z,landmark_4_x,landmark_4_y,landmark_4_z,landmark_5_x,landmark_5_y,landmark_5_z,landmark_6_x,landmark_6_y,landmark_6_z,landmark_7_x,landmark_7_y,landmark_7_z,landmark_8_x,landmark_8_y,landmark_8_z,landmark_9_x,landmark_9_y,landmark_9_z,landmark_10_x,landmark_10_y,landmark_10_z,landmark_11_x,landmark_11_y,landmark_11_z,landmark_12_x,landmark_12_y,landmark_12_z,landmark_13_x,landmark_13_y,landmark_13_z,landmark_14_x,landmark_14_y,landmark_14_z,landmark_15_x,landmark_15_y,landmark_15_z,landmark_16_x,landmark_16_y,landmark_16_z,landmark_17_x,landmark_17_y,landmark_17_z,landmark_18_x,landmark_18_y,landmark_18_z,landmark_19_x,landmark_19_y,landmark_19_z,landmark_20_x,landmark_20_y,landmark_20_z,class
0.67724609375,0.5904417037963867,-3.4610420129865815e-07,0.636379063129425,0.5872617363929749,-0.01942135952413082,0.5951293706893921,0.565766453742981,-0.03246031329035759,0.5919942259788513,0.5380480289459229,-0.04346597194671631,0.6225476264953613,0.5309469103813171,-0.050337448716163635,0.606776237487793,0.44908857345581055,-0.014329069294035435,0.6059041619300842,0.4815450608730316,-0.03279155120253563,0.6149716377258301,0.5164612531661987,-0.04381486773490906,0.6187778115272522,0.5133154392242432,-0.051333069801330566,0.6394580006599426,0.43542221188545227,-0.014850257895886898,0.6416147947311401,0.4870399236679077,-0.031148217618465424,0.6462656855583191,0.5218241810798645,-0.033501408994197845,0.6469373106956482,0.5143511891365051,-0.03323341906070709,0.6717342734336853,0.4392020106315613,-0.018901841714978218,0.6734693050384521,0.4919542670249939,-0.03297195956110954,0.6729553937911987,0.52098548412323,-0.027680139988660812,0.6714026927947998,0.5121216773986816,-0.02231534570455551,0.7032303810119629,0.45201992988586426,-0.025938598439097404,0.7008469700813293,0.49246907234191895,-0.03387673199176788,0.6980512142181396,0.5155858397483826,-0.030993547290563583,0.6958237886428833,0.510033369064331,-0.026874903589487076,do
