landmark_0_x,landmark_0_y,landmark_0_z,landmark_1_x,landmark_1_y,landmark_1_z,landmark_2_x,landmark_2_y,landmark_2_z,landmark_3_x,landmark_3_y,landmark_3_z,landmark_4_x,landmark_4_y,landmark_4_z,landmark_5_x,landmark_5_y,landmark_5_z,landmark_6_x,landmark_6_y,landmark_6_z,landmark_7_x,landmark_7_y,landmark_7_z,landmark_8_x,landmark_8_y,landmark_8_z,landmark_9_x,landmark_9_y,landmark_9_z,landmark_10_x,landmark_10_y,landmark_10_z,landmark_11_x,landmark_11_y,landmark_11_z,landmark_12_x,landmark_12_y,landmark_12_z,landmark_13_x,landmark_13_y,landmark_13_z,landmark_14_x,landmark_14_y,landmark_14_z,landmark_15_x,landmark_15_y,landmark_15_z,landmark_16_x,landmark_16_y,landmark_16_z,landmark_17_x,landmark_17_y,landmark_17_z,landmark_18_x,landmark_18_y,landmark_18_z,landmark_19_x,landmark_19_y,landmark_19_z,landmark_20_x,landmark_20_y,landmark_20_z,class
0.7226858139038086,0.613143801689148,-3.2797083804325666e-07,0.6765182018280029,0.5993269085884094,-0.015072198584675789,0.6342905163764954,0.5674787759780884,-0.026671962812542915,0.6388180255889893,0.5263493061065674,-0.03800761699676514,0.6764850616455078,0.5164568424224854,-0.04567936435341835,0.6512429118156433,0.46364349126815796,-0.01000518910586834,0.6424564123153687,0.45671743154525757,-0.03231775015592575,0.6507760286331177,0.48384207487106323,-0.045305024832487106,0.6589305400848389,0.49259456992149353,-0.05278082191944122,0.6864897012710571,0.44695937633514404,-0.013925911858677864,0.6867970824241638,0.4694839417934418,-0.03590702265501022,0.6901106834411621,0.5131974220275879,-0.03887128084897995,0.692458987236023,0.5201823711395264,-0.03628731518983841,0.721555769443512,0.4496786594390869,-0.0218267273157835,0.7246700525283813,0.48735249042510986,-0.03864019736647606,0.722560465335846,0.5225922465324402,-0.031797610223293304,0.721797525882721,0.5208554267883301,-0.023741254583001137,0.756883978843689,0.4627758860588074,-0.03265921771526337,0.7562692761421204,0.4929458796977997,-0.04032289981842041,0.751693069934845,0.5216795802116394,-0.034881919622421265,0.7503141760826111,0.521224856376648,-0.028346603736281395,do
