landmark_0_x,landmark_0_y,landmark_0_z,landmark_1_x,landmark_1_y,landmark_1_z,landmark_2_x,landmark_2_y,landmark_2_z,landmark_3_x,landmark_3_y,landmark_3_z,landmark_4_x,landmark_4_y,landmark_4_z,landmark_5_x,landmark_5_y,landmark_5_z,landmark_6_x,landmark_6_y,landmark_6_z,landmark_7_x,landmark_7_y,landmark_7_z,landmark_8_x,landmark_8_y,landmark_8_z,landmark_9_x,landmark_9_y,landmark_9_z,landmark_10_x,landmark_10_y,landmark_10_z,landmark_11_x,landmark_11_y,landmark_11_z,landmark_12_x,landmark_12_y,landmark_12_z,landmark_13_x,landmark_13_y,landmark_13_z,landmark_14_x,landmark_14_y,landmark_14_z,landmark_15_x,landmark_15_y,landmark_15_z,landmark_16_x,landmark_16_y,landmark_16_z,landmark_17_x,landmark_17_y,landmark_17_z,landmark_18_x,landmark_18_y,landmark_18_z,landmark_19_x,landmark_19_y,landmark_19_z,landmark_20_x,landmark_20_y,landmark_20_z,class
0.8913679122924805,0.29424235224723816,-1.5534182296050858e-07,0.8640495538711548,0.27140793204307556,-0.010021624155342579,0.845282793045044,0.22984865307807922,-0.015457120724022388,0.8568034768104553,0.19411778450012207,-0.02130293659865856,0.8851413130760193,0.19021302461624146,-0.025506703183054924,0.860853374004364,0.20460769534111023,-0.0028752766083925962,0.8576802611351013,0.17973719537258148,-0.02167629636824131,0.8550084829330444,0.20212861895561218,-0.03296668082475662,0.8557968139648438,0.2170134335756302,-0.03744546324014664,0.88267982006073,0.20260784029960632,-0.0043308003805577755,0.8841824531555176,0.17718198895454407,-0.021591348573565483,0.8815507292747498,0.20781366527080536,-0.02515922114253044,0.8824702501296997,0.22207753360271454,-0.022679371759295464,0.903984785079956,0.20619994401931763,-0.008888193406164646,0.9067714810371399,0.18514016270637512,-0.024608703330159187,0.9013594388961792,0.21475279331207275,-0.020585693418979645,0.9003431797027588,0.2292788177728653,-0.012705802917480469,0.925592303276062,0.2147761881351471,-0.014618737623095512,0.9273296594619751,0.19153518974781036,-0.02149774692952633,0.9209086298942566,0.21219860017299652,-0.01579984463751316,0.9188844561576843,0.2265254706144333,-0.008799262344837189,do
