landmark_0_x,landmark_0_y,landmark_0_z,landmark_1_x,landmark_1_y,landmark_1_z,landmark_2_x,landmark_2_y,landmark_2_z,landmark_3_x,landmark_3_y,landmark_3_z,landmark_4_x,landmark_4_y,landmark_4_z,landmark_5_x,landmark_5_y,landmark_5_z,landmark_6_x,landmark_6_y,landmark_6_z,landmark_7_x,landmark_7_y,landmark_7_z,landmark_8_x,landmark_8_y,landmark_8_z,landmark_9_x,landmark_9_y,landmark_9_z,landmark_10_x,landmark_10_y,landmark_10_z,landmark_11_x,landmark_11_y,landmark_11_z,landmark_12_x,landmark_12_y,landmark_12_z,landmark_13_x,landmark_13_y,landmark_13_z,landmark_14_x,landmark_14_y,landmark_14_z,landmark_15_x,landmark_15_y,landmark_15_z,landmark_16_x,landmark_16_y,landmark_16_z,landmark_17_x,landmark_17_y,landmark_17_z,landmark_18_x,landmark_18_y,landmark_18_z,landmark_19_x,landmark_19_y,landmark_19_z,landmark_20_x,landmark_20_y,landmark_20_z,class
0.6011836528778076,0.8547157049179077,-2.3550390437776514e-07,0.5714356303215027,0.8533608913421631,-0.0127483531832695,0.5413661599159241,0.8420192003250122,-0.02210412733256817,0.5354828238487244,0.8204454183578491,-0.03029944747686386,0.5567719340324402,0.8110641241073608,-0.03541259467601776,0.5457203984260559,0.7587971687316895,-0.010057935491204262,0.5408338904380798,0.7758818864822388,-0.023164499551057816,0.5460021495819092,0.7989731431007385,-0.029972011223435402,0.5481500625610352,0.7992103099822998,-0.03430159017443657,0.5675737261772156,0.7468887567520142,-0.010934152640402317,0.565640926361084,0.7884950041770935,-0.02316080965101719,0.5710219144821167,0.8110947012901306,-0.024419840425252914,0.5736050605773926,0.8045317530632019,-0.023427659645676613,0.5905503630638123,0.7480016946792603,-0.014174406416714191,0.5887637138366699,0.7913188934326172,-0.023477597162127495,0.5916665196418762,0.8097542524337769,-0.018026242032647133,0.5935512185096741,0.8017054200172424,-0.013062792830169201,0.6131218671798706,0.7563417553901672,-0.019623564556241035,0.6092886328697205,0.792033314704895,-0.02460753358900547,0.6112123131752014,0.8054296374320984,-0.021542759612202644,0.6139450669288635,0.7975693345069885,-0.01764802634716034,do
