landmark_0_x,landmark_0_y,landmark_0_z,landmark_1_x,landmark_1_y,landmark_1_z,landmark_2_x,landmark_2_y,landmark_2_z,landmark_3_x,landmark_3_y,landmark_3_z,landmark_4_x,landmark_4_y,landmark_4_z,landmark_5_x,landmark_5_y,landmark_5_z,landmark_6_x,landmark_6_y,landmark_6_z,landmark_7_x,landmark_7_y,landmark_7_z,landmark_8_x,landmark_8_y,landmark_8_z,landmark_9_x,landmark_9_y,landmark_9_z,landmark_10_x,landmark_10_y,landmark_10_z,landmark_11_x,landmark_11_y,landmark_11_z,landmark_12_x,landmark_12_y,landmark_12_z,landmark_13_x,landmark_13_y,landmark_13_z,landmark_14_x,landmark_14_y,landmark_14_z,landmark_15_x,landmark_15_y,landmark_15_z,landmark_16_x,landmark_16_y,landmark_16_z,landmark_17_x,landmark_17_y,landmark_17_z,landmark_18_x,landmark_18_y,landmark_18_z,landmark_19_x,landmark_19_y,landmark_19_z,landmark_20_x,landmark_20_y,landmark_20_z,class
0.733185887336731,0.5761170387268066,-3.706770144162874e-07,0.684791624546051,0.5722161531448364,-0.03373931720852852,0.6359390020370483,0.5547277927398682,-0.058752015233039856,0.6254708766937256,0.5394629836082458,-0.07942313700914383,0.6626244187355042,0.5278237462043762,-0.09405902773141861,0.6522815823554993,0.3918651044368744,-0.0332375206053257,0.6527420878410339,0.4620269238948822,-0.06233379989862442,0.6630876064300537,0.5009588003158569,-0.0792059674859047,0.666552722454071,0.48344686627388,-0.09071476757526398,0.6974300146102905,0.379838228225708,-0.031987350434064865,0.6979735493659973,0.4613729417324066,-0.05906033515930176,0.7006673216819763,0.49941304326057434,-0.06434578448534012,0.7001263499259949,0.47933340072631836,-0.06551681458950043,0.7405267953872681,0.3890766501426697,-0.035497553646564484,0.7379375100135803,0.46741682291030884,-0.059556785970926285,0.7351702451705933,0.5016874670982361,-0.052668698132038116,0.7324848771095276,0.4825572669506073,-0.045080602169036865,0.7805891036987305,0.4089231491088867,-0.04335595667362213,0.7759427428245544,0.46892648935317993,-0.05722328647971153,0.7692694067955017,0.4987415075302124,-0.05385774374008179,0.7641680240631104,0.4866255223751068,-0.048540178686380386,do
