landmark_0_x,landmark_0_y,landmark_0_z,landmark_1_x,landmark_1_y,landmark_1_z,landmark_2_x,landmark_2_y,landmark_2_z,landmark_3_x,landmark_3_y,landmark_3_z,landmark_4_x,landmark_4_y,landmark_4_z,landmark_5_x,landmark_5_y,landmark_5_z,landmark_6_x,landmark_6_y,landmark_6_z,landmark_7_x,landmark_7_y,landmark_7_z,landmark_8_x,landmark_8_y,landmark_8_z,landmark_9_x,landmark_9_y,landmark_9_z,landmark_10_x,landmark_10_y,landmark_10_z,landmark_11_x,landmark_11_y,landmark_11_z,landmark_12_x,landmark_12_y,landmark_12_z,landmark_13_x,landmark_13_y,landmark_13_z,landmark_14_x,landmark_14_y,landmark_14_z,landmark_15_x,landmark_15_y,landmark_15_z,landmark_16_x,landmark_16_y,landmark_16_z,landmark_17_x,landmark_17_y,landmark_17_z,landmark_18_x,landmark_18_y,landmark_18_z,landmark_19_x,landmark_19_y,landmark_19_z,landmark_20_x,landmark_20_y,landmark_20_z,class
0.6213440299034119,0.6183122396469116,-3.0054039257265686e-07,0.5793705582618713,0.6066668033599854,-0.013467895798385143,0.5430128574371338,0.5839161276817322,-0.024871209636330605,0.5348508358001709,0.5581531524658203,-0.035431381314992905,0.5541819930076599,0.5469918251037598,-0.0418941006064415,0.5550510883331299,0.4776126742362976,-0.008934191428124905,0.5416838526725769,0.5049455165863037,-0.027076615020632744,0.5534916520118713,0.5420379638671875,-0.03753799572587013,0.5616459250450134,0.5405676960945129,-0.04413408786058426,0.5805610418319702,0.4652598202228546,-0.012152515351772308,0.5691487789154053,0.5147187113761902,-0.02787083014845848,0.5795692801475525,0.5479965806007385,-0.030182480812072754,0.5859122276306152,0.5388020873069763,-0.02973870001733303,0.6075546741485596,0.46822309494018555,-0.018411606550216675,0.596721351146698,0.5214524865150452,-0.0302373506128788,0.6030994653701782,0.5508546233177185,-0.022630508989095688,0.606843113899231,0.5408647060394287,-0.01632170006632805,0.6349629759788513,0.47982510924339294,-0.02738203853368759,0.6227429509162903,0.5241969227790833,-0.03322669118642807,0.626863956451416,0.5454452037811279,-0.028246618807315826,0.6306200623512268,0.5373126268386841,-0.02265511080622673,do
