landmark_0_x,landmark_0_y,landmark_0_z,landmark_1_x,landmark_1_y,landmark_1_z,landmark_2_x,landmark_2_y,landmark_2_z,landmark_3_x,landmark_3_y,landmark_3_z,landmark_4_x,landmark_4_y,landmark_4_z,landmark_5_x,landmark_5_y,landmark_5_z,landmark_6_x,landmark_6_y,landmark_6_z,landmark_7_x,landmark_7_y,landmark_7_z,landmark_8_x,landmark_8_y,landmark_8_z,landmark_9_x,landmark_9_y,landmark_9_z,landmark_10_x,landmark_10_y,landmark_10_z,landmark_11_x,landmark_11_y,landmark_11_z,landmark_12_x,landmark_12_y,landmark_12_z,landmark_13_x,landmark_13_y,landmark_13_z,landmark_14_x,landmark_14_y,landmark_14_z,landmark_15_x,landmark_15_y,landmark_15_z,landmark_16_x,landmark_16_y,landmark_16_z,landmark_17_x,landmark_17_y,landmark_17_z,landmark_18_x,landmark_18_y,landmark_18_z,landmark_19_x,landmark_19_y,landmark_19_z,landmark_20_x,landmark_20_y,landmark_20_z,class
0.7115755081176758,0.683036744594574,-1.8945986823837302e-07,0.6808133721351624,0.6701617240905762,-0.014214349910616875,0.6580224633216858,0.6503239274024963,-0.025010470300912857,0.6667145490646362,0.6259739995002747,-0.03465481474995613,0.6875121593475342,0.6163238286972046,-0.04135941341519356,0.6613048911094666,0.583124041557312,-0.012894109822809696,0.6828379034996033,0.5777438879013062,-0.03199896588921547,0.6868292093276978,0.6042948365211487,-0.04400321841239929,0.684413492679596,0.6212776899337769,-0.05038315802812576,0.68635493516922,0.5788014531135559,-0.014195582829415798,0.7043431401252747,0.582533597946167,-0.03281347453594208,0.7045559883117676,0.6141570806503296,-0.03803969547152519,0.6994469165802002,0.6256918907165527,-0.0384162999689579,0.7094038724899292,0.582606315612793,-0.018240448087453842,0.7259814739227295,0.5873108506202698,-0.03318087384104729,0.722626268863678,0.6126551032066345,-0.02962283417582512,0.7144001126289368,0.6208045482635498,-0.024130593985319138,0.7296766042709351,0.5940310955047607,-0.024160252884030342,0.7418476343154907,0.5942842960357666,-0.03242596983909607,0.737830638885498,0.6150590777397156,-0.02806450054049492,0.7296261787414551,0.6233017444610596,-0.022399984300136566,do
