landmark_0_x,landmark_0_y,landmark_0_z,landmark_1_x,landmark_1_y,landmark_1_z,landmark_2_x,landmark_2_y,landmark_2_z,landmark_3_x,landmark_3_y,landmark_3_z,landmark_4_x,landmark_4_y,landmark_4_z,landmark_5_x,landmark_5_y,landmark_5_z,landmark_6_x,landmark_6_y,landmark_6_z,landmark_7_x,landmark_7_y,landmark_7_z,landmark_8_x,landmark_8_y,landmark_8_z,landmark_9_x,landmark_9_y,landmark_9_z,landmark_10_x,landmark_10_y,landmark_10_z,landmark_11_x,landmark_11_y,landmark_11_z,landmark_12_x,landmark_12_y,landmark_12_z,landmark_13_x,landmark_13_y,landmark_13_z,landmark_14_x,landmark_14_y,landmark_14_z,landmark_15_x,landmark_15_y,landmark_15_z,landmark_16_x,landmark_16_y,landmark_16_z,landmark_17_x,landmark_17_y,landmark_17_z,landmark_18_x,landmark_18_y,landmark_18_z,landmark_19_x,landmark_19_y,landmark_19_z,landmark_20_x,landmark_20_y,landmark_20_z,class
0.8029069304466248,0.7986519932746887,-7.050591221968716e-08,0.7779252529144287,0.7800957560539246,-0.014871275052428246,0.7618929147720337,0.7575130462646484,-0.026576967909932137,0.7683132290840149,0.7349771857261658,-0.03794162720441818,0.7853583693504333,0.7243441343307495,-0.04736610874533653,0.7679615020751953,0.7108136415481567,-0.010324555449187756,0.7710957527160645,0.6872801780700684,-0.03163473680615425,0.7801088690757751,0.7044529914855957,-0.04652978479862213,0.7846844792366028,0.7244135737419128,-0.05346858873963356,0.7897282838821411,0.7075150609016418,-0.011244538240134716,0.7941774725914001,0.6868296265602112,-0.03127600625157356,0.8006831407546997,0.7164773941040039,-0.03939318656921387,0.8004140853881836,0.7375695705413818,-0.04042251408100128,0.8103756904602051,0.7103745937347412,-0.015283463522791862,0.8151368498802185,0.6962570548057556,-0.03207700327038765,0.8178853988647461,0.7226565480232239,-0.03013486973941326,0.8154857754707336,0.7405920624732971,-0.024345366284251213,0.8288581371307373,0.7199105024337769,-0.020923567935824394,0.8329241871833801,0.7075296640396118,-0.029167506843805313,0.8320185542106628,0.7271571755409241,-0.024221593514084816,0.8287573456764221,0.7404986023902893,-0.017855960875749588,do
