landmark_0_x,landmark_0_y,landmark_0_z,landmark_1_x,landmark_1_y,landmark_1_z,landmark_2_x,landmark_2_y,landmark_2_z,landmark_3_x,landmark_3_y,landmark_3_z,landmark_4_x,landmark_4_y,landmark_4_z,landmark_5_x,landmark_5_y,landmark_5_z,landmark_6_x,landmark_6_y,landmark_6_z,landmark_7_x,landmark_7_y,landmark_7_z,landmark_8_x,landmark_8_y,landmark_8_z,landmark_9_x,landmark_9_y,landmark_9_z,landmark_10_x,landmark_10_y,landmark_10_z,landmark_11_x,landmark_11_y,landmark_11_z,landmark_12_x,landmark_12_y,landmark_12_z,landmark_13_x,landmark_13_y,landmark_13_z,landmark_14_x,landmark_14_y,landmark_14_z,landmark_15_x,landmark_15_y,landmark_15_z,landmark_16_x,landmark_16_y,landmark_16_z,landmark_17_x,landmark_17_y,landmark_17_z,landmark_18_x,landmark_18_y,landmark_18_z,landmark_19_x,landmark_19_y,landmark_19_z,landmark_20_x,landmark_20_y,landmark_20_z,class
0.8129429221153259,0.8429661989212036,-1.6044353401412081e-07,0.7599118947982788,0.8326043486595154,-0.02941286191344261,0.7253280878067017,0.7922465205192566,-0.048687681555747986,0.7547034621238708,0.7589395642280579,-0.06590116024017334,0.8031337857246399,0.758793830871582,-0.07988837361335754,0.7458517551422119,0.6590796709060669,-0.02207757718861103,0.7722975611686707,0.6727034449577332,-0.052727773785591125,0.7930761575698853,0.7091327905654907,-0.07617901265621185,0.8075205683708191,0.7294625043869019,-0.08984043449163437,0.7849289178848267,0.6504643559455872,-0.022039271891117096,0.8133985996246338,0.6629959344863892,-0.048345308750867844,0.8309583067893982,0.6977105736732483,-0.06083265691995621,0.8410071134567261,0.7158741354942322,-0.06576899439096451,0.8195200562477112,0.6592820286750793,-0.027088964357972145,0.8483010530471802,0.6698552966117859,-0.05230184271931648,0.8578362464904785,0.7002970576286316,-0.055100370198488235,0.8606603145599365,0.7165727615356445,-0.05146065354347229,0.8507301807403564,0.6803721189498901,-0.0354645736515522,0.8725168108940125,0.6792920827865601,-0.04978742450475693,0.8742731213569641,0.704176127910614,-0.046925775706768036,0.87164306640625,0.7198694944381714,-0.04056059196591377,do
