landmark_0_x,landmark_0_y,landmark_0_z,landmark_1_x,landmark_1_y,landmark_1_z,landmark_2_x,landmark_2_y,landmark_2_z,landmark_3_x,landmark_3_y,landmark_3_z,landmark_4_x,landmark_4_y,landmark_4_z,landmark_5_x,landmark_5_y,landmark_5_z,landmark_6_x,landmark_6_y,landmark_6_z,landmark_7_x,landmark_7_y,landmark_7_z,landmark_8_x,landmark_8_y,landmark_8_z,landmark_9_x,landmark_9_y,landmark_9_z,landmark_10_x,landmark_10_y,landmark_10_z,landmark_11_x,landmark_11_y,landmark_11_z,landmark_12_x,landmark_12_y,landmark_12_z,landmark_13_x,landmark_13_y,landmark_13_z,landmark_14_x,landmark_14_y,landmark_14_z,landmark_15_x,landmark_15_y,landmark_15_z,landmark_16_x,landmark_16_y,landmark_16_z,landmark_17_x,landmark_17_y,landmark_17_z,landmark_18_x,landmark_18_y,landmark_18_z,landmark_19_x,landmark_19_y,landmark_19_z,landmark_20_x,landmark_20_y,landmark_20_z,class
0.8969647884368896,0.3905017375946045,-1.2492898804339347e-07,0.8709893822669983,0.36237505078315735,-0.007194411475211382,0.8546273708343506,0.3300306797027588,-0.012379980646073818,0.8633307218551636,0.30018988251686096,-0.018958134576678276,0.8834231495857239,0.29309704899787903,-0.023372577503323555,0.8585874438285828,0.2969580888748169,0.004033381585031748,0.8558853268623352,0.2712659537792206,-0.012775545008480549,0.8609979748725891,0.2936115562915802,-0.023342516273260117,0.8637757897377014,0.30688053369522095,-0.027438228949904442,0.8813766837120056,0.29510441422462463,0.0010415032738819718,0.8818071484565735,0.2715718448162079,-0.012970237992703915,0.8848792910575867,0.29898953437805176,-0.016879906877875328,0.8860369324684143,0.3096652328968048,-0.015802226960659027,0.9042171239852905,0.2991696298122406,-0.005086676217615604,0.9061152935028076,0.2789444029331207,-0.01795647293329239,0.9054625034332275,0.30381879210472107,-0.013981621712446213,0.9048929810523987,0.31367987394332886,-0.007401944138109684,0.9256753325462341,0.3085525929927826,-0.012282803654670715,0.9269120097160339,0.2896295487880707,-0.01679505594074726,0.9234861731529236,0.3073309659957886,-0.010226620361208916,0.9215763211250305,0.3177603781223297,-0.003272752044722438,do
