landmark_0_x,landmark_0_y,landmark_0_z,landmark_1_x,landmark_1_y,landmark_1_z,landmark_2_x,landmark_2_y,landmark_2_z,landmark_3_x,landmark_3_y,landmark_3_z,landmark_4_x,landmark_4_y,landmark_4_z,landmark_5_x,landmark_5_y,landmark_5_z,landmark_6_x,landmark_6_y,landmark_6_z,landmark_7_x,landmark_7_y,landmark_7_z,landmark_8_x,landmark_8_y,landmark_8_z,landmark_9_x,landmark_9_y,landmark_9_z,landmark_10_x,landmark_10_y,landmark_10_z,landmark_11_x,landmark_11_y,landmark_11_z,landmark_12_x,landmark_12_y,landmark_12_z,landmark_13_x,landmark_13_y,landmark_13_z,landmark_14_x,landmark_14_y,landmark_14_z,landmark_15_x,landmark_15_y,landmark_15_z,landmark_16_x,landmark_16_y,landmark_16_z,landmark_17_x,landmark_17_y,landmark_17_z,landmark_18_x,landmark_18_y,landmark_18_z,landmark_19_x,landmark_19_y,landmark_19_z,landmark_20_x,landmark_20_y,landmark_20_z,class
0.7930026054382324,0.6184597611427307,4.578421908263408e-08,0.7656022310256958,0.601801872253418,-0.022339941933751106,0.7504957318305969,0.5765528082847595,-0.036334823817014694,0.7670044898986816,0.5555058121681213,-0.04735463485121727,0.7878258228302002,0.5470991134643555,-0.055903512984514236,0.752015233039856,0.5159754753112793,-0.021215097978711128,0.7716227769851685,0.5118342638015747,-0.046231720596551895,0.786574125289917,0.5281879305839539,-0.06390757113695145,0.7962718605995178,0.542792022228241,-0.07315556704998016,0.7752864956855774,0.5148199200630188,-0.019257312640547752,0.7912964820861816,0.5077458024024963,-0.0432199127972126,0.8020315170288086,0.5316004157066345,-0.05419014394283295,0.8058713674545288,0.5457846522331238,-0.05747901275753975,0.7971686124801636,0.5222727656364441,-0.02048667147755623,0.8122092485427856,0.5190680027008057,-0.040655747056007385,0.8159877061843872,0.5424536466598511,-0.04047529771924019,0.8130961656570435,0.5538372993469238,-0.0358082540333271,0.8158522844314575,0.5363964438438416,-0.023978274315595627,0.8284021615982056,0.5318186283111572,-0.03554670140147209,0.8260071277618408,0.5505762100219727,-0.03233868256211281,0.819225549697876,0.5608369708061218,-0.026747744530439377,do
