landmark_0_x,landmark_0_y,landmark_0_z,landmark_1_x,landmark_1_y,landmark_1_z,landmark_2_x,landmark_2_y,landmark_2_z,landmark_3_x,landmark_3_y,landmark_3_z,landmark_4_x,landmark_4_y,landmark_4_z,landmark_5_x,landmark_5_y,landmark_5_z,landmark_6_x,landmark_6_y,landmark_6_z,landmark_7_x,landmark_7_y,landmark_7_z,landmark_8_x,landmark_8_y,landmark_8_z,landmark_9_x,landmark_9_y,landmark_9_z,landmark_10_x,landmark_10_y,landmark_10_z,landmark_11_x,landmark_11_y,landmark_11_z,landmark_12_x,landmark_12_y,landmark_12_z,landmark_13_x,landmark_13_y,landmark_13_z,landmark_14_x,landmark_14_y,landmark_14_z,landmark_15_x,landmark_15_y,landmark_15_z,landmark_16_x,landmark_16_y,landmark_16_z,landmark_17_x,landmark_17_y,landmark_17_z,landmark_18_x,landmark_18_y,landmark_18_z,landmark_19_x,landmark_19_y,landmark_19_z,landmark_20_x,landmark_20_y,landmark_20_z,class
0.7550896406173706,0.5749610066413879,-3.90209862644042e-07,0.7016981244087219,0.5747159719467163,-0.038632553070783615,0.6476495265960693,0.5545207858085632,-0.06636197865009308,0.6412219405174255,0.5362535119056702,-0.08860236406326294,0.6834093928337097,0.524489164352417,-0.10426445305347443,0.668458104133606,0.3845950663089752,-0.0420113280415535,0.6733739376068115,0.4626036286354065,-0.07341388612985611,0.6846281886100769,0.5072541236877441,-0.09016046673059464,0.6906408071517944,0.4909563660621643,-0.10139203071594238,0.71832674741745,0.3703559339046478,-0.03864198923110962,0.7242610454559326,0.46334266662597656,-0.06817138195037842,0.7251566052436829,0.5092988610267639,-0.0714845359325409,0.7269640564918518,0.49274584650993347,-0.07107794284820557,0.7644211053848267,0.37975165247917175,-0.04041688144207001,0.7663242816925049,0.46673819422721863,-0.06652640551328659,0.7603836059570312,0.5058066844940186,-0.0580008439719677,0.7587432861328125,0.48866376280784607,-0.04904213547706604,0.8066703081130981,0.4007636606693268,-0.046985477209091187,0.8046929836273193,0.4639495015144348,-0.06235622242093086,0.7948276400566101,0.49701642990112305,-0.058849625289440155,0.788386881351471,0.4866987466812134,-0.053156767040491104,do
