landmark_0_x,landmark_0_y,landmark_0_z,landmark_1_x,landmark_1_y,landmark_1_z,landmark_2_x,landmark_2_y,landmark_2_z,landmark_3_x,landmark_3_y,landmark_3_z,landmark_4_x,landmark_4_y,landmark_4_z,landmark_5_x,landmark_5_y,landmark_5_z,landmark_6_x,landmark_6_y,landmark_6_z,landmark_7_x,landmark_7_y,landmark_7_z,landmark_8_x,landmark_8_y,landmark_8_z,landmark_9_x,landmark_9_y,landmark_9_z,landmark_10_x,landmark_10_y,landmark_10_z,landmark_11_x,landmark_11_y,landmark_11_z,landmark_12_x,landmark_12_y,landmark_12_z,landmark_13_x,landmark_13_y,landmark_13_z,landmark_14_x,landmark_14_y,landmark_14_z,landmark_15_x,landmark_15_y,landmark_15_z,landmark_16_x,landmark_16_y,landmark_16_z,landmark_17_x,landmark_17_y,landmark_17_z,landmark_18_x,landmark_18_y,landmark_18_z,landmark_19_x,landmark_19_y,landmark_19_z,landmark_20_x,landmark_20_y,landmark_20_z,class
0.7802024483680725,0.18602219223976135,-1.7462467383211333e-07,0.7489046454429626,0.16899755597114563,-0.008501873351633549,0.7278134822845459,0.12754181027412415,-0.010584509931504726,0.7269269227981567,0.08931726962327957,-0.013347990810871124,0.729205846786499,0.07065611332654953,-0.014808041974902153,0.7482661008834839,0.09572281688451767,0.0009675530600361526,0.7481405735015869,0.07448393106460571,-0.014623673632740974,0.7462508678436279,0.08698929101228714,-0.024308623746037483,0.7416307926177979,0.09227429330348969,-0.028874188661575317,0.769977867603302,0.09087242186069489,-0.001600571908056736,0.7733088731765747,0.07245124876499176,-0.016901331022381783,0.7699514031410217,0.09926619380712509,-0.02068878896534443,0.767653226852417,0.1080176830291748,-0.01967024803161621,0.7913098335266113,0.09240519255399704,-0.007211299613118172,0.7961419224739075,0.07664255797863007,-0.023616380989551544,0.7901638150215149,0.104289211332798,-0.02004026249051094,0.7870559692382812,0.11299360543489456,-0.013430094346404076,0.813260018825531,0.09966263920068741,-0.013748171739280224,0.8178908228874207,0.07940354943275452,-0.02254166640341282,0.8107876777648926,0.09874869138002396,-0.017135605216026306,0.8055610656738281,0.108804851770401,-0.010698383674025536,do
