landmark_0_x,landmark_0_y,landmark_0_z,landmark_1_x,landmark_1_y,landmark_1_z,landmark_2_x,landmark_2_y,landmark_2_z,landmark_3_x,landmark_3_y,landmark_3_z,landmark_4_x,landmark_4_y,landmark_4_z,landmark_5_x,landmark_5_y,landmark_5_z,landmark_6_x,landmark_6_y,landmark_6_z,landmark_7_x,landmark_7_y,landmark_7_z,landmark_8_x,landmark_8_y,landmark_8_z,landmark_9_x,landmark_9_y,landmark_9_z,landmark_10_x,landmark_10_y,landmark_10_z,landmark_11_x,landmark_11_y,landmark_11_z,landmark_12_x,landmark_12_y,landmark_12_z,landmark_13_x,landmark_13_y,landmark_13_z,landmark_14_x,landmark_14_y,landmark_14_z,landmark_15_x,landmark_15_y,landmark_15_z,landmark_16_x,landmark_16_y,landmark_16_z,landmark_17_x,landmark_17_y,landmark_17_z,landmark_18_x,landmark_18_y,landmark_18_z,landmark_19_x,landmark_19_y,landmark_19_z,landmark_20_x,landmark_20_y,landmark_20_z,class
0.6390519142150879,0.7127253413200378,-2.3476084720641666e-07,0.5974588990211487,0.6945568919181824,-0.016895988956093788,0.5574912428855896,0.6656957268714905,-0.02845664508640766,0.541934609413147,0.6363741755485535,-0.040683407336473465,0.5666443109512329,0.614198625087738,-0.04924197122454643,0.5673529505729675,0.5813469290733337,-0.0012989453971385956,0.5549574494361877,0.5767071843147278,-0.026076482608914375,0.558669924736023,0.6195483207702637,-0.040103308856487274,0.564441978931427,0.6305371522903442,-0.04664985463023186,0.5975036025047302,0.5744935274124146,-0.004491330590099096,0.5842726826667786,0.5584523677825928,-0.03157816082239151,0.5841912031173706,0.6118107438087463,-0.03591330349445343,0.5913978815078735,0.6267166137695312,-0.030764000490307808,0.6281881332397461,0.576030969619751,-0.01272166520357132,0.6173387765884399,0.5657756328582764,-0.03583589941263199,0.6156534552574158,0.6129679083824158,-0.027718698605895042,0.6218841075897217,0.6228402256965637,-0.01458137296140194,0.6597880125045776,0.5847600698471069,-0.023206084966659546,0.648905336856842,0.5714819431304932,-0.031495168805122375,0.6434148550033569,0.6031779050827026,-0.022113388404250145,0.6467777490615845,0.61212158203125,-0.011219074949622154,do
