landmark_0_x,landmark_0_y,landmark_0_z,landmark_1_x,landmark_1_y,landmark_1_z,landmark_2_x,landmark_2_y,landmark_2_z,landmark_3_x,landmark_3_y,landmark_3_z,landmark_4_x,landmark_4_y,landmark_4_z,landmark_5_x,landmark_5_y,landmark_5_z,landmark_6_x,landmark_6_y,landmark_6_z,landmark_7_x,landmark_7_y,landmark_7_z,landmark_8_x,landmark_8_y,landmark_8_z,landmark_9_x,landmark_9_y,landmark_9_z,landmark_10_x,landmark_10_y,landmark_10_z,landmark_11_x,landmark_11_y,landmark_11_z,landmark_12_x,landmark_12_y,landmark_12_z,landmark_13_x,landmark_13_y,landmark_13_z,landmark_14_x,landmark_14_y,landmark_14_z,landmark_15_x,landmark_15_y,landmark_15_z,landmark_16_x,landmark_16_y,landmark_16_z,landmark_17_x,landmark_17_y,landmark_17_z,landmark_18_x,landmark_18_y,landmark_18_z,landmark_19_x,landmark_19_y,landmark_19_z,landmark_20_x,landmark_20_y,landmark_20_z,class
0.8209813833236694,0.782529354095459,-2.0652964849432465e-07,0.7852311730384827,0.7615029811859131,-0.01655782200396061,0.7548094391822815,0.7293283939361572,-0.030045121908187866,0.7662049531936646,0.6980087757110596,-0.04378305375576019,0.7994502782821655,0.6896586418151855,-0.05478418618440628,0.7666736841201782,0.6428527235984802,-0.009018098004162312,0.7665794491767883,0.6143847703933716,-0.03660590574145317,0.7735524773597717,0.644960343837738,-0.05503838136792183,0.7775401473045349,0.6653147339820862,-0.06434355676174164,0.7997873425483704,0.6393076777458191,-0.013546574860811234,0.8018589615821838,0.6096481084823608,-0.04058724269270897,0.806381106376648,0.6552215218544006,-0.04847337305545807,0.8066320419311523,0.6737470030784607,-0.047428570687770844,0.8310372233390808,0.6446738243103027,-0.02249675989151001,0.836340069770813,0.6272314190864563,-0.04386003687977791,0.8359820246696472,0.6675447225570679,-0.0380215086042881,0.8326669931411743,0.6799744367599487,-0.02840956300497055,0.8608279228210449,0.6591810584068298,-0.03390156850218773,0.8641583323478699,0.6440384387969971,-0.04284297674894333,0.860883355140686,0.6748403906822205,-0.0341007225215435,0.8576099872589111,0.6848593950271606,-0.024541383609175682,do
