landmark_0_x,landmark_0_y,landmark_0_z,landmark_1_x,landmark_1_y,landmark_1_z,landmark_2_x,landmark_2_y,landmark_2_z,landmark_3_x,landmark_3_y,landmark_3_z,landmark_4_x,landmark_4_y,landmark_4_z,landmark_5_x,landmark_5_y,landmark_5_z,landmark_6_x,landmark_6_y,landmark_6_z,landmark_7_x,landmark_7_y,landmark_7_z,landmark_8_x,landmark_8_y,landmark_8_z,landmark_9_x,landmark_9_y,landmark_9_z,landmark_10_x,landmark_10_y,landmark_10_z,landmark_11_x,landmark_11_y,landmark_11_z,landmark_12_x,landmark_12_y,landmark_12_z,landmark_13_x,landmark_13_y,landmark_13_z,landmark_14_x,landmark_14_y,landmark_14_z,landmark_15_x,landmark_15_y,landmark_15_z,landmark_16_x,landmark_16_y,landmark_16_z,landmark_17_x,landmark_17_y,landmark_17_z,landmark_18_x,landmark_18_y,landmark_18_z,landmark_19_x,landmark_19_y,landmark_19_z,landmark_20_x,landmark_20_y,landmark_20_z,class
0.7604538798332214,0.36090022325515747,-2.2123521148387226e-07,0.6933682560920715,0.3318745493888855,-0.023484470322728157,0.6387510299682617,0.2591972053050995,-0.03742704540491104,0.6528937220573425,0.18373854458332062,-0.05261719971895218,0.7073794603347778,0.18418322503566742,-0.06591852009296417,0.6749019622802734,0.16433286666870117,-0.008544662967324257,0.6729083061218262,0.09829042851924896,-0.044865213334560394,0.6831073760986328,0.10114104300737381,-0.06903804838657379,0.6882389187812805,0.10988441854715347,-0.08183395117521286,0.7233508229255676,0.15119847655296326,-0.013570506125688553,0.7225976586341858,0.10937143862247467,-0.05273399502038956,0.725004255771637,0.17937150597572327,-0.06089906394481659,0.7209748029708862,0.21332046389579773,-0.05605974420905113,0.768315851688385,0.15337730944156647,-0.025233495980501175,0.7721840739250183,0.12077947705984116,-0.06364922225475311,0.7683573961257935,0.18855729699134827,-0.055987175554037094,0.7616434097290039,0.2230546921491623,-0.03927288204431534,0.8131324052810669,0.16979652643203735,-0.039715878665447235,0.8141602277755737,0.13284364342689514,-0.060819972306489944,0.8046466708183289,0.18101808428764343,-0.05027839541435242,0.7967984676361084,0.21265552937984467,-0.035865433514118195,do
