landmark_0_x,landmark_0_y,landmark_0_z,landmark_1_x,landmark_1_y,landmark_1_z,landmark_2_x,landmark_2_y,landmark_2_z,landmark_3_x,landmark_3_y,landmark_3_z,landmark_4_x,landmark_4_y,landmark_4_z,landmark_5_x,landmark_5_y,landmark_5_z,landmark_6_x,landmark_6_y,landmark_6_z,landmark_7_x,landmark_7_y,landmark_7_z,landmark_8_x,landmark_8_y,landmark_8_z,landmark_9_x,landmark_9_y,landmark_9_z,landmark_10_x,landmark_10_y,landmark_10_z,landmark_11_x,landmark_11_y,landmark_11_z,landmark_12_x,landmark_12_y,landmark_12_z,landmark_13_x,landmark_13_y,landmark_13_z,landmark_14_x,landmark_14_y,landmark_14_z,landmark_15_x,landmark_15_y,landmark_15_z,landmark_16_x,landmark_16_y,landmark_16_z,landmark_17_x,landmark_17_y,landmark_17_z,landmark_18_x,landmark_18_y,landmark_18_z,landmark_19_x,landmark_19_y,landmark_19_z,landmark_20_x,landmark_20_y,landmark_20_z,class
0.8360351324081421,0.6299998760223389,-1.1358974916220177e-07,0.809160053730011,0.6058510541915894,-0.009033647365868092,0.7922148704528809,0.5757865905761719,-0.015744496136903763,0.8044570684432983,0.5503448843955994,-0.02290443889796734,0.8299663662910461,0.5490185618400574,-0.028247900307178497,0.8045864701271057,0.5444596409797668,-0.0038709715008735657,0.8139662146568298,0.5240365266799927,-0.02038760483264923,0.8124558329582214,0.5456404089927673,-0.030466079711914062,0.8099732398986816,0.5603801012039185,-0.034938517957925797,0.8257286548614502,0.5445123910903931,-0.0062583745457232,0.8343649506568909,0.5246641039848328,-0.021838439628481865,0.8326848149299622,0.5501099824905396,-0.026174120604991913,0.8299942016601562,0.5636239647865295,-0.02521871030330658,0.845198392868042,0.5484997034072876,-0.011208447627723217,0.8532957434654236,0.5346086621284485,-0.024982839822769165,0.8491537570953369,0.5581187605857849,-0.022077741101384163,0.8440923094749451,0.5705283880233765,-0.015981920063495636,0.8630093932151794,0.5583226680755615,-0.017234981060028076,0.8684954047203064,0.5423617362976074,-0.023336170241236687,0.8630796670913696,0.5608879327774048,-0.01800103671848774,0.8576018214225769,0.5739262104034424,-0.011779393069446087,do
