landmark_0_x,landmark_0_y,landmark_0_z,landmark_1_x,landmark_1_y,landmark_1_z,landmark_2_x,landmark_2_y,landmark_2_z,landmark_3_x,landmark_3_y,landmark_3_z,landmark_4_x,landmark_4_y,landmark_4_z,landmark_5_x,landmark_5_y,landmark_5_z,landmark_6_x,landmark_6_y,landmark_6_z,landmark_7_x,landmark_7_y,landmark_7_z,landmark_8_x,landmark_8_y,landmark_8_z,landmark_9_x,landmark_9_y,landmark_9_z,landmark_10_x,landmark_10_y,landmark_10_z,landmark_11_x,landmark_11_y,landmark_11_z,landmark_12_x,landmark_12_y,landmark_12_z,landmark_13_x,landmark_13_y,landmark_13_z,landmark_14_x,landmark_14_y,landmark_14_z,landmark_15_x,landmark_15_y,landmark_15_z,landmark_16_x,landmark_16_y,landmark_16_z,landmark_17_x,landmark_17_y,landmark_17_z,landmark_18_x,landmark_18_y,landmark_18_z,landmark_19_x,landmark_19_y,landmark_19_z,landmark_20_x,landmark_20_y,landmark_20_z,class
0.6795802116394043,0.7230989336967468,-1.8047994387870858e-07,0.6485927104949951,0.715339183807373,-0.011788914911448956,0.6201974749565125,0.6988356709480286,-0.02123655006289482,0.6214664578437805,0.6749317049980164,-0.03011995181441307,0.6442903280258179,0.6658475399017334,-0.03617788478732109,0.6209787130355835,0.6362847089767456,-0.009897513315081596,0.6266375780105591,0.6268888711929321,-0.028965773060917854,0.6341882944107056,0.6497135162353516,-0.04044197127223015,0.6348548531532288,0.6588427424430847,-0.04662783071398735,0.6444221138954163,0.6270029544830322,-0.012633519247174263,0.6515662670135498,0.6251940727233887,-0.0318182036280632,0.6557781100273132,0.6573870182037354,-0.036349229514598846,0.6527359485626221,0.6637483835220337,-0.03547416999936104,0.6679301261901855,0.6265342235565186,-0.01808917708694935,0.6777564287185669,0.6319952011108398,-0.03332192450761795,0.6779724955558777,0.6587105989456177,-0.028919098898768425,0.6720871925354004,0.6610873937606812,-0.022391024976968765,0.6902093291282654,0.6331024765968323,-0.025254426524043083,0.6968862414360046,0.6385423541069031,-0.03206092119216919,0.6956145167350769,0.6589968204498291,-0.02689358964562416,0.6905245184898376,0.6614953875541687,-0.020883336663246155,do
