landmark_0_x,landmark_0_y,landmark_0_z,landmark_1_x,landmark_1_y,landmark_1_z,landmark_2_x,landmark_2_y,landmark_2_z,landmark_3_x,landmark_3_y,landmark_3_z,landmark_4_x,landmark_4_y,landmark_4_z,landmark_5_x,landmark_5_y,landmark_5_z,landmark_6_x,landmark_6_y,landmark_6_z,landmark_7_x,landmark_7_y,landmark_7_z,landmark_8_x,landmark_8_y,landmark_8_z,landmark_9_x,landmark_9_y,landmark_9_z,landmark_10_x,landmark_10_y,landmark_10_z,landmark_11_x,landmark_11_y,landmark_11_z,landmark_12_x,landmark_12_y,landmark_12_z,landmark_13_x,landmark_13_y,landmark_13_z,landmark_14_x,landmark_14_y,landmark_14_z,landmark_15_x,landmark_15_y,landmark_15_z,landmark_16_x,landmark_16_y,landmark_16_z,landmark_17_x,landmark_17_y,landmark_17_z,landmark_18_x,landmark_18_y,landmark_18_z,landmark_19_x,landmark_19_y,landmark_19_z,landmark_20_x,landmark_20_y,landmark_20_z,class
0.6869930028915405,0.4270715117454529,-3.889147137670079e-07,0.6230194568634033,0.38877689838409424,-0.031468410044908524,0.565686047077179,0.3313189148902893,-0.051283031702041626,0.5681755542755127,0.2677537202835083,-0.06911123543977737,0.6250768899917603,0.2514036297798157,-0.08221975713968277,0.6001412868499756,0.21092353761196136,-0.021066926419734955,0.5923609733581543,0.19616466760635376,-0.06012164428830147,0.5942477583885193,0.23368366062641144,-0.08239559829235077,0.5937075614929199,0.24725833535194397,-0.09353885799646378,0.6527826189994812,0.18715187907218933,-0.021988024935126305,0.6512293219566345,0.2015833854675293,-0.058441221714019775,0.6499185562133789,0.2733038067817688,-0.0630747526884079,0.6504795551300049,0.2900296449661255,-0.05848425626754761,0.70367830991745,0.19047239422798157,-0.03001313842833042,0.7059726119041443,0.21589571237564087,-0.06400667130947113,0.6958624124526978,0.2790299355983734,-0.05320042371749878,0.6913885474205017,0.29534661769866943,-0.03763044625520706,0.7512531280517578,0.2120886594057083,-0.04229632392525673,0.7543644309043884,0.22471994161605835,-0.06154508516192436,0.7384973168373108,0.2761845290660858,-0.051765382289886475,0.7291900515556335,0.29701539874076843,-0.03848676383495331,do
