landmark_0_x,landmark_0_y,landmark_0_z,landmark_1_x,landmark_1_y,landmark_1_z,landmark_2_x,landmark_2_y,landmark_2_z,landmark_3_x,landmark_3_y,landmark_3_z,landmark_4_x,landmark_4_y,landmark_4_z,landmark_5_x,landmark_5_y,landmark_5_z,landmark_6_x,landmark_6_y,landmark_6_z,landmark_7_x,landmark_7_y,landmark_7_z,landmark_8_x,landmark_8_y,landmark_8_z,landmark_9_x,landmark_9_y,landmark_9_z,landmark_10_x,landmark_10_y,landmark_10_z,landmark_11_x,landmark_11_y,landmark_11_z,landmark_12_x,landmark_12_y,landmark_12_z,landmark_13_x,landmark_13_y,landmark_13_z,landmark_14_x,landmark_14_y,landmark_14_z,landmark_15_x,landmark_15_y,landmark_15_z,landmark_16_x,landmark_16_y,landmark_16_z,landmark_17_x,landmark_17_y,landmark_17_z,landmark_18_x,landmark_18_y,landmark_18_z,landmark_19_x,landmark_19_y,landmark_19_z,landmark_20_x,landmark_20_y,landmark_20_z,class
0.8328008651733398,0.37130218744277954,-3.6893840160701075e-07,0.7741281390190125,0.3366464078426361,-0.038566894829273224,0.738132119178772,0.2739314138889313,-0.06488947570323944,0.7652927041053772,0.21414795517921448,-0.0897258073091507,0.8136321902275085,0.1939317137002945,-0.10990531742572784,0.7694798111915588,0.17756234109401703,-0.028400074690580368,0.7788630127906799,0.12238319218158722,-0.08178427070379257,0.7927708625793457,0.16530999541282654,-0.11629839986562729,0.79366135597229,0.20917800068855286,-0.13185521960258484,0.8177934885025024,0.17458443343639374,-0.028619827702641487,0.8282944560050964,0.1277516484260559,-0.0805186852812767,0.8335667848587036,0.19812121987342834,-0.09615542739629745,0.8208802938461304,0.23892825841903687,-0.09513987600803375,0.861826479434967,0.18418212234973907,-0.03704696148633957,0.8724716901779175,0.15357862412929535,-0.08157175779342651,0.8693288564682007,0.21622885763645172,-0.0759340301156044,0.8536015748977661,0.24986377358436584,-0.06025422364473343,0.9032414555549622,0.20554813742637634,-0.049447737634181976,0.912769079208374,0.1749357134103775,-0.07018733769655228,0.9036146998405457,0.2187577188014984,-0.05884290114045143,0.8870248794555664,0.24677014350891113,-0.04392252117395401,do
