landmark_0_x,landmark_0_y,landmark_0_z,landmark_1_x,landmark_1_y,landmark_1_z,landmark_2_x,landmark_2_y,landmark_2_z,landmark_3_x,landmark_3_y,landmark_3_z,landmark_4_x,landmark_4_y,landmark_4_z,landmark_5_x,landmark_5_y,landmark_5_z,landmark_6_x,landmark_6_y,landmark_6_z,landmark_7_x,landmark_7_y,landmark_7_z,landmark_8_x,landmark_8_y,landmark_8_z,landmark_9_x,landmark_9_y,landmark_9_z,landmark_10_x,landmark_10_y,landmark_10_z,landmark_11_x,landmark_11_y,landmark_11_z,landmark_12_x,landmark_12_y,landmark_12_z,landmark_13_x,landmark_13_y,landmark_13_z,landmark_14_x,landmark_14_y,landmark_14_z,landmark_15_x,landmark_15_y,landmark_15_z,landmark_16_x,landmark_16_y,landmark_16_z,landmark_17_x,landmark_17_y,landmark_17_z,landmark_18_x,landmark_18_y,landmark_18_z,landmark_19_x,landmark_19_y,landmark_19_z,landmark_20_x,landmark_20_y,landmark_20_z,class
0.8955761790275574,0.515417754650116,-7.599999207741348e-08,0.8740777373313904,0.4957447946071625,-0.007536245975643396,0.8591421246528625,0.4689801037311554,-0.011910476721823215,0.859655499458313,0.4455925226211548,-0.01673934794962406,0.8695022463798523,0.4312604069709778,-0.01999577134847641,0.8691933751106262,0.42855289578437805,0.0010238568065688014,0.8700255751609802,0.4138427674770355,-0.00995693914592266,0.8696821928024292,0.4268895387649536,-0.01732766255736351,0.8688703179359436,0.4329001307487488,-0.02094603329896927,0.8884754180908203,0.4268149733543396,-0.000607257999945432,0.891819953918457,0.41209185123443604,-0.010399840772151947,0.8908599615097046,0.4307354688644409,-0.01361878588795662,0.8905947804450989,0.4351733922958374,-0.013252973556518555,0.9071027040481567,0.43056848645210266,-0.004598379135131836,0.9129342436790466,0.42087894678115845,-0.013457493856549263,0.909368097782135,0.4368911683559418,-0.010925342328846455,0.9072123169898987,0.4394586384296417,-0.0067410776391625404,0.9245293736457825,0.43921324610710144,-0.009637427516281605,0.9290405511856079,0.42757007479667664,-0.012632900848984718,0.9246744513511658,0.43940746784210205,-0.007972880266606808,0.9218077659606934,0.4436059296131134,-0.0030988212674856186,do
