landmark_0_x,landmark_0_y,landmark_0_z,landmark_1_x,landmark_1_y,landmark_1_z,landmark_2_x,landmark_2_y,landmark_2_z,landmark_3_x,landmark_3_y,landmark_3_z,landmark_4_x,landmark_4_y,landmark_4_z,landmark_5_x,landmark_5_y,landmark_5_z,landmark_6_x,landmark_6_y,landmark_6_z,landmark_7_x,landmark_7_y,landmark_7_z,landmark_8_x,landmark_8_y,landmark_8_z,landmark_9_x,landmark_9_y,landmark_9_z,landmark_10_x,landmark_10_y,landmark_10_z,landmark_11_x,landmark_11_y,landmark_11_z,landmark_12_x,landmark_12_y,landmark_12_z,landmark_13_x,landmark_13_y,landmark_13_z,landmark_14_x,landmark_14_y,landmark_14_z,landmark_15_x,landmark_15_y,landmark_15_z,landmark_16_x,landmark_16_y,landmark_16_z,landmark_17_x,landmark_17_y,landmark_17_z,landmark_18_x,landmark_18_y,landmark_18_z,landmark_19_x,landmark_19_y,landmark_19_z,landmark_20_x,landmark_20_y,landmark_20_z,class
0.6354622840881348,0.6682934165000916,-1.9764166836466757e-07,0.5938196778297424,0.6488082408905029,-0.013546710833907127,0.5558134317398071,0.6228511929512024,-0.0228539127856493,0.5382586717605591,0.593284547328949,-0.03265045955777168,0.5564354062080383,0.5705607533454895,-0.03908490389585495,0.5656852126121521,0.5398522019386292,0.00138811522629112,0.5531370043754578,0.538483738899231,-0.02149772457778454,0.5577192306518555,0.5737165212631226,-0.03578752279281616,0.5624527931213379,0.5856227278709412,-0.04240424558520317,0.5937342047691345,0.5299735069274902,-0.001640142174437642,0.5801680088043213,0.5229714512825012,-0.023906933143734932,0.5822012424468994,0.5683831572532654,-0.02804516814649105,0.588853120803833,0.5788522362709045,-0.02458265982568264,0.6230893135070801,0.5296823382377625,-0.009208950214087963,0.6121571660041809,0.5252924561500549,-0.02811443619430065,0.610397219657898,0.5658094882965088,-0.020369041711091995,0.6143921613693237,0.5734851956367493,-0.009261159226298332,0.6523940563201904,0.5383061170578003,-0.018795497715473175,0.6433465480804443,0.5255200862884521,-0.02569419890642166,0.6379205584526062,0.5545672178268433,-0.01633765548467636,0.6399129033088684,0.5643513798713684,-0.00581625010818243,do
