landmark_0_x,landmark_0_y,landmark_0_z,landmark_1_x,landmark_1_y,landmark_1_z,landmark_2_x,landmark_2_y,landmark_2_z,landmark_3_x,landmark_3_y,landmark_3_z,landmark_4_x,landmark_4_y,landmark_4_z,landmark_5_x,landmark_5_y,landmark_5_z,landmark_6_x,landmark_6_y,landmark_6_z,landmark_7_x,landmark_7_y,landmark_7_z,landmark_8_x,landmark_8_y,landmark_8_z,landmark_9_x,landmark_9_y,landmark_9_z,landmark_10_x,landmark_10_y,landmark_10_z,landmark_11_x,landmark_11_y,landmark_11_z,landmark_12_x,landmark_12_y,landmark_12_z,landmark_13_x,landmark_13_y,landmark_13_z,landmark_14_x,landmark_14_y,landmark_14_z,landmark_15_x,landmark_15_y,landmark_15_z,landmark_16_x,landmark_16_y,landmark_16_z,landmark_17_x,landmark_17_y,landmark_17_z,landmark_18_x,landmark_18_y,landmark_18_z,landmark_19_x,landmark_19_y,landmark_19_z,landmark_20_x,landmark_20_y,landmark_20_z,class
0.7456863522529602,0.6769635081291199,-5.7755505622481e-07,0.6695197820663452,0.6518715620040894,-0.03828326612710953,0.6060874462127686,0.5910055637359619,-0.06489478796720505,0.6264339685440063,0.5415261387825012,-0.0863366648554802,0.6905023455619812,0.5317051410675049,-0.09860967099666595,0.6518023014068604,0.38926365971565247,-0.035188645124435425,0.6484358310699463,0.4507043957710266,-0.0727822482585907,0.6581903696060181,0.5176872611045837,-0.09216776490211487,0.6638751029968262,0.5053417086601257,-0.10572661459445953,0.7125428915023804,0.37748581171035767,-0.03722391650080681,0.7131275534629822,0.46084004640579224,-0.07416283339262009,0.7128795981407166,0.5271976590156555,-0.07959040254354477,0.7118279337882996,0.5078393220901489,-0.07963499426841736,0.7705399394035339,0.39375966787338257,-0.045619506388902664,0.7709936499595642,0.4842750132083893,-0.07483003288507462,0.7631146907806396,0.5436871647834778,-0.061791807413101196,0.7591202855110168,0.5204607844352722,-0.05064176023006439,0.8272767066955566,0.4239984154701233,-0.06006605550646782,0.8206639885902405,0.49661245942115784,-0.07704109698534012,0.8100979924201965,0.5473613142967224,-0.07028112560510635,0.8068444728851318,0.5326367020606995,-0.062291309237480164,do
