landmark_0_x,landmark_0_y,landmark_0_z,landmark_1_x,landmark_1_y,landmark_1_z,landmark_2_x,landmark_2_y,landmark_2_z,landmark_3_x,landmark_3_y,landmark_3_z,landmark_4_x,landmark_4_y,landmark_4_z,landmark_5_x,landmark_5_y,landmark_5_z,landmark_6_x,landmark_6_y,landmark_6_z,landmark_7_x,landmark_7_y,landmark_7_z,landmark_8_x,landmark_8_y,landmark_8_z,landmark_9_x,landmark_9_y,landmark_9_z,landmark_10_x,landmark_10_y,landmark_10_z,landmark_11_x,landmark_11_y,landmark_11_z,landmark_12_x,landmark_12_y,landmark_12_z,landmark_13_x,landmark_13_y,landmark_13_z,landmark_14_x,landmark_14_y,landmark_14_z,landmark_15_x,landmark_15_y,landmark_15_z,landmark_16_x,landmark_16_y,landmark_16_z,landmark_17_x,landmark_17_y,landmark_17_z,landmark_18_x,landmark_18_y,landmark_18_z,landmark_19_x,landmark_19_y,landmark_19_z,landmark_20_x,landmark_20_y,landmark_20_z,class
0.7793314456939697,0.8656498193740845,-1.5143160680963774e-07,0.7550548315048218,0.8471890687942505,-0.01272996049374342,0.7383792996406555,0.8233330845832825,-0.022333038970828056,0.7478848099708557,0.8045095205307007,-0.030793268233537674,0.7634387016296387,0.8018177151679993,-0.03649945557117462,0.7435809969902039,0.7529216408729553,-0.00849334616214037,0.7639921307563782,0.7656747698783875,-0.024859149008989334,0.7685878872871399,0.7887637615203857,-0.03621087968349457,0.7634288668632507,0.7958833575248718,-0.04310695454478264,0.7645570039749146,0.7511818408966064,-0.010395672172307968,0.7815983891487122,0.7662757039070129,-0.02498558536171913,0.7835283875465393,0.7927595973014832,-0.029453502967953682,0.7772119641304016,0.79746413230896,-0.030629105865955353,0.7845698595046997,0.7582798600196838,-0.014937097206711769,0.7992456555366516,0.7749291062355042,-0.027570629492402077,0.7977648377418518,0.7991983890533447,-0.02455264702439308,0.7899162769317627,0.803253710269928,-0.020469369366765022,0.8032779097557068,0.7726465463638306,-0.02134055644273758,0.8136962652206421,0.7828502655029297,-0.027696434408426285,0.8086767196655273,0.8035525679588318,-0.02373502030968666,0.799807608127594,0.8092834949493408,-0.019186172634363174,do
