landmark_0_x,landmark_0_y,landmark_0_z,landmark_1_x,landmark_1_y,landmark_1_z,landmark_2_x,landmark_2_y,landmark_2_z,landmark_3_x,landmark_3_y,landmark_3_z,landmark_4_x,landmark_4_y,landmark_4_z,landmark_5_x,landmark_5_y,landmark_5_z,landmark_6_x,landmark_6_y,landmark_6_z,landmark_7_x,landmark_7_y,landmark_7_z,landmark_8_x,landmark_8_y,landmark_8_z,landmark_9_x,landmark_9_y,landmark_9_z,landmark_10_x,landmark_10_y,landmark_10_z,landmark_11_x,landmark_11_y,landmark_11_z,landmark_12_x,landmark_12_y,landmark_12_z,landmark_13_x,landmark_13_y,landmark_13_z,landmark_14_x,landmark_14_y,landmark_14_z,landmark_15_x,landmark_15_y,landmark_15_z,landmark_16_x,landmark_16_y,landmark_16_z,landmark_17_x,landmark_17_y,landmark_17_z,landmark_18_x,landmark_18_y,landmark_18_z,landmark_19_x,landmark_19_y,landmark_19_z,landmark_20_x,landmark_20_y,landmark_20_z,class
0.7173877954483032,0.6582010984420776,-6.389047371158085e-07,0.6433780789375305,0.6439110040664673,-0.03837328776717186,0.5761268138885498,0.5961305499076843,-0.0649968683719635,0.583478569984436,0.5473234057426453,-0.08732818067073822,0.6468366384506226,0.5369431376457214,-0.10178519040346146,0.6139182448387146,0.38939017057418823,-0.03225123509764671,0.61005699634552,0.45427873730659485,-0.07103472203016281,0.6242266297340393,0.5209903717041016,-0.09491212666034698,0.6301349997520447,0.5141887664794922,-0.1112470030784607,0.6755995154380798,0.37209445238113403,-0.033285483717918396,0.6727818250656128,0.46609383821487427,-0.06805156916379929,0.6768505573272705,0.5334702730178833,-0.07402448356151581,0.6777375340461731,0.5184921026229858,-0.07412654161453247,0.7342450618743896,0.3874458074569702,-0.041082508862018585,0.7315311431884766,0.4824586808681488,-0.07018004357814789,0.7251417636871338,0.537872314453125,-0.058779116719961166,0.7210296988487244,0.5183821320533752,-0.04747007414698601,0.7889382243156433,0.4210421144962311,-0.054660551249980927,0.7817889451980591,0.49916598200798035,-0.07178041338920593,0.7732805013656616,0.5379063487052917,-0.06618654727935791,0.7692099213600159,0.5197162628173828,-0.058218784630298615,do
