landmark_0_x,landmark_0_y,landmark_0_z,landmark_1_x,landmark_1_y,landmark_1_z,landmark_2_x,landmark_2_y,landmark_2_z,landmark_3_x,landmark_3_y,landmark_3_z,landmark_4_x,landmark_4_y,landmark_4_z,landmark_5_x,landmark_5_y,landmark_5_z,landmark_6_x,landmark_6_y,landmark_6_z,landmark_7_x,landmark_7_y,landmark_7_z,landmark_8_x,landmark_8_y,landmark_8_z,landmark_9_x,landmark_9_y,landmark_9_z,landmark_10_x,landmark_10_y,landmark_10_z,landmark_11_x,landmark_11_y,landmark_11_z,landmark_12_x,landmark_12_y,landmark_12_z,landmark_13_x,landmark_13_y,landmark_13_z,landmark_14_x,landmark_14_y,landmark_14_z,landmark_15_x,landmark_15_y,landmark_15_z,landmark_16_x,landmark_16_y,landmark_16_z,landmark_17_x,landmark_17_y,landmark_17_z,landmark_18_x,landmark_18_y,landmark_18_z,landmark_19_x,landmark_19_y,landmark_19_z,landmark_20_x,landmark_20_y,landmark_20_z,class
0.8029726147651672,0.4525245428085327,-3.1812587053536845e-07,0.757837176322937,0.4131470322608948,-0.005510904360562563,0.7239528894424438,0.3642132580280304,-0.01423322781920433,0.7168981432914734,0.3209228217601776,-0.02709914743900299,0.7258425354957581,0.31129923462867737,-0.03887671232223511,0.7252921462059021,0.2740984261035919,0.002807031385600567,0.7356348037719727,0.23811061680316925,-0.02333618700504303,0.7494667172431946,0.255447119474411,-0.04564180225133896,0.7560945749282837,0.28623223304748535,-0.057604193687438965,0.7515153288841248,0.27007389068603516,-0.006908056791871786,0.7688157558441162,0.23525738716125488,-0.02851378172636032,0.7807786464691162,0.2577191889286041,-0.04236342012882233,0.7831680178642273,0.29009371995925903,-0.04903680086135864,0.7776699066162109,0.2807556092739105,-0.020032333210110664,0.79319167137146,0.24646784365177155,-0.0385187529027462,0.8015990853309631,0.2676485776901245,-0.04203817620873451,0.8034992814064026,0.2962358891963959,-0.04111626744270325,0.8044817447662354,0.3063332438468933,-0.034543562680482864,0.8169444799423218,0.2702817916870117,-0.04280754551291466,0.8186668753623962,0.2888701558113098,-0.039319369941949844,0.8174790143966675,0.3128146231174469,-0.035073891282081604,do
